"key","English (en)","Arabic (ar)","Status"
"about.building","Building and Sending Transactions","إنشاء المعاملات وإرسالها","translated"
"about.buildingText","Construct transactions with custom covenant conditions such as time locks, multisignature requirements, or allowlisted addresses.","أنشئ معاملات بشروط عهد مخصصة مثل الأقفال الزمنية ومتطلبات التوقيع المتعدد أو العناوين المسموح بها.","translated"
"about.cashscriptExamples","CashScript Covenant Examples","أمثلة على عهود CashScript","translated"
"about.cashscriptGuide","CashScript - Writing Covenants & Introspection","CashScript - كتابة العهود والاستبطان","translated"
"about.cointelegraph","Cointelegraph - What are Bitcoin covenants, and how do they work?","Cointelegraph - ما عهود Bitcoin وكيف تعمل؟","translated"
"about.community","Community Feedback","ملاحظات المجتمع","translated"
"about.communityText","Built with input from beta testers and real user needs.","بُني التطبيق بمساهمات مختبري النسخة التجريبية واحتياجات المستخدمين الفعلية.","translated"
"about.creating","Creating and Importing Wallets","إنشاء المحافظ واستيرادها","translated"
"about.creatingText","Create new wallets or import existing ones using standard formats compatible with other Bitcoin wallets.","أنشئ محافظ جديدة أو استورد محافظ موجودة باستخدام صيغ قياسية متوافقة مع محافظ Bitcoin الأخرى.","translated"
"about.feedback","Feedback and Support","الملاحظات والدعم","translated"
"about.feedbackText","Your feedback helps us improve OPTN Wallet. For suggestions, issues, or support, contact us at","تساعدنا ملاحظاتك على تحسين OPTN Wallet. للاقتراحات أو المشكلات أو الدعم، تواصل معنا عبر","translated"
"about.flexibility","Flexibility","المرونة","translated"
"about.flexibilityText","Tailor your wallet experience with custom transaction conditions.","خصص تجربة محفظتك بشروط معاملات مخصصة.","translated"
"about.intended","Intended Use","الاستخدام المقصود","translated"
"about.intendedText","OPTN is ready to help you manage digital assets with advanced covenant features, whether you are handling personal funds or exploring Bitcoin covenants.","يساعدك OPTN على إدارة الأصول الرقمية بميزات العهود المتقدمة، سواء كنت تدير أموالًا شخصية أو تستكشف عهود Bitcoin.","translated"
"about.intuitive","Intuitive Design","تصميم سهل الاستخدام","translated"
"about.intuitiveText","A user-friendly interface that makes asset management approachable for beginners.","واجهة سهلة الاستخدام تجعل إدارة الأصول مناسبة للمبتدئين.","translated"
"about.keyFeatures","Key Features","الميزات الأساسية","translated"
"about.learn","Learn More About Bitcoin Covenants","تعلّم المزيد عن عهود Bitcoin","translated"
"about.learnText","Explore these resources to deepen your understanding of Bitcoin covenants:","استكشف هذه الموارد لتعميق فهمك لعهود Bitcoin:","translated"
"about.overview","Overview","نظرة عامة","translated"
"about.overviewText","The OPTN Wallet App gives you direct control and security over your digital assets. Bitcoin covenants let you set custom rules for how funds can be spent, so your wallet can match your preferences.","يمنحك تطبيق OPTN Wallet تحكمًا مباشرًا وأمانًا لأصولك الرقمية. تتيح لك عهود Bitcoin تحديد قواعد مخصصة لإنفاق الأموال، لتلائم المحفظة تفضيلاتك.","translated"
"about.security","Security","الأمان","translated"
"about.securityText","Bitcoin covenant features help protect assets from unauthorized transactions.","تساعد ميزات عهود Bitcoin على حماية الأصول من المعاملات غير المصرح بها.","translated"
"about.unmatched","Unmatched Security","أمان متقدم","translated"
"about.unmatchedText","Define exactly how funds can be spent with Bitcoin covenants.","حدد بدقة كيفية إنفاق الأموال باستخدام عهود Bitcoin.","translated"
"about.viewing","Viewing Covenants","عرض العهود","translated"
"about.viewingText","Review the rules that govern transactions so you can understand how your funds are protected.","راجع القواعد التي تحكم المعاملات لتفهم كيفية حماية أموالك.","translated"
"about.why","Why Choose OPTN Wallet?","لماذا تختار OPTN Wallet؟","translated"
"about.wiki","Bitcoin Covenants Wiki","ويكي عهود Bitcoin","translated"
"actions.advanced","Advanced","متقدم","translated"
"actions.advancedActions","Advanced Actions","الإجراءات المتقدمة","translated"
"actions.basic","Basic","أساسي","translated"
"actions.basicActions","Basic Actions","الإجراءات الأساسية","translated"
"actions.cashTokens","CashTokens","CashTokens","stable-term"
"actions.cashTokensDescription","Manage token families","إدارة عائلات الرموز","translated"
"actions.commonWalletTasks","Common wallet tasks","مهام المحفظة الشائعة","translated"
"actions.contracts","Contracts","العقود","translated"
"actions.contractsDescription","Manage contract instances","إدارة مثيلات العقود","translated"
"actions.deeperTools","Deeper tools and workflows","أدوات ومسارات عمل متقدمة","translated"
"actions.newAddress","New Address","عنوان جديد","translated"
"actions.newAddressDescription","Generate a new address","إنشاء عنوان جديد","translated"
"actions.quantumroot","Quantumroot","Quantumroot","stable-term"
"actions.quantumrootBadge","Beta production","إصدار تجريبي إنتاجي","translated"
"actions.quantumrootDescription","Quantum-ready vaults","خزائن جاهزة لعصر الحوسبة الكمّية","translated"
"actions.receive","Receive","استلام","translated"
"actions.receiveDescription","Receive BCH or CashTokens","استلام BCH أو CashTokens","translated"
"actions.scanQr","Scan QR","مسح QR","translated"
"actions.scanQrDescription","Sweep paper wallets","مسح المحافظ الورقية","translated"
"actions.send","Send","إرسال","translated"
"actions.sendDescription","Send BCH or CashTokens","إرسال BCH أو CashTokens","translated"
"actions.subtitle","Simple wallet actions for everyday use","إجراءات محفظة بسيطة للاستخدام اليومي","translated"
"actions.taskMode","Task mode","وضع المهام","translated"
"actions.taskModeDescription","Basic tasks first, advanced tools one step deeper","ابدأ بالمهام الأساسية؛ الأدوات المتقدمة في مستوى أعمق","translated"
"actions.title","Actions","الإجراءات","stable-term"
"actions.transactionBuilder","Transaction Builder","منشئ المعاملات","translated"
"actions.transactionBuilderDescription","Build custom transactions","إنشاء معاملات مخصصة","translated"
"actions.walletConnect","WalletConnect","WalletConnect","stable-term"
"actions.walletConnectDescription","Manage dApp sessions","إدارة جلسات dApp","translated"
"actions.wizardConnect","WizardConnect","WizardConnect","stable-term"
"actions.wizardConnectDescription","XPub-key-enabled dApp sessions","جلسات dApp مفعّلة بمفتاح XPub","translated"
"addons.description","Addons run in a sandboxed frame with no access to your wallet's keys or memory — they can only do what the permissions you approve allow.","تعمل الإضافات داخل إطار معزول ولا تصل إلى مفاتيح محفظتك أو ذاكرتها؛ ولا يمكنها تنفيذ إلا ما تسمح به الصلاحيات التي توافق عليها.","translated"
"addons.desktopOnly","Installing addons from a folder is only available on desktop.","يتوفر تثبيت الإضافات من مجلد على تطبيق سطح المكتب فقط.","translated"
"addons.installed","Installed addons","الإضافات المثبتة","translated"
"addons.installedStatus","Installed “{name}”. Restart the app to load it.","تم تثبيت «{name}». أعد تشغيل التطبيق لتحميله.","translated"
"addons.installFolder","Install from folder…","التثبيت من مجلد…","translated"
"addons.installing","Installing…","جارٍ التثبيت…","translated"
"addons.none","No addons installed.","لا توجد إضافات مثبتة.","translated"
"addons.uninstall","Uninstall","إلغاء التثبيت","translated"
"addons.uninstalledStatus","Uninstalled. Restart the app for it to fully disappear.","تم إلغاء التثبيت. أعد تشغيل التطبيق لإزالته بالكامل.","translated"
"app.back","Back","رجوع","translated"
"app.close","Close","إغلاق","translated"
"app.confirmLogout","Confirm Logout","تأكيد تسجيل الخروج","translated"
"app.confirmLogoutDescription","Confirm logout to remove this wallet from the device.","أكد تسجيل الخروج لإزالة هذه المحفظة من الجهاز.","translated"
"app.help","Help","المساعدة","translated"
"app.language","Language","اللغة","translated"
"app.languageDescription","Choose the wallet interface language","اختر لغة واجهة المحفظة","translated"
"app.logOut","Log Out","تسجيل الخروج","translated"
"app.quickAccess","Quick access","وصول سريع","translated"
"app.settings","Settings","الإعدادات","translated"
"app.toggleTheme","Toggle theme","تبديل المظهر","translated"
"appLock.cancel","Cancel","إلغاء","translated"
"appLock.checking","Checking…","جارٍ التحقق…","translated"
"appLock.confirm","Confirm","تأكيد","translated"
"appLock.confirmPassword","Confirm password","تأكيد كلمة المرور","translated"
"appLock.incorrect","Incorrect passphrase. Try again.","عبارة المرور غير صحيحة. حاول مرة أخرى.","translated"
"appLock.password","Password","كلمة المرور","translated"
"appLock.revealBackup","Enter your password to reveal the backup phrase.","أدخل كلمة المرور لإظهار عبارة النسخ الاحتياطي.","translated"
"appLock.verificationFailed","Verification failed. Please try again.","فشل التحقق. حاول مرة أخرى.","translated"
"apps.addonLoadFailed","Addon failed to load","فشل تحميل الإضافة","translated"
"apps.advanced","Advanced","متقدم","translated"
"apps.all","All","الكل","translated"
"apps.allowCapabilities","Allow {name} capabilities?","السماح بقدرات {name}؟","translated"
"apps.allowOnce","Allow once","السماح مرة واحدة","translated"
"apps.allowSensitiveAction","Allow sensitive action?","السماح بإجراء حساس؟","translated"
"apps.alwaysAllow","Always allow","السماح دائمًا","translated"
"apps.appDefinition","App definition","تعريف التطبيق","translated"
"apps.approveCapabilities","Approve required capabilities to continue.","وافق على القدرات المطلوبة للمتابعة.","translated"
"apps.back","Back","رجوع","translated"
"apps.browse","Browse apps","تصفح التطبيقات","translated"
"apps.browseSubtitle","Wallet first, then tokens, utils, and advanced platforms","المحفظة أولًا، ثم الرموز والأدوات والمنصات المتقدمة","translated"
"apps.capabilitiesMessage","This addon app is requesting wallet capabilities before launch.","يطلب تطبيق الإضافة قدرات المحفظة قبل التشغيل.","translated"
"apps.capability","Capability:","القدرة:","translated"
"apps.capability.addOutputs","Construct transaction outputs","إنشاء مخرجات المعاملة","translated"
"apps.capability.addressUtxosRead","Read UTXOs for wallet addresses","قراءة UTXOs لعناوين المحفظة","translated"
"apps.capability.addressUtxosRefresh","Refresh and store UTXOs for wallet addresses","تحديث UTXOs لعناوين المحفظة وتخزينها","translated"
"apps.capability.broadcastTransactions","Broadcast transactions","بث المعاملات","translated"
"apps.capability.buildTransactions","Build transactions","بناء المعاملات","translated"
"apps.capability.fetchJson","Fetch JSON over HTTP","جلب JSON عبر HTTP","translated"
"apps.capability.signatureTemplates","Create signature templates","إنشاء قوالب التوقيع","translated"
"apps.capability.signMessages","Sign messages with wallet keys","توقيع الرسائل بمفاتيح المحفظة","translated"
"apps.capability.tokenHoldersRead","Read TokenIndex holder lists","قراءة قوائم مالكي TokenIndex","translated"
"apps.capability.tokenMetadataRead","Read CashToken metadata","قراءة بيانات CashToken الوصفية","translated"
"apps.capability.walletAddressesRead","Read wallet addresses","قراءة عناوين المحفظة","translated"
"apps.capability.walletContextRead","Read wallet context","قراءة سياق المحفظة","translated"
"apps.capability.walletUtxosRead","Read wallet UTXOs","قراءة UTXOs المحفظة","translated"
"apps.capabilityRequested","{name} requested: {capability}.","طلب {name}: {capability}.","translated"
"apps.cashFusionDescription","Private CoinJoin — server or P2P over Nostr + Tor","CoinJoin خاص — خادم أو P2P عبر Nostr وTor","translated"
"apps.chatDescription","Private end-to-end encrypted Nostr messaging","مراسلة Nostr خاصة ومشفرة من الطرف إلى الطرف","translated"
"apps.comingSoon","Coming soon","قريبًا","translated"
"apps.contractsDescription","Browse artifacts and manage deployed instances","تصفح المصنوعات وأدر مثيلات العقود المنشورة","translated"
"apps.deny","Deny","رفض","translated"
"apps.empty","No apps in this category.","لا توجد تطبيقات في هذه الفئة.","translated"
"apps.expectedScreen","Expected config.screen (or app.id) to map to a built-in app implementation.","يجب أن يطابق config.screen (أو app.id) تطبيقًا مدمجًا.","translated"
"apps.failedToLoad","Failed to load app","فشل تحميل التطبيق","translated"
"apps.goToLanding","Go to Landing","الانتقال إلى صفحة البداية","translated"
"apps.loadFailed","Failed to load addon apps","فشل تحميل تطبيقات الإضافات","translated"
"apps.loadingAddon","Loading addon…","جارٍ تحميل الإضافة…","translated"
"apps.loadingApp","Loading app…","جارٍ تحميل التطبيق…","translated"
"apps.noWallet","No wallet selected","لم يتم اختيار محفظة","translated"
"apps.permissionDenied","Permission denied. App launch was blocked.","تم رفض الإذن. تم حظر تشغيل التطبيق.","translated"
"apps.quantumrootDescription","Receive and recovery tools for advanced vaults","أدوات الاستلام والاسترداد للخزائن المتقدمة","translated"
"apps.resolvedScreenId","Resolved screen ID","معرّف الشاشة المحلّل","translated"
"apps.subtitle","Extend your wallet with tools","وسّع محفظتك بأدوات إضافية","translated"
"apps.title","Apps","التطبيقات","translated"
"apps.token","Token","رمز","stable-term"
"apps.unsupportedAppKind","Unsupported app kind:","نوع التطبيق غير مدعوم:","translated"
"apps.unsupportedDeclarativeApp","Unsupported declarative app:","التطبيق التعريفي غير مدعوم:","translated"
"apps.utils","Utils","أدوات","translated"
"apps.waitingPermission","Waiting for app permission","في انتظار إذن التطبيق","translated"
"apps.wallet","Wallet","المحفظة","stable-term"
"assets.advancedVaultDescription","Receive and recovery tools for advanced vaults","أدوات الاستلام والاسترداد للخزائن المتقدمة","translated"
"assets.advancedVaultWorkspace","Advanced vault workspace","مساحة عمل الخزائن المتقدمة","translated"
"assets.bitcoinCash","Bitcoin Cash","بيتكوين كاش","stable-term"
"assets.cashTokenHoldings","CashToken holdings","حيازات CashToken","translated"
"assets.cashTokens","CashTokens","CashTokens","stable-term"
"assets.categories","categories","فئات","translated"
"assets.chipnet","Chipnet","Chipnet","stable-term"
"assets.fungible","fungible","قابلة للاستبدال","translated"
"assets.fungibleHoldings","Fungible token holdings","حيازات الرموز القابلة للاستبدال","translated"
"assets.mintingNfts","Minting NFTs","NFTs قابلة للسك","translated"
"assets.mintingNftsDescription","Authority to mint additional NFTs in this category","صلاحية سك NFTs إضافية في هذه الفئة","translated"
"assets.mintTokens","Mint Tokens","إنشاء الرموز","translated"
"assets.mutableNfts","Mutable NFTs","NFTs قابلة للتغيير","translated"
"assets.mutableNftsDescription","Commitment may be changed by the holder","يمكن للمالك تغيير الالتزام","translated"
"assets.nfts","NFTs","NFTs","stable-term"
"assets.noFungibleTokens","No fungible CashTokens found.","لم يتم العثور على CashTokens قابلة للاستبدال.","translated"
"assets.noNfts","No NFTs found.","لم يتم العثور على NFTs.","translated"
"assets.nonFungibleHoldings","Non-fungible holdings","حيازات غير قابلة للاستبدال","translated"
"assets.openVaults","Open vaults","فتح الخزائن","translated"
"assets.plainNfts","Plain NFTs","NFTs عادية","translated"
"assets.plainNftsDescription","Fixed commitment; cannot be changed or used to mint","التزام ثابت؛ لا يمكن تغييره أو استخدامه للسك","translated"
"assets.primaryBalance","Primary wallet balance","رصيد المحفظة الأساسي","translated"
"assets.quantumroot","Quantumroot","Quantumroot","stable-term"
"assets.quickInventory","Quick view of your wallet inventory","عرض سريع لأصول محفظتك","translated"
"assets.tabBch","BCH","BCH","stable-term"
"assets.tabNfts","NFTs","NFTs","stable-term"
"assets.tabTokens","Tokens","الرموز","stable-term"
"assets.title","Assets","الأصول","translated"
"assets.toggleBalance","Toggle BCH and USD balance","تبديل رصيد BCH وUSD","translated"
"assets.units","units","وحدات","translated"
"assets.usdPriceUnavailable","USD price unavailable","سعر USD غير متاح","translated"
"assets.usdUnavailable","USD unavailable","USD غير متاح","translated"
"assets.vaultWorkspace","Vault workspace","مساحة عمل الخزينة","translated"
"bip37.addressesWithCoins","address(es) with coins","عناوين تحتوي على أموال","translated"
"bip37.blocks","blocks","كتل","stable-term"
"bip37.fromNode","BCH from the node ✓","BCH من العقدة ✓","translated"
"bip37.height","height","الارتفاع","translated"
"bip37.inUse","● in use","● قيد الاستخدام","translated"
"bip37.node","Node","العقدة","stable-term"
"bip37.notServes","Does not serve BIP37 ✗ (bloom filtering off)","لا يخدم BIP37 ✗ (ترشيح Bloom متوقف)","translated"
"bip37.probe","Probe","فحص","translated"
"bip37.probing","Probing…","جارٍ الفحص…","translated"
"bip37.protocol","protocol","البروتوكول","translated"
"bip37.remove","Remove","إزالة","translated"
"bip37.scanned","scanned","تم فحص","translated"
"bip37.serves","Serves BIP37 ✓","يخدم BIP37 ✓","translated"
"bip37.sync","Sync","مزامنة","translated"
"bip37.syncing","Syncing…","جارٍ المزامنة…","translated"
"bip37.syncingDetails","Syncing headers + scanning blocks via the node…","جارٍ مزامنة الرؤوس وفحص الكتل عبر العقدة…","translated"
"bip37.use","Use","استخدام","translated"
"bip37.useBalanceTitle","Derive this wallet's balance directly from the node (trustless SPV)","اشتقاق رصيد هذه المحفظة مباشرة من العقدة (SPV بدون ثقة)","translated"
"bip37.useNodeTitle","Use ONLY this node for wallet data (trustless; Electrum servers are not consulted)","استخدم هذه العقدة فقط لبيانات المحفظة (بدون ثقة؛ لا يتم الرجوع إلى خوادم Electrum)","translated"
"bip37.verified","Verified trustlessly: every matched tx proven by its block's merkle proof.","تم التحقق بدون ثقة: كل معاملة مطابقة مثبتة بإثبات Merkle الخاص بكتلتها.","translated"
"bip37.watching","watching","مراقبة","translated"
"builder.addFirstRecipient","Add your first recipient","أضف أول مستلم","translated"
"builder.addOpReturnOutput","Add OP_RETURN Output","إضافة مخرج OP_RETURN","translated"
"builder.addOutput","Add Output","إضافة مخرج","translated"
"builder.addRecipient","Add recipient","إضافة مستلم","translated"
"builder.addRecipients","Add recipients","إضافة مستلمين","translated"
"builder.addRecipientsDescription","Add BCH recipients, token transfers, collectibles, or an optional message output.","أضف مستلمي BCH أو تحويلات الرموز أو المقتنيات أو مخرج رسالة اختياريًا.","translated"
"builder.address","Address","العنوان","translated"
"builder.amount","Amount","المبلغ","translated"
"builder.amountToSend","Amount to send","المبلغ المراد إرساله","translated"
"builder.attachMessage","Attach message","إرفاق رسالة","translated"
"builder.back","Back","رجوع","translated"
"builder.bchAddress","BCH address","عنوان BCH","translated"
"builder.bchAmountSats","BCH amount (sats)","مبلغ BCH (ساتوشي)","translated"
"builder.bchFunds","BCH funds","أموال BCH","translated"
"builder.broadcastedSuccess","Your transaction was broadcast successfully!","تم بث معاملتك بنجاح!","translated"
"builder.buildTransaction","Build Transaction","بناء المعاملة","translated"
"builder.buildTx","Build TX","بناء المعاملة","translated"
"builder.capability","Capability","القدرة","translated"
"builder.category","Category","الفئة","translated"
"builder.chooseSource","Choose a source","اختيار المصدر","translated"
"builder.chooseSourceDescription","Pick wallet addresses for normal sends, or contracts for script spends.","اختر عناوين المحفظة للإرسالات العادية أو العقود لإنفاق البرامج النصية.","translated"
"builder.chooseSourceHelp","Choose source","اختيار المصدر","translated"
"builder.close","Close","إغلاق","translated"
"builder.collectibleAmount","Collectible amount","كمية المقتنى","translated"
"builder.commitment","Commitment","الالتزام","translated"
"builder.configureCollectible","Configure collectible","تهيئة المقتنى","translated"
"builder.confirmAndSend","Confirm and Send Transaction","تأكيد وإرسال المعاملة","translated"
"builder.confirmTransaction","Confirm Transaction","تأكيد المعاملة","translated"
"builder.contract","Contract","العقد","translated"
"builder.contractAddress","Contract address","عنوان العقد","translated"
"builder.contractAssets","Contract assets","أصول العقد","translated"
"builder.contractFunction","Contract Function","دالة العقد","translated"
"builder.contractFunds","Contract funds","أموال العقد","translated"
"builder.contracts","Contracts","العقود","translated"
"builder.contractSourceCount","{count} contract source(s)","{count} مصدر عقد","translated"
"builder.contractSourcePlural","{count} contract sources","{count} مصادر عقود","translated"
"builder.contractSources","Contract sources","مصادر العقود","translated"
"builder.contractSourceSingular","{count} contract source","{count} مصدر عقد","translated"
"builder.copyToClipboard","Copy to clipboard","نسخ إلى الحافظة","translated"
"builder.createCollectible","Create collectible","إنشاء مقتنى","translated"
"builder.createToken","Create token","إنشاء رمز","translated"
"builder.customSend","Custom Send","إرسال مخصص","translated"
"builder.decodeFailed","Unable to decode transaction. Showing raw hex:","تعذر فك ترميز المعاملة. عرض السداسي الخام:","translated"
"builder.dragToConfirm","Drag to Confirm","اسحب للتأكيد","translated"
"builder.enterTokenAmount","Enter amount (max {amount})","أدخل المبلغ (الحد الأقصى {amount})","translated"
"builder.estimatedNetworkFee","Estimated network fee","رسوم الشبكة المقدرة","translated"
"builder.feeReserve","Leaving a {count} sat fee reserve.","ترك احتياطي رسوم قدره {count} ساتوشي.","translated"
"builder.flow","Flow","المسار","translated"
"builder.flowDescription","Pick a source, choose funds, add recipients, then preview the final transaction before sending.","اختر مصدرًا، وحدد الأموال، وأضف المستلمين، ثم عاين المعاملة النهائية قبل الإرسال.","translated"
"builder.fundsSelected","Funds selected","الأموال المحددة","translated"
"builder.fungibleAmount","Fungible Amount","كمية الرمز القابل للاستبدال","translated"
"builder.fungibleTokens","Fungible Tokens","الرموز القابلة للاستبدال","translated"
"builder.genesisCollectible","Genesis input for this collectible","مدخل الإنشاء لهذا المقتنى","translated"
"builder.genesisInput","Genesis input for this token","مدخل الإنشاء لهذا الرمز","translated"
"builder.help","Help","المساعدة","translated"
"builder.howWorks","How this works","طريقة العمل","translated"
"builder.inputs","Inputs","المدخلات","translated"
"builder.leftoverBchPlaceholder","Wallet address for leftover BCH","عنوان المحفظة لفائض BCH","translated"
"builder.max","Max","الحد الأقصى","translated"
"builder.maxSpendable","Set to maximum spendable (leaves 2000 sats for fees)","تعيين الحد الأقصى القابل للإنفاق (يترك 2000 ساتوشي للرسوم)","translated"
"builder.missingUnlocker","Missing unlocker!","مفقود مفتاح إلغاء القفل!","translated"
"builder.next","Next","التالي","translated"
"builder.nftCapability","NFT Capability","قدرة NFT","translated"
"builder.nftCommitment","NFT Commitment","التزام NFT","translated"
"builder.noContractAddresses","No contract addresses available.","لا توجد عناوين عقود متاحة.","translated"
"builder.noFundsSelected","No funds selected yet.","لم يتم تحديد أموال بعد.","translated"
"builder.none","None","لا شيء","translated"
"builder.nonFungibleTokens","Non-Fungible Tokens","الرموز غير القابلة للاستبدال","translated"
"builder.noOutputs","No outputs added yet.","لم تتم إضافة مخرجات بعد.","translated"
"builder.noQrCode","No QR code detected. Please try again.","لم يتم العثور على رمز QR. حاول مرة أخرى.","translated"
"builder.noSpendableBalance","No spendable balance after fee reserve","لا يوجد رصيد قابل للإنفاق بعد حجز الرسوم","translated"
"builder.noUtxosSelected","No UTXOs selected.","لم يتم تحديد UTXOs.","translated"
"builder.noWalletAddresses","No wallet addresses available.","لا توجد عناوين محفظة متاحة.","translated"
"builder.opReturnData","OP_RETURN Data","بيانات OP_RETURN","translated"
"builder.opReturnEmpty","OP_RETURN data cannot be empty.","لا يمكن أن تكون بيانات OP_RETURN فارغة.","translated"
"builder.opReturnOutput","OP_RETURN Output","مخرج OP_RETURN","translated"
"builder.opReturnPlaceholder","Enter space-separated ASCII words","أدخل كلمات ASCII مفصولة بمسافات","translated"
"builder.outputs","Outputs","المخرجات","translated"
"builder.paperWallet","Paper Wallet","محفظة ورقية","translated"
"builder.paperWalletUtxos","Paper Wallet UTXOs","UTXOs المحفظة الورقية","translated"
"builder.pickFunds","Pick funds","اختيار الأموال","translated"
"builder.pickFundsDescription","Select the BCH, tokens, or collectibles that will fund this transaction.","حدد BCH أو الرموز أو المقتنيات التي ستمول هذه المعاملة.","translated"
"builder.rawTransactionDetails","Raw Transaction Details","تفاصيل المعاملة الخام","translated"
"builder.ready","Ready","جاهز","translated"
"builder.recipient","{count} recipient","مستلم واحد ({count})","translated"
"builder.recipientAddress","Recipient Address","عنوان المستلم","translated"
"builder.recipientCount","{count} recipients","{count} مستلمين","translated"
"builder.recipients","Recipients","المستلمون","translated"
"builder.recipientsAdded","Recipients added","المستلمون المضافون","translated"
"builder.remove","Remove","إزالة","translated"
"builder.removeAllRecipients","Remove all recipients","إزالة جميع المستلمين","translated"
"builder.returnLeftover","Return leftover funds to","إعادة الفائض إلى","translated"
"builder.reviewAndSend","Review and send","مراجعة وإرسال","translated"
"builder.reviewAndSendDescription","Preview first, then send only when the summary looks right.","عاين أولًا، ثم أرسل فقط عندما يبدو الملخص صحيحًا.","translated"
"builder.reviewFunds","Review funds","مراجعة الأموال","translated"
"builder.reviewRecipients","Review recipients","مراجعة المستلمين","translated"
"builder.scanQrCode","Scan QR Code","مسح رمز QR","translated"
"builder.selectedFunds","Selected funds","الأموال المحددة","translated"
"builder.selectedItem","{count} selected item","عنصر محدد واحد ({count})","translated"
"builder.selectedItems","{count} selected items","{count} عناصر محددة","translated"
"builder.selectGenesisInput","Select genesis input","اختيار مدخل الإنشاء","translated"
"builder.selectSource","Select a source to continue.","حدد مصدرًا للمتابعة.","translated"
"builder.sendBch","Send BCH","إرسال BCH","translated"
"builder.sendTx","Send TX","إرسال المعاملة","translated"
"builder.sendWarning","You are about to send a transaction. Please confirm that all details are correct. This action cannot be undone.","أنت على وشك إرسال معاملة. تأكد من صحة جميع التفاصيل. لا يمكن التراجع عن هذا الإجراء.","translated"
"builder.sourcesChosen","Sources chosen","المصادر المختارة","translated"
"builder.step","Step {number}","الخطوة {number}","translated"
"builder.token","Token","الرمز","translated"
"builder.tokenAddress","Token address","عنوان الرمز","translated"
"builder.tokenAmount","Token Amount","كمية الرمز","translated"
"builder.tokenCategory","Token Category","فئة الرمز","translated"
"builder.tokenCategoryLabel","Token Category","فئة الرمز","translated"
"builder.tokensCollectibles","Tokens & collectibles","الرموز والمقتنيات","translated"
"builder.transactionError","Transaction Error","خطأ في المعاملة","translated"
"builder.transactionSubmitted","Transaction Submitted","تم إرسال المعاملة","translated"
"builder.transactionSubmittedDescription","Your transaction has been submitted. Use this txid as the reference and avoid sending it again.","تم إرسال معاملتك. استخدم معرّفها للرجوع إليه وتجنب إرسالها مرة أخرى.","translated"
"builder.transactionSuccessful","Transaction Successful","نجحت المعاملة","translated"
"builder.transferMinimum","Transfer amount must be at least {count}.","يجب ألا يقل مبلغ التحويل عن {count}.","translated"
"builder.tryAgain","Try Again","حاول مرة أخرى","translated"
"builder.txHash","Tx Hash","تجزئة المعاملة","translated"
"builder.txId","TX ID","معرّف المعاملة","translated"
"builder.viewExplorer","View on Explorer","عرض في المستكشف","translated"
"builder.wallet","Wallet","المحفظة","translated"
"builder.walletAssets","Wallet assets","أصول المحفظة","translated"
"builder.walletFunds","Wallet funds","أموال المحفظة","translated"
"builder.walletSourceCount","{count} wallet source(s)","{count} مصدر محفظة","translated"
"builder.walletSourcePlural","{count} wallet sources","{count} مصادر محفظة","translated"
"builder.walletSources","Wallet sources","مصادر المحفظة","translated"
"builder.walletSourceSingular","{count} wallet source","{count} مصدر محفظة","translated"
"builder.warning","⚠️ Warning","⚠️ تحذير","translated"
"camera.cancel","Cancel","إلغاء","translated"
"camera.scan","Scan QR with camera","مسح QR بالكاميرا","translated"
"camera.unavailable","Camera unavailable: {error}. Use Upload instead.","الكاميرا غير متاحة: {error}. استخدم الرفع بدلًا من ذلك.","translated"
"cauldron.active","active","نشطة","translated"
"cauldron.description","Detected from the active wallet receive/change/DeFi address set through the Cauldron indexer.","مكتشفة من مجموعة عناوين الاستلام والتغيير وDeFi النشطة للمحفظة عبر مفهرس Cauldron.","translated"
"cauldron.positions","Cauldron positions","مواضع Cauldron","translated"
"cauldron.tokenCategories","token categories","فئات الرموز","translated"
"chat.back","Back to conversations","العودة إلى المحادثات","translated"
"chat.choosePhoto","Choose photo","اختيار صورة","translated"
"chat.copyNpub","Copy npub","نسخ npub","translated"
"chat.displayName","Display name","اسم العرض","translated"
"chat.emptyDescription","Pick a conversation, or tap + to message someone by their npub. Messages are end-to-end encrypted over Nostr.","اختر محادثة أو اضغط + لمراسلة شخص عبر npub الخاص به. الرسائل مشفرة من الطرف إلى الطرف عبر Nostr.","translated"
"chat.encrypted","End-to-end encrypted","مشفرة من الطرف إلى الطرف","translated"
"chat.messagePlaceholder","Message…","رسالة…","stable-term"
"chat.newChat","New chat","محادثة جديدة","translated"
"chat.newConversation","New conversation","محادثة جديدة","translated"
"chat.noConversations","No conversations yet. Tap + to start one.","لا توجد محادثات بعد. اضغط + لبدء محادثة.","translated"
"chat.noMessages","No messages yet. Say hi — messages are end-to-end encrypted.","لا توجد رسائل بعد. ألقِ التحية — الرسائل مشفرة من الطرف إلى الطرف.","translated"
"chat.open","Open","فتح","translated"
"chat.privateConversations","Your private conversations","محادثاتك الخاصة","translated"
"chat.privateMessaging","Private Nostr messaging","مراسلة Nostr خاصة","translated"
"chat.profile","Profile","الملف الشخصي","translated"
"chat.profilePublished","Profile published ✓","تم نشر الملف الشخصي ✓","translated"
"chat.publishProfile","Publish profile","نشر الملف الشخصي","translated"
"chat.recipient","Recipient npub…","npub المستلم…","translated"
"chat.searchConversations","Search conversations","البحث في المحادثات","translated"
"chat.send","Send","إرسال","translated"
"chat.setup","Nostr setup","إعداد Nostr","translated"
"chat.title","Chat","محادثة","translated"
"chat.youPrefix","You: ","أنت: ","translated"
"chat.yourNpub","Your npub","npub الخاص بك","translated"
"confirm.action","Confirm action","تأكيد الإجراء","translated"
"confirm.cancel","Cancel","إلغاء","translated"
"confirm.ok","OK","موافق","stable-term"
"console.appLog","App Log","سجل التطبيق","translated"
"console.clear","Clear","مسح","translated"
"console.noEntries","No log entries yet.","لا توجد إدخالات في السجل بعد.","translated"
"console.placeholder","method [params…]","method [params…]","stable-term"
"console.rpc","Electrum RPC","Electrum RPC","stable-term"
"console.send","Send","إرسال","translated"
"console.sending","…","…","stable-term"
"console.typeHint","Type: method param1 param2 — e.g. server.version or blockchain.headers.subscribe","النوع: method param1 param2 — مثل server.version أو blockchain.headers.subscribe","translated"
"contract.arbiter","Arbiter: A trusted party who authorizes release of funds.","المحكّم: طرف موثوق يصرّح بتحرير الأموال.","translated"
"contract.available","Available Contracts","العقود المتاحة","translated"
"contract.bip38","BIP38 (Password-Protected Private Keys)","BIP38 (مفاتيح خاصة محمية بكلمة مرور)","translated"
"contract.bip38Desc","The BIP38 contract secures private keys with a password. Its UTXOs require both the correct password and a valid signature.","يؤمّن عقد BIP38 المفاتيح الخاصة بكلمة مرور. تتطلب UTXOs الخاصة به كلمة المرور الصحيحة وتوقيعًا صالحًا.","translated"
"contract.bip38Spending","Spending Requirements: Provide a valid owner signature and a data signature verifying the password.","متطلبات الإنفاق: قدّم توقيع المالك وتوقيع بيانات صالحين للتحقق من كلمة المرور.","translated"
"contract.bip38UseCase","Use Case: Ideal for protecting private keys against theft or unauthorized access, especially for long-term storage.","حالة الاستخدام: مناسب لحماية المفاتيح الخاصة من السرقة أو الوصول غير المصرح به، خصوصًا للتخزين طويل الأجل.","translated"
"contract.enhancedTrust","Enhanced Trust: Useful for transactions requiring multiple trusted parties.","ثقة محسّنة: مفيد للمعاملات التي تتطلب عدة أطراف موثوقة.","translated"
"contract.escrow","Escrow","حساب الضمان","stable-term"
"contract.escrowDesc","The Escrow contract supports secure transactions between a buyer and seller with a trusted arbiter. Funds are released only with the arbiter’s approval.","يدعم عقد الضمان معاملات آمنة بين مشترٍ وبائع مع محكّم موثوق. لا تُحرر الأموال إلا بموافقة المحكّم.","translated"
"contract.escrowMS2","EscrowMS2 (Multi-Party Escrow)","EscrowMS2 (ضمان متعدد الأطراف)","stable-term"
"contract.escrowMS2Desc","EscrowMS2 extends escrow with two arbiters. Funds can be released with one arbiter’s approval or both arbiters’ combined approval.","يوسّع EscrowMS2 عقد الضمان بمحكّمين اثنين. يمكن تحرير الأموال بموافقة أحدهما أو بموافقتهما معًا.","translated"
"contract.escrowMS2Spending","Spending Requirements: One arbiter or both arbiters provide valid signatures, and the full amount goes to the buyer or seller.","متطلبات الإنفاق: يقدّم أحد المحكّمين أو كلاهما توقيعات صالحة، ويذهب المبلغ كاملًا إلى المشتري أو البائع.","translated"
"contract.escrowSecurity","Security: Funds remain locked until the arbiter approves, helping prevent fraud or disputes.","الأمان: تبقى الأموال مقفلة حتى يوافق المحكّم، مما يساعد على منع الاحتيال أو النزاعات.","translated"
"contract.escrowSpending","Spending Requirements: The arbiter provides a valid signature and the full amount goes to the buyer’s or seller’s public-key-hash address.","متطلبات الإنفاق: يقدّم المحكّم توقيعًا صالحًا ويذهب المبلغ كاملًا إلى عنوان تجزئة المفتاح العام للمشتري أو البائع.","translated"
"contract.howToUse","How to Use Covenant Contracts","كيفية استخدام عقود العهود","translated"
"contract.howToUseText","Open the Contracts section, choose a contract type, configure its conditions, and deploy it. To spend from contract UTXOs, meet the specific spending requirements above. Detailed instructions and examples are available in the app documentation.","افتح قسم العقود، واختر نوع العقد، واضبط شروطه، ثم انشره. للإنفاق من UTXOs العقد، استوفِ متطلبات الإنفاق المحددة أعلاه. تتوفر التعليمات والأمثلة التفصيلية في وثائق التطبيق.","translated"
"contract.intro","Covenant contracts in the OPTN Wallet are smart contracts that enforce rules for spending digital assets. Each contract locks funds in UTXOs that can only be spent by meeting predefined conditions.","عقود العهود في OPTN Wallet هي عقود ذكية تفرض قواعد لإنفاق الأصول الرقمية. يقفل كل عقد الأموال في UTXOs لا يمكن إنفاقها إلا باستيفاء شروط محددة مسبقًا.","translated"
"contract.msvault","MSVault (Multi-Signature Vault)","MSVault (خزينة متعددة التوقيعات)","stable-term"
"contract.msvaultDesc","MSVault creates a secure shared or long-term vault requiring multiple signatures and a password. It enforces a minimum balance and time lock.","ينشئ MSVault خزينة مشتركة أو طويلة الأجل تتطلب عدة توقيعات وكلمة مرور، ويفرض حدًا أدنى للرصيد وقفلًا زمنيًا.","translated"
"contract.msvaultSpending","Spending Requirements: Provide a valid signature and password-verified data signature while maintaining at least 4000 satoshis, or use a valid signature after the time lock expires.","متطلبات الإنفاق: قدّم توقيعًا صالحًا وتوقيع بيانات تم التحقق منه بكلمة مرور مع الحفاظ على 4000 ساتوشي على الأقل، أو استخدم توقيعًا صالحًا بعد انتهاء القفل الزمني.","translated"
"contract.msvaultUseCase","Use Case: Suitable for shared ownership or long-term storage with strict access controls.","حالة الاستخدام: مناسب للملكية المشتركة أو التخزين طويل الأجل مع ضوابط وصول صارمة.","translated"
"contract.multipleArbiters","Multiple Arbiters: Two arbiters can authorize release of funds.","محكّمان متعددان: يمكن لمحكّمين اثنين التصريح بتحرير الأموال.","translated"
"contract.multiSignature","Multi-Signature: Requires signatures from multiple authorized parties.","توقيع متعدد: يتطلب توقيعات من عدة أطراف مخولة.","translated"
"contract.p2pkh","P2PKH (Pay-to-Public-Key-Hash)","P2PKH (الدفع إلى تجزئة المفتاح العام)","stable-term"
"contract.p2pkhDesc","P2PKH is a standard Bitcoin script that protects UTXOs by requiring a signature from the owner of a specified public-key hash.","P2PKH هو نص Bitcoin قياسي يحمي UTXOs بفرض توقيع من مالك تجزئة مفتاح عام محددة.","translated"
"contract.p2pkhSecurity","Security: A proven and reliable method for protecting digital assets.","الأمان: طريقة مجرّبة وموثوقة لحماية الأصول الرقمية.","translated"
"contract.p2pkhSpending","Spending Requirements: Provide a valid signature matching the public-key hash in the contract.","متطلبات الإنفاق: قدّم توقيعًا صالحًا يطابق تجزئة المفتاح العام في العقد.","translated"
"contract.passwordProtection","Password Protection: Encrypts your private key with a user-defined password.","حماية كلمة المرور: تشفر مفتاحك الخاص بكلمة مرور تحددها.","translated"
"contract.simplicity","Simplicity: Easy to use and compatible with most Bitcoin wallets.","البساطة: سهل الاستخدام ومتوافق مع معظم محافظ Bitcoin.","translated"
"contract.timeControl","Time-Based Control: Sets a deadline for the recipient to claim funds.","تحكم زمني: يحدد موعدًا نهائيًا لمطالبة المستلم بالأموال.","translated"
"contract.transfer","TransferWithTimeout","TransferWithTimeout","stable-term"
"contract.transferDesc","TransferWithTimeout enables conditional transfers with a deadline. The recipient can claim funds before the timeout; the sender can reclaim them afterward.","يتيح TransferWithTimeout تحويلات مشروطة بموعد نهائي. يمكن للمستلم المطالبة بالأموال قبل انتهاء المهلة، ويمكن للمرسل استعادتها بعدها.","translated"
"contract.transferSpending","Spending Requirements: The recipient signs before the timeout; afterward, the sender can reclaim funds with a valid signature.","متطلبات الإنفاق: يوقّع المستلم قبل انتهاء المهلة؛ وبعدها يمكن للمرسل استعادة الأموال بتوقيع صالح.","translated"
"contract.transferUseCase","Use Cases: Useful for subscriptions, conditional payments, or escrow-like scenarios.","حالات الاستخدام: مفيد للاشتراكات أو المدفوعات المشروطة أو الحالات الشبيهة بحساب الضمان.","translated"
"contractPopup.back","Back","رجوع","translated"
"contractPopup.chooseFunction","Select a function","اختيار دالة","translated"
"contractPopup.enterData","Please enter data to generate the message.","أدخل البيانات لإنشاء الرسالة.","translated"
"contractPopup.enterMessage","Enter message for {name}","أدخل رسالة لـ {name}","translated"
"contractPopup.enterValue","Enter {name}","أدخل {name}","translated"
"contractPopup.fetchFailed","Failed to fetch keys.","فشل جلب المفاتيح.","translated"
"contractPopup.generated","Message generated successfully!","تم إنشاء الرسالة بنجاح!","translated"
"contractPopup.generateMessage","Generate Message","إنشاء رسالة","translated"
"contractPopup.generationFailed","Failed to generate message.","فشل إنشاء الرسالة.","translated"
"contractPopup.invalidFormat","Invalid {type} format. Please scan a valid QR code.","تنسيق {type} غير صالح. امسح رمز QR صالحًا.","translated"
"contractPopup.message","Message","الرسالة","stable-term"
"contractPopup.messageForCheck","message for checkdatasig","رسالة لـ checkdatasig","translated"
"contractPopup.noKeys","No keys found for address: {address}","لم يتم العثور على مفاتيح للعنوان: {address}","translated"
"contractPopup.noQr","No QR code detected. Please try again.","لم يتم العثور على رمز QR. حاول مرة أخرى.","translated"
"contractPopup.scanFor","Scan QR Code for {name}","مسح رمز QR لـ {name}","translated"
"contractPopup.select","Select","اختيار","translated"
"contractPopup.selectAddress","Select Address","اختيار عنوان","translated"
"contractPopup.selected","Selected {type}","تم اختيار {type}","translated"
"contractPopup.title","Select a Function","اختيار دالة","translated"
"contractView.address","Address","العنوان","translated"
"contractView.addressCopied","Address copied to clipboard!","تم نسخ العنوان إلى الحافظة!","translated"
"contractView.argumentTypeInfo","Argument type info","معلومات نوع الوسيط","translated"
"contractView.back","Back","رجوع","translated"
"contractView.balance","Balance","الرصيد","translated"
"contractView.blockHeight","Current Block Height","ارتفاع الكتلة الحالي","translated"
"contractView.blockHeightInfo","Blocks increment on an average interval of 10 minutes.","تزداد الكتل بمتوسط فاصل قدره 10 دقائق.","translated"
"contractView.constructorArgs","Constructor Arguments","وسائط المُنشئ","translated"
"contractView.copyFailed","Failed to copy address.","فشل نسخ العنوان.","translated"
"contractView.create","Create Contract","إنشاء عقد","translated"
"contractView.created","Contract created successfully!","تم إنشاء العقد بنجاح!","translated"
"contractView.createFailed","Failed to create contract: {message}","فشل إنشاء العقد: {message}","translated"
"contractView.createStep","3. Create the contract","3. أنشئ العقد","translated"
"contractView.datasigInfo","Data signature info","معلومات توقيع البيانات","translated"
"contractView.delete","Delete","حذف","translated"
"contractView.deleted","Contract deleted successfully!","تم حذف العقد بنجاح!","translated"
"contractView.deleteFailed","Failed to delete contract.","فشل حذف العقد.","translated"
"contractView.deleteFailedFallback","Failed to delete contract.","فشل حذف العقد.","translated"
"contractView.enterMessage","Enter message for {name}","أدخل رسالة لـ {name}","translated"
"contractView.enterType","Enter a value matching type: {type}.","أدخل قيمة تطابق النوع: {type}.","translated"
"contractView.error","Error","خطأ","translated"
"contractView.errorPrefix","Error: {message}","خطأ: {message}","translated"
"contractView.fillInputs","2. Fill constructor inputs","2. املأ مدخلات المُنشئ","translated"
"contractView.fillRequired","Fill in each required value before creating the contract.","املأ كل قيمة مطلوبة قبل إنشاء العقد.","translated"
"contractView.hashInfo","20-byte hash (hex) of an address/public key. Use “Select Address”.","تجزئة عنوان/مفتاح عام من 20 بايت (سداسي). استخدم «اختيار عنوان».","translated"
"contractView.howWorks","How this works","طريقة العمل","translated"
"contractView.instantiated","Instantiated Contracts","العقود المنشأة","translated"
"contractView.loadContractsFailed","Failed to load available contracts.","فشل تحميل العقود المتاحة.","translated"
"contractView.loadDetailsFailed","Failed to load contract details.","فشل تحميل تفاصيل العقد.","translated"
"contractView.loadInstancesFailed","Failed to load contract instances.","فشل تحميل مثيلات العقود.","translated"
"contractView.noInputs","This contract template has no constructor inputs.","لا يحتوي قالب العقد هذا على مدخلات مُنشئ.","translated"
"contractView.noInstances","No contract instances yet.","لا توجد مثيلات عقود بعد.","translated"
"contractView.noQr","No QR code detected. Please try again.","لم يتم العثور على رمز QR. حاول مرة أخرى.","translated"
"contractView.pickTemplate","1. Pick a template","1. اختر قالبًا","translated"
"contractView.privateKeyUnavailable","Private key unavailable for this address.","المفتاح الخاص غير متاح لهذا العنوان.","translated"
"contractView.publicKeyInfo","Public key in hex. Use “Select Address” to fill automatically.","المفتاح العام بالصيغة السداسية. استخدم «اختيار عنوان» للملء تلقائيًا.","translated"
"contractView.scanQr","Scan QR Code for {name}","مسح QR لـ {name}","translated"
"contractView.selectAddress","Select Address","اختيار عنوان","translated"
"contractView.selectContract","Select a contract","اختيار عقد","translated"
"contractView.selectData","Please select an address and enter data to sign.","يرجى اختيار عنوان وإدخال بيانات للتوقيع.","translated"
"contractView.selected","Selected {type}","تم اختيار {type}","translated"
"contractView.signature","Signature","التوقيع","stable-term"
"contractView.signatureFailed","Failed to generate signature.","فشل إنشاء التوقيع.","translated"
"contractView.signatureGenerated","Signature generated successfully!","تم إنشاء التوقيع بنجاح!","translated"
"contractView.signingAddress","Signing address","عنوان التوقيع","translated"
"contractView.signMessage","Sign Message","توقيع الرسالة","translated"
"contractView.title","Contracts","العقود","translated"
"contractView.tokenAddress","Token address","عنوان الرمز","translated"
"contractView.unavailable","Unavailable","غير متاح","translated"
"contractView.unknownError","Unknown error","خطأ غير معروف","translated"
"contractView.update","Update","تحديث","translated"
"contractView.updated","Contract updated successfully!","تم تحديث العقد بنجاح!","translated"
"contractView.updateFailed","Failed to update contract.","فشل تحديث العقد.","translated"
"contractView.updateFailedFallback","Failed to update contract.","فشل تحديث العقد.","translated"
"derivation.accountIndex","Account index","فهرس الحساب","translated"
"derivation.addressDerivation","Address derivation","اشتقاق العنوان","translated"
"derivation.addressDerivationDescription","BIP44 account path used to derive this wallet.","مسار حساب BIP44 المستخدم لاشتقاق هذه المحفظة.","translated"
"derivation.bip44AccountIndex","BIP44 account index","فهرس حساب BIP44","translated"
"derivation.bip44CoinType","BIP44 coin type","نوع عملة BIP44","translated"
"derivation.branchDescription","Hardened markers are fixed. Receive and change addresses are derived automatically from the /0/index and /1/index branches.","علامات الاشتقاق الصلبة ثابتة. تُشتق عناوين الاستلام والباقي تلقائيًا من فرعي /0/index و/1/index.","translated"
"derivation.coinType","Coin type","نوع العملة","translated"
"derivation.customize","Customize","تخصيص","translated"
"derivation.invalidActive","The active derivation path is invalid.","مسار الاشتقاق النشط غير صالح.","translated"
"derivation.invalidValues","Invalid BIP44 path values.","قيم مسار BIP44 غير صالحة.","translated"
"derivation.networkDefault","Network default: {value}","إعداد الشبكة الافتراضي: {value}","translated"
"derivation.pathDescription","The fixed BIP44 account path used by this wallet.","مسار حساب BIP44 الثابت الذي تستخدمه هذه المحفظة.","translated"
"derivation.pathPreview","Path preview","معاينة المسار","translated"
"derivation.range","Enter whole numbers from 0 to {max}.","أدخل أعدادًا صحيحة من 0 إلى {max}.","translated"
"derivation.required","{field} is required.","{field} مطلوب.","translated"
"derivation.usuallyZero","Usually 0","عادةً 0","translated"
"derivation.walletNetwork","Wallet network","شبكة المحفظة","translated"
"derivation.walletNetworkDescription","Choose whether this wallet connects to live funds on Mainnet or test funds on Chipnet.","اختر ما إذا كانت المحفظة تتصل بأموال حقيقية على Mainnet أو أموال اختبار على Chipnet.","translated"
"desktopMenu.about","About OPTN Wallet","حول محفظة OPTN","translated"
"desktopMenu.cannotExport","This wallet cannot be exported.","لا يمكن تصدير هذه المحفظة.","translated"
"desktopMenu.exported","Wallet exported.","تم تصدير المحفظة.","translated"
"desktopMenu.exportFailed","Could not export the wallet.","تعذر تصدير المحفظة.","translated"
"desktopMenu.exportWallet","Export Wallet…","تصدير المحفظة…","translated"
"desktopMenu.file","File","ملف","translated"
"desktopMenu.help","Help","المساعدة","translated"
"desktopMenu.history","Transaction History","سجل المعاملات","translated"
"desktopMenu.importNewWallet","Import New Wallet","استيراد محفظة جديدة","translated"
"desktopMenu.invalidWalletFile","That is not a valid OPTN wallet file.","ملف محفظة OPTN غير صالح.","translated"
"desktopMenu.lockWallet","Lock Wallet","قفل المحفظة","translated"
"desktopMenu.noSavedWallets","No saved wallets","لا توجد محافظ محفوظة","translated"
"desktopMenu.openWallet","Open Wallet","فتح المحفظة","translated"
"desktopMenu.openWalletFile","Open Wallet File…","فتح ملف محفظة…","translated"
"desktopMenu.quit","Quit","إنهاء","translated"
"desktopMenu.receive","Receive","استلام","translated"
"desktopMenu.refreshWallet","Refresh Wallet","تحديث المحفظة","translated"
"desktopMenu.send","Send","إرسال","translated"
"desktopMenu.settings","Settings","الإعدادات","translated"
"desktopMenu.toggleTheme","Toggle Theme","تبديل المظهر","translated"
"desktopMenu.view","View","عرض","translated"
"desktopMenu.wallet","Wallet","المحفظة","translated"
"desktopSecurity.authenticating","Authenticating…","جارٍ المصادقة…","translated"
"desktopSecurity.biometricFailed","Biometric unlock failed. Use your password.","فشل إلغاء القفل الحيوي. استخدم كلمة المرور.","translated"
"desktopSecurity.confirmPassword","Confirm password","تأكيد كلمة المرور","translated"
"desktopSecurity.continue","Continue","متابعة","translated"
"desktopSecurity.enterPassword","Enter your password to unlock.","أدخل كلمة المرور لإلغاء القفل.","translated"
"desktopSecurity.forgotPassword","Forgot your password? Remove the wallet and re-import your seed phrase.","هل نسيت كلمة المرور؟ أزل المحفظة وأعد استيراد عبارة الاسترداد.","translated"
"desktopSecurity.incorrect","Incorrect passphrase. Please try again.","عبارة المرور غير صحيحة. حاول مرة أخرى.","translated"
"desktopSecurity.loading","Loading wallet…","جارٍ تحميل المحفظة…","translated"
"desktopSecurity.mismatch","Passphrases do not match.","عبارتا المرور غير متطابقتين.","translated"
"desktopSecurity.password","Password","كلمة المرور","translated"
"desktopSecurity.passwordNeverStored","Your password is never stored — it derives your encryption key locally.","لا يتم تخزين كلمة المرور — تُشتق منها محليًا مفتاح التشفير.","translated"
"desktopSecurity.passwordPlaceholder","Password (or leave blank)","كلمة المرور (أو اتركها فارغة)","translated"
"desktopSecurity.saveFailed","Failed to save passphrase. Please try again.","فشل حفظ عبارة المرور. حاول مرة أخرى.","translated"
"desktopSecurity.secureWallet","Secure your wallet","تأمين محفظتك","translated"
"desktopSecurity.securing","Securing…","جارٍ التأمين…","translated"
"desktopSecurity.setupDescription","Set a password to encrypt your wallet. You'll need it every time you open the app. Leave blank to use OS-account protection only.","عيّن كلمة مرور لتشفير محفظتك. ستحتاج إليها عند فتح التطبيق. اتركها فارغة لاستخدام حماية حساب نظام التشغيل فقط.","translated"
"desktopSecurity.unlock","Unlock","إلغاء القفل","translated"
"desktopSecurity.unlockFailed","Unlock failed. Please try again.","فشل إلغاء القفل. حاول مرة أخرى.","translated"
"desktopSecurity.unlocking","Unlocking…","جارٍ إلغاء القفل…","translated"
"desktopSecurity.useBiometric","Use {label}","استخدام {label}","translated"
"desktopSecurity.walletLocked","Wallet locked","المحفظة مقفلة","translated"
"desktopWallet.addAnother","Add another wallet","إضافة محفظة أخرى","translated"
"desktopWallet.alreadyOpen","That wallet is already open in another window.","هذه المحفظة مفتوحة بالفعل في نافذة أخرى.","translated"
"desktopWallet.backToWallets","Back to wallets","العودة إلى المحافظ","translated"
"desktopWallet.biometricFailed","Biometric unlock failed: {message}","فشل إلغاء القفل الحيوي: {message}","translated"
"desktopWallet.biometricUnlock","Biometric unlock","إلغاء القفل الحيوي","translated"
"desktopWallet.cancel","Cancel","إلغاء","translated"
"desktopWallet.delete","Delete","حذف","translated"
"desktopWallet.deleteConfirm","Delete “{name}” ({network}, #{id})? Its saved .optn file is kept, so you can re-import it later.","حذف «{name}» ({network}، رقم {id})؟ سيبقى ملف .optn المحفوظ لتتمكن من استيراده لاحقًا.","translated"
"desktopWallet.deleteLabel","Delete {name}","حذف {name}","translated"
"desktopWallet.deleting","Deleting…","جارٍ الحذف…","translated"
"desktopWallet.device","Device","الجهاز","translated"
"desktopWallet.filePasswordDescription","Enter this wallet file's password.","أدخل كلمة مرور ملف المحفظة هذا.","translated"
"desktopWallet.hardwareDescription","It will be used automatically to sign sends from software wallets while connected. Standalone hardware-only wallets with their own receive addresses are not supported yet.","سيُستخدم تلقائيًا لتوقيع عمليات الإرسال من المحافظ البرمجية أثناء الاتصال. لا تُدعم بعد المحافظ المستقلة المعتمدة على الأجهزة فقط والتي تستخدم عناوين استلام خاصة بها.","translated"
"desktopWallet.hardwareTitle","Connect Hardware Wallet","توصيل محفظة أجهزة","translated"
"desktopWallet.importFailed","Could not import this wallet file.","تعذر استيراد ملف المحفظة.","translated"
"desktopWallet.incorrectFilePassword","Incorrect password for this wallet file.","كلمة مرور ملف المحفظة غير صحيحة.","translated"
"desktopWallet.open","Open","فتح","translated"
"desktopWallet.openButton","Open","فتح","translated"
"desktopWallet.openFailed","Could not open this wallet. Please try again.","تعذر فتح المحفظة. حاول مرة أخرى.","translated"
"desktopWallet.openFile","Open “{name}”","فتح «{name}»","translated"
"desktopWallet.opening","Opening…","جارٍ الفتح…","translated"
"desktopWallet.password","Password","كلمة المرور","translated"
"desktopWallet.unlock","Unlock","إلغاء القفل","translated"
"desktopWallet.unlocking","Unlocking…","جارٍ إلغاء القفل…","translated"
"desktopWallet.useBiometric","Use {label}","استخدام {label}","translated"
"desktopWallet.walletNumber","Wallet #{id}","المحفظة رقم {id}","stable-term"
"desktopWallet.yourWallets","Your wallets","محافظك","translated"
"error.somethingWrong","Something went wrong.","حدث خطأ ما.","translated"
"experimental.cashFusionDescription","CashFusion is a non-custodial privacy protocol that combines your UTXOs with those of other users in a way that breaks transaction history linkage. Connect to a CashFusion server to participate. Your funds are never at risk — the protocol is trustless.","CashFusion بروتوكول خصوصية غير وصائي يجمع UTXOs الخاصة بك مع أموال مستخدمين آخرين لفصل سجل المعاملات.","translated"
"experimental.cashFusionWarning","Requires an active CashFusion server connection. Coming soon — toggle currently reserved.","يتطلب اتصالًا نشطًا بخادم CashFusion. قريبًا — التبديل محجوز حاليًا.","translated"
"experimental.description","These features are under active development. Enable them to test new capabilities — they may change or be incomplete in future updates.","هذه الميزات قيد التطوير النشط. فعّلها لاختبار قدرات جديدة؛ قد تتغير أو تظل غير مكتملة في تحديثات لاحقة.","translated"
"experimental.disable","Disable","تعطيل","translated"
"experimental.enable","Enable","تفعيل","translated"
"experimental.features","Experimental Features","ميزات تجريبية","translated"
"experimental.privacy","Privacy","الخصوصية","translated"
"experimental.quantumDescription","Quantumroot vaults protect funds with a quantum-resistant Schnorr LM-OTS scheme. Enabled by default. Turn off to hide Quantumroot from the wallet if you don't use it.","تحمي خزائن Quantumroot الأموال باستخدام مخطط Schnorr LM-OTS المقاوم للحوسبة الكمومية. مفعّلة افتراضيًا.","translated"
"experimental.quantumSafe","Quantum-safe","آمن كموميًا","translated"
"experimental.rpaBadge","BCH RPA","BCH RPA","stable-term"
"experimental.rpaDescription","Generates a static paycode (paycode:q...) that you can share publicly. Senders derive a unique one-time address for each payment via ECDH — no notification transaction, no chain bloat. Received stealth funds appear separately as 'Stealth BCH'. Scanning requires a Fulcrum-RPA capable server.","ينشئ paycode ثابتًا يمكنك مشاركته علنًا. يشتق المرسلون عنوانًا فريدًا لكل دفعة عبر ECDH.","translated"
"experimental.rpaTitle","Reusable Payment Addresses (RPA)","عناوين الدفع القابلة لإعادة الاستخدام (RPA)","translated"
"experimental.rpaWarning","Sending to paycodes requires signature grinding (not yet implemented). Receiving and scanning are available.","يتطلب الإرسال إلى paycode طحن التوقيع (غير مطبق بعد). الاستلام والفحص متاحان.","translated"
"faucet.captcha","Answer the captcha question","أجب عن سؤال CAPTCHA","translated"
"faucet.clickLink","Click the Chipnet Faucet link","اضغط على رابط صنبور Chipnet","translated"
"faucet.copyAddress","Copy a BCH Chipnet address","انسخ عنوان BCH على Chipnet","translated"
"faucet.getCoins","Press ""Get Coins""","اضغط على Get Coins","translated"
"faucet.instructions","Instructions","التعليمات","stable-term"
"faucet.name","Chipnet Faucet","صنبور Chipnet","stable-term"
"faucet.pasteAddress","Paste your address","الصق عنوانك","translated"
"faucet.selectNetwork","Select ""chipnet"" in the NETWORK box","اختر chipnet في مربع NETWORK","translated"
"faucet.tooltip","Get Chipnet BCH","احصل على BCH من Chipnet","translated"
"fusion.addPlaceholder","Add server — host:port (e.g. fusion.example.com:8789)","أضف خادمًا — المضيف:المنفذ (مثل fusion.example.com:8789)","translated"
"fusion.autoTry","Auto — try each until one responds","تلقائي — جرّب كل خادم حتى يستجيب أحدها","translated"
"fusion.busy","A fusion round is already running for this wallet.","تجري جولة دمج بالفعل لهذه المحفظة.","translated"
"fusion.choose","Choose how to fuse:","اختر طريقة الدمج:","translated"
"fusion.coinjoinAnyNetwork","Both the server path and P2P Fusion run real CoinJoins on any network. Some wallet-hardening items are still pending, but each round verifies your own outputs before signing, so it fails safely.","ينفذ كل من مسار الخادم وP2P Fusion عمليات CoinJoin حقيقية على أي شبكة. ما زالت بعض عناصر تقوية المحفظة معلقة، لكن كل جولة تتحقق من مخرجاتك قبل التوقيع، لذلك تفشل بأمان عند عدم صلاحيتها.","translated"
"fusion.coinjoinBoth","Both run a real CoinJoin.","كلاهما ينفذ CoinJoin حقيقيًا.","translated"
"fusion.componentFeeRate","Component fee rate","معدل رسوم المكوّن","translated"
"fusion.componentsPlayer","Components / player","المكونات / اللاعب","translated"
"fusion.connectingTor","Connecting via Tor{port}.","جارٍ الاتصال عبر Tor{port}.","translated"
"fusion.cooldown","Waiting for the auto-fusion cooldown.","بانتظار انتهاء مهلة الدمج التلقائي.","translated"
"fusion.disable","Disable","تعطيل","translated"
"fusion.donation","Donation","تبرع","translated"
"fusion.enable","Enable","تمكين","translated"
"fusion.enabled","CashFusion Enabled","تم تمكين CashFusion","translated"
"fusion.enableP2p","Enable P2P Fusion","تمكين الدمج عبر P2P","translated"
"fusion.enableServer","Enable Server Fusion","تمكين الدمج عبر الخادم","translated"
"fusion.excessFeeRange","Excess fee range","نطاق الرسوم الزائدة","translated"
"fusion.experimentalPending","Experimental — still pending: {items}.","تجريبي — ما زال معلقًا: {items}.","translated"
"fusion.failed","Failed ✗","فشل ✗","translated"
"fusion.fewServers","CashFusion intentionally has few public servers — a larger anonymity set on fewer servers is better than being spread thin. Add your own or a community server above.","يحتوي CashFusion عمدًا على عدد قليل من الخوادم العامة — فمجموعة إخفاء أكبر على خوادم أقل أفضل من التوزع على نطاق ضيق. أضف خادمك أو خادمًا مجتمعيًا أعلاه.","translated"
"fusion.fused","Fused ✓ — txid {txid}","تم الدمج ✓ — معرّف المعاملة {txid}","translated"
"fusion.fusing","Fusing…","جارٍ الدمج…","translated"
"fusion.handshakeOk","Handshake OK ✓","نجحت المصافحة ✓","translated"
"fusion.handshaking","Handshaking…","جارٍ إجراء المصافحة…","translated"
"fusion.hide","Hide","إخفاء","translated"
"fusion.howWorks","How does it work?","كيف يعمل؟","translated"
"fusion.mobileUnsupported","CashFusion needs a raw TCP connection, which a mobile/web browser cannot open. Available in the desktop app.","يحتاج CashFusion إلى اتصال TCP خام لا يستطيع متصفح الهاتف أو الويب فتحه. يتوفر في تطبيق سطح المكتب.","translated"
"fusion.more","more","المزيد","translated"
"fusion.noEligibleCoins","No coins are eligible to fuse right now.","لا توجد عملات مؤهلة للدمج الآن.","translated"
"fusion.now","Fuse Now","الدمج الآن","translated"
"fusion.nowDescription","CoinJoin via the server configured in Servers. Needs Tor + at least 2 players in a tier.","CoinJoin عبر الخادم المهيأ في الخوادم. يتطلب Tor ولاعبين اثنين على الأقل في فئة واحدة.","translated"
"fusion.openWallet","Open a wallet to run a P2P round.","افتح محفظة لتشغيل جولة P2P.","translated"
"fusion.or","or","أو","translated"
"fusion.p2pMode","P2P Fusion","P2P Fusion","stable-term"
"fusion.p2pModeDescription","Serverless — peers over Nostr + Tor. Auto-fuses when on. Turning this on turns Server Fusion off.","دون خادم — أقران عبر Nostr وTor. يُدمج تلقائيًا عند التمكين. يؤدي تفعيله إلى تعطيل الدمج عبر الخادم.","translated"
"fusion.p2pModeLabel","P2P Fusion","الدمج عبر P2P","stable-term"
"fusion.poolTiers","Pool tiers","فئات المجموعة","translated"
"fusion.privacy","Privacy","الخصوصية","translated"
"fusion.protocolNote","Steps 1–4 run end-to-end on the server path: the wallet joins a pool, exchanges blind signatures, submits over Tor, and broadcasts the assembled CoinJoin. P2P Fusion runs the same round without a server over Nostr and Tor. Experimental wallet-hardening items are still pending, but your own outputs are verified before signing, so an invalid round fails safely.","تجري الخطوات 1–4 من البداية إلى النهاية عبر مسار الخادم: تنضم المحفظة إلى مجموعة، وتتبادل التوقيعات العمياء، وترسل عبر Tor، وتبث CoinJoin المجمّع. ينفذ P2P Fusion الجولة نفسها دون خادم عبر Nostr وTor. ما زالت بعض عناصر تقوية المحفظة التجريبية معلقة، لكن مخرجاتك تتحقق قبل التوقيع، لذلك تفشل الجولة بأمان عند عدم صلاحيتها.","translated"
"fusion.queryAuto","Query (Auto)","استعلام (تلقائي)","translated"
"fusion.queryServer","Query Server","استعلام عن الخادم","translated"
"fusion.remoteTorRequired","This is a remote server, so Tor is required — but no Tor proxy was found. Start Tor above, or the query will be refused.","هذا خادم بعيد، لذلك يلزم Tor — لكن لم يُعثر على وكيل Tor. شغّل Tor أعلاه، وإلا فسيُرفض الاستعلام.","translated"
"fusion.selected","● selected","● محدد","translated"
"fusion.serverMode","Fuse Now using CashFusion server","الدمج الآن باستخدام خادم CashFusion","translated"
"fusion.serverModeDescription","Fuse via a CashFusion server. Auto-fuses when on.","ادمج عبر خادم CashFusion. يُدمج تلقائيًا عند التمكين.","translated"
"fusion.serverModeLabel","Server Fusion","الدمج عبر الخادم","translated"
"fusion.serverParameters","Server parameters (live)","معلمات الخادم (مباشرة)","translated"
"fusion.servers","Fusion servers","خوادم الدمج","stable-term"
"fusion.step1","1. Pool joining.","1. الانضمام إلى مجموعة.","translated"
"fusion.step1Text","Your wallet announces UTXOs it wants to fuse to the server.","تعلن محفظتك عن UTXOs التي تريد دمجها للخادم.","translated"
"fusion.step2","2. Blind signing.","2. التوقيع الأعمى.","translated"
"fusion.step2Text","Participants generate blinded output addresses and exchange blind signatures — nobody learns the input-to-output mapping.","ينشئ المشاركون عناوين مخرجات معماة ويتبادلون توقيعات عمياء — لا يعرف أحد الربط بين المدخل والمخرج.","translated"
"fusion.step3","3. Covert submission.","3. الإرسال السري.","translated"
"fusion.step3Text","Each participant submits the transaction via Tor or direct connection. The server assembles the final transaction.","يرسل كل مشارك المعاملة عبر Tor أو اتصال مباشر. ويجمع الخادم المعاملة النهائية.","translated"
"fusion.step4","4. Broadcast.","4. البث.","translated"
"fusion.step4Text","All participants broadcast the jointly constructed transaction.","يبث جميع المشاركين المعاملة المنشأة جماعيًا.","translated"
"fusion.summary","CashFusion combines UTXOs from many participants into a single transaction, breaking blockchain history links between inputs and outputs. It is non-custodial — your funds never leave your control.","يجمع CashFusion بين UTXOs من عدة مشاركين في معاملة واحدة، فيفصل الروابط التاريخية بين المدخلات والمخرجات. الخدمة غير وصائية — تبقى أموالك تحت سيطرتك.","translated"
"fusion.syncingCoins","Syncing wallet coins — try again in a moment.","جارٍ مزامنة عملات المحفظة — حاول مرة أخرى بعد لحظة.","translated"
"fusion.tiers","Tiers","الفئات","translated"
"fusion.torOff","Tor is off. Remote fusion queries will be refused — enable Tor above, or use a localhost server.","Tor متوقف. ستُرفض استعلامات الدمج البعيدة — فعّل Tor أعلاه أو استخدم خادمًا محليًا.","translated"
"hardware.active","active","نشط","translated"
"hardware.advanced","Advanced (derivation path)","متقدم (مسار الاشتقاق)","translated"
"hardware.airGap","air-gap","معزول","translated"
"hardware.beforeConnecting","Before connecting","قبل الاتصال","translated"
"hardware.bip44Path","BIP44 path","مسار BIP44","translated"
"hardware.comingSoon","Coming soon","قريبًا","translated"
"hardware.connect","Connect {device}","الاتصال بـ {device}","translated"
"hardware.connecting","Connecting…","جارٍ الاتصال…","translated"
"hardware.connectionType","Connection type","نوع الاتصال","translated"
"hardware.description","The device holds your private keys. The wallet is the bridge. Keys never leave the hardware.","يحتفظ الجهاز بمفاتيحك الخاصة. لا تغادر المفاتيح الجهاز.","translated"
"hardware.disconnect","Disconnect","قطع الاتصال","translated"
"hardware.enableKeystone","Enable Keystone (QR mode)","تفعيل Keystone (وضع QR)","translated"
"hardware.howItWorks","How it works","كيف يعمل","translated"
"hardware.keystoneHow","Keystone's air-gapped QR signing isn't finished yet — the app can't build or read the QR codes it would need to in this build. Support is planned but not ready for real funds.","توقيع QR المعزول في Keystone غير جاهز للأموال الحقيقية.","translated"
"hardware.keystoneSubtitle","Air-gapped QR signing — not yet supported","توقيع QR معزول — غير مدعوم بعد","translated"
"hardware.ledgerStep1","USB: plug in → enter PIN → open Bitcoin Cash app","USB: وصّل → أدخل PIN → افتح تطبيق Bitcoin Cash","translated"
"hardware.ledgerStep2","Bluetooth (Nano X): enable BLE on device → open Bitcoin Cash app","Bluetooth (Nano X): فعّل BLE → افتح تطبيق Bitcoin Cash","translated"
"hardware.ledgerStep3","The browser will show a device picker prompt","سيعرض المتصفح منتقي الأجهزة","translated"
"hardware.ledgerSubtitle","USB (WebHID) or Bluetooth (Nano X)","USB (WebHID) أو Bluetooth (Nano X)","translated"
"hardware.notSupported","{device} support isn't finished yet — it can't connect or sign in this build. Pick another device, or use the software wallet.","لم يكتمل دعم {device}. اختر جهازًا آخر أو استخدم المحفظة البرمجية.","translated"
"hardware.onekeyStep1","Install OneKey Bridge if not already installed","ثبّت OneKey Bridge عند الحاجة","translated"
"hardware.onekeyStep2","Plug in your OneKey device or pair via Bluetooth","وصّل OneKey عبر USB أو قارنه عبر Bluetooth","translated"
"hardware.onekeyStep3","Unlock your device with your PIN","افتح قفل الجهاز باستخدام PIN","translated"
"hardware.onekeyStep4","Allow the connection when requested","اسمح بالاتصال عند الطلب","translated"
"hardware.onekeySubtitle","USB or Bluetooth via OneKey Bridge","USB أو Bluetooth عبر OneKey Bridge","translated"
"hardware.path","Path","المسار","translated"
"hardware.softwareHow","Your private keys never leave the device. The wallet builds an unsigned transaction, the device shows the details on its screen, you physically confirm, and the device sends back only the signature. Like Electron Cash's hardware wallet mode.","تنشئ المحفظة معاملة غير موقعة؛ يعرض الجهاز التفاصيل ويعيد التوقيع فقط بعد تأكيدك.","translated"
"hardware.softwareLabel","Software Wallet","محفظة برمجية","translated"
"hardware.softwareSubtitle","Encrypted keys stored on this device","مفاتيح مشفرة مخزنة على هذا الجهاز","translated"
"hardware.title","Hardware Wallet","محفظة الأجهزة","translated"
"hardware.trezorStep1","Install Trezor Suite — it includes the Bridge daemon","ثبّت Trezor Suite — يتضمن خدمة Bridge","translated"
"hardware.trezorStep2","Plug in your Trezor (USB) or pair via Bluetooth (newer models)","وصّل Trezor عبر USB أو قارنه عبر Bluetooth","translated"
"hardware.trezorStep3","Unlock your device with your PIN","افتح قفل الجهاز باستخدام PIN","translated"
"hardware.trezorStep4","Allow the connection popup when it appears","اسمح بنافذة الاتصال عند ظهورها","translated"
"hardware.trezorSubtitle","USB or Bluetooth via Trezor Bridge","USB أو Bluetooth عبر Trezor Bridge","translated"
"history.awaitingConfirmation","Awaiting confirmation","في انتظار التأكيد","translated"
"history.block","Block","كتلة","translated"
"history.closeDetails","Close details","إغلاق التفاصيل","translated"
"history.confirmations","{count} confirmations","{count} تأكيدات","stable-term"
"history.confirmed","Confirmed","مؤكدة","translated"
"history.detailsUnavailable","Transaction details are not available from Electrum right now.","تفاصيل المعاملة غير متاحة من Electrum حاليًا.","translated"
"history.fee","Fee","الرسوم","translated"
"history.first","First","الأول","translated"
"history.last","Last","الأخير","translated"
"history.loadDetailsFailed","Failed to load transaction details.","فشل تحميل تفاصيل المعاملة.","translated"
"history.loadingDetails","Loading transaction details…","جارٍ تحميل تفاصيل المعاملة…","translated"
"history.newestFirst","Newest first","الأحدث أولًا","translated"
"history.noActivity","No activity yet","لا يوجد نشاط بعد","translated"
"history.noData","No data available.","لا تتوفر بيانات.","translated"
"history.noTransactions","No transactions available yet.","لا توجد معاملات متاحة بعد.","translated"
"history.oldestFirst","Oldest first","الأقدم أولًا","translated"
"history.openExplorer","Open in explorer","فتح في المستكشف","translated"
"history.output","Output","المخرج","translated"
"history.pending","Pending","معلّقة","translated"
"history.perPage","{count} per page","{count} في كل صفحة","translated"
"history.recipients","Recipients","المستلمون","translated"
"history.recorded","{count} recorded","{count} مسجلة","translated"
"history.senders","Senders","المرسلون","translated"
"history.status","Status","الحالة","stable-term"
"history.sync","Sync","مزامنة","translated"
"history.timestamp","Timestamp","الطابع الزمني","translated"
"history.title","Transaction History","سجل المعاملات","translated"
"history.transaction","Transaction","معاملة","stable-term"
"history.transactionHash","Transaction Hash","تجزئة المعاملة","translated"
"history.unavailable","Unavailable","غير متاح","translated"
"history.unconfirmed","Unconfirmed","غير مؤكدة","translated"
"history.unknown","Unknown","غير معروف","translated"
"history.yourWallet","Your wallet","محفظتك","translated"
"home.block","Block","كتلة","translated"
"home.confirmed","Confirmed","مؤكد","translated"
"home.latestActivity","Latest wallet activity","أحدث نشاط للمحفظة","translated"
"home.noQrCode","No QR code detected. Try again.","لم يتم العثور على رمز QR. حاول مرة أخرى.","translated"
"home.noRecentActivity","No recent activity yet.","لا يوجد نشاط حديث بعد.","translated"
"home.pending","Pending","معلّق","translated"
"home.pendingConfirmation","Pending confirmation","في انتظار التأكيد","translated"
"home.portfolio","Portfolio","المحفظة الاستثمارية","translated"
"home.quickActions","Quick Actions","إجراءات سريعة","translated"
"home.receive","Receive","استلام","translated"
"home.recentActivity","Recent Activity","النشاط الأخير","translated"
"home.scanQr","Scan QR","مسح QR","translated"
"home.send","Send","إرسال","translated"
"home.sync","Sync","مزامنة","translated"
"home.syncing","Syncing…","جارٍ المزامنة…","translated"
"home.title","Home","الرئيسية","translated"
"home.toggleBalance","Toggle BCH and USD balance","تبديل رصيد BCH وUSD","translated"
"home.unsupportedQr","QR scanned, but it is not a supported wallet payload.","تم مسح QR، لكنه ليس بيانات محفظة مدعومة.","translated"
"home.usdPriceUnavailable","USD price unavailable","سعر USD غير متاح","translated"
"home.usdUnavailable","USD unavailable","USD غير متاح","translated"
"home.viewAll","View all","عرض الكل","translated"
"home.walletOverview","Wallet overview","نظرة عامة على المحفظة","translated"
"nav.actions","Actions","الإجراءات","stable-term"
"nav.apps","Apps","التطبيقات","translated"
"nav.assets","Assets","الأصول","translated"
"nav.home","Home","الرئيسية","translated"
"nav.settings","Settings","الإعدادات","translated"
"network.chipnet","Chipnet","Chipnet","stable-term"
"network.mainnet","Mainnet","Mainnet","stable-term"
"network.switch","Switch network. Current: {network}","تبديل الشبكة. الحالية: {network}","translated"
"nftConfig.capability","NFT Capability","قدرة NFT","translated"
"nftConfig.commitment","NFT Commitment","التزام NFT","translated"
"nftConfig.done","Done","تم","translated"
"nftConfig.minting","minting","قابل للسك","translated"
"nftConfig.mintingDescription","one NFT authority that can create multiple next NFTs.","سلطة NFT واحدة يمكنها إنشاء عدة NFTs لاحقة.","translated"
"nftConfig.mutable","mutable","قابل للتغيير","translated"
"nftConfig.mutableDescription","one NFT that may update its commitment when spent.","NFT واحد يمكنه تحديث التزامه عند إنفاقه.","translated"
"nftConfig.none","none","لا شيء","translated"
"nftConfig.noneDescription","one immutable NFT, best for approvals or receipts.","NFT واحد غير قابل للتغيير، مناسب للموافقات أو الإيصالات.","translated"
"nftConfig.placeholder","Up to 40 bytes","حتى 40 بايت","translated"
"nftConfig.title","NFT Configuration","تهيئة NFT","translated"
"nostr.active","{active}/{total} active","{active}/{total} نشطة","translated"
"nostr.add","Add","إضافة","translated"
"nostr.chat","Nostr chat","محادثة Nostr","translated"
"nostr.checking","Checking…","جارٍ الفحص…","translated"
"nostr.checkRelayStatus","Check relay status","فحص حالة المرحلات","translated"
"nostr.connected","connected","متصل","translated"
"nostr.deriving","Deriving…","جارٍ الاشتقاق…","translated"
"nostr.disable","Disable","تعطيل","translated"
"nostr.dmDescription","End-to-end encrypted DMs using NIP-17.","رسائل مباشرة مشفرة من الطرف إلى الطرف باستخدام NIP-17.","translated"
"nostr.enable","Enable","تمكين","translated"
"nostr.identity","Nostr identity","هوية Nostr","translated"
"nostr.identityDescription","Derived from your seed via NIP-06 (a separate path) — your spending keys are never reused.","مشتقة من عبارتك عبر NIP-06 (مسار منفصل) — لا يعاد استخدام مفاتيح الإنفاق.","translated"
"nostr.invalidRelay","Enter a secure relay URL beginning with wss://","أدخل عنوان مرحل آمنًا يبدأ بـ wss://","translated"
"nostr.privacyWarning","Relay operators can still observe connection metadata, timing, and recipient tags. Encrypted content is not the same as network anonymity.","يمكن لمشغلي المرحلات رؤية بيانات الاتصال الوصفية والتوقيت ووسوم المستلمين. المحتوى المشفر لا يعني إخفاء هوية الشبكة.","translated"
"nostr.relays","Relays","المرحلات","stable-term"
"nostr.relaysDescription","WSS relays used for chat and the P2P-fusion transport. Add your own or use the defaults.","مرحلات WSS المستخدمة للمحادثة ونقل P2P Fusion. أضف مرحلاتك أو استخدم الإعدادات الافتراضية.","translated"
"nostr.remove","Remove","إزالة","translated"
"nostr.unknown","unknown","غير معروف","translated"
"nostr.unreachable","unreachable","يتعذر الوصول إليه","translated"
"notifications.dismiss","Dismiss","إغلاق","translated"
"notifications.fundsReceived","Funds received","تم استلام الأموال","translated"
"notifications.fundsReceivedBody","{amount} sats to {address} • {txid}","{amount} ساتوشي إلى {address} • {txid}","translated"
"notifications.incomingBch","Incoming BCH","BCH وارد","translated"
"notifications.incomingToken","Incoming token","رمز وارد","translated"
"notifications.transactionConfirmed","Transaction confirmed","تم تأكيد المعاملة","translated"
"notifications.unknownAddress","unknown address","عنوان غير معروف","translated"
"onboarding.back","Back","رجوع","translated"
"onboarding.closeHelp","Close help","إغلاق المساعدة","translated"
"onboarding.confirm","Confirm","تأكيد","translated"
"onboarding.confirmError","Those don't match your seed phrase. Check the words and try again.","العبارة غير مطابقة. تحقق من الكلمات وحاول مرة أخرى.","translated"
"onboarding.confirmInstruction","Type the requested words to prove you saved them correctly.","اكتب الكلمات المطلوبة للتأكد من حفظ العبارة بشكل صحيح.","translated"
"onboarding.confirmPasswordPlaceholder","Confirm password","تأكيد كلمة المرور","translated"
"onboarding.confirmSeed","Confirm Your Seed Phrase","تأكيد عبارة الاسترداد","translated"
"onboarding.connectHardware","Connect Hardware Wallet","توصيل محفظة أجهزة","translated"
"onboarding.continue","Continue","متابعة","translated"
"onboarding.createNewWallet","Create New Wallet","إنشاء محفظة جديدة","translated"
"onboarding.createWallet","Create Wallet","إنشاء محفظة","translated"
"onboarding.createWatchOnly","Create Watch-Only Wallet","إنشاء محفظة للمشاهدة فقط","translated"
"onboarding.creating","Creating Wallet…","جارٍ إنشاء المحفظة…","translated"
"onboarding.creationFailed","Wallet creation failed. Please try again.","فشل إنشاء المحفظة. حاول مرة أخرى.","translated"
"onboarding.databasePreparationFailed","Could not prepare the wallet on this device.","تعذّر تجهيز المحفظة على هذا الجهاز.","translated"
"onboarding.generatedMnemonic","Generated Mnemonic:","عبارة الاسترداد المُنشأة:","translated"
"onboarding.generatingSeed","Generating seed phrase…","جارٍ إنشاء عبارة الاسترداد…","translated"
"onboarding.helpCreateDescription","Use this if you want a new wallet with a fresh seed phrase on this device.","استخدم هذا الخيار إذا أردت إنشاء محفظة جديدة بعبارة استرداد جديدة على هذا الجهاز.","translated"
"onboarding.helpCreateTitle","Create Wallet","إنشاء محفظة","translated"
"onboarding.helpDescription","Create a wallet for the first time or restore one you already have.","أنشئ محفظة لأول مرة أو استعد محفظة لديك بالفعل.","translated"
"onboarding.helpImportDescription","Use this if you already have a 12-word recovery phrase and want access to an existing wallet.","استخدم هذا الخيار إذا كانت لديك عبارة استرداد من 12 كلمة وتريد الوصول إلى محفظة موجودة.","translated"
"onboarding.helpImportTitle","Import Wallet","استيراد محفظة","translated"
"onboarding.helpNetworkDescription","Select Mainnet for real funds or CHIPNET for test funds before you proceed.","اختر Mainnet للأموال الحقيقية أو CHIPNET لأموال الاختبار قبل المتابعة.","translated"
"onboarding.helpNetworkTitle","Choose a network","اختيار شبكة","translated"
"onboarding.helpTitle","Getting started","البدء","translated"
"onboarding.importFailed","Wallet import failed. Please try again.","فشل استيراد المحفظة. حاول مرة أخرى.","translated"
"onboarding.importing","Importing Wallet…","جارٍ استيراد المحفظة…","translated"
"onboarding.importWallet","Import Wallet","استيراد محفظة","translated"
"onboarding.invalidMnemonic","Enter a valid English BIP39 recovery phrase with 12, 15, 18, 21, or 24 words.","أدخل عبارة استرداد BIP39 إنجليزية صالحة من 12 أو 15 أو 18 أو 21 أو 24 كلمة.","translated"
"onboarding.missingWord","Word {number} is missing.","الكلمة {number} مفقودة.","translated"
"onboarding.mnemonicLoading","The recovery phrase is still loading. Please wait a moment.","ما زالت عبارة الاسترداد قيد التحميل. انتظر قليلًا.","translated"
"onboarding.mnemonicWarning","Your recovery phrase is the master key to your wallet. Store it securely and never share it.","عبارة الاسترداد هي المفتاح الرئيسي لمحفظتك. احفظها بأمان ولا تشاركها أبدًا.","translated"
"onboarding.nameRequired","Give this wallet a name.","أدخل اسمًا لهذه المحفظة.","translated"
"onboarding.nameWallet","Name This Wallet","تسمية هذه المحفظة","translated"
"onboarding.nameWalletDescription","Give this wallet a name and a password. Each wallet on this device has its own independent password.","امنح هذه المحفظة اسمًا وكلمة مرور. لكل محفظة على هذا الجهاز كلمة مرور مستقلة.","translated"
"onboarding.passwordMismatch","Passwords do not match.","كلمتا المرور غير متطابقتين.","translated"
"onboarding.passwordPlaceholder","Password (or leave blank)","كلمة المرور (أو اتركها فارغة)","translated"
"onboarding.poweredBy","Powered with Bitcoin Covenants for Bitcoin Cash","مدعومة بـ Bitcoin Covenants لـ Bitcoin Cash","translated"
"onboarding.recoveryDescription","Enter your BIP39 recovery phrase (12, 15, 18, 21, or 24 words). Each box corresponds to the word order.","أدخل عبارة استرداد BIP39 من 12 أو 15 أو 18 أو 21 أو 24 كلمة. كل مربع يمثل ترتيب كلمة.","translated"
"onboarding.recoveryPhrase","Recovery Phrase","عبارة الاسترداد","translated"
"onboarding.seedInstruction","Write these 12 words down in order and keep them somewhere safe. Anyone with this phrase can spend your funds — never share it or store it digitally.","اكتب هذه الكلمات الاثنتي عشرة بالترتيب واحفظها في مكان آمن. يمكن لأي شخص يملك هذه العبارة إنفاق أموالك؛ لا تشاركها ولا تحفظها رقميًا.","translated"
"onboarding.seedTitle","Your Seed Phrase","عبارة الاسترداد الخاصة بك","translated"
"onboarding.toggleTheme","Toggle theme","تبديل المظهر","translated"
"onboarding.walletAlreadyAvailable","This wallet is already available on this device.","هذه المحفظة متاحة بالفعل على الجهاز.","translated"
"onboarding.walletAlreadyExists","This wallet may already exist on this device.","قد تكون هذه المحفظة موجودة بالفعل على الجهاز.","translated"
"onboarding.walletNamePlaceholder","Wallet name","اسم المحفظة","translated"
"onboarding.walletSavedIdFailed","Wallet was saved, but its wallet ID could not be resolved.","تم حفظ المحفظة، لكن تعذّر تحديد معرّفها.","translated"
"onboarding.walletSetup","Wallet Setup","إعداد المحفظة","translated"
"onboarding.walletSetupDescription","Choose the network and address path this wallet will use.","اختر الشبكة ومسار العناوين الذي ستستخدمه هذه المحفظة.","translated"
"onboarding.welcomeAlt","OPTN Wallet","محفظة OPTN","stable-term"
"onboarding.word","Word","كلمة","translated"
"onboarding.wordCountLabel","Phrase length","طول العبارة","translated"
"onboarding.wordPlaceholder","word","كلمة","translated"
"onboarding.words","words","كلمات","translated"
"onboarding.wroteItDown","I've written it down","لقد دوّنتها","translated"
"outbox.amount","Amount","المبلغ","translated"
"outbox.clearPending","Clear pending lock","مسح القفل المعلق","translated"
"outbox.clearPendingTitle","Clear this pending lock if the transaction was not actually sent","امسح هذا القفل إذا لم تُرسل المعاملة فعليًا","translated"
"outbox.copyTxid","Copy txid","نسخ معرّف المعاملة","translated"
"outbox.daysAgo","{count}d ago","قبل {count} يوم","translated"
"outbox.description","Offline-first protection keeps new sends paused until these transactions are seen or safely released.","تحافظ الحماية التي تعمل دون اتصال على إيقاف الإرسالات الجديدة حتى تُرى هذه المعاملات أو تُحرر بأمان.","translated"
"outbox.destination","Destination","الوجهة","stable-term"
"outbox.dismiss","Dismiss","إغلاق","translated"
"outbox.dismissPending","Dismiss pending transactions popup","إغلاق نافذة المعاملات المعلقة","translated"
"outbox.finalizing","Finalizing transaction","جارٍ إنهاء المعاملة","translated"
"outbox.finalizingMultiple","Finalizing {count} transactions","جارٍ إنهاء {count} معاملات","translated"
"outbox.historyUpdate","Your wallet history will update automatically. This usually takes a moment.","سيُحدّث سجل محفظتك تلقائيًا. يستغرق ذلك عادةً لحظة.","translated"
"outbox.hoursAgo","{count}h ago","قبل {count} ساعة","translated"
"outbox.justNow","just now","الآن","translated"
"outbox.lastNetworkIssue","Last network issue","آخر مشكلة في الشبكة","translated"
"outbox.minutesAgo","{count}m ago","قبل {count} دقيقة","translated"
"outbox.noPending","No pending outgoing transactions.","لا توجد معاملات صادرة معلقة.","translated"
"outbox.pendingOutgoing","Pending outgoing transactions","المعاملات الصادرة المعلقة","translated"
"outbox.prompt","Prompt","المطالبة","translated"
"outbox.releaseSendLock","Release send lock","تحرير قفل الإرسال","translated"
"outbox.releaseStale","Release if stale","تحرير إذا كان قديمًا","translated"
"outbox.releaseStaleTitle","Available after {minutes} minutes if the transaction is still unresolved","متاح بعد {minutes} دقيقة إذا بقيت المعاملة دون حل","translated"
"outbox.requestedBy","Requested by","طلبه","translated"
"outbox.title","Outbox","صندوق الصادر","translated"
"outbox.txid","Txid","معرّف المعاملة","stable-term"
"outbox.updated","Updated {age}","تم التحديث {age}","translated"
"outbox.walletSend","Wallet send","إرسال من المحفظة","translated"
"p2p.description","No server: peers meet on Nostr relays over Tor, deterministically elect a coordinator, and run the CoinJoin peer-to-peer. Outputs are unlinkable; you sign only your own inputs after verifying your own outputs.","دون خادم: يلتقي الأقران عبر مرحلات Nostr باستخدام Tor، وينتخبون منسقًا حتميًا، وينفذون CoinJoin من نظير إلى نظير. لا يمكن ربط المخرجات، ولا توقّع إلا مدخلاتك بعد التحقق من مخرجاتك.","translated"
"p2p.phase.announce","Announcing & finding peers","الإعلان والعثور على أقران","translated"
"p2p.phase.assemble","Assembling & verifying","التجميع والتحقق","translated"
"p2p.phase.broadcast","Broadcasting","البث","translated"
"p2p.phase.register","Registering inputs & outputs","تسجيل المدخلات والمخرجات","translated"
"p2p.phase.sign","Signing","التوقيع","translated"
"p2p.requiresPeers","Requires Tor + at least 2 peers in the same tier.","يتطلب Tor واثنين من الأقران على الأقل في الفئة نفسها.","translated"
"p2p.running","Running P2P round…","جارٍ تشغيل جولة P2P…","translated"
"p2p.start","Start P2P round","بدء جولة P2P","translated"
"p2p.title","P2P Fusion over Nostr","P2P Fusion عبر Nostr","translated"
"paper.addressConversionError","Address conversion error","خطأ في تحويل العنوان","translated"
"paper.addressDerivationFailed","Unable to derive a valid paper wallet address from the scanned key.","تعذر اشتقاق عنوان محفظة ورقية صالح من المفتاح الممسوح.","translated"
"paper.back","Back","رجوع","translated"
"paper.bchOutputs","BCH outputs","مخرجات BCH","translated"
"paper.buildFailed","Failed to build sweep transaction.","فشل بناء معاملة التحويل الشامل.","translated"
"paper.confirmDescription","Slide to confirm the one-transaction paper wallet sweep.","اسحب لتأكيد تحويل المحفظة الورقية في معاملة واحدة.","translated"
"paper.confirmTitle","Confirm sweep","تأكيد التحويل الشامل","translated"
"paper.decodingError","Decoding error","خطأ في فك الترميز","translated"
"paper.description","Scan a WIF paper wallet and sweep BCH + CashTokens in one transaction.","امسح محفظة WIF الورقية وابث BCH وCashTokens في معاملة واحدة.","translated"
"paper.label","Paper wallet","محفظة ورقية","translated"
"paper.noCashTokens","No CashTokens detected.","لم يتم العثور على CashTokens.","translated"
"paper.noDestination","No destination wallet address is available.","لا يتوفر عنوان محفظة وجهة.","translated"
"paper.noQrCode","No QR code detected. Please try again.","لم يتم العثور على رمز QR. حاول مرة أخرى.","translated"
"paper.notScanned","No paper wallet scanned yet.","لم يتم مسح محفظة ورقية بعد.","translated"
"paper.noUtxos","No UTXOs found for this paper wallet. If this is a mainnet wallet and you are on chipnet, try switching networks.","لم يتم العثور على UTXOs لهذه المحفظة الورقية.","translated"
"paper.oneTransaction","One transaction only.","معاملة واحدة فقط.","translated"
"paper.paperInputs","Paper wallet inputs","مدخلات المحفظة الورقية","translated"
"paper.scan","Scan","مسح","translated"
"paper.scanBeforeSweep","Scan a paper wallet before sweeping.","امسح محفظة ورقية قبل التحويل الشامل.","translated"
"paper.spendableOutputPlural","spendable outputs","مخرجات قابلة للإنفاق","translated"
"paper.spendableOutputSingular","spendable output","مخرج قابل للإنفاق","translated"
"paper.sweep","Sweep","تحويل شامل","translated"
"paper.sweepBroadcast","Sweep broadcast","بث التحويل الشامل","translated"
"paper.title","Paper Wallet","محفظة ورقية","translated"
"paper.tokenBacking","Token outputs are backed with 1000 sats.","تدعم مخرجات الرموز 1000 ساتوشي.","translated"
"paper.tokenGroups","Token groups","مجموعات الرموز","translated"
"paper.tokenOutputs","Token outputs","مخرجات الرموز","translated"
"paper.unexpected","An unexpected error occurred.","حدث خطأ غير متوقع.","translated"
"paper.unexpectedTryAgain","An unexpected error occurred. Please try again.","حدث خطأ غير متوقع. حاول مرة أخرى.","translated"
"paper.utxosTitle","Paper wallet UTXOs","UTXOs المحفظة الورقية","translated"
"paper.walletFeeInputs","Wallet fee inputs","مدخلات رسوم المحفظة","translated"
"priceFeed.loading","Loading…","جارٍ التحميل…","translated"
"qr.animatedTransfer","Animated QR transfer","تحويل QR متحرك","translated"
"qr.blocksRecovered","blocks recovered","كتل مستعادة","translated"
"qr.cameraActive","Camera active — point at animated QR","الكاميرا نشطة — وجّهها إلى QR متحرك","translated"
"qr.cameraError","Camera unavailable","الكاميرا غير متاحة","translated"
"qr.cameraUnavailable","Camera access is unavailable","الوصول إلى الكاميرا غير متاح","translated"
"qr.cancel","Cancel","إلغاء","translated"
"qr.duplicates","duplicates","مكررات","translated"
"qr.holdSteady","Hold the phone steady and fill the frame with the QR code.","ثبّت الهاتف واملأ الإطار برمز QR.","translated"
"qr.receivingStream","Receiving QR stream","جارٍ استقبال بث QR","translated"
"qr.scan","Scan QR","مسح QR","translated"
"qr.scanning","Scanning…","جارٍ المسح…","translated"
"qr.streaming","Streaming frame {frame} · {blocks} blocks · {bytes} bytes","بث الإطار {frame} · {blocks} كتل · {bytes} بايت","translated"
"qr.unableToDecode","Unable to decode QR stream","تعذر فك بث QR","translated"
"qr.uniqueFrames","unique frames","إطارات فريدة","translated"
"qr.walletUpdateProgress","Wallet update progress","تقدم تحديث المحفظة","translated"
"qrSigning.approvedBy","Approved by {name}","تمت الموافقة بواسطة {name}","translated"
"qrSigning.approveDemo","Approve demo request","الموافقة على الطلب التجريبي","translated"
"qrSigning.approveReturn","2. Approve and return","2. الموافقة والعودة","translated"
"qrSigning.close","Close","إغلاق","translated"
"qrSigning.collectResponse","2. Collect response","2. جمع الاستجابة","translated"
"qrSigning.fingerprint","Fingerprint","البصمة","translated"
"qrSigning.invalidRequest","Invalid signing request","طلب توقيع غير صالح","translated"
"qrSigning.invalidResponse","Invalid signing response","استجابة توقيع غير صالحة","translated"
"qrSigning.mismatch","Signing response does not match this request","لا تطابق استجابة التوقيع هذا الطلب","translated"
"qrSigning.network","Network","الشبكة","translated"
"qrSigning.payload","Payload","الحمولة","translated"
"qrSigning.placeholderWarning","This demo returns a placeholder signature and never broadcasts.","يعيد هذا العرض توقيعًا وهميًا ولا يبث أي معاملة.","translated"
"qrSigning.prepareFailed","Unable to prepare mocknet fixture","تعذر تجهيز بيانات Mocknet","translated"
"qrSigning.preparing","Preparing mocknet fixture…","جارٍ تجهيز بيانات Mocknet…","translated"
"qrSigning.purpose","Purpose","الغرض","translated"
"qrSigning.rejectedBy","Rejected by {name}","تم الرفض بواسطة {name}","translated"
"qrSigning.requestReceived","Request received","تم استلام الطلب","translated"
"qrSigning.requestSignature","Request signature","طلب توقيع","translated"
"qrSigning.scanAnother","Scan another request","مسح طلب آخر","translated"
"qrSigning.scanApproval","Scan approval response","مسح استجابة الموافقة","translated"
"qrSigning.scanRequest","1. Scan request","1. مسح الطلب","translated"
"qrSigning.showRequest","1. Show request","1. عرض الطلب","translated"
"qrSigning.showRequestHelp","On the other wallet, choose “Sign request” and scan this stream.","على المحفظة الأخرى، اختر «توقيع الطلب» وامسح هذا البث.","translated"
"qrSigning.signRequest","Sign request","توقيع الطلب","translated"
"qrSigning.subtitle","Exchange a partially signed transaction between two OPTN wallet screens.","تبادل معاملة موقعة جزئيًا بين شاشتي محفظة OPTN.","translated"
"qrSigning.title","QR signing demo","عرض توقيع QR","translated"
"quantumroot.activeNetwork","Quantumroot is active on this network. Use the vault workspace below to manage a normal spend lane and a quantum-safe recovery lane.","Quantumroot نشط على هذه الشبكة. استخدم مساحة الخزينة أدناه لإدارة مسار إنفاق عادي ومسار استرداد آمن كموميًا.","translated"
"quantumroot.activeWorkspace","Active workspace for the beta-production Quantumroot flow.","مساحة العمل النشطة لمسار Quantumroot التجريبي الإنتاجي.","translated"
"quantumroot.back","Back","رجوع","translated"
"quantumroot.betaProduction","Beta production","إصدار تجريبي إنتاجي","translated"
"quantumroot.betaTitle","Quantumroot Beta Production","إصدار Quantumroot التجريبي الإنتاجي","translated"
"quantumroot.checkingBalances","Checking balances…","جارٍ التحقق من الأرصدة…","translated"
"quantumroot.close","Close","إغلاق","translated"
"quantumroot.funded","{count} funded","{count} ممولة","translated"
"quantumroot.fundedStatus","Funded","مموّلة","translated"
"quantumroot.guidedNow","Guided now: choose one approval key, lock it in Quantum Lock, then spend the matching coin.","متاح بإرشاد: اختر مفتاح موافقة واحدًا، واقفله في Quantum Lock، ثم أنفق العملة المطابقة.","translated"
"quantumroot.liveNow","Live now: normal spending, balance tracking, and Quantum Lock BCH recovery.","متاح الآن: الإنفاق العادي وتتبع الرصيد واسترداد BCH من Quantum Lock.","translated"
"quantumroot.livePreview","Live preview","معاينة مباشرة","translated"
"quantumroot.mainnetAhead","Quantumroot is visible on mainnet ahead of activation. The layout stays available, but key actions remain disabled until {date}.","يظهر Quantumroot على Mainnet قبل التفعيل. تبقى الواجهة متاحة، لكن الإجراءات الرئيسية معطلة حتى {date}.","translated"
"quantumroot.mainnetPreview","Mainnet preview stays visible before activation.","تبقى معاينة Mainnet ظاهرة قبل التفعيل.","translated"
"quantumroot.noFundsYet","No funds yet","لا توجد أموال بعد","translated"
"quantumroot.noVaults","No Quantumroot vaults derived yet. Sync vaults to provision them for existing wallet address indexes.","لم يتم اشتقاق خزائن Quantumroot بعد. زامن الخزائن لتجهيزها لفهارس عناوين المحفظة الحالية.","translated"
"quantumroot.openVaults","Open Vaults","فتح الخزائن","translated"
"quantumroot.popup.action.chooseCoinLabel","Choose coin to spend","اختيار عملة للإنفاق","translated"
"quantumroot.popup.action.chooseDescription","Choose one approval key for this vault.","اختر مفتاح موافقة واحدًا لهذه الخزينة.","translated"
"quantumroot.popup.action.chooseLabel","Choose approval key","اختيار مفتاح الموافقة","translated"
"quantumroot.popup.action.chooseTitle","Choose an approval key","اختيار مفتاح موافقة","translated"
"quantumroot.popup.action.createDescription","Create or receive a plain NFT first, then use it as the approval key.","أنشئ أو استلم NFT عادية أولًا، ثم استخدمها كمفتاح موافقة.","translated"
"quantumroot.popup.action.createTitle","Create an approval key","إنشاء مفتاح موافقة","translated"
"quantumroot.popup.action.destinationDescription","Choose where the coin should go, then open the spend list.","اختر وجهة العملة ثم افتح قائمة الإنفاق.","translated"
"quantumroot.popup.action.destinationLabel","Set destination","تعيين الوجهة","translated"
"quantumroot.popup.action.destinationTitle","Choose a destination","اختيار وجهة","translated"
"quantumroot.popup.action.disabledDescription","The spend list is ready, but spending is disabled on this network.","قائمة الإنفاق جاهزة، لكن الإنفاق معطل على هذه الشبكة.","translated"
"quantumroot.popup.action.readyDescription","Tap a ready coin to spend it.","اضغط على عملة جاهزة لإنفاقها.","translated"
"quantumroot.popup.action.readyTitle","Ready to spend","جاهزة للإنفاق","translated"
"quantumroot.popup.action.receiveDescription","Send the matching receive coin to the normal lane.","أرسل عملة الاستلام المطابقة إلى المسار العادي.","translated"
"quantumroot.popup.action.receiveLabel","Add receive coin","إضافة عملة استلام","translated"
"quantumroot.popup.action.receiveTitle","Add the matching receive coin","إضافة عملة الاستلام المطابقة","translated"
"quantumroot.popup.action.refreshDescription","Refresh the wallet scan or choose another approval key.","حدّث فحص المحفظة أو اختر مفتاح موافقة آخر.","translated"
"quantumroot.popup.action.refreshLabel","Refresh vault","تحديث الخزينة","translated"
"quantumroot.popup.action.refreshTitle","Refresh the vault","تحديث الخزينة","translated"
"quantumroot.popup.action.reviewLabel","Review spend","مراجعة الإنفاق","translated"
"quantumroot.popup.action.sendDescription","Send the approval key to Quantum Lock.","أرسل مفتاح الموافقة إلى القفل الكمي.","translated"
"quantumroot.popup.action.sendLabel","Send approval key","إرسال مفتاح الموافقة","translated"
"quantumroot.popup.action.sendTitle","Send the approval key","إرسال مفتاح الموافقة","translated"
"quantumroot.popup.addDestinationReview","Add a destination, then review spend.","أضف وجهة ثم راجع الإنفاق.","translated"
"quantumroot.popup.addMatchingCoin","Add the matching coin to unlock spend.","أضف العملة المطابقة لفتح الإنفاق.","translated"
"quantumroot.popup.advanced","Advanced","متقدم","translated"
"quantumroot.popup.advancedRecovery","Advanced recovery","استرداد متقدم","translated"
"quantumroot.popup.advancedRecoveryDescription","Recover regular BCH, recover Quantum Lock funds, or refresh vault status.","استرد BCH العادي أو أموال القفل الكمي أو حدّث حالة الخزينة.","translated"
"quantumroot.popup.approvalKey","Approval key","مفتاح الموافقة","translated"
"quantumroot.popup.approvalKeyCapability","Approval key","مفتاح الموافقة","translated"
"quantumroot.popup.approvalKeyChanged","Approval key changed on chain","تغير مفتاح الموافقة على السلسلة","translated"
"quantumroot.popup.approvalKeyInLock","Approval key is in Quantum Lock.","مفتاح الموافقة موجود في القفل الكمي.","translated"
"quantumroot.popup.approvalKeyInQuantumLock","Your approval key is in Quantum Lock.","مفتاح الموافقة موجود في القفل الكمي.","translated"
"quantumroot.popup.approvalKeyPicked","Approval key picked.","تم اختيار مفتاح الموافقة.","translated"
"quantumroot.popup.approvalKeySelected","Approval key selected","تم تحديد مفتاح الموافقة","translated"
"quantumroot.popup.approvalLane","Approval lane","مسار الموافقة","translated"
"quantumroot.popup.approvalLaneDescription","Your approval key goes to Quantum Lock.","ينتقل مفتاح الموافقة إلى القفل الكمي.","translated"
"quantumroot.popup.available","{count} available","{count} متاحة","translated"
"quantumroot.popup.availableApprovalKeys","Available approval keys","مفاتيح الموافقة المتاحة","translated"
"quantumroot.popup.bchRecoveryDescription","BCH recovery sends back to the matching standard wallet address for this vault index when available.","يعيد استرداد BCH الإرسال إلى عنوان المحفظة القياسي المطابق لفهرس هذه الخزينة عند توفره.","translated"
"quantumroot.popup.bchRecoveryDisabled","BCH recovery is temporarily disabled until the on-chain receive-script validation issue is resolved.","تم تعطيل استرداد BCH مؤقتًا حتى حل مشكلة التحقق من نص الاستلام على السلسلة.","translated"
"quantumroot.popup.block.approvalPending","Send one approval key to Quantum Lock.","أرسل مفتاح موافقة واحدًا إلى القفل الكمي.","translated"
"quantumroot.popup.block.inactiveNetwork","Quantumroot spending is disabled on this network.","إنفاق Quantumroot معطل على هذه الشبكة.","translated"
"quantumroot.popup.block.noDestination","Choose a destination address before spending.","اختر عنوان وجهة قبل الإنفاق.","translated"
"quantumroot.popup.block.noFamily","Create or receive a plain NFT first. It becomes your approval key.","أنشئ أو استلم NFT عادية أولًا. ستصبح مفتاح الموافقة.","translated"
"quantumroot.popup.block.pickFamily","Choose one plain NFT to use as the approval key.","اختر NFT عادية واحدة لاستخدامها كمفتاح موافقة.","translated"
"quantumroot.popup.block.receivePending","Send the matching receive coin to the normal lane.","أرسل عملة الاستلام المطابقة إلى المسار العادي.","translated"
"quantumroot.popup.block.staleInventory","Your selected approval key is not visible right now. Refresh the vault or choose another key.","مفتاح الموافقة المحدد غير ظاهر الآن. حدّث الخزينة أو اختر مفتاحًا آخر.","translated"
"quantumroot.popup.broadcastWarning","This will broadcast after confirmation.","سيتم البث بعد التأكيد.","translated"
"quantumroot.popup.category","Category:","الفئة:","translated"
"quantumroot.popup.chooseApprovalKey","Choose approval key","اختيار مفتاح الموافقة","translated"
"quantumroot.popup.chooseApprovalKeyDescription","Quantumroot uses one plain NFT as the approval key. Advanced token tools live in CashTokens.","يستخدم Quantumroot‏ NFT عادية واحدة كمفتاح موافقة. توجد أدوات الرموز المتقدمة في CashTokens.","translated"
"quantumroot.popup.chooseOneApproval","Choose one approval key to continue.","اختر مفتاح موافقة واحدًا للمتابعة.","translated"
"quantumroot.popup.commitment","Commitment:","الالتزام:","translated"
"quantumroot.popup.completeSteps","Complete the approval key and matching receive coin steps before spending.","أكمل خطوات مفتاح الموافقة وعملة الاستلام المطابقة قبل الإنفاق.","translated"
"quantumroot.popup.confirmed","Confirmed","مؤكد","translated"
"quantumroot.popup.copyDestination","Copy destination","نسخ الوجهة","translated"
"quantumroot.popup.copyOrScanFund","Copy or scan to fund this vault.","انسخ أو امسح لتمويل هذه الخزينة.","translated"
"quantumroot.popup.copyQuantumLock","Copy Quantum Lock","نسخ القفل الكمي","translated"
"quantumroot.popup.copyReceiveAddress","Copy receive address","نسخ عنوان الاستلام","translated"
"quantumroot.popup.copyRecoveryAddress","Copy recovery address","نسخ عنوان الاسترداد","translated"
"quantumroot.popup.createOrReceive","Create or receive a plain NFT first, then it will appear here as an approval key you can choose.","أنشئ أو استلم NFT عادية أولًا، ثم ستظهر هنا كمفتاح موافقة يمكنك اختياره.","translated"
"quantumroot.popup.destination","Destination","الوجهة","translated"
"quantumroot.popup.destinationAddress","Destination address","عنوان الوجهة","translated"
"quantumroot.popup.done","Done","تم","translated"
"quantumroot.popup.empty","empty","فارغ","translated"
"quantumroot.popup.found","{count} found","تم العثور على {count}","translated"
"quantumroot.popup.fundMatchingReceive","Fund matching receive coin","تمويل عملة الاستلام المطابقة","translated"
"quantumroot.popup.fundMatchingReceiveDescription","Open the send screen prefilled to the vault receive address with the same approval key.","افتح شاشة الإرسال المعبأة مسبقًا إلى عنوان استلام الخزينة باستخدام مفتاح الموافقة نفسه.","translated"
"quantumroot.popup.helpShortcuts","Help and shortcuts","المساعدة والاختصارات","translated"
"quantumroot.popup.inQuantumLock","{count} in Quantum Lock","{count} في القفل الكمي","translated"
"quantumroot.popup.inWallet","{count} in wallet","{count} في المحفظة","translated"
"quantumroot.popup.locked","{count} locked","{count} مقفلة","translated"
"quantumroot.popup.mainnetDisabled","Mainnet Quantumroot uses the same UI as Chipnet, but the spend, recovery, and token-configuration actions remain disabled until activation on {date}.","يستخدم Quantumroot على Mainnet الواجهة نفسها الموجودة على Chipnet، لكن تظل إجراءات الإنفاق والاسترداد وتهيئة الرموز معطلة حتى التفعيل في {date}.","translated"
"quantumroot.popup.mintingNft","Minting NFT","NFT قابلة للسك","translated"
"quantumroot.popup.missing","Missing","مفقود","translated"
"quantumroot.popup.mutableNft","Mutable NFT","NFT قابلة للتغيير","translated"
"quantumroot.popup.needed","Needed","مطلوب","translated"
"quantumroot.popup.neededLater","Needed later","مطلوب لاحقًا","translated"
"quantumroot.popup.nextStep","Next step","الخطوة التالية","translated"
"quantumroot.popup.noApprovalKey","No approval key","لا يوجد مفتاح موافقة","translated"
"quantumroot.popup.noDestination","No destination set","لم يتم تحديد وجهة","translated"
"quantumroot.popup.noReadyCoin","No ready coin is available yet. After the approval key and the matching receive coin are present, spendable coins appear here.","لا تتوفر عملة جاهزة بعد. بعد وجود مفتاح الموافقة وعملة الاستلام المطابقة، ستظهر العملات القابلة للإنفاق هنا.","translated"
"quantumroot.popup.normalLane","Normal vault lane","مسار الخزينة العادي","translated"
"quantumroot.popup.normalLaneDescription","Your BCH and matching receive coin go here.","توجد عملة BCH وعملة الاستلام المطابقة هنا.","translated"
"quantumroot.popup.normalLanePending","Add the matching receive coin after the approval key is in Quantum Lock.","أضف عملة الاستلام المطابقة بعد وجود مفتاح الموافقة في القفل الكمي.","translated"
"quantumroot.popup.normalLaneReady","Your normal lane is ready.","المسار العادي جاهز.","translated"
"quantumroot.popup.noStandardAddress","No standard wallet address available","لا يتوفر عنوان محفظة قياسي","translated"
"quantumroot.popup.openCashTokens","Open CashTokens","فتح CashTokens","translated"
"quantumroot.popup.openReceiveScreen","Open receive screen","فتح شاشة الاستلام","translated"
"quantumroot.popup.otherNft","Other NFT","NFT أخرى","translated"
"quantumroot.popup.otherNftDescription","It sits in Quantum Lock, but it is not the selected approval key. No direct withdrawal path exists yet.","توجد في القفل الكمي، لكنها ليست مفتاح الموافقة المحدد. لا يتوفر مسار سحب مباشر لها بعد.","translated"
"quantumroot.popup.otherNftInQuantumLock","Other NFT in Quantum Lock","NFT أخرى في القفل الكمي","translated"
"quantumroot.popup.otherNfts","{count} other NFT(s)","{count} من NFTs الأخرى","translated"
"quantumroot.popup.outpoint","Outpoint","نقطة المخرج","stable-term"
"quantumroot.popup.pending","Pending","معلق","translated"
"quantumroot.popup.pendingCoin","Pending coin","عملة معلقة","translated"
"quantumroot.popup.pickApprovalKey","Pick one approval key.","اختر مفتاح موافقة واحدًا.","translated"
"quantumroot.popup.plainBchCoins","{count} plain BCH coin(s)","{count} عملة BCH عادية","translated"
"quantumroot.popup.plainBchDescription","Use this for plain BCH coins. Protected coins stay in the lanes above.","استخدم هذا للعملات العادية من BCH. تبقى العملات المحمية في المسارات أعلاه.","translated"
"quantumroot.popup.previewOnly","Preview only on mainnet until activation.","معاينة فقط على Mainnet حتى التفعيل.","translated"
"quantumroot.popup.protectedReceiveCount","Coins already handled by Protected spend: {count}","العملات التي عالجها الإنفاق المحمي: {count}","translated"
"quantumroot.popup.protectedSpend","Protected spend","إنفاق محمي","translated"
"quantumroot.popup.protectedSpendDescription","When the approval key and matching receive coin are present, spending opens here.","عند وجود مفتاح الموافقة وعملة الاستلام المطابقة، يفتح الإنفاق هنا.","translated"
"quantumroot.popup.quantumLock","Quantum Lock","القفل الكمي","stable-term"
"quantumroot.popup.quantumLockBch","Quantum Lock BCH","BCH القفل الكمي","translated"
"quantumroot.popup.quantumLockRecovery","Quantum Lock recovery","استرداد القفل الكمي","translated"
"quantumroot.popup.quantumLockRecoveryCount","Quantum Lock recovery coins: {count}","عملات استرداد القفل الكمي: {count}","translated"
"quantumroot.popup.quantumrootOpens","Quantumroot opens once the approval key sits in Quantum Lock and the matching receive coin sits in the normal lane.","يفتح Quantumroot بعد وجود مفتاح الموافقة في القفل الكمي وعملة الاستلام المطابقة في المسار العادي.","translated"
"quantumroot.popup.ready","Ready","جاهز","translated"
"quantumroot.popup.readyCoin","Ready coin","عملة جاهزة","translated"
"quantumroot.popup.readyCoinAvailable","Ready coin available.","تتوفر عملة جاهزة.","translated"
"quantumroot.popup.readyCoins","{count} ready coin(s)","{count} عملة جاهزة","translated"
"quantumroot.popup.receiveAddress","Receive address","عنوان الاستلام","translated"
"quantumroot.popup.receiveBch","Receive BCH","استلام BCH","translated"
"quantumroot.popup.recover","Recover","استرداد","translated"
"quantumroot.popup.recoverableBchCoins","Recoverable BCH coins","عملات BCH القابلة للاسترداد","translated"
"quantumroot.popup.recoverableBchCount","Recoverable BCH coins: {count}","عملات BCH القابلة للاسترداد: {count}","translated"
"quantumroot.popup.recovering","Recovering…","جارٍ الاسترداد…","translated"
"quantumroot.popup.recoverRegularBch","Recover regular BCH","استرداد BCH العادي","translated"
"quantumroot.popup.refresh","Refresh","تحديث","translated"
"quantumroot.popup.refreshChooseAnother","Refresh the vault or choose another approval key.","حدّث الخزينة أو اختر مفتاح موافقة آخر.","translated"
"quantumroot.popup.refreshVault","Refresh vault","تحديث الخزينة","translated"
"quantumroot.popup.refreshVaultStatus","Refresh vault status","تحديث حالة الخزينة","translated"
"quantumroot.popup.reviewDestination","Review the destination before broadcasting.","راجع الوجهة قبل البث.","translated"
"quantumroot.popup.reviewSpend","Review spend","مراجعة الإنفاق","translated"
"quantumroot.popup.reviewSpendSubtitle","Check the destination, approval key, and ready coin before you broadcast.","تحقق من الوجهة ومفتاح الموافقة والعملة الجاهزة قبل البث.","translated"
"quantumroot.popup.reviewSpendTitle","Review spend","مراجعة الإنفاق","translated"
"quantumroot.popup.saveApprovalKey","Save approval key","حفظ مفتاح الموافقة","translated"
"quantumroot.popup.saving","Saving…","جارٍ الحفظ…","translated"
"quantumroot.popup.selectedApprovalKey","Selected approval key","مفتاح الموافقة المحدد","translated"
"quantumroot.popup.selectedAsApproval","Selected as approval key","تم تحديده كمفتاح موافقة","translated"
"quantumroot.popup.sendApprovalHere","Send the approval key here.","أرسل مفتاح الموافقة إلى هنا.","translated"
"quantumroot.popup.sendApprovalKey","Send approval key","إرسال مفتاح الموافقة","translated"
"quantumroot.popup.sendApprovalKeyDescription","Open the send screen prefilled to Quantum Lock with the selected approval key.","افتح شاشة الإرسال المعبأة مسبقًا إلى القفل الكمي مع مفتاح الموافقة المحدد.","translated"
"quantumroot.popup.sendApprovalKeyToLock","Send the approval key to Quantum Lock.","أرسل مفتاح الموافقة إلى القفل الكمي.","translated"
"quantumroot.popup.sendSelectedApprovalKey","Send the selected approval key to Quantum Lock.","أرسل مفتاح الموافقة المحدد إلى القفل الكمي.","translated"
"quantumroot.popup.spend","Spend","إنفاق","translated"
"quantumroot.popup.spendDestination","Spend destination","وجهة الإنفاق","translated"
"quantumroot.popup.spending","Spending…","جارٍ الإنفاق…","translated"
"quantumroot.popup.sweepBch","Sweep BCH coins ({count})","تحويل شامل لعملات BCH ({count})","translated"
"quantumroot.popup.sweeping","Sweeping…","جارٍ التحويل الشامل…","translated"
"quantumroot.popup.tapToOpen","Tap to open","اضغط للفتح","translated"
"quantumroot.popup.unsupportedQuantumLock","Coins in Quantum Lock that belong to Protected spend are handled above; this recovery list only includes plain BCH coins.","تُعالج العملات الموجودة في القفل الكمي التابعة للإنفاق المحمي أعلاه؛ وتضم قائمة الاسترداد هذه عملات BCH العادية فقط.","translated"
"quantumroot.popup.unsupportedReceive","Coins with an approval key stay in Protected spend; this recovery list only includes plain BCH coins.","تبقى العملات ذات مفتاح الموافقة في الإنفاق المحمي؛ وتضم قائمة الاسترداد هذه عملات BCH العادية فقط.","translated"
"quantumroot.popup.useRecoveryAddress","Use wallet recovery address","استخدم عنوان استرداد المحفظة","translated"
"quantumroot.popup.vaultSetup","Vault setup","إعداد الخزينة","translated"
"quantumroot.popup.vaultSetupDescription","Copy addresses and choose the approval key.","انسخ العناوين واختر مفتاح الموافقة.","translated"
"quantumroot.popup.waiting","Waiting","انتظار","translated"
"quantumroot.popup.walletRecoveryAddress","Wallet recovery address","عنوان استرداد المحفظة","translated"
"quantumroot.readyToRecover","{count} ready to recover","{count} جاهزة للاسترداد","translated"
"quantumroot.refreshing","Refreshing balances and UTXO status. Vaults remain available while sync completes.","جارٍ تحديث الأرصدة وحالة UTXO. تبقى الخزائن متاحة حتى اكتمال المزامنة.","translated"
"quantumroot.subtitle","Two spending lanes in one vault","مساران للإنفاق في خزينة واحدة","translated"
"quantumroot.syncingVaults","Syncing Vaults…","جارٍ مزامنة الخزائن…","translated"
"quantumroot.syncVaults","Sync Vaults","مزامنة الخزائن","translated"
"quantumroot.toast.approvalKeyMissing","This approval key is no longer visible. Refresh the vault or choose another key.","مفتاح الموافقة هذا غير ظاهر بعد الآن. حدّث الخزينة أو اختر مفتاحًا آخر.","translated"
"quantumroot.toast.authorizedBroadcast","Quantumroot authorized spend broadcast: {txid}","تم بث الإنفاق المصرح به في Quantumroot: {txid}","translated"
"quantumroot.toast.authorizedFailed","Quantumroot authorized spend failed: {message}","فشل الإنفاق المصرح به في Quantumroot: {message}","translated"
"quantumroot.toast.broadcastAuthorizedFailed","Failed to broadcast Quantumroot authorized spend.","فشل بث الإنفاق المصرح به في Quantumroot.","translated"
"quantumroot.toast.broadcastLockRecoveryFailed","Failed to broadcast Quantum Lock recovery.","فشل بث استرداد القفل الكمي.","translated"
"quantumroot.toast.broadcastSpendFailed","Failed to broadcast Quantumroot spend.","فشل بث إنفاق Quantumroot.","translated"
"quantumroot.toast.broadcastSweepFailed","Failed to broadcast Quantumroot sweep.","فشل بث مسح Quantumroot.","translated"
"quantumroot.toast.configureFailed","Failed to configure vault: {message}","فشلت تهيئة الخزينة: {message}","translated"
"quantumroot.toast.destinationRequired","Destination address is required.","عنوان الوجهة مطلوب.","translated"
"quantumroot.toast.ineligibleReceiveUtxo","That receive UTXO is not eligible for authorized spend.","UTXO الاستلام هذه غير مؤهلة للإنفاق المصرح به.","translated"
"quantumroot.toast.invalidTokenCategory","Token category must be 64 hexadecimal characters.","يجب أن تتكون فئة الرمز من 64 محرفًا سداسيًا عشريًا.","translated"
"quantumroot.toast.lockRecoveryBroadcast","Quantum Lock recovery broadcast: {txid}","تم بث استرداد القفل الكمي: {txid}","translated"
"quantumroot.toast.lockRecoveryFailed","Quantum Lock recovery failed: {message}","فشل استرداد القفل الكمي: {message}","translated"
"quantumroot.toast.noBchUtxos","No BCH-only receive UTXOs available to sweep.","لا تتوفر UTXOs للاستلام تحتوي على BCH فقط للمسح.","translated"
"quantumroot.toast.noControlToken","No matching Quantum Lock control token is available yet.","لا يتوفر بعد رمز تحكم مطابق للقفل الكمي.","translated"
"quantumroot.toast.previewActive","Quantumroot mainnet preview is active until activation.","معاينة Quantumroot على Mainnet نشطة حتى التفعيل.","translated"
"quantumroot.toast.reconfigured","Quantumroot vault reconfigured.","تمت إعادة تهيئة خزينة Quantumroot.","translated"
"quantumroot.toast.spendBroadcast","Quantumroot spend broadcast: {txid}","تم بث إنفاق Quantumroot: {txid}","translated"
"quantumroot.toast.spendFailed","Quantumroot spend failed: {message}","فشل إنفاق Quantumroot: {message}","translated"
"quantumroot.toast.sweepBroadcast","Quantumroot sweep broadcast: {txid}","تم بث مسح Quantumroot: {txid}","translated"
"quantumroot.toast.sweepFailed","Quantumroot sweep failed: {message}","فشل مسح Quantumroot: {message}","translated"
"quantumroot.toast.unavailable","Quantumroot vault unavailable.","خزينة Quantumroot غير متاحة.","translated"
"quantumroot.trackedBalance","Tracked Balance","الرصيد المتتبع","translated"
"quantumroot.vaultNumber","Vault #{id}","الخزينة رقم {id}","translated"
"quantumroot.vaults","Vaults","الخزائن","translated"
"quantumroot.workspaceRefreshFailed","Workspace Refresh Failed","فشل تحديث مساحة العمل","translated"
"receive.addressesNotReady","Receive addresses not ready","عناوين الاستلام غير جاهزة","translated"
"receive.amountBch","Amount (BCH)","المبلغ (BCH)","translated"
"receive.back","Back","رجوع","translated"
"receive.bip21Active","Request details are active and the QR is now encoding the BIP21 URI.","تفاصيل الطلب مفعّلة ورمز QR يشفّر URI بصيغة BIP21 الآن.","translated"
"receive.bip21Description","Encode amount, label, and message into the QR payload.","ترميز المبلغ والتسمية والرسالة داخل حمولة QR.","translated"
"receive.bip21Help","When enabled, the QR and copied payload use a BIP21-style `bitcoincash:` URI so compatible wallets can autofill request details.","عند التفعيل، يستخدم رمز QR والحمولة المنسوخة URI بصيغة BIP21 لملء تفاصيل الطلب تلقائيًا في المحافظ المتوافقة.","translated"
"receive.bip21Title","BIP21 payment request","طلب دفع BIP21","translated"
"receive.cashToken","CashToken","CashToken","stable-term"
"receive.change","Change","الباقي","translated"
"receive.changeAddressCount","{count} change addresses","{count} من عناوين الباقي","translated"
"receive.clear","Clear","مسح","translated"
"receive.close","Close","إغلاق","translated"
"receive.copied","Copied to clipboard!","تم النسخ إلى الحافظة!","translated"
"receive.copyBip21","Copy BIP21 URI","نسخ URI لـ BIP21","translated"
"receive.copyFailed","Failed to copy.","فشل النسخ.","translated"
"receive.copyQrPayload","Copy receive QR payload","نسخ حمولة QR للاستلام","translated"
"receive.dismiss","Dismiss","تجاهل","translated"
"receive.dismissUnlockAlert","Dismiss unlock alert","إغلاق تنبيه إلغاء القفل","translated"
"receive.label","Label","التسمية","translated"
"receive.main","Main","رئيسي","translated"
"receive.mainAddressCount","{count} main addresses","{count} من العناوين الرئيسية","translated"
"receive.message","Message","الرسالة","stable-term"
"receive.noAddressesLoaded","This wallet does not have receive addresses loaded yet.","لم يتم تحميل عناوين الاستلام لهذه المحفظة بعد.","translated"
"receive.noBranchAddresses","No addresses found in this branch yet.","لم يتم العثور على عناوين في هذا الفرع بعد.","translated"
"receive.noVaultFunds","No Quantumroot vault funds detected yet.","لم يتم العثور على أموال في خزائن Quantumroot بعد.","translated"
"receive.openQrPreview","Open larger QR code preview","فتح معاينة أكبر لرمز QR","translated"
"receive.optional","Optional","اختياري","translated"
"receive.optionalExample","Optional, e.g. 0.0105","اختياري، مثل 0.0105","translated"
"receive.prepareAddresses","Prepare receive addresses","تجهيز عناوين الاستلام","translated"
"receive.prepareAddressesDescription","Prepare addresses to show your receive QR and address list.","جهّز العناوين لعرض رمز QR وقائمة عناوين الاستلام.","translated"
"receive.privKeyReady","Private key view unlocked","تم فتح عرض المفتاح الخاص","translated"
"receive.privKeyUnlock","Private key unlock in {count} taps","فتح المفتاح الخاص خلال {count} نقرات","translated"
"receive.pubKeyTapProgress","PubKey pressed {count}/{total} times","تم الضغط على المفتاح العام {count}/{total} مرة","translated"
"receive.qrCopyDescription","Tap the QR to copy the current payload. Close to return.","اضغط على رمز QR لنسخ الحمولة الحالية. أغلق للعودة.","translated"
"receive.quantumLock","Quantum Lock","القفل الكمي","stable-term"
"receive.quantumLockAddress","Quantum Lock Address","عنوان Quantum Lock","translated"
"receive.quantumrootStatus","Quantumroot Status","حالة Quantumroot","translated"
"receive.readOnlyStatus","This view is read-only. It shows vault status and key receive data, but no spending or recovery actions.","هذا العرض للقراءة فقط. يعرض حالة الخزائن وبيانات الاستلام، ولا يوفر إجراءات إنفاق أو استرداد.","translated"
"receive.receiveAddress","Receive Address","عنوان الاستلام","translated"
"receive.receiveBalance","Receive Balance","رصيد الاستلام","translated"
"receive.receiveQr","Receive QR","QR للاستلام","translated"
"receive.regular","Regular","عادي","translated"
"receive.seeAllAddresses","See all addresses","عرض كل العناوين","translated"
"receive.switch","Switch","تبديل","translated"
"receive.switchAddress","Switch address","تبديل العنوان","translated"
"receive.syncing","Syncing…","جارٍ المزامنة…","translated"
"receive.tapPubKey","Tap PubKey to reveal the private key view.","اضغط على المفتاح العام لعرض المفتاح الخاص.","translated"
"receive.title","Receive","استلام","translated"
"receive.toggleAddressType","Toggle receive address type","تبديل نوع عنوان الاستلام","translated"
"receive.unavailable","Unavailable","غير متاح","translated"
"reconfiguration.changingPath","Changing derivation path","جارٍ تغيير مسار الاشتقاق","translated"
"reconfiguration.clearing","Clearing old wallet data","جارٍ مسح بيانات المحفظة القديمة","translated"
"reconfiguration.clearingDetail","Removing the previous address, history, and UTXO records.","إزالة سجلات العناوين والتاريخ وUTXO السابقة.","translated"
"reconfiguration.deriving","Generating wallet addresses","جارٍ إنشاء عناوين المحفظة","translated"
"reconfiguration.derivingDetail","Creating the receive and change addresses for this wallet path.","إنشاء عناوين الاستلام والباقي لمسار المحفظة.","translated"
"reconfiguration.dismiss","Dismiss","إغلاق","translated"
"reconfiguration.failed","Wallet update failed","فشل تحديث المحفظة","translated"
"reconfiguration.failedDetail","The wallet could not be reconfigured.","تعذرت إعادة تهيئة المحفظة.","translated"
"reconfiguration.keepOpen","Please keep OPTN Wallet open. Navigation is temporarily disabled while wallet data is rebuilt.","يرجى إبقاء OPTN Wallet مفتوحة. تم تعطيل التنقل مؤقتًا أثناء إعادة بناء بيانات المحفظة.","translated"
"reconfiguration.movingTo","Moving to {network}","جارٍ الانتقال إلى {network}","translated"
"reconfiguration.preparing","Preparing wallet","جارٍ تجهيز المحفظة","translated"
"reconfiguration.preparingDetail","Stopping background sync and reconnecting to the selected network.","إيقاف المزامنة في الخلفية وإعادة الاتصال بالشبكة المحددة.","translated"
"reconfiguration.progress","Wallet update progress","تقدم تحديث المحفظة","translated"
"reconfiguration.reloading","Reloading wallet","جارٍ إعادة تحميل المحفظة","translated"
"reconfiguration.stepOf","Step {current} of {total}","الخطوة {current} من {total}","translated"
"reconfiguration.switchingNetwork","Switching network","جارٍ تبديل الشبكة","translated"
"reconfiguration.syncing","Synchronizing wallet","جارٍ مزامنة المحفظة","translated"
"reconfiguration.syncingDetail","Fetching balances, UTXOs, and transaction history. This can take 15–20 seconds.","جلب الأرصدة وUTXOs وسجل المعاملات. قد يستغرق ذلك 15–20 ثانية.","translated"
"reconfiguration.updating","Updating wallet","جارٍ تحديث المحفظة","translated"
"reconfiguration.working","Working…","جارٍ العمل…","translated"
"recovery.hide","Hide Backup Phrase","إخفاء عبارة النسخ الاحتياطي","translated"
"recovery.reveal","Reveal Backup Phrase","إظهار عبارة النسخ الاحتياطي","translated"
"recovery.warning","Warning","تحذير","translated"
"recovery.warningDescription","Displaying your mnemonic backup phrase can compromise your funds. Ensure you keep it secure.","قد يؤدي عرض عبارة النسخ الاحتياطي إلى تعريض أموالك للخطر. احرص على حفظها بأمان.","translated"
"rpa.confirmedPayment","confirmed stealth payment","دفعة مخفية مؤكدة","translated"
"rpa.confirmedPayments","{count} confirmed stealth payment(s) found","تم العثور على {count} دفعة مخفية مؤكدة","translated"
"rpa.copyFailed","Copy failed.","فشل النسخ.","translated"
"rpa.copySuccess","Paycode copied!","تم نسخ paycode!","translated"
"rpa.derivationFailed","Paycode derivation failed. Unlock your wallet and try again.","فشل اشتقاق paycode. ألغِ قفل المحفظة وحاول مرة أخرى.","translated"
"rpa.derivationPaths","Derivation paths","مسارات الاشتقاق","translated"
"rpa.deriving","Deriving paycode…","جارٍ اشتقاق paycode…","translated"
"rpa.found","found","تم العثور","translated"
"rpa.howWorks","How it works","طريقة العمل","translated"
"rpa.lastScanned","Last scanned","آخر مسح","translated"
"rpa.noNotification","No notification tx.","لا توجد معاملة إشعار.","translated"
"rpa.noNotificationText","The sender grinds their signature nonce until the input hash prefix matches your scan key — detectability is embedded in the signature itself.","يطحن المرسل nonce التوقيع حتى تطابق بادئة تجزئة الإدخال مفتاح المسح الخاص بك.","translated"
"rpa.paycode","Paycode","رمز الدفع","stable-term"
"rpa.prefixFilter","Prefix filter","مرشح البادئة","translated"
"rpa.scanDescription","Scans a Fulcrum-RPA server for transactions whose input signature prefix matches your scan key. Uses ECDH to verify each candidate and detect your stealth outputs.","يفحص خادم Fulcrum-RPA عن معاملات تطابق بادئة توقيع الإدخال مفتاح المسح.","translated"
"rpa.scanKey","Scan key","مفتاح المسح","translated"
"rpa.scanning","Scanning…","جارٍ المسح…","translated"
"rpa.serverUnsupported","This server does not support RPA scanning.","هذا الخادم لا يدعم فحص RPA.","translated"
"rpa.shareDescription","Share this paycode with senders. Each payment creates a unique stealth address — no link between payments on-chain.","شارك paycode مع المرسلين. تنشئ كل دفعة عنوانًا خفيًا فريدًا دون رابط على السلسلة بين الدفعات.","translated"
"rpa.spendKey","Spend key","مفتاح الإنفاق","translated"
"rpa.stealthBalance","Stealth BCH","BCH مخفي","translated"
"rpa.sync","Sync","مزامنة","translated"
"rpa.title","RPA Paycode","Paycode RPA","stable-term"
"rpa.walletUnavailable","Wallet not available","المحفظة غير متاحة","translated"
"send.address","Address","العنوان","translated"
"send.advanced","Advanced","متقدم","translated"
"send.advancedBuilder","Open Advanced Builder","فتح منشئ المعاملات المتقدم","translated"
"send.airdrops","Airdrops","توزيعات جوائز","translated"
"send.amount","Amount","المبلغ","translated"
"send.amountBch","Amount (BCH)","المبلغ (BCH)","translated"
"send.amountUsd","Amount (USD)","المبلغ (USD)","translated"
"send.asset","Asset","الأصل","translated"
"send.assetControl","Asset control","التحكم في الأصول","translated"
"send.back","Back","رجوع","translated"
"send.balance","Balance","الرصيد","translated"
"send.bcmrMetadata","Parsed using BCMR metadata from the selected category.","تم التحليل باستخدام بيانات BCMR الوصفية للفئة المحددة.","translated"
"send.bytes","bytes","بايت","stable-term"
"send.changeAddress","Change address","عنوان الباقي","translated"
"send.clearForm","Clear form","مسح النموذج","translated"
"send.confirmed","Confirmed","مؤكد","translated"
"send.contract","Contract","العقد","translated"
"send.contractInputs","Contract inputs","مدخلات العقود","translated"
"send.copy","Copy","نسخ","translated"
"send.debug","Debug","تصحيح الأخطاء","translated"
"send.decimals","{count} decimals","{count} منازل عشرية","translated"
"send.details","Details","التفاصيل","translated"
"send.enterBchForUsd","Enter a BCH amount to see the USD equivalent.","أدخل مبلغ BCH لعرض قيمته المكافئة بالدولار.","translated"
"send.enterUsdForBch","Enter a USD amount to see the BCH equivalent.","أدخل مبلغ USD لعرض قيمته المكافئة بـ BCH.","translated"
"send.fee","Fee","الرسوم","translated"
"send.fillMax","Fill the full spendable balance minus network fee","املأ كامل الرصيد القابل للإنفاق بعد خصم رسوم الشبكة","translated"
"send.fillRequired","Fill the required fields first","املأ الحقول المطلوبة أولًا","translated"
"send.finalOutputs","Final outputs","المخرجات النهائية","translated"
"send.guidedDescription","Send BCH, fungible tokens, or NFTs with one guided flow.","أرسل BCH أو الرموز القابلة للاستبدال أو NFTs عبر مسار واحد موجّه.","translated"
"send.height","Height","الارتفاع","translated"
"send.hide","Hide","إخفاء","translated"
"send.inputs","Inputs","المدخلات","translated"
"send.inputsUsed","Inputs used","المدخلات المستخدمة","translated"
"send.insufficientFunds","Not enough funds. Check your balance or reduce the amount.","الأموال غير كافية. تحقق من رصيدك أو خفّض المبلغ.","translated"
"send.integer","integer","عدد صحيح","translated"
"send.invalidAddress","Invalid address—double-check for typos or try scanning a QR code.","العنوان غير صالح — تحقق من الأخطاء أو امسح رمز QR.","translated"
"send.keepTxid","Keep this txid as your reference and avoid sending it again.","احتفظ بمعرّف المعاملة للرجوع إليه وتجنب إرسالها مرة أخرى.","translated"
"send.leaveBlankNft","Leave blank to send the first available NFT in this category.","اتركه فارغًا لإرسال أول NFT متاح في هذه الفئة.","translated"
"send.loading","Loading…","جارٍ التحميل…","translated"
"send.max","Max","الحد الأقصى","stable-term"
"send.networkError","Network error. Check your connection and try again.","خطأ في الشبكة. تحقق من الاتصال وحاول مرة أخرى.","translated"
"send.nft","NFT","NFT","stable-term"
"send.nftCategory","NFT category","فئة NFT","translated"
"send.nftCommitment","NFT commitment","التزام NFT","translated"
"send.nfts","NFTs","NFTs","stable-term"
"send.noInputs","No inputs selected yet (run Review).","لم يتم تحديد أي مدخلات بعد (شغّل المراجعة).","translated"
"send.noOutputs","No outputs yet (run Review).","لا توجد مخرجات بعد (شغّل المراجعة).","translated"
"send.noTxBuilt","(no tx built yet)","(لم تُبنَ معاملة بعد)","translated"
"send.openAirdrops","Open Airdrops","فتح توزيعات الجوائز","translated"
"send.optionalHexCommitment","Optional hex commitment…","التزام سداسي عشري اختياري…","translated"
"send.outpoint","Outpoint","نقطة المخرج","stable-term"
"send.outputsCreated","Outputs created","المخرجات المنشأة","translated"
"send.pending","Pending","معلّق","translated"
"send.quantumrootApproval","approval key to Quantum Lock","مفتاح الموافقة إلى Quantum Lock","translated"
"send.quantumrootHint","Review the recipient and token category, then tap Review to build the transaction.","راجع المستلم وفئة الرمز، ثم اضغط مراجعة لبناء المعاملة.","translated"
"send.quantumrootNftHint","If there are multiple NFT entries, choose the one that matches the approval key.","إذا ظهرت عدة عناصر NFT، اختر العنصر المطابق لمفتاح الموافقة.","translated"
"send.quantumrootPrefilled","Prefilled to send the {label}","معبأ مسبقًا لإرسال {label}","translated"
"send.quantumrootReceive","matching receive coin to the vault receive address","عملة الاستلام المطابقة إلى عنوان استلام الخزينة","translated"
"send.quantumrootShortcut","Quantumroot shortcut","اختصار Quantumroot","translated"
"send.rawTransaction","Raw transaction","المعاملة الخام","translated"
"send.recipient","Recipient","المستلم","translated"
"send.recipientAmountLoaded","Recipient and amount loaded from QR.","تم تحميل المستلم والمبلغ من QR.","translated"
"send.recipientLoaded","Recipient loaded from QR.","تم تحميل المستلم من QR.","translated"
"send.releaseToSend","Release to send","حرر للإرسال","translated"
"send.reset","Reset","إعادة ضبط","translated"
"send.review","Review","مراجعة","translated"
"send.reviewTitle","Review Transaction","مراجعة المعاملة","translated"
"send.sats","Sats","ساتوشي","stable-term"
"send.scanQr","Scan QR","مسح QR","translated"
"send.selectCategory","Select category…","اختر فئة…","translated"
"send.selectedInputs","Selected inputs","المدخلات المحددة","translated"
"send.send","Send","إرسال","translated"
"send.sending","Sending…","جارٍ الإرسال…","translated"
"send.sent","Transaction sent","تم إرسال المعاملة","translated"
"send.show","Show","إظهار","translated"
"send.slideToConfirm","Slide to confirm","اسحب للتأكيد","translated"
"send.submitted","Transaction submitted","تم إرسال المعاملة","translated"
"send.summary","Summary","الملخص","translated"
"send.switchToBch","Switch amount input to BCH","تبديل إدخال المبلغ إلى BCH","translated"
"send.switchToUsd","Switch amount input to USD","تبديل إدخال المبلغ إلى USD","translated"
"send.technicalDetails","Technical details","التفاصيل التقنية","translated"
"send.title","Simple Send","إرسال بسيط","translated"
"send.to","To","إلى","translated"
"send.token","Token","رمز","stable-term"
"send.tokenAmount","Token amount","كمية الرمز","translated"
"send.tokenCategory","Token category","فئة الرمز","translated"
"send.tokenChange","Token change","فائض الرمز","translated"
"send.tokenInputs","Token inputs","مدخلات الرموز","translated"
"send.tokenLabel","Token","الرمز","stable-term"
"send.totalBch","Total (BCH)","الإجمالي (BCH)","stable-term"
"send.transactionSize","Transaction size","حجم المعاملة","translated"
"send.transferMode","Transfer mode","وضع التحويل","translated"
"send.type","Type","النوع","stable-term"
"send.unconfirmedInputs","Unconfirmed inputs","المدخلات غير المؤكدة","translated"
"send.usdUnavailable","USD conversion is unavailable right now.","تحويل USD غير متاح حاليًا.","translated"
"send.verifyRecipient","QR scanned. Verify recipient before sending.","تم مسح QR. تحقق من المستلم قبل الإرسال.","translated"
"send.verifySlide","Verify details and slide to send.","تحقق من التفاصيل واسحب للإرسال.","translated"
"send.waitingSync","Waiting for sync","في انتظار المزامنة","translated"
"send.waitPrevious","Wait for your previous outgoing transaction to sync first","انتظر مزامنة معاملتك الصادرة السابقة أولًا","translated"
"server.active","● active","● نشط","translated"
"server.add","Add","إضافة","translated"
"server.addDesktopPlaceholder","Add server — Fulcrum host:50002, or a node host:8333","إضافة خادم — مضيف Fulcrum:50002 أو مضيف عقدة:8333","translated"
"server.addMobilePlaceholder","Add WSS server — host:50004","إضافة خادم WSS — host:50004","translated"
"server.addressUrlPlaceholder","Address URL, e.g. https://example.com/address/{address}","رابط العنوان، مثل https://example.com/address/{address}","translated"
"server.auto","Auto","تلقائي","translated"
"server.autoBackend","Auto — server pool, with failover","تلقائي — مجموعة خوادم مع تجاوز الأعطال","translated"
"server.automatic","Automatic","تلقائي","translated"
"server.backend","Backend","الواجهة الخلفية","stable-term"
"server.blockExplorer","Block explorer","مستكشف الكتل","translated"
"server.connect","Connect","اتصال","translated"
"server.connected","Connected.","تم الاتصال.","translated"
"server.connectedServer","Connected server","الخادم المتصل","translated"
"server.connecting","Connecting…","جارٍ الاتصال…","translated"
"server.connectionFailed","Connection failed","فشل الاتصال","translated"
"server.connectTitle","Connect to this server","الاتصال بهذا الخادم","translated"
"server.custom","Custom…","مخصص…","translated"
"server.customFee","Custom","مخصص","translated"
"server.defaultPortHint","Default port: 50004 (WSS). Use wss:// prefix to force WSS, or ws:// for unencrypted.","المنفذ الافتراضي: 50004 (WSS). استخدم wss:// لإجبار WSS أو ws:// للاتصال غير المشفر.","translated"
"server.explorerDescription","Used for “open in explorer” links on transactions.","يُستخدم لروابط «فتح في المستكشف» الخاصة بالمعاملات.","translated"
"server.feeDescription","Fee rate for new transactions. Automatic uses the network minimum (~1 sat/byte, Electron Cash default).","معدل رسوم المعاملات الجديدة. يستخدم التلقائي الحد الأدنى للشبكة.","translated"
"server.feeUnit","sat/byte — applies to your next transaction","ساتوشي/بايت — ينطبق على معاملتك التالية","translated"
"server.invalidHost","Enter a valid host:port (e.g. 192.168.0.129:50002).","أدخل مضيفًا صالحًا:منفذ (مثل 192.168.0.129:50002).","translated"
"server.manual","Manual","يدوي","stable-term"
"server.node","Node","العقدة","stable-term"
"server.notConnected","Not connected","غير متصل","translated"
"server.onlyBackend","Only this backend is used — pinning a node means Electrum servers aren't consulted.","تُستخدم هذه الواجهة الخلفية فقط — عند تثبيت عقدة لا يتم الرجوع إلى خوادم Electrum.","translated"
"server.placeholderHelp","Use {txid} and {address} as placeholders.","استخدم {txid} و{address} كعناصر نائبة.","translated"
"server.pool","{network} server pool","مجموعة خوادم {network}","translated"
"server.rawNodeMobileError","Raw BCH node connections are only available on desktop. Add an Electrum/Fulcrum WSS server instead.","اتصالات عقد BCH الخام متاحة على سطح المكتب فقط. أضف خادم Electrum/Fulcrum عبر WSS بدلًا من ذلك.","translated"
"server.remove","Remove","إزالة","translated"
"server.saveCustom","Save custom explorer","حفظ المستكشف المخصص","translated"
"server.server","Server","الخادم","translated"
"server.serverInputPlaceholder","host, host:50004, or wss://host:50004","host أو host:50004 أو wss://host:50004","translated"
"server.transactionFee","Transaction fee","رسوم المعاملة","translated"
"server.trustless","trustless","بدون ثقة","translated"
"server.txUrlPlaceholder","Tx URL, e.g. https://example.com/tx/{txid}","رابط المعاملة، مثل https://example.com/tx/{txid}","translated"
"server.useAuto","Use Auto","استخدام التلقائي","translated"
"settings.about","About OPTN","حول OPTN","translated"
"settings.aboutSupport","About & support","حول ودعم","translated"
"settings.aboutSupportDescription","Help, contact, terms, and app information","المساعدة والاتصال والشروط ومعلومات التطبيق","translated"
"settings.connectionsFeatures","Connections & features","الاتصالات والميزات","translated"
"settings.connectionsFeaturesDescription","Servers, integrations, privacy features, and advanced tools","الخوادم والتكاملات وميزات الخصوصية والأدوات المتقدمة","translated"
"settings.contact","Contact Us","اتصل بنا","translated"
"settings.language","Language","اللغة","translated"
"settings.languageDescription","Choose the wallet interface language","اختر لغة واجهة المحفظة","translated"
"settings.network","Network","الشبكة","translated"
"settings.recovery","Recovery Phrase","عبارة الاسترداد","translated"
"settings.terms","Terms of Use","شروط الاستخدام","translated"
"settings.walletSecurity","Wallet & security","المحفظة والأمان","translated"
"settings.walletSecurityDescription","Recovery, derivation path, app lock, and wallet controls","الاسترداد ومسار الاشتقاق وقفل التطبيق وعناصر تحكم المحفظة","translated"
"settingsAppLock.autoLockAfter","Auto-lock after","القفل التلقائي بعد","translated"
"settingsAppLock.biometricDescription","Use {label} to unlock instead of typing your password.","استخدم {label} لإلغاء القفل بدلًا من كتابة كلمة المرور.","translated"
"settingsAppLock.biometricSetupFailed","Biometric setup failed: {message}","فشل إعداد القياسات الحيوية: {message}","translated"
"settingsAppLock.biometricUnlock","Biometric unlock","إلغاء القفل الحيوي","translated"
"settingsAppLock.cancel","Cancel","إلغاء","translated"
"settingsAppLock.changePassword","Change Password","تغيير كلمة المرور","translated"
"settingsAppLock.confirm","Confirm","تأكيد","translated"
"settingsAppLock.confirmNewPassword","Confirm new password","تأكيد كلمة المرور الجديدة","translated"
"settingsAppLock.currentPassword","Current password","كلمة المرور الحالية","translated"
"settingsAppLock.currentPasswordIncorrect","Current password is incorrect.","كلمة المرور الحالية غير صحيحة.","translated"
"settingsAppLock.disabled","Disabled","معطّل","translated"
"settingsAppLock.enabled","Enabled","مفعّل","translated"
"settingsAppLock.enabling","Enabling…","جارٍ التفعيل…","translated"
"settingsAppLock.encryption","Encryption","التشفير","translated"
"settingsAppLock.encryptionDescription","Your wallet is encrypted with a password-derived key (PBKDF2 · 600k iterations · AES-256-GCM). The key is never stored — it is derived in memory each time you unlock.","محفظتك مشفرة بمفتاح مشتق من كلمة المرور (PBKDF2 · 600k تكرار · AES-256-GCM). لا يتم تخزين المفتاح؛ بل يُشتق في الذاكرة عند كل إلغاء قفل.","translated"
"settingsAppLock.lockNow","Lock Now","قفل الآن","translated"
"settingsAppLock.minute","1 minute","دقيقة واحدة","stable-term"
"settingsAppLock.minutes","{count} minutes","{count} دقائق","stable-term"
"settingsAppLock.never","Never","أبدًا","translated"
"settingsAppLock.newPassword","New password","كلمة المرور الجديدة","translated"
"settingsAppLock.noWalletOpen","No wallet is open.","لا توجد محفظة مفتوحة.","translated"
"settingsAppLock.passwordChanged","Password changed successfully.","تم تغيير كلمة المرور بنجاح.","translated"
"settingsAppLock.passwordChangeFailed","Password change failed. Please try again.","فشل تغيير كلمة المرور. حاول مرة أخرى.","translated"
"settingsAppLock.passwordMismatch","New passwords do not match.","كلمتا المرور الجديدتان غير متطابقتين.","translated"
"settingsAppLock.updating","Updating…","جارٍ التحديث…","translated"
"settingsDerivation.activePath","Active BIP44 account path","مسار حساب BIP44 النشط","translated"
"settingsDerivation.alreadyActive","This derivation path is already active.","مسار الاشتقاق هذا نشط بالفعل.","translated"
"settingsDerivation.changeResync","Change and resync","تغيير وإعادة مزامنة","translated"
"settingsDerivation.completed","Derivation path changed and wallet resync completed.","تم تغيير مسار الاشتقاق وإكمال مزامنة المحفظة.","translated"
"settingsDerivation.confirm","Changing the derivation path clears the current address, history, and UTXO records. The wallet will then regenerate and resync only the new path. Continue?","يؤدي تغيير مسار الاشتقاق إلى مسح العنوان والسجل وسجلات UTXO الحالية. ستعيد المحفظة بعد ذلك إنشاء المسار الجديد ومزامنته فقط. هل تريد المتابعة؟","translated"
"settingsDerivation.currentMode","Current mode: {mode}.","الوضع الحالي: {mode}.","translated"
"settingsDerivation.custom","custom","مخصص","translated"
"settingsDerivation.description","OPTN supports one active BIP44 account path at a time. Reconfiguring it removes the old derived records and performs a fresh receive/change discovery and resync.","يدعم OPTN مسار حساب BIP44 نشطًا واحدًا في كل مرة. تؤدي إعادة الضبط إلى إزالة السجلات القديمة وإعادة اكتشاف عناوين الاستلام والباقي ومزامنتها.","translated"
"settingsDerivation.failed","Wallet reconfiguration failed.","فشلت إعادة تهيئة المحفظة.","translated"
"settingsDerivation.invalidPath","Invalid derivation path.","مسار الاشتقاق غير صالح.","translated"
"settingsDerivation.networkDefault","network default","الإعداد الافتراضي للشبكة","translated"
"settingsDerivation.reconfiguring","Reconfiguring…","جارٍ إعادة التهيئة…","translated"
"settingsDerivation.useDefault","Use network default","استخدام الإعداد الافتراضي للشبكة","translated"
"settingsNetwork.active","Active","نشطة","translated"
"settingsNetwork.chipnet","Chipnet","Chipnet","stable-term"
"settingsNetwork.chipnetDescription","BCH testnet for upcoming CHIPs — test funds only","شبكة اختبار BCH — لأموال الاختبار فقط","translated"
"settingsNetwork.comingSoon","Coming soon","قريبًا","translated"
"settingsNetwork.description","Switching networks clears the active network records, derives the network path, and resynchronizes receive/change addresses. Custom paths are preserved across network changes.","يؤدي تبديل الشبكة إلى مسح سجلات الشبكة النشطة واشتقاق مسار الشبكة وإعادة مزامنة عناوين الاستلام والباقي. تبقى المسارات المخصصة محفوظة.","translated"
"settingsNetwork.mainnet","Mainnet","Mainnet","stable-term"
"settingsNetwork.mainnetDescription","Live BCH network — real funds","شبكة BCH الحية — أموال حقيقية","translated"
"settingsNetwork.regtest","Regtest","Regtest","stable-term"
"settingsNetwork.reload","Reload and resync current wallet","إعادة تحميل المحفظة ومزامنتها","translated"
"settingsNetwork.reloading","Reloading wallet…","جارٍ إعادة تحميل المحفظة…","translated"
"settingsNetwork.switching","Switching…","جارٍ التبديل…","translated"
"settingsNetwork.testnet3","Testnet3","Testnet3","stable-term"
"settingsNetwork.testnet4","Testnet4","Testnet4","stable-term"
"settingsPanels.addons","Addons","الإضافات","translated"
"settingsPanels.appLock","App Lock","قفل التطبيق","translated"
"settingsPanels.cashfusion","CashFusion","CashFusion","stable-term"
"settingsPanels.console","Console","وحدة التحكم","stable-term"
"settingsPanels.contract","Contract Info","معلومات العقد","translated"
"settingsPanels.derivation","Derivation Path","مسار الاشتقاق","translated"
"settingsPanels.experimental","Experimental Features","ميزات تجريبية","translated"
"settingsPanels.faucet","Chipnet Faucet","صنبور Chipnet","stable-term"
"settingsPanels.nostr","Nostr & Chat","Nostr والدردشة","translated"
"settingsPanels.server","Server","الخادم","stable-term"
"settingsPanels.walletConnect","WalletConnect","WalletConnect","stable-term"
"settingsPanels.wizardConnect","WizardConnect","WizardConnect","stable-term"
"settingsRows.about","About OPTN","حول OPTN","translated"
"settingsRows.aboutDescription","Version info","معلومات الإصدار","translated"
"settingsRows.addons","Addons","الإضافات","translated"
"settingsRows.addonsDescription","Install and manage third-party addons","تثبيت وإدارة إضافات الجهات الخارجية","translated"
"settingsRows.appLock","App Lock","قفل التطبيق","translated"
"settingsRows.appLockDescription","Auto-lock · Change password","قفل تلقائي · تغيير كلمة المرور","translated"
"settingsRows.console","Console","وحدة التحكم","stable-term"
"settingsRows.consoleDescription","App log · Electrum RPC","سجل التطبيق · Electrum RPC","translated"
"settingsRows.contact","Contact Us","اتصل بنا","translated"
"settingsRows.contactDescription","Get help and support","احصل على المساعدة والدعم","translated"
"settingsRows.contractInfo","Contract Info","معلومات العقد","translated"
"settingsRows.contractInfoDescription","View contract details","عرض تفاصيل العقد","translated"
"settingsRows.derivation","Derivation Path","مسار الاشتقاق","translated"
"settingsRows.derivationDescription","Customize and resync the active BIP44 path","تخصيص مسار BIP44 النشط وإعادة مزامنته","translated"
"settingsRows.experimental","Experimental Features","ميزات تجريبية","translated"
"settingsRows.experimentalDescription","RPA · CashFusion","RPA · CashFusion","stable-term"
"settingsRows.faucet","Chipnet Faucet","صنبور Chipnet","stable-term"
"settingsRows.faucetDescription","Get test BCH on Chipnet","احصل على BCH تجريبي على Chipnet","translated"
"settingsRows.language","Language","اللغة","translated"
"settingsRows.languageDescription","Choose the wallet interface language","اختر لغة واجهة المحفظة","translated"
"settingsRows.network","Network","الشبكة","translated"
"settingsRows.networkDescription","Switch between Mainnet and Chipnet","التبديل بين Mainnet وChipnet","translated"
"settingsRows.nostr","Nostr & Chat","Nostr والدردشة","translated"
"settingsRows.nostrDescription","Private messages · Identity · Relay pool","رسائل خاصة · الهوية · مجموعة المرحلات","translated"
"settingsRows.pendingOutbox","Pending Tx Locks","أقفال المعاملات المعلقة","translated"
"settingsRows.pendingOutboxDescription","Review outgoing transaction locks","مراجعة أقفال المعاملات الصادرة","translated"
"settingsRows.recovery","Recovery Phrase","عبارة الاسترداد","translated"
"settingsRows.recoveryDescription","Back up your wallet","نسخ احتياطي لمحفظتك","translated"
"settingsRows.server","Servers","الخوادم","translated"
"settingsRows.serverDescription","Electrum · Block explorer · Transaction fees","Electrum · مستكشف الكتل · رسوم المعاملات","translated"
"settingsRows.terms","Terms of Use","شروط الاستخدام","translated"
"settingsRows.termsDescription","Read our terms","اقرأ شروطنا","translated"
"settingsRows.walletConnect","WalletConnect","WalletConnect","stable-term"
"settingsRows.walletConnectDescription","Manage dApp connections","إدارة اتصالات dApp","translated"
"settingsRows.wizardConnect","WizardConnect","WizardConnect","stable-term"
"settingsRows.wizardConnectDescription","Connect to token wizards","الاتصال بمعالجات الرموز","translated"
"terms.acceptance","1. Acceptance of Terms","1. قبول الشروط","translated"
"terms.acceptanceText","By accessing and using the OPTN Wallet App (“the App”), you agree to comply with and be bound by these Terms of Use. If you do not agree, please do not use the App.","بدخولك إلى تطبيق OPTN Wallet («التطبيق») واستخدامه، توافق على الالتزام بشروط الاستخدام هذه. إذا لم توافق، فلا تستخدم التطبيق.","translated"
"terms.deviceSecurity","Ensuring the security of your device and the App.","ضمان أمان جهازك والتطبيق.","translated"
"terms.modifications","6. Modifications","6. التعديلات","stable-term"
"terms.modificationsText","The developers may modify, suspend, or discontinue the App without prior notice and may update these Terms. You are responsible for reviewing them periodically.","يجوز للمطورين تعديل التطبيق أو تعليقه أو إيقافه دون إشعار مسبق، كما يجوز لهم تحديث هذه الشروط. أنت مسؤول عن مراجعتها دوريًا.","translated"
"terms.noLiability","4. No Liability","4. إخلاء المسؤولية","translated"
"terms.noLiabilityText","The developers assume no liability for loss, damage, or unauthorized access arising from use of the App, including cryptocurrency loss, data breaches, or device malfunctions. You use the App at your own risk.","لا يتحمل المطورون مسؤولية أي فقدان أو ضرر أو وصول غير مصرح به ناتج عن استخدام التطبيق، بما في ذلك فقدان العملات المشفرة أو خروقات البيانات أو أعطال الجهاز. تستخدم التطبيق على مسؤوليتك الخاصة.","translated"
"terms.noWarranty","5. No Warranty","5. لا ضمان","translated"
"terms.noWarrantyText","The App is provided “as is” without express or implied warranties. The developers do not guarantee reliability, accuracy, completeness, error-free operation, or uninterrupted service.","يُقدَّم التطبيق «كما هو» دون ضمانات صريحة أو ضمنية. لا يضمن المطورون الموثوقية أو الدقة أو الاكتمال أو التشغيل الخالي من الأخطاء أو الخدمة المتواصلة.","translated"
"terms.purpose","2. Purpose","2. الغرض","translated"
"terms.purposeText","The OPTN Wallet App lets users securely store, send, and receive cryptocurrency. You are responsible for the security of your private keys and assets.","يتيح تطبيق OPTN Wallet للمستخدمين تخزين العملات المشفرة وإرسالها واستلامها بأمان. أنت مسؤول عن أمان مفاتيحك الخاصة وأصولك.","translated"
"terms.responsibilities","3. User Responsibilities","3. مسؤوليات المستخدم","translated"
"terms.responsibilitiesIntro","The OPTN Wallet App handles real cryptocurrency. You are solely responsible for:","يتعامل تطبيق OPTN Wallet مع عملات مشفرة حقيقية. أنت المسؤول وحدك عن:","translated"
"terms.responsibilitiesText","The development team is not responsible for loss of assets or unauthorized access resulting from failure to follow these practices.","لا يتحمل فريق التطوير مسؤولية فقدان الأصول أو الوصول غير المصرح به الناتج عن عدم اتباع هذه الممارسات.","translated"
"terms.safeguard","Safeguarding your private keys and recovery phrases.","حماية مفاتيحك الخاصة وعبارات الاسترداد.","translated"
"terms.verify","Verifying transaction details before confirming any actions.","التحقق من تفاصيل المعاملة قبل تأكيد أي إجراء.","translated"
"token.activeMinting","Active Minting","السك النشط","translated"
"token.authHead","Auth Head","رأس التفويض","translated"
"token.bcmr","BCMR","BCMR","stable-term"
"token.bcmrUnavailable","BCMR metadata unavailable","بيانات BCMR غير متاحة","translated"
"token.category","Category","الفئة","translated"
"token.chainStatsError","Unable to load token chain statistics right now.","تعذر تحميل إحصاءات سلسلة الرمز الآن.","translated"
"token.decimals","Decimals","المنازل العشرية","translated"
"token.id","Token ID","معرّف الرمز","translated"
"token.loading","Loading token data…","جارٍ تحميل بيانات الرمز…","translated"
"token.no","No","لا","translated"
"token.symbol","Symbol","الرمز المختصر","translated"
"token.totalNfts","Total NFTs","إجمالي NFTs","translated"
"token.totalSupply","Total Supply","إجمالي المعروض","translated"
"token.unavailable","Unavailable","غير متاح","translated"
"token.yes","Yes","نعم","translated"
"tor.appRunsOwn","The app runs its own Tor — no Tor Browser needed","يشغّل التطبيق Tor الخاص به — لا حاجة إلى Tor Browser","translated"
"tor.autoDetect","Auto-detect (9050 / 9150)","اكتشاف تلقائي (9050 / 9150)","translated"
"tor.bootstrapping","Bootstrapping Tor… {percent}%","جارٍ تهيئة Tor… {percent}%","translated"
"tor.check","Check Tor","فحص Tor","translated"
"tor.checking","Checking…","جارٍ الفحص…","translated"
"tor.desktopOnly","Desktop only","سطح المكتب فقط","translated"
"tor.disable","Disable","تعطيل","translated"
"tor.enable","Enable","تفعيل","translated"
"tor.externalOption","Or use a Tor you run yourself:","أو استخدم Tor الذي تشغّله بنفسك:","translated"
"tor.foundOnPort","Tor found on port {port} ✓","تم العثور على Tor على المنفذ {port} ✓","translated"
"tor.integrated","Integrated Tor","Tor مدمج","translated"
"tor.manualPort","Manual port","منفذ يدوي","translated"
"tor.noExternal","No external Tor found. Either press “Start integrated Tor” above (recommended), or start Tor Browser (9150) / a system Tor daemon (9050) and press “Check Tor”. Without Tor, remote CashFusion is blocked.","لم يتم العثور على Tor خارجي. ابدأ Tor المدمج أعلاه أو شغّل Tor Browser أو خدمة Tor ثم اضغط فحص Tor. بدون Tor يتم حظر CashFusion البعيد.","translated"
"tor.noProxy","No Tor proxy running ✗","لا يوجد وكيل Tor قيد التشغيل ✗","translated"
"tor.remoteRequired","Required for remote CashFusion servers","مطلوب لخوادم CashFusion البعيدة","translated"
"tor.runningOn","Running on port {port} ✓","يعمل على المنفذ {port} ✓","translated"
"tor.starting","Starting…","جارٍ البدء…","translated"
"tor.startIntegrated","Start integrated Tor","بدء Tor المدمج","translated"
"tor.stop","Stop","إيقاف","translated"
"tor.title","Tor","Tor","stable-term"
"tor.usingManual","Using manual port {port}","استخدام المنفذ اليدوي {port}","translated"
"txDetails.bch","BCH","BCH","stable-term"
"txDetails.index","Index","الفهرس","stable-term"
"txDetails.locktime","Locktime","وقت القفل","translated"
"txDetails.txid","TXID","معرّف المعاملة","stable-term"
"txDetails.version","Version","الإصدار","stable-term"
"txSummary.bch","BCH","BCH","stable-term"
"txSummary.bchInput","bch input","مدخل BCH","translated"
"txSummary.bytes","bytes","بايت","stable-term"
"txSummary.fee","Fee","الرسوم","translated"
"txSummary.feeRate","Fee rate","معدل الرسوم","translated"
"txSummary.inputs","Inputs","المدخلات","translated"
"txSummary.outputs","Outputs","المخرجات","translated"
"txSummary.sats","sats","ساتوشي","stable-term"
"txSummary.token","token","رمز","stable-term"
"txSummary.tokenInput","token input","مدخل رمز","translated"
"txSummary.txSize","Tx size","حجم المعاملة","translated"
"utxo.amount","Amount","المبلغ","translated"
"utxo.bitcoinCash","Bitcoin Cash","بيتكوين كاش","stable-term"
"utxo.ft","FT","FT","stable-term"
"utxo.height","Height","الارتفاع","translated"
"utxo.loading","Loading UTXOs…","جارٍ تحميل UTXOs…","translated"
"utxo.name","Name","الاسم","translated"
"utxo.nft","NFT","NFT","stable-term"
"utxo.none","No UTXOs to display.","لا توجد UTXOs لعرضها.","translated"
"utxo.pos","Pos","الموضع","translated"
"utxo.tokens","tokens","الرموز","stable-term"
"utxo.txHash","Tx Hash","تجزئة المعاملة","translated"
"walkthrough.label","Walkthrough","جولة إرشادية","translated"
"watchOnly.accountXpub","Account xPub","xPub الحساب","translated"
"watchOnly.back","Back to wallets","العودة إلى المحافظ","translated"
"watchOnly.change","Change #{index}","الباقي رقم {index}","translated"
"watchOnly.chipnet","Chipnet","Chipnet","stable-term"
"watchOnly.comingNext","Coming next","التالي","translated"
"watchOnly.description","Inspect public BCH addresses without importing any private keys.","افحص عناوين BCH العامة دون استيراد أي مفاتيح خاصة.","translated"
"watchOnly.mainnet","Mainnet","Mainnet","stable-term"
"watchOnly.multipleCosigners","Multiple cosigners","عدة موقّعين مشاركين","translated"
"watchOnly.multisign","Multisign","توقيع متعدد","translated"
"watchOnly.network","Network","الشبكة","translated"
"watchOnly.pathNote","Confirm that SeedCash exported this account at m/44'/145'/account'. A standalone BIP32 xPub cannot prove its parent purpose or coin path.","تأكد من أن SeedCash صدّر هذا الحساب بالمسار m/44'/145'/account'. لا يستطيع xPub مستقل بنظام BIP32 إثبات غرض الأصل أو مسار العملة.","translated"
"watchOnly.previewPublic","Preview public addresses","معاينة العناوين العامة","translated"
"watchOnly.previewTitle","Public address preview","معاينة العنوان العام","translated"
"watchOnly.receive","Receive #{index}","استلام رقم {index}","translated"
"watchOnly.scanCamera","Scan (camera)","مسح (الكاميرا)","translated"
"watchOnly.standard","Standard","قياسي","stable-term"
"watchOnly.title","Watch-Only Wallet Preview","معاينة محفظة للمشاهدة فقط","translated"
"watchOnly.type","Watch-only wallet type","نوع محفظة المشاهدة فقط","translated"
"watchOnly.uploadQr","Upload QR","رفع QR","translated"
"watchOnly.warning","Public preview only: this screen does not save a watch-only wallet or create, sign, import, or broadcast PSBT transactions yet.","معاينة عامة فقط: لا تحفظ هذه الشاشة محفظة للمشاهدة فقط ولا تنشئ أو توقّع أو تستورد أو تبث معاملات PSBT بعد.","translated"
"watchOnly.xpubPlaceholder","Paste the xPub exported by SeedCash","الصق xPub المُصدّر من SeedCash","translated"
"wc.activeSessions","Active WalletConnect Sessions","جلسات WalletConnect النشطة","translated"
"wc.address","Address","العنوان","translated"
"wc.approvalFailedBody","Failed to approve the session request from {name}.","تعذرت الموافقة على طلب الجلسة من {name}.","translated"
"wc.approvalFailedTitle","WalletConnect approval failed","فشلت الموافقة على WalletConnect","translated"
"wc.approve","Approve","موافقة","translated"
"wc.approvedBody","Connected to {name}.","تم الاتصال بـ {name}.","translated"
"wc.approvedTitle","WalletConnect session approved","تمت الموافقة على جلسة WalletConnect","translated"
"wc.approveSession","Approve Session","الموافقة على الجلسة","translated"
"wc.broadcast","Broadcast","بث","translated"
"wc.broadcastLocked","Another outgoing transaction is still syncing. To avoid duplicates while you are offline, this wallet will only broadcast one unresolved transaction at a time.","توجد معاملة صادرة أخرى قيد المزامنة. ستبث هذه المحفظة معاملة غير محلولة واحدة فقط لتجنب التكرار.","translated"
"wc.cancel","Cancel","إلغاء","translated"
"wc.close","Close","إغلاق","translated"
"wc.connect","Connect","اتصال","translated"
"wc.connectionUri","Connection URI","URI الاتصال","translated"
"wc.dappName","DApp Name","اسم dApp","translated"
"wc.disconnect","Disconnect","قطع الاتصال","translated"
"wc.disconnectsOn","Disconnects On","ينقطع الاتصال في","translated"
"wc.domain","Domain","النطاق","translated"
"wc.enterUri","Enter WalletConnect URI","أدخل URI الخاص بـ WalletConnect","translated"
"wc.estimatedFee","Estimated Fee","الرسوم المقدرة","translated"
"wc.fungibleAmount","Fungible Amount","كمية الرمز القابل للاستبدال","translated"
"wc.index","Index","الفهرس","stable-term"
"wc.inputs","Inputs ({count})","المدخلات ({count})","translated"
"wc.invalidLockingBytecode","Invalid locking bytecode","رمز قفل غير صالح","translated"
"wc.invalidQr","Not a valid WalletConnect URI.","ليس URI صالحًا لـ WalletConnect.","translated"
"wc.messageApprovedBody","Approved the WalletConnect message request.","تمت الموافقة على طلب رسالة WalletConnect.","translated"
"wc.messageFailedBody","Failed to sign WalletConnect message request.","تعذر توقيع طلب رسالة WalletConnect.","translated"
"wc.messageFailedTitle","WalletConnect message failed","فشلت رسالة WalletConnect","translated"
"wc.messageRejectedBody","Rejected the WalletConnect message request.","تم رفض طلب رسالة WalletConnect.","translated"
"wc.messageRejectedTitle","WalletConnect message rejected","تم رفض رسالة WalletConnect","translated"
"wc.messageRejectFailedBody","Failed to reject WalletConnect message request.","تعذر رفض طلب رسالة WalletConnect.","translated"
"wc.messageSignedBody","Approved request from {name}.","تمت الموافقة على الطلب من {name}.","translated"
"wc.messageSignedTitle","WalletConnect message signed","تم توقيع رسالة WalletConnect","translated"
"wc.messageToSign","Message to Sign","الرسالة المطلوب توقيعها","translated"
"wc.nftCapability","NFT Capability","قدرة NFT","translated"
"wc.nftCommitment","NFT Commitment","التزام NFT","translated"
"wc.no","No","لا","translated"
"wc.noActiveSessions","No active WalletConnect sessions yet.","لا توجد جلسات WalletConnect نشطة بعد.","translated"
"wc.noQr","No QR code detected. Try again.","لم يتم العثور على رمز QR. حاول مرة أخرى.","translated"
"wc.noSessions","No active sessions.","لا توجد جلسات نشطة.","translated"
"wc.opReturnOutput","OP_RETURN Output","مخرج OP_RETURN","translated"
"wc.outputs","Outputs ({count})","المخرجات ({count})","translated"
"wc.pairingStarted","WalletConnect pairing started.","بدأ اقتران WalletConnect.","translated"
"wc.pairingSuccessful","WalletConnect pairing successful via QR.","اكتمل اقتران WalletConnect عبر QR.","translated"
"wc.prompt","Prompt","المطالبة","translated"
"wc.reject","Reject","رفض","translated"
"wc.rejectedBody","Rejected the session request from {name}.","تم رفض طلب الجلسة من {name}.","translated"
"wc.rejectedTitle","WalletConnect session rejected","تم رفض جلسة WalletConnect","translated"
"wc.rejectionFailedBody","Failed to reject the session request from {name}.","تعذر رفض طلب الجلسة من {name}.","translated"
"wc.rejectionFailedTitle","WalletConnect rejection failed","فشل رفض WalletConnect","translated"
"wc.rejectionSentBody","Sent the rejection response to the dApp.","تم إرسال استجابة الرفض إلى dApp.","translated"
"wc.rejectionStaleBody","The dApp disconnected before the rejection response could be delivered.","قطع dApp الاتصال قبل تسليم استجابة الرفض.","translated"
"wc.requestExpiredBody","The dApp request expired before it could be completed.","انتهت صلاحية طلب dApp قبل إكماله.","translated"
"wc.requestExpiredTitle","WalletConnect request expired","انتهت صلاحية طلب WalletConnect","translated"
"wc.scanFailed","WalletConnect scan failed.","فشل مسح WalletConnect.","translated"
"wc.scanQr","Scan QR","مسح QR","translated"
"wc.sessionDisconnectedBody","A WalletConnect session was disconnected remotely.","تم قطع اتصال جلسة WalletConnect عن بُعد.","translated"
"wc.sessionDisconnectedFrom","Disconnected from {name}.","انقطع الاتصال بـ {name}.","translated"
"wc.sessionDisconnectedTitle","WalletConnect session disconnected","انقطع اتصال جلسة WalletConnect","translated"
"wc.sessionRequestExpiredBody","The WalletConnect session request timed out before approval.","انتهت مهلة طلب جلسة WalletConnect قبل الموافقة.","translated"
"wc.sessionRequestExpiredTitle","WalletConnect session request expired","انتهت صلاحية طلب جلسة WalletConnect","translated"
"wc.sessionRequestFrom","Session request from {name}.","طلب جلسة من {name}.","translated"
"wc.sessionRequestGeneric","A dApp requested a WalletConnect session.","طلب أحد تطبيقات dApp جلسة WalletConnect.","translated"
"wc.sessionRequestTitle","WalletConnect session request","طلب جلسة WalletConnect","translated"
"wc.settings","Settings","الإعدادات","translated"
"wc.sign","Sign","توقيع","translated"
"wc.signMessageRequest","Sign Message Request","طلب توقيع رسالة","translated"
"wc.signTransactionRequest","Sign Transaction Request","طلب توقيع معاملة","translated"
"wc.tokenCategory","Token Category","فئة الرمز","translated"
"wc.totalInput","Total Input","إجمالي المدخلات","translated"
"wc.totalOutput","Total Output","إجمالي المخرجات","translated"
"wc.transactionApprovedTitle","WalletConnect transaction approved","تمت الموافقة على معاملة WalletConnect","translated"
"wc.transactionFailedBody","Failed to sign WalletConnect transaction request: {message}","تعذر توقيع طلب معاملة WalletConnect: {message}","translated"
"wc.transactionFailedTitle","WalletConnect transaction failed","فشلت معاملة WalletConnect","translated"
"wc.transactionRejectedTitle","WalletConnect transaction rejected","رُفضت معاملة WalletConnect","translated"
"wc.transactionRejectionFailedBody","Failed to reject WalletConnect transaction request: {message}","تعذر رفض طلب معاملة WalletConnect: {message}","translated"
"wc.transactionResponseSentBody","Sent the WalletConnect transaction response.","تم إرسال استجابة معاملة WalletConnect.","translated"
"wc.transactionSentBody","Sent the transaction response to {name}.","تم إرسال استجابة المعاملة إلى {name}.","translated"
"wc.transactionStaleBody","The dApp disconnected before the transaction response could be delivered.","قطع dApp الاتصال قبل تسليم استجابة المعاملة.","translated"
"wc.txid","TXID","معرّف المعاملة","stable-term"
"wc.unknownDapp","Unknown dApp","dApp غير معروف","translated"
"wc.unsupportedTransaction","This request uses an unsupported transaction representation in the current OPTN Wallet integration.","يستخدم هذا الطلب تمثيلًا غير مدعوم للمعاملة في تكامل OPTN Wallet الحالي.","translated"
"wc.validUri","Please provide a valid WalletConnect URI.","أدخل URI صالحًا لـ WalletConnect.","translated"
"wc.waitingForSync","Waiting for sync","في انتظار المزامنة","translated"
"wc.waitPrevious","Wait for the previous outgoing transaction to sync first","انتظر مزامنة المعاملة الصادرة السابقة أولًا","translated"
"wc.working","Working…","جارٍ التنفيذ…","translated"
"wc.yes","Yes","نعم","translated"
"wizard.activeSessions","Active WizardConnect Sessions","جلسات WizardConnect النشطة","translated"
"wizard.address","Address","العنوان","translated"
"wizard.approve","Approve WizardConnect","الموافقة على WizardConnect","translated"
"wizard.approved","WizardConnect transaction approved and sent.","تمت الموافقة على معاملة WizardConnect وإرسالها.","translated"
"wizard.approveFailed","WizardConnect transaction failed: {message}","فشلت معاملة WizardConnect: {message}","translated"
"wizard.broadcast","Broadcast","بث","translated"
"wizard.cancel","Cancel","إلغاء","translated"
"wizard.close","Close","إغلاق","translated"
"wizard.connect","Connect","اتصال","translated"
"wizard.connectedOn","Connected On","تم الاتصال في","translated"
"wizard.connecting","Connecting…","جارٍ الاتصال…","translated"
"wizard.connectionUri","Connection URI","URI الاتصال","translated"
"wizard.connectQuestion","Connect this wallet to the following WizardConnect request?","هل تريد توصيل هذه المحفظة بطلب WizardConnect التالي؟","translated"
"wizard.dapp","DApp","dApp","stable-term"
"wizard.disconnect","Disconnect","قطع الاتصال","translated"
"wizard.enterUri","Enter WizardConnect URI","أدخل URI الخاص بـ WizardConnect","translated"
"wizard.errorPrefix","Error: {message}","خطأ: {message}","translated"
"wizard.estimatedFee","Estimated Fee","الرسوم المقدرة","translated"
"wizard.fungibleAmount","Fungible Amount","كمية الرمز القابل للاستبدال","translated"
"wizard.index","Index","الفهرس","stable-term"
"wizard.invalidQr","Not a valid WizardConnect QR code.","رمز QR لـ WizardConnect غير صالح.","translated"
"wizard.no","No","لا","translated"
"wizard.noActiveSessions","No active WizardConnect sessions yet.","لا توجد جلسات WizardConnect نشطة بعد.","translated"
"wizard.noQr","No QR code detected. Try again.","لم يتم العثور على رمز QR. حاول مرة أخرى.","translated"
"wizard.noWallet","No active wallet is available for WizardConnect.","لا توجد محفظة نشطة متاحة لـ WizardConnect.","translated"
"wizard.opReturnOutput","OP_RETURN Output","مخرج OP_RETURN","translated"
"wizard.pairingStarted","WizardConnect pairing started.","بدأ اقتران WizardConnect.","translated"
"wizard.prompt","Prompt","المطالبة","translated"
"wizard.rejected","WizardConnect transaction rejected.","رُفضت معاملة WizardConnect.","translated"
"wizard.rejectFailed","WizardConnect rejection failed: {message}","فشل رفض WizardConnect: {message}","translated"
"wizard.scanFailed","WizardConnect scan failed.","فشل مسح WizardConnect.","translated"
"wizard.sessionDisconnectedOrExpired","A WizardConnect session disconnected or expired on the dApp side.","انقطعت جلسة WizardConnect أو انتهت صلاحيتها من جهة dApp.","translated"
"wizard.settings","Settings","الإعدادات","translated"
"wizard.sign","Sign","توقيع","translated"
"wizard.signRequest","WizardConnect Sign Request","طلب توقيع WizardConnect","translated"
"wizard.status","Status","الحالة","stable-term"
"wizard.tokenCategory","Token Category","فئة الرمز","translated"
"wizard.totalInput","Total Input","إجمالي المدخلات","translated"
"wizard.totalOutput","Total Output","إجمالي المخرجات","translated"
"wizard.txid","TXID","معرّف المعاملة","stable-term"
"wizard.unknownDapp","Unknown dApp","dApp غير معروف","translated"
"wizard.unsupportedTransaction","This request uses an unsupported transaction representation in the current OPTN Wallet integration.","يستخدم هذا الطلب تمثيلًا غير مدعوم للمعاملة في تكامل OPTN Wallet الحالي.","translated"
"wizard.validUri","Please provide a valid WizardConnect URI.","أدخل URI صالحًا لـ WizardConnect.","translated"
"wizard.yes","Yes","نعم","translated"
