"key","English (en)","Status"
"about.building","Building and Sending Transactions","translated"
"about.buildingText","Construct transactions with custom covenant conditions such as time locks, multisignature requirements, or allowlisted addresses.","translated"
"about.cashscriptExamples","CashScript Covenant Examples","translated"
"about.cashscriptGuide","CashScript - Writing Covenants & Introspection","translated"
"about.cointelegraph","Cointelegraph - What are Bitcoin covenants, and how do they work?","translated"
"about.community","Community Feedback","translated"
"about.communityText","Built with input from beta testers and real user needs.","translated"
"about.creating","Creating and Importing Wallets","translated"
"about.creatingText","Create new wallets or import existing ones using standard formats compatible with other Bitcoin wallets.","translated"
"about.feedback","Feedback and Support","translated"
"about.feedbackText","Your feedback helps us improve OPTN Wallet. For suggestions, issues, or support, contact us at","translated"
"about.flexibility","Flexibility","translated"
"about.flexibilityText","Tailor your wallet experience with custom transaction conditions.","translated"
"about.intended","Intended Use","translated"
"about.intendedText","OPTN is ready to help you manage digital assets with advanced covenant features, whether you are handling personal funds or exploring Bitcoin covenants.","translated"
"about.intuitive","Intuitive Design","translated"
"about.intuitiveText","A user-friendly interface that makes asset management approachable for beginners.","translated"
"about.keyFeatures","Key Features","translated"
"about.learn","Learn More About Bitcoin Covenants","translated"
"about.learnText","Explore these resources to deepen your understanding of Bitcoin covenants:","translated"
"about.overview","Overview","translated"
"about.overviewText","The OPTN Wallet App gives you direct control and security over your digital assets. Bitcoin covenants let you set custom rules for how funds can be spent, so your wallet can match your preferences.","translated"
"about.security","Security","translated"
"about.securityText","Bitcoin covenant features help protect assets from unauthorized transactions.","translated"
"about.unmatched","Unmatched Security","translated"
"about.unmatchedText","Define exactly how funds can be spent with Bitcoin covenants.","translated"
"about.viewing","Viewing Covenants","translated"
"about.viewingText","Review the rules that govern transactions so you can understand how your funds are protected.","translated"
"about.why","Why Choose OPTN Wallet?","translated"
"about.wiki","Bitcoin Covenants Wiki","translated"
"actions.advanced","Advanced","translated"
"actions.advancedActions","Advanced Actions","translated"
"actions.basic","Basic","translated"
"actions.basicActions","Basic Actions","translated"
"actions.cashTokens","CashTokens","stable-term"
"actions.cashTokensDescription","Manage token families","translated"
"actions.commonWalletTasks","Common wallet tasks","translated"
"actions.contracts","Contracts","translated"
"actions.contractsDescription","Manage contract instances","translated"
"actions.deeperTools","Deeper tools and workflows","translated"
"actions.newAddress","New Address","translated"
"actions.newAddressDescription","Generate a new address","translated"
"actions.quantumroot","Quantumroot","stable-term"
"actions.quantumrootBadge","Beta production","translated"
"actions.quantumrootDescription","Quantum-ready vaults","translated"
"actions.receive","Receive","translated"
"actions.receiveDescription","Receive BCH or CashTokens","translated"
"actions.scanQr","Scan QR","translated"
"actions.scanQrDescription","Sweep paper wallets","translated"
"actions.send","Send","translated"
"actions.sendDescription","Send BCH or CashTokens","translated"
"actions.subtitle","Simple wallet actions for everyday use","translated"
"actions.taskMode","Task mode","translated"
"actions.taskModeDescription","Basic tasks first, advanced tools one step deeper","translated"
"actions.title","Actions","stable-term"
"actions.transactionBuilder","Transaction Builder","translated"
"actions.transactionBuilderDescription","Build custom transactions","translated"
"actions.walletConnect","WalletConnect","stable-term"
"actions.walletConnectDescription","Manage dApp sessions","translated"
"actions.wizardConnect","WizardConnect","stable-term"
"actions.wizardConnectDescription","XPub-key-enabled dApp sessions","translated"
"addons.description","Addons run in a sandboxed frame with no access to your wallet's keys or memory — they can only do what the permissions you approve allow.","translated"
"addons.desktopOnly","Installing addons from a folder is only available on desktop.","translated"
"addons.installed","Installed addons","translated"
"addons.installedStatus","Installed “{name}”. Restart the app to load it.","translated"
"addons.installFolder","Install from folder…","translated"
"addons.installing","Installing…","translated"
"addons.none","No addons installed.","translated"
"addons.uninstall","Uninstall","translated"
"addons.uninstalledStatus","Uninstalled. Restart the app for it to fully disappear.","translated"
"app.back","Back","translated"
"app.close","Close","translated"
"app.confirmLogout","Confirm Logout","translated"
"app.confirmLogoutDescription","Confirm logout to remove this wallet from the device.","translated"
"app.help","Help","translated"
"app.language","Language","translated"
"app.languageDescription","Choose the wallet interface language","translated"
"app.logOut","Log Out","translated"
"app.quickAccess","Quick access","translated"
"app.settings","Settings","translated"
"app.toggleTheme","Toggle theme","translated"
"appLock.cancel","Cancel","translated"
"appLock.checking","Checking…","translated"
"appLock.confirm","Confirm","translated"
"appLock.confirmPassword","Confirm password","translated"
"appLock.incorrect","Incorrect passphrase. Try again.","translated"
"appLock.password","Password","translated"
"appLock.revealBackup","Enter your password to reveal the backup phrase.","translated"
"appLock.verificationFailed","Verification failed. Please try again.","translated"
"apps.addonLoadFailed","Addon failed to load","translated"
"apps.advanced","Advanced","translated"
"apps.all","All","translated"
"apps.allowCapabilities","Allow {name} capabilities?","translated"
"apps.allowOnce","Allow once","translated"
"apps.allowSensitiveAction","Allow sensitive action?","translated"
"apps.alwaysAllow","Always allow","translated"
"apps.appDefinition","App definition","translated"
"apps.approveCapabilities","Approve required capabilities to continue.","translated"
"apps.back","Back","translated"
"apps.browse","Browse apps","translated"
"apps.browseSubtitle","Wallet first, then tokens, utils, and advanced platforms","translated"
"apps.capabilitiesMessage","This addon app is requesting wallet capabilities before launch.","translated"
"apps.capability","Capability:","translated"
"apps.capability.addOutputs","Construct transaction outputs","translated"
"apps.capability.addressUtxosRead","Read UTXOs for wallet addresses","translated"
"apps.capability.addressUtxosRefresh","Refresh and store UTXOs for wallet addresses","translated"
"apps.capability.broadcastTransactions","Broadcast transactions","translated"
"apps.capability.buildTransactions","Build transactions","translated"
"apps.capability.fetchJson","Fetch JSON over HTTP","translated"
"apps.capability.signatureTemplates","Create signature templates","translated"
"apps.capability.signMessages","Sign messages with wallet keys","translated"
"apps.capability.tokenHoldersRead","Read TokenIndex holder lists","translated"
"apps.capability.tokenMetadataRead","Read CashToken metadata","translated"
"apps.capability.walletAddressesRead","Read wallet addresses","translated"
"apps.capability.walletContextRead","Read wallet context","translated"
"apps.capability.walletUtxosRead","Read wallet UTXOs","translated"
"apps.capabilityRequested","{name} requested: {capability}.","translated"
"apps.cashFusionDescription","Private CoinJoin — server or P2P over Nostr + Tor","translated"
"apps.chatDescription","Private end-to-end encrypted Nostr messaging","translated"
"apps.comingSoon","Coming soon","translated"
"apps.contractsDescription","Browse artifacts and manage deployed instances","translated"
"apps.deny","Deny","translated"
"apps.empty","No apps in this category.","translated"
"apps.expectedScreen","Expected config.screen (or app.id) to map to a built-in app implementation.","translated"
"apps.failedToLoad","Failed to load app","translated"
"apps.goToLanding","Go to Landing","translated"
"apps.loadFailed","Failed to load addon apps","translated"
"apps.loadingAddon","Loading addon…","translated"
"apps.loadingApp","Loading app…","translated"
"apps.noWallet","No wallet selected","translated"
"apps.permissionDenied","Permission denied. App launch was blocked.","translated"
"apps.quantumrootDescription","Receive and recovery tools for advanced vaults","translated"
"apps.resolvedScreenId","Resolved screen ID","translated"
"apps.subtitle","Extend your wallet with tools","translated"
"apps.title","Apps","translated"
"apps.token","Token","stable-term"
"apps.unsupportedAppKind","Unsupported app kind:","translated"
"apps.unsupportedDeclarativeApp","Unsupported declarative app:","translated"
"apps.utils","Utils","translated"
"apps.waitingPermission","Waiting for app permission","translated"
"apps.wallet","Wallet","stable-term"
"assets.advancedVaultDescription","Receive and recovery tools for advanced vaults","translated"
"assets.advancedVaultWorkspace","Advanced vault workspace","translated"
"assets.bitcoinCash","Bitcoin Cash","stable-term"
"assets.cashTokenHoldings","CashToken holdings","translated"
"assets.cashTokens","CashTokens","stable-term"
"assets.categories","categories","translated"
"assets.chipnet","Chipnet","stable-term"
"assets.fungible","fungible","translated"
"assets.fungibleHoldings","Fungible token holdings","translated"
"assets.mintingNfts","Minting NFTs","translated"
"assets.mintingNftsDescription","Authority to mint additional NFTs in this category","translated"
"assets.mintTokens","Mint Tokens","translated"
"assets.mutableNfts","Mutable NFTs","translated"
"assets.mutableNftsDescription","Commitment may be changed by the holder","translated"
"assets.nfts","NFTs","stable-term"
"assets.noFungibleTokens","No fungible CashTokens found.","translated"
"assets.noNfts","No NFTs found.","translated"
"assets.nonFungibleHoldings","Non-fungible holdings","translated"
"assets.openVaults","Open vaults","translated"
"assets.plainNfts","Plain NFTs","translated"
"assets.plainNftsDescription","Fixed commitment; cannot be changed or used to mint","translated"
"assets.primaryBalance","Primary wallet balance","translated"
"assets.quantumroot","Quantumroot","stable-term"
"assets.quickInventory","Quick view of your wallet inventory","translated"
"assets.tabBch","BCH","stable-term"
"assets.tabNfts","NFTs","translated"
"assets.tabTokens","Tokens","stable-term"
"assets.title","Assets","translated"
"assets.toggleBalance","Toggle BCH and USD balance","translated"
"assets.units","units","translated"
"assets.usdPriceUnavailable","USD price unavailable","translated"
"assets.usdUnavailable","USD unavailable","translated"
"assets.vaultWorkspace","Vault workspace","translated"
"bip37.addressesWithCoins","address(es) with coins","translated"
"bip37.blocks","blocks","stable-term"
"bip37.fromNode","BCH from the node ✓","translated"
"bip37.height","height","translated"
"bip37.inUse","● in use","translated"
"bip37.node","Node","stable-term"
"bip37.notServes","Does not serve BIP37 ✗ (bloom filtering off)","translated"
"bip37.probe","Probe","translated"
"bip37.probing","Probing…","translated"
"bip37.protocol","protocol","translated"
"bip37.remove","Remove","translated"
"bip37.scanned","scanned","translated"
"bip37.serves","Serves BIP37 ✓","translated"
"bip37.sync","Sync","translated"
"bip37.syncing","Syncing…","translated"
"bip37.syncingDetails","Syncing headers + scanning blocks via the node…","translated"
"bip37.use","Use","translated"
"bip37.useBalanceTitle","Derive this wallet's balance directly from the node (trustless SPV)","translated"
"bip37.useNodeTitle","Use ONLY this node for wallet data (trustless; Electrum servers are not consulted)","translated"
"bip37.verified","Verified trustlessly: every matched tx proven by its block's merkle proof.","translated"
"bip37.watching","watching","translated"
"builder.addFirstRecipient","Add your first recipient","translated"
"builder.addOpReturnOutput","Add OP_RETURN Output","translated"
"builder.addOutput","Add Output","translated"
"builder.addRecipient","Add recipient","translated"
"builder.addRecipients","Add recipients","translated"
"builder.addRecipientsDescription","Add BCH recipients, token transfers, collectibles, or an optional message output.","translated"
"builder.address","Address","translated"
"builder.amount","Amount","translated"
"builder.amountToSend","Amount to send","translated"
"builder.attachMessage","Attach message","translated"
"builder.back","Back","translated"
"builder.bchAddress","BCH address","translated"
"builder.bchAmountSats","BCH amount (sats)","translated"
"builder.bchFunds","BCH funds","translated"
"builder.broadcastedSuccess","Your transaction was broadcast successfully!","translated"
"builder.buildTransaction","Build Transaction","translated"
"builder.buildTx","Build TX","translated"
"builder.capability","Capability","translated"
"builder.category","Category","translated"
"builder.chooseSource","Choose a source","translated"
"builder.chooseSourceDescription","Pick wallet addresses for normal sends, or contracts for script spends.","translated"
"builder.chooseSourceHelp","Choose source","translated"
"builder.close","Close","translated"
"builder.collectibleAmount","Collectible amount","translated"
"builder.commitment","Commitment","translated"
"builder.configureCollectible","Configure collectible","translated"
"builder.confirmAndSend","Confirm and Send Transaction","translated"
"builder.confirmTransaction","Confirm Transaction","translated"
"builder.contract","Contract","translated"
"builder.contractAddress","Contract address","translated"
"builder.contractAssets","Contract assets","translated"
"builder.contractFunction","Contract Function","translated"
"builder.contractFunds","Contract funds","translated"
"builder.contracts","Contracts","translated"
"builder.contractSourceCount","{count} contract source(s)","translated"
"builder.contractSourcePlural","{count} contract sources","translated"
"builder.contractSources","Contract sources","translated"
"builder.contractSourceSingular","{count} contract source","translated"
"builder.copyToClipboard","Copy to clipboard","translated"
"builder.createCollectible","Create collectible","translated"
"builder.createToken","Create token","translated"
"builder.customSend","Custom Send","translated"
"builder.decodeFailed","Unable to decode transaction. Showing raw hex:","translated"
"builder.dragToConfirm","Drag to Confirm","translated"
"builder.enterTokenAmount","Enter amount (max {amount})","translated"
"builder.estimatedNetworkFee","Estimated network fee","translated"
"builder.feeReserve","Leaving a {count} sat fee reserve.","translated"
"builder.flow","Flow","translated"
"builder.flowDescription","Pick a source, choose funds, add recipients, then preview the final transaction before sending.","translated"
"builder.fundsSelected","Funds selected","translated"
"builder.fungibleAmount","Fungible Amount","translated"
"builder.fungibleTokens","Fungible Tokens","translated"
"builder.genesisCollectible","Genesis input for this collectible","translated"
"builder.genesisInput","Genesis input for this token","translated"
"builder.help","Help","translated"
"builder.howWorks","How this works","translated"
"builder.inputs","Inputs","translated"
"builder.leftoverBchPlaceholder","Wallet address for leftover BCH","translated"
"builder.max","Max","translated"
"builder.maxSpendable","Set to maximum spendable (leaves 2000 sats for fees)","translated"
"builder.missingUnlocker","Missing unlocker!","translated"
"builder.next","Next","translated"
"builder.nftCapability","NFT Capability","translated"
"builder.nftCommitment","NFT Commitment","translated"
"builder.noContractAddresses","No contract addresses available.","translated"
"builder.noFundsSelected","No funds selected yet.","translated"
"builder.none","None","translated"
"builder.nonFungibleTokens","Non-Fungible Tokens","translated"
"builder.noOutputs","No outputs added yet.","translated"
"builder.noQrCode","No QR code detected. Please try again.","translated"
"builder.noSpendableBalance","No spendable balance after fee reserve","translated"
"builder.noUtxosSelected","No UTXOs selected.","translated"
"builder.noWalletAddresses","No wallet addresses available.","translated"
"builder.opReturnData","OP_RETURN Data","translated"
"builder.opReturnEmpty","OP_RETURN data cannot be empty.","translated"
"builder.opReturnOutput","OP_RETURN Output","translated"
"builder.opReturnPlaceholder","Enter space-separated ASCII words","translated"
"builder.outputs","Outputs","translated"
"builder.paperWallet","Paper Wallet","translated"
"builder.paperWalletUtxos","Paper Wallet UTXOs","translated"
"builder.pickFunds","Pick funds","translated"
"builder.pickFundsDescription","Select the BCH, tokens, or collectibles that will fund this transaction.","translated"
"builder.rawTransactionDetails","Raw Transaction Details","translated"
"builder.ready","Ready","translated"
"builder.recipient","{count} recipient","translated"
"builder.recipientAddress","Recipient Address","translated"
"builder.recipientCount","{count} recipients","translated"
"builder.recipients","Recipients","translated"
"builder.recipientsAdded","Recipients added","translated"
"builder.remove","Remove","translated"
"builder.removeAllRecipients","Remove all recipients","translated"
"builder.returnLeftover","Return leftover funds to","translated"
"builder.reviewAndSend","Review and send","translated"
"builder.reviewAndSendDescription","Preview first, then send only when the summary looks right.","translated"
"builder.reviewFunds","Review funds","translated"
"builder.reviewRecipients","Review recipients","translated"
"builder.scanQrCode","Scan QR Code","translated"
"builder.selectedFunds","Selected funds","translated"
"builder.selectedItem","{count} selected item","translated"
"builder.selectedItems","{count} selected items","translated"
"builder.selectGenesisInput","Select genesis input","translated"
"builder.selectSource","Select a source to continue.","translated"
"builder.sendBch","Send BCH","translated"
"builder.sendTx","Send TX","translated"
"builder.sendWarning","You are about to send a transaction. Please confirm that all details are correct. This action cannot be undone.","translated"
"builder.sourcesChosen","Sources chosen","translated"
"builder.step","Step {number}","translated"
"builder.token","Token","translated"
"builder.tokenAddress","Token address","translated"
"builder.tokenAmount","Token Amount","translated"
"builder.tokenCategory","Token Category","translated"
"builder.tokenCategoryLabel","Token Category","translated"
"builder.tokensCollectibles","Tokens & collectibles","translated"
"builder.transactionError","Transaction Error","translated"
"builder.transactionSubmitted","Transaction Submitted","translated"
"builder.transactionSubmittedDescription","Your transaction has been submitted. Use this txid as the reference and avoid sending it again.","translated"
"builder.transactionSuccessful","Transaction Successful","translated"
"builder.transferMinimum","Transfer amount must be at least {count}.","translated"
"builder.tryAgain","Try Again","translated"
"builder.txHash","Tx Hash","translated"
"builder.txId","TX ID","translated"
"builder.viewExplorer","View on Explorer","translated"
"builder.wallet","Wallet","translated"
"builder.walletAssets","Wallet assets","translated"
"builder.walletFunds","Wallet funds","translated"
"builder.walletSourceCount","{count} wallet source(s)","translated"
"builder.walletSourcePlural","{count} wallet sources","translated"
"builder.walletSources","Wallet sources","translated"
"builder.walletSourceSingular","{count} wallet source","translated"
"builder.warning","⚠️ Warning","translated"
"camera.cancel","Cancel","translated"
"camera.scan","Scan QR with camera","translated"
"camera.unavailable","Camera unavailable: {error}. Use Upload instead.","translated"
"cauldron.active","active","translated"
"cauldron.description","Detected from the active wallet receive/change/DeFi address set through the Cauldron indexer.","translated"
"cauldron.positions","Cauldron positions","translated"
"cauldron.tokenCategories","token categories","translated"
"chat.back","Back to conversations","translated"
"chat.choosePhoto","Choose photo","translated"
"chat.copyNpub","Copy npub","translated"
"chat.displayName","Display name","translated"
"chat.emptyDescription","Pick a conversation, or tap + to message someone by their npub. Messages are end-to-end encrypted over Nostr.","translated"
"chat.encrypted","End-to-end encrypted","translated"
"chat.messagePlaceholder","Message…","stable-term"
"chat.newChat","New chat","translated"
"chat.newConversation","New conversation","translated"
"chat.noConversations","No conversations yet. Tap + to start one.","translated"
"chat.noMessages","No messages yet. Say hi — messages are end-to-end encrypted.","translated"
"chat.open","Open","translated"
"chat.privateConversations","Your private conversations","translated"
"chat.privateMessaging","Private Nostr messaging","translated"
"chat.profile","Profile","translated"
"chat.profilePublished","Profile published ✓","translated"
"chat.publishProfile","Publish profile","translated"
"chat.recipient","Recipient npub…","translated"
"chat.searchConversations","Search conversations","translated"
"chat.send","Send","translated"
"chat.setup","Nostr setup","translated"
"chat.title","Chat","translated"
"chat.youPrefix","You: ","translated"
"chat.yourNpub","Your npub","translated"
"confirm.action","Confirm action","translated"
"confirm.cancel","Cancel","translated"
"confirm.ok","OK","stable-term"
"console.appLog","App Log","translated"
"console.clear","Clear","translated"
"console.noEntries","No log entries yet.","translated"
"console.placeholder","method [params…]","stable-term"
"console.rpc","Electrum RPC","stable-term"
"console.send","Send","translated"
"console.sending","…","translated"
"console.typeHint","Type: method param1 param2 — e.g. server.version or blockchain.headers.subscribe","translated"
"contract.arbiter","Arbiter: A trusted party who authorizes release of funds.","translated"
"contract.available","Available Contracts","translated"
"contract.bip38","BIP38 (Password-Protected Private Keys)","translated"
"contract.bip38Desc","The BIP38 contract secures private keys with a password. Its UTXOs require both the correct password and a valid signature.","translated"
"contract.bip38Spending","Spending Requirements: Provide a valid owner signature and a data signature verifying the password.","translated"
"contract.bip38UseCase","Use Case: Ideal for protecting private keys against theft or unauthorized access, especially for long-term storage.","translated"
"contract.enhancedTrust","Enhanced Trust: Useful for transactions requiring multiple trusted parties.","translated"
"contract.escrow","Escrow","stable-term"
"contract.escrowDesc","The Escrow contract supports secure transactions between a buyer and seller with a trusted arbiter. Funds are released only with the arbiter’s approval.","translated"
"contract.escrowMS2","EscrowMS2 (Multi-Party Escrow)","stable-term"
"contract.escrowMS2Desc","EscrowMS2 extends escrow with two arbiters. Funds can be released with one arbiter’s approval or both arbiters’ combined approval.","translated"
"contract.escrowMS2Spending","Spending Requirements: One arbiter or both arbiters provide valid signatures, and the full amount goes to the buyer or seller.","translated"
"contract.escrowSecurity","Security: Funds remain locked until the arbiter approves, helping prevent fraud or disputes.","translated"
"contract.escrowSpending","Spending Requirements: The arbiter provides a valid signature and the full amount goes to the buyer’s or seller’s public-key-hash address.","translated"
"contract.howToUse","How to Use Covenant Contracts","translated"
"contract.howToUseText","Open the Contracts section, choose a contract type, configure its conditions, and deploy it. To spend from contract UTXOs, meet the specific spending requirements above. Detailed instructions and examples are available in the app documentation.","translated"
"contract.intro","Covenant contracts in the OPTN Wallet are smart contracts that enforce rules for spending digital assets. Each contract locks funds in UTXOs that can only be spent by meeting predefined conditions.","translated"
"contract.msvault","MSVault (Multi-Signature Vault)","stable-term"
"contract.msvaultDesc","MSVault creates a secure shared or long-term vault requiring multiple signatures and a password. It enforces a minimum balance and time lock.","translated"
"contract.msvaultSpending","Spending Requirements: Provide a valid signature and password-verified data signature while maintaining at least 4000 satoshis, or use a valid signature after the time lock expires.","translated"
"contract.msvaultUseCase","Use Case: Suitable for shared ownership or long-term storage with strict access controls.","translated"
"contract.multipleArbiters","Multiple Arbiters: Two arbiters can authorize release of funds.","translated"
"contract.multiSignature","Multi-Signature: Requires signatures from multiple authorized parties.","translated"
"contract.p2pkh","P2PKH (Pay-to-Public-Key-Hash)","stable-term"
"contract.p2pkhDesc","P2PKH is a standard Bitcoin script that protects UTXOs by requiring a signature from the owner of a specified public-key hash.","translated"
"contract.p2pkhSecurity","Security: A proven and reliable method for protecting digital assets.","translated"
"contract.p2pkhSpending","Spending Requirements: Provide a valid signature matching the public-key hash in the contract.","translated"
"contract.passwordProtection","Password Protection: Encrypts your private key with a user-defined password.","translated"
"contract.simplicity","Simplicity: Easy to use and compatible with most Bitcoin wallets.","translated"
"contract.timeControl","Time-Based Control: Sets a deadline for the recipient to claim funds.","translated"
"contract.transfer","TransferWithTimeout","stable-term"
"contract.transferDesc","TransferWithTimeout enables conditional transfers with a deadline. The recipient can claim funds before the timeout; the sender can reclaim them afterward.","translated"
"contract.transferSpending","Spending Requirements: The recipient signs before the timeout; afterward, the sender can reclaim funds with a valid signature.","translated"
"contract.transferUseCase","Use Cases: Useful for subscriptions, conditional payments, or escrow-like scenarios.","translated"
"contractPopup.back","Back","translated"
"contractPopup.chooseFunction","Select a function","translated"
"contractPopup.enterData","Please enter data to generate the message.","translated"
"contractPopup.enterMessage","Enter message for {name}","translated"
"contractPopup.enterValue","Enter {name}","translated"
"contractPopup.fetchFailed","Failed to fetch keys.","translated"
"contractPopup.generated","Message generated successfully!","translated"
"contractPopup.generateMessage","Generate Message","translated"
"contractPopup.generationFailed","Failed to generate message.","translated"
"contractPopup.invalidFormat","Invalid {type} format. Please scan a valid QR code.","translated"
"contractPopup.message","Message","stable-term"
"contractPopup.messageForCheck","message for checkdatasig","translated"
"contractPopup.noKeys","No keys found for address: {address}","translated"
"contractPopup.noQr","No QR code detected. Please try again.","translated"
"contractPopup.scanFor","Scan QR Code for {name}","translated"
"contractPopup.select","Select","translated"
"contractPopup.selectAddress","Select Address","translated"
"contractPopup.selected","Selected {type}","translated"
"contractPopup.title","Select a Function","translated"
"contractView.address","Address","translated"
"contractView.addressCopied","Address copied to clipboard!","translated"
"contractView.argumentTypeInfo","Argument type info","translated"
"contractView.back","Back","translated"
"contractView.balance","Balance","translated"
"contractView.blockHeight","Current Block Height","translated"
"contractView.blockHeightInfo","Blocks increment on an average interval of 10 minutes.","translated"
"contractView.constructorArgs","Constructor Arguments","translated"
"contractView.copyFailed","Failed to copy address.","translated"
"contractView.create","Create Contract","translated"
"contractView.created","Contract created successfully!","translated"
"contractView.createFailed","Failed to create contract: {message}","translated"
"contractView.createStep","3. Create the contract","translated"
"contractView.datasigInfo","Data signature info","translated"
"contractView.delete","Delete","translated"
"contractView.deleted","Contract deleted successfully!","translated"
"contractView.deleteFailed","Failed to delete contract.","translated"
"contractView.deleteFailedFallback","Failed to delete contract.","translated"
"contractView.enterMessage","Enter message for {name}","translated"
"contractView.enterType","Enter a value matching type: {type}.","translated"
"contractView.error","Error","translated"
"contractView.errorPrefix","Error: {message}","translated"
"contractView.fillInputs","2. Fill constructor inputs","translated"
"contractView.fillRequired","Fill in each required value before creating the contract.","translated"
"contractView.hashInfo","20-byte hash (hex) of an address/public key. Use “Select Address”.","translated"
"contractView.howWorks","How this works","translated"
"contractView.instantiated","Instantiated Contracts","translated"
"contractView.loadContractsFailed","Failed to load available contracts.","translated"
"contractView.loadDetailsFailed","Failed to load contract details.","translated"
"contractView.loadInstancesFailed","Failed to load contract instances.","translated"
"contractView.noInputs","This contract template has no constructor inputs.","translated"
"contractView.noInstances","No contract instances yet.","translated"
"contractView.noQr","No QR code detected. Please try again.","translated"
"contractView.pickTemplate","1. Pick a template","translated"
"contractView.privateKeyUnavailable","Private key unavailable for this address.","translated"
"contractView.publicKeyInfo","Public key in hex. Use “Select Address” to fill automatically.","translated"
"contractView.scanQr","Scan QR Code for {name}","translated"
"contractView.selectAddress","Select Address","translated"
"contractView.selectContract","Select a contract","translated"
"contractView.selectData","Please select an address and enter data to sign.","translated"
"contractView.selected","Selected {type}","translated"
"contractView.signature","Signature","stable-term"
"contractView.signatureFailed","Failed to generate signature.","translated"
"contractView.signatureGenerated","Signature generated successfully!","translated"
"contractView.signingAddress","Signing address","translated"
"contractView.signMessage","Sign Message","translated"
"contractView.title","Contracts","translated"
"contractView.tokenAddress","Token address","translated"
"contractView.unavailable","Unavailable","translated"
"contractView.unknownError","Unknown error","translated"
"contractView.update","Update","translated"
"contractView.updated","Contract updated successfully!","translated"
"contractView.updateFailed","Failed to update contract.","translated"
"contractView.updateFailedFallback","Failed to update contract.","translated"
"derivation.accountIndex","Account index","translated"
"derivation.addressDerivation","Address derivation","translated"
"derivation.addressDerivationDescription","BIP44 account path used to derive this wallet.","translated"
"derivation.bip44AccountIndex","BIP44 account index","translated"
"derivation.bip44CoinType","BIP44 coin type","translated"
"derivation.branchDescription","Hardened markers are fixed. Receive and change addresses are derived automatically from the /0/index and /1/index branches.","translated"
"derivation.coinType","Coin type","translated"
"derivation.customize","Customize","translated"
"derivation.invalidActive","The active derivation path is invalid.","translated"
"derivation.invalidValues","Invalid BIP44 path values.","translated"
"derivation.networkDefault","Network default: {value}","translated"
"derivation.pathDescription","The fixed BIP44 account path used by this wallet.","translated"
"derivation.pathPreview","Path preview","translated"
"derivation.range","Enter whole numbers from 0 to {max}.","translated"
"derivation.required","{field} is required.","translated"
"derivation.usuallyZero","Usually 0","translated"
"derivation.walletNetwork","Wallet network","translated"
"derivation.walletNetworkDescription","Choose whether this wallet connects to live funds on Mainnet or test funds on Chipnet.","translated"
"desktopMenu.about","About OPTN Wallet","translated"
"desktopMenu.cannotExport","This wallet cannot be exported.","translated"
"desktopMenu.exported","Wallet exported.","translated"
"desktopMenu.exportFailed","Could not export the wallet.","translated"
"desktopMenu.exportWallet","Export Wallet…","translated"
"desktopMenu.file","File","translated"
"desktopMenu.help","Help","translated"
"desktopMenu.history","Transaction History","translated"
"desktopMenu.importNewWallet","Import New Wallet","translated"
"desktopMenu.invalidWalletFile","That is not a valid OPTN wallet file.","translated"
"desktopMenu.lockWallet","Lock Wallet","translated"
"desktopMenu.noSavedWallets","No saved wallets","translated"
"desktopMenu.openWallet","Open Wallet","translated"
"desktopMenu.openWalletFile","Open Wallet File…","translated"
"desktopMenu.quit","Quit","translated"
"desktopMenu.receive","Receive","translated"
"desktopMenu.refreshWallet","Refresh Wallet","translated"
"desktopMenu.send","Send","translated"
"desktopMenu.settings","Settings","translated"
"desktopMenu.toggleTheme","Toggle Theme","translated"
"desktopMenu.view","View","translated"
"desktopMenu.wallet","Wallet","translated"
"desktopSecurity.authenticating","Authenticating…","translated"
"desktopSecurity.biometricFailed","Biometric unlock failed. Use your password.","translated"
"desktopSecurity.confirmPassword","Confirm password","translated"
"desktopSecurity.continue","Continue","translated"
"desktopSecurity.enterPassword","Enter your password to unlock.","translated"
"desktopSecurity.forgotPassword","Forgot your password? Remove the wallet and re-import your seed phrase.","translated"
"desktopSecurity.incorrect","Incorrect passphrase. Please try again.","translated"
"desktopSecurity.loading","Loading wallet…","translated"
"desktopSecurity.mismatch","Passphrases do not match.","translated"
"desktopSecurity.password","Password","translated"
"desktopSecurity.passwordNeverStored","Your password is never stored — it derives your encryption key locally.","translated"
"desktopSecurity.passwordPlaceholder","Password (or leave blank)","translated"
"desktopSecurity.saveFailed","Failed to save passphrase. Please try again.","translated"
"desktopSecurity.secureWallet","Secure your wallet","translated"
"desktopSecurity.securing","Securing…","translated"
"desktopSecurity.setupDescription","Set a password to encrypt your wallet. You'll need it every time you open the app. Leave blank to use OS-account protection only.","translated"
"desktopSecurity.unlock","Unlock","translated"
"desktopSecurity.unlockFailed","Unlock failed. Please try again.","translated"
"desktopSecurity.unlocking","Unlocking…","translated"
"desktopSecurity.useBiometric","Use {label}","translated"
"desktopSecurity.walletLocked","Wallet locked","translated"
"desktopWallet.addAnother","Add another wallet","translated"
"desktopWallet.alreadyOpen","That wallet is already open in another window.","translated"
"desktopWallet.backToWallets","Back to wallets","translated"
"desktopWallet.biometricFailed","Biometric unlock failed: {message}","translated"
"desktopWallet.biometricUnlock","Biometric unlock","translated"
"desktopWallet.cancel","Cancel","translated"
"desktopWallet.delete","Delete","translated"
"desktopWallet.deleteConfirm","Delete “{name}” ({network}, #{id})? Its saved .optn file is kept, so you can re-import it later.","translated"
"desktopWallet.deleteLabel","Delete {name}","translated"
"desktopWallet.deleting","Deleting…","translated"
"desktopWallet.device","Device","translated"
"desktopWallet.filePasswordDescription","Enter this wallet file's password.","translated"
"desktopWallet.hardwareDescription","It will be used automatically to sign sends from software wallets while connected. Standalone hardware-only wallets with their own receive addresses are not supported yet.","translated"
"desktopWallet.hardwareTitle","Connect Hardware Wallet","translated"
"desktopWallet.importFailed","Could not import this wallet file.","translated"
"desktopWallet.incorrectFilePassword","Incorrect password for this wallet file.","translated"
"desktopWallet.open","Open","translated"
"desktopWallet.openButton","Open","translated"
"desktopWallet.openFailed","Could not open this wallet. Please try again.","translated"
"desktopWallet.openFile","Open “{name}”","translated"
"desktopWallet.opening","Opening…","translated"
"desktopWallet.password","Password","translated"
"desktopWallet.unlock","Unlock","translated"
"desktopWallet.unlocking","Unlocking…","translated"
"desktopWallet.useBiometric","Use {label}","translated"
"desktopWallet.walletNumber","Wallet #{id}","stable-term"
"desktopWallet.yourWallets","Your wallets","translated"
"error.somethingWrong","Something went wrong.","translated"
"experimental.cashFusionDescription","CashFusion is a non-custodial CoinJoin. Desktop supports P2P (Nostr + Tor) and a classic fusion server. Enable it on the CashFusion card under Servers. The per-wallet master switch defaults off.","translated"
"experimental.cashFusionWarning","Desktop only. Open Servers → CashFusion. Not an Experimental toggle.","translated"
"experimental.description","These features are under active development. Enable them to test new capabilities — they may change or be incomplete in future updates.","translated"
"experimental.disable","Disable","translated"
"experimental.enable","Enable","translated"
"experimental.features","Experimental Features","translated"
"experimental.privacy","Privacy","translated"
"experimental.quantumDescription","Quantumroot vaults protect funds with a quantum-resistant Schnorr LM-OTS scheme. Enabled by default. Turn off to hide Quantumroot from the wallet if you don't use it.","translated"
"experimental.quantumSafe","Quantum-safe","translated"
"experimental.rpaBadge","BCH RPA","stable-term"
"experimental.rpaDescription","Generates a static paycode (paycode:q...) that you can share publicly. Senders derive a unique one-time address for each payment via ECDH — no notification transaction, no chain bloat. Received stealth funds appear separately as 'Stealth BCH'. Scanning requires a Fulcrum-RPA capable server.","translated"
"experimental.rpaTitle","Reusable Payment Addresses (RPA)","translated"
"experimental.rpaWarning","Sending grinds input-0 nSequence and keeps it ≥ 0x80000000 (BIP68). Scanning needs a Fulcrum server with blockchain.rpa.* (for example chipnet.bch.ninja).","translated"
"faucet.captcha","Answer the captcha question","translated"
"faucet.clickLink","Click the Chipnet Faucet link","translated"
"faucet.copyAddress","Copy a BCH Chipnet address","translated"
"faucet.getCoins","Press ""Get Coins""","translated"
"faucet.instructions","Instructions","stable-term"
"faucet.name","Chipnet Faucet","stable-term"
"faucet.pasteAddress","Paste your address","translated"
"faucet.selectNetwork","Select ""chipnet"" in the NETWORK box","translated"
"faucet.tooltip","Get Chipnet BCH","translated"
"fusion.addPlaceholder","Add server — host:port (e.g. fusion.example.com:8789)","translated"
"fusion.autoTry","Auto — try each until one responds","translated"
"fusion.busy","A fusion round is already running for this wallet.","translated"
"fusion.choose","Choose how to fuse:","translated"
"fusion.coinjoinAnyNetwork","Both the server path and P2P Fusion run real CoinJoins on any network. Each round verifies your own outputs before signing, so an invalid round fails safely.","translated"
"fusion.coinjoinBoth","Both run a real CoinJoin.","translated"
"fusion.componentFeeRate","Component fee rate","translated"
"fusion.componentsPlayer","Components / player","translated"
"fusion.connectingTor","Connecting via Tor{port}.","translated"
"fusion.cooldown","Waiting for the auto-fusion cooldown.","translated"
"fusion.disable","Disable","translated"
"fusion.donation","Donation","translated"
"fusion.enable","Enable","translated"
"fusion.enabled","CashFusion Enabled","translated"
"fusion.enableP2p","Enable P2P Fusion","translated"
"fusion.enableServer","Enable Server Fusion","translated"
"fusion.excessFeeRange","Excess fee range","translated"
"fusion.experimentalPending","Experimental — still pending: {items}.","translated"
"fusion.failed","Failed ✗","translated"
"fusion.fewServers","CashFusion intentionally has few public servers — a larger anonymity set on fewer servers is better than being spread thin. Add your own or a community server above.","translated"
"fusion.fused","Fused ✓ — txid {txid}","translated"
"fusion.fusing","Fusing…","translated"
"fusion.handshakeOk","Handshake OK ✓","translated"
"fusion.handshaking","Handshaking…","translated"
"fusion.hide","Hide","translated"
"fusion.howWorks","How does it work?","translated"
"fusion.mobileUnsupported","CashFusion needs a raw TCP connection, which a mobile/web browser cannot open. Available in the desktop app.","translated"
"fusion.more","more","translated"
"fusion.noEligibleCoins","No coins are eligible to fuse right now.","translated"
"fusion.now","Fuse Now","translated"
"fusion.nowDescription","CoinJoin via the server configured in Servers. Needs Tor + at least 2 players in a tier.","translated"
"fusion.openWallet","Open a wallet to run a P2P round.","translated"
"fusion.or","or","translated"
"fusion.p2pMode","P2P Fusion","stable-term"
"fusion.p2pModeDescription","Serverless — peers over Nostr + Tor. Auto-fuses when on. Turning this on turns Server Fusion off.","translated"
"fusion.p2pModeLabel","P2P Fusion","stable-term"
"fusion.poolTiers","Pool tiers","translated"
"fusion.privacy","Privacy","translated"
"fusion.protocolNote","Steps 1–4 run end-to-end on the server path: the wallet joins a pool, exchanges blind signatures, submits over Tor, and broadcasts the assembled CoinJoin. P2P Fusion runs the same round without a server over Nostr and Tor. Your own outputs are verified before signing, so an invalid round fails safely.","translated"
"fusion.queryAuto","Query (Auto)","translated"
"fusion.queryServer","Query Server","translated"
"fusion.remoteTorRequired","This is a remote server, so Tor is required — but no Tor proxy was found. Start Tor above, or the query will be refused.","translated"
"fusion.selected","● selected","translated"
"fusion.serverMode","Fuse Now using CashFusion server","translated"
"fusion.serverModeDescription","Fuse via a CashFusion server. Auto-fuses when on.","translated"
"fusion.serverModeLabel","Server Fusion","translated"
"fusion.serverParameters","Server parameters (live)","translated"
"fusion.servers","Fusion servers","stable-term"
"fusion.step1","1. Pool joining.","translated"
"fusion.step1Text","Your wallet announces UTXOs it wants to fuse to the server.","translated"
"fusion.step2","2. Blind signing.","translated"
"fusion.step2Text","Participants generate blinded output addresses and exchange blind signatures — nobody learns the input-to-output mapping.","translated"
"fusion.step3","3. Covert submission.","translated"
"fusion.step3Text","Each participant submits the transaction via Tor or direct connection. The server assembles the final transaction.","translated"
"fusion.step4","4. Broadcast.","translated"
"fusion.step4Text","All participants broadcast the jointly constructed transaction.","translated"
"fusion.summary","CashFusion combines UTXOs from many participants into a single transaction, breaking blockchain history links between inputs and outputs. It is non-custodial — your funds never leave your control.","translated"
"fusion.syncingCoins","Syncing wallet coins — try again in a moment.","translated"
"fusion.tiers","Tiers","translated"
"fusion.torOff","Tor is off. Remote fusion queries will be refused — enable Tor above, or use a localhost server.","translated"
"hardware.active","active","translated"
"hardware.advanced","Advanced (derivation path)","translated"
"hardware.airGap","air-gap","translated"
"hardware.beforeConnecting","Before connecting","translated"
"hardware.bip44Path","BIP44 path","translated"
"hardware.comingSoon","Coming soon","translated"
"hardware.connect","Connect {device}","translated"
"hardware.connecting","Connecting…","translated"
"hardware.connectionType","Connection type","translated"
"hardware.description","The device holds your private keys. The wallet is the bridge. Keys never leave the hardware.","translated"
"hardware.disconnect","Disconnect","translated"
"hardware.enableKeystone","Enable Keystone (QR mode)","translated"
"hardware.howItWorks","How it works","translated"
"hardware.keystoneHow","Keystone's air-gapped QR signing isn't finished yet — the app can't build or read the QR codes it would need to in this build. Support is planned but not ready for real funds.","translated"
"hardware.keystoneSubtitle","Air-gapped QR signing — not yet supported","translated"
"hardware.ledgerStep1","USB: plug in → enter PIN → open Bitcoin Cash app","translated"
"hardware.ledgerStep2","Bluetooth (Nano X): enable BLE on device → open Bitcoin Cash app","translated"
"hardware.ledgerStep3","The browser will show a device picker prompt","translated"
"hardware.ledgerSubtitle","USB (WebHID) or Bluetooth (Nano X)","translated"
"hardware.notSupported","{device} support isn't finished yet — it can't connect or sign in this build. Pick another device, or use the software wallet.","translated"
"hardware.onekeyStep1","Install OneKey Bridge if not already installed","translated"
"hardware.onekeyStep2","Plug in your OneKey device or pair via Bluetooth","translated"
"hardware.onekeyStep3","Unlock your device with your PIN","translated"
"hardware.onekeyStep4","Allow the connection when requested","translated"
"hardware.onekeySubtitle","USB or Bluetooth via OneKey Bridge","translated"
"hardware.path","Path","translated"
"hardware.softwareHow","Your private keys never leave the device. The wallet builds an unsigned transaction, the device shows the details on its screen, you physically confirm, and the device sends back only the signature. Like Electron Cash's hardware wallet mode.","translated"
"hardware.softwareLabel","Software Wallet","translated"
"hardware.softwareSubtitle","Encrypted keys stored on this device","translated"
"hardware.title","Hardware Wallet","translated"
"hardware.trezorStep1","Install Trezor Suite — it includes the Bridge daemon","translated"
"hardware.trezorStep2","Plug in your Trezor (USB) or pair via Bluetooth (newer models)","translated"
"hardware.trezorStep3","Unlock your device with your PIN","translated"
"hardware.trezorStep4","Allow the connection popup when it appears","translated"
"hardware.trezorSubtitle","USB or Bluetooth via Trezor Bridge","translated"
"history.awaitingConfirmation","Awaiting confirmation","translated"
"history.block","Block","translated"
"history.closeDetails","Close details","translated"
"history.confirmations","{count} confirmations","stable-term"
"history.confirmed","Confirmed","translated"
"history.detailsUnavailable","Transaction details are not available from Electrum right now.","translated"
"history.fee","Fee","translated"
"history.first","First","translated"
"history.last","Last","translated"
"history.loadDetailsFailed","Failed to load transaction details.","translated"
"history.loadingDetails","Loading transaction details…","translated"
"history.newestFirst","Newest first","translated"
"history.noActivity","No activity yet","translated"
"history.noData","No data available.","translated"
"history.noTransactions","No transactions available yet.","translated"
"history.oldestFirst","Oldest first","translated"
"history.openExplorer","Open in explorer","translated"
"history.output","Output","translated"
"history.pending","Pending","translated"
"history.perPage","{count} per page","translated"
"history.recipients","Recipients","translated"
"history.recorded","{count} recorded","translated"
"history.senders","Senders","translated"
"history.status","Status","stable-term"
"history.sync","Sync","translated"
"history.timestamp","Timestamp","translated"
"history.title","Transaction History","translated"
"history.transaction","Transaction","stable-term"
"history.transactionHash","Transaction Hash","translated"
"history.unavailable","Unavailable","translated"
"history.unconfirmed","Unconfirmed","translated"
"history.unknown","Unknown","translated"
"history.yourWallet","Your wallet","translated"
"home.block","Block","translated"
"home.confirmed","Confirmed","translated"
"home.latestActivity","Latest wallet activity","translated"
"home.noQrCode","No QR code detected. Try again.","translated"
"home.noRecentActivity","No recent activity yet.","translated"
"home.pending","Pending","translated"
"home.pendingConfirmation","Pending confirmation","translated"
"home.portfolio","Portfolio","translated"
"home.quickActions","Quick Actions","translated"
"home.receive","Receive","translated"
"home.recentActivity","Recent Activity","translated"
"home.scanQr","Scan QR","translated"
"home.send","Send","translated"
"home.sync","Sync","translated"
"home.syncing","Syncing…","translated"
"home.title","Home","translated"
"home.toggleBalance","Toggle BCH and USD balance","translated"
"home.unsupportedQr","QR scanned, but it is not a supported wallet payload.","translated"
"home.usdPriceUnavailable","USD price unavailable","translated"
"home.usdUnavailable","USD unavailable","translated"
"home.viewAll","View all","translated"
"home.walletOverview","Wallet overview","translated"
"nav.actions","Actions","stable-term"
"nav.apps","Apps","translated"
"nav.assets","Assets","translated"
"nav.home","Home","translated"
"nav.settings","Settings","translated"
"network.chipnet","Chipnet","stable-term"
"network.mainnet","Mainnet","stable-term"
"network.switch","Switch network. Current: {network}","translated"
"nftConfig.capability","NFT Capability","translated"
"nftConfig.commitment","NFT Commitment","translated"
"nftConfig.done","Done","translated"
"nftConfig.minting","minting","translated"
"nftConfig.mintingDescription","one NFT authority that can create multiple next NFTs.","translated"
"nftConfig.mutable","mutable","translated"
"nftConfig.mutableDescription","one NFT that may update its commitment when spent.","translated"
"nftConfig.none","none","translated"
"nftConfig.noneDescription","one immutable NFT, best for approvals or receipts.","translated"
"nftConfig.placeholder","Up to 40 bytes","translated"
"nftConfig.title","NFT Configuration","translated"
"nostr.active","{active}/{total} active","translated"
"nostr.add","Add","translated"
"nostr.chat","Nostr chat","translated"
"nostr.checking","Checking…","translated"
"nostr.checkRelayStatus","Check relay status","translated"
"nostr.connected","connected","translated"
"nostr.deriving","Deriving…","translated"
"nostr.disable","Disable","translated"
"nostr.dmDescription","End-to-end encrypted DMs using NIP-17.","translated"
"nostr.enable","Enable","translated"
"nostr.identity","Nostr identity","translated"
"nostr.identityDescription","Derived from your seed via NIP-06 (a separate path) — your spending keys are never reused.","translated"
"nostr.invalidRelay","Enter a secure relay URL beginning with wss://","translated"
"nostr.privacyWarning","Relay operators can still observe connection metadata, timing, and recipient tags. Encrypted content is not the same as network anonymity.","translated"
"nostr.relays","Relays","stable-term"
"nostr.relaysDescription","WSS relays used for chat and the P2P-fusion transport. Add your own or use the defaults.","translated"
"nostr.remove","Remove","translated"
"nostr.unknown","unknown","translated"
"nostr.unreachable","unreachable","translated"
"notifications.dismiss","Dismiss","translated"
"notifications.fundsReceived","Funds received","translated"
"notifications.fundsReceivedBody","{amount} sats to {address} • {txid}","translated"
"notifications.incomingBch","Incoming BCH","translated"
"notifications.incomingToken","Incoming token","translated"
"notifications.transactionConfirmed","Transaction confirmed","translated"
"notifications.unknownAddress","unknown address","translated"
"onboarding.back","Back","translated"
"onboarding.closeHelp","Close help","translated"
"onboarding.confirm","Confirm","translated"
"onboarding.confirmError","Those don't match your seed phrase. Check the words and try again.","translated"
"onboarding.confirmInstruction","Type the requested words to prove you saved them correctly.","translated"
"onboarding.confirmPasswordPlaceholder","Confirm password","translated"
"onboarding.confirmSeed","Confirm Your Seed Phrase","translated"
"onboarding.connectHardware","Connect Hardware Wallet","translated"
"onboarding.continue","Continue","translated"
"onboarding.createNewWallet","Create New Wallet","translated"
"onboarding.createWallet","Create Wallet","translated"
"onboarding.createWatchOnly","Create Watch-Only Wallet","translated"
"onboarding.creating","Creating Wallet…","translated"
"onboarding.creationFailed","Wallet creation failed. Please try again.","translated"
"onboarding.databasePreparationFailed","Could not prepare the wallet on this device.","translated"
"onboarding.generatedMnemonic","Generated Mnemonic:","translated"
"onboarding.generatingSeed","Generating seed phrase…","translated"
"onboarding.helpCreateDescription","Use this if you want a new wallet with a fresh seed phrase on this device.","translated"
"onboarding.helpCreateTitle","Create Wallet","translated"
"onboarding.helpDescription","Create a wallet for the first time or restore one you already have.","translated"
"onboarding.helpImportDescription","Use this if you already have a 12-word recovery phrase and want access to an existing wallet.","translated"
"onboarding.helpImportTitle","Import Wallet","translated"
"onboarding.helpNetworkDescription","Select Mainnet for real funds or CHIPNET for test funds before you proceed.","translated"
"onboarding.helpNetworkTitle","Choose a network","translated"
"onboarding.helpTitle","Getting started","translated"
"onboarding.importFailed","Wallet import failed. Please try again.","translated"
"onboarding.importing","Importing Wallet…","translated"
"onboarding.importWallet","Import Wallet","translated"
"onboarding.invalidMnemonic","Enter a valid English BIP39 recovery phrase with 12, 15, 18, 21, or 24 words.","translated"
"onboarding.missingWord","Word {number} is missing.","translated"
"onboarding.mnemonicLoading","The recovery phrase is still loading. Please wait a moment.","translated"
"onboarding.mnemonicWarning","Your recovery phrase is the master key to your wallet. Store it securely and never share it.","translated"
"onboarding.nameRequired","Give this wallet a name.","translated"
"onboarding.nameWallet","Name This Wallet","translated"
"onboarding.nameWalletDescription","Give this wallet a name and a password. Each wallet on this device has its own independent password.","translated"
"onboarding.passwordMismatch","Passwords do not match.","translated"
"onboarding.passwordPlaceholder","Password (or leave blank)","translated"
"onboarding.poweredBy","Powered with Bitcoin Covenants for Bitcoin Cash","translated"
"onboarding.recoveryDescription","Enter your BIP39 recovery phrase (12, 15, 18, 21, or 24 words). Each box corresponds to the word order.","translated"
"onboarding.recoveryPhrase","Recovery Phrase","translated"
"onboarding.seedInstruction","Write these 12 words down in order and keep them somewhere safe. Anyone with this phrase can spend your funds — never share it or store it digitally.","translated"
"onboarding.seedTitle","Your Seed Phrase","translated"
"onboarding.toggleTheme","Toggle theme","translated"
"onboarding.walletAlreadyAvailable","This wallet is already available on this device.","translated"
"onboarding.walletAlreadyExists","This wallet may already exist on this device.","translated"
"onboarding.walletNamePlaceholder","Wallet name","translated"
"onboarding.walletSavedIdFailed","Wallet was saved, but its wallet ID could not be resolved.","translated"
"onboarding.walletSetup","Wallet Setup","translated"
"onboarding.walletSetupDescription","Choose the network and address path this wallet will use.","translated"
"onboarding.welcomeAlt","Smart BCH Wallet","stable-term"
"onboarding.word","Word","translated"
"onboarding.wordCountLabel","Phrase length","translated"
"onboarding.wordPlaceholder","word","translated"
"onboarding.words","words","translated"
"onboarding.wroteItDown","I've written it down","translated"
"outbox.amount","Amount","translated"
"outbox.clearPending","Clear pending lock","translated"
"outbox.clearPendingTitle","Clear this pending lock if the transaction was not actually sent","translated"
"outbox.copyTxid","Copy txid","translated"
"outbox.daysAgo","{count}d ago","translated"
"outbox.description","Offline-first protection keeps new sends paused until these transactions are seen or safely released.","translated"
"outbox.destination","Destination","stable-term"
"outbox.dismiss","Dismiss","translated"
"outbox.dismissPending","Dismiss pending transactions popup","translated"
"outbox.finalizing","Finalizing transaction","translated"
"outbox.finalizingMultiple","Finalizing {count} transactions","translated"
"outbox.historyUpdate","Your wallet history will update automatically. This usually takes a moment.","translated"
"outbox.hoursAgo","{count}h ago","translated"
"outbox.justNow","just now","translated"
"outbox.lastNetworkIssue","Last network issue","translated"
"outbox.minutesAgo","{count}m ago","translated"
"outbox.noPending","No pending outgoing transactions.","translated"
"outbox.pendingOutgoing","Pending outgoing transactions","translated"
"outbox.prompt","Prompt","translated"
"outbox.releaseSendLock","Release send lock","translated"
"outbox.releaseStale","Release if stale","translated"
"outbox.releaseStaleTitle","Available after {minutes} minutes if the transaction is still unresolved","translated"
"outbox.requestedBy","Requested by","translated"
"outbox.title","Outbox","translated"
"outbox.txid","Txid","stable-term"
"outbox.updated","Updated {age}","translated"
"outbox.walletSend","Wallet send","translated"
"p2p.description","No server: peers meet on Nostr relays over Tor, deterministically elect a coordinator, and run the CoinJoin peer-to-peer. Outputs are unlinkable; you sign only your own inputs after verifying your own outputs.","translated"
"p2p.phase.announce","Announcing & finding peers","translated"
"p2p.phase.assemble","Assembling & verifying","translated"
"p2p.phase.broadcast","Broadcasting","translated"
"p2p.phase.register","Registering inputs & outputs","translated"
"p2p.phase.sign","Signing","translated"
"p2p.requiresPeers","Requires Tor + at least 2 peers in the same tier.","translated"
"p2p.running","Running P2P round…","translated"
"p2p.start","Start P2P round","translated"
"p2p.title","P2P Fusion over Nostr","translated"
"paper.addressConversionError","Address conversion error","translated"
"paper.addressDerivationFailed","Unable to derive a valid paper wallet address from the scanned key.","translated"
"paper.back","Back","translated"
"paper.bchOutputs","BCH outputs","translated"
"paper.buildFailed","Failed to build sweep transaction.","translated"
"paper.confirmDescription","Slide to confirm the one-transaction paper wallet sweep.","translated"
"paper.confirmTitle","Confirm sweep","translated"
"paper.decodingError","Decoding error","translated"
"paper.description","Scan a WIF paper wallet and sweep BCH + CashTokens in one transaction.","translated"
"paper.label","Paper wallet","translated"
"paper.noCashTokens","No CashTokens detected.","translated"
"paper.noDestination","No destination wallet address is available.","translated"
"paper.noQrCode","No QR code detected. Please try again.","translated"
"paper.notScanned","No paper wallet scanned yet.","translated"
"paper.noUtxos","No UTXOs found for this paper wallet. If this is a mainnet wallet and you are on chipnet, try switching networks.","translated"
"paper.oneTransaction","One transaction only.","translated"
"paper.paperInputs","Paper wallet inputs","translated"
"paper.scan","Scan","translated"
"paper.scanBeforeSweep","Scan a paper wallet before sweeping.","translated"
"paper.spendableOutputPlural","spendable outputs","translated"
"paper.spendableOutputSingular","spendable output","translated"
"paper.sweep","Sweep","translated"
"paper.sweepBroadcast","Sweep broadcast","translated"
"paper.title","Paper Wallet","translated"
"paper.tokenBacking","Token outputs are backed with 1000 sats.","translated"
"paper.tokenGroups","Token groups","translated"
"paper.tokenOutputs","Token outputs","translated"
"paper.unexpected","An unexpected error occurred.","translated"
"paper.unexpectedTryAgain","An unexpected error occurred. Please try again.","translated"
"paper.utxosTitle","Paper wallet UTXOs","translated"
"paper.walletFeeInputs","Wallet fee inputs","translated"
"priceFeed.loading","Loading…","translated"
"qr.animatedTransfer","Animated QR transfer","translated"
"qr.blocksRecovered","blocks recovered","translated"
"qr.cameraActive","Camera active — point at animated QR","translated"
"qr.cameraError","Camera unavailable","translated"
"qr.cameraUnavailable","Camera access is unavailable","translated"
"qr.cancel","Cancel","translated"
"qr.duplicates","duplicates","translated"
"qr.holdSteady","Hold the phone steady and fill the frame with the QR code.","translated"
"qr.receivingStream","Receiving QR stream","translated"
"qr.scan","Scan QR","translated"
"qr.scanning","Scanning…","translated"
"qr.streaming","Streaming frame {frame} · {blocks} blocks · {bytes} bytes","translated"
"qr.unableToDecode","Unable to decode QR stream","translated"
"qr.uniqueFrames","unique frames","translated"
"qr.walletUpdateProgress","Wallet update progress","translated"
"qrSigning.approvedBy","Approved by {name}","translated"
"qrSigning.approveDemo","Approve demo request","translated"
"qrSigning.approveReturn","2. Approve and return","translated"
"qrSigning.close","Close","translated"
"qrSigning.collectResponse","2. Collect response","translated"
"qrSigning.fingerprint","Fingerprint","translated"
"qrSigning.invalidRequest","Invalid signing request","translated"
"qrSigning.invalidResponse","Invalid signing response","translated"
"qrSigning.mismatch","Signing response does not match this request","translated"
"qrSigning.network","Network","translated"
"qrSigning.payload","Payload","translated"
"qrSigning.placeholderWarning","This demo returns a placeholder signature and never broadcasts.","translated"
"qrSigning.prepareFailed","Unable to prepare mocknet fixture","translated"
"qrSigning.preparing","Preparing mocknet fixture…","translated"
"qrSigning.purpose","Purpose","translated"
"qrSigning.rejectedBy","Rejected by {name}","translated"
"qrSigning.requestReceived","Request received","translated"
"qrSigning.requestSignature","Request signature","translated"
"qrSigning.scanAnother","Scan another request","translated"
"qrSigning.scanApproval","Scan approval response","translated"
"qrSigning.scanRequest","1. Scan request","translated"
"qrSigning.showRequest","1. Show request","translated"
"qrSigning.showRequestHelp","On the other wallet, choose “Sign request” and scan this stream.","translated"
"qrSigning.signRequest","Sign request","translated"
"qrSigning.subtitle","Exchange a partially signed transaction between two OPTN wallet screens.","translated"
"qrSigning.title","QR signing demo","translated"
"quantumroot.activeNetwork","Quantumroot is active on this network. Use the vault workspace below to manage a normal spend lane and a quantum-safe recovery lane.","translated"
"quantumroot.activeWorkspace","Active workspace for the beta-production Quantumroot flow.","translated"
"quantumroot.back","Back","translated"
"quantumroot.betaProduction","Beta production","translated"
"quantumroot.betaTitle","Quantumroot Beta Production","translated"
"quantumroot.checkingBalances","Checking balances…","translated"
"quantumroot.close","Close","translated"
"quantumroot.funded","{count} funded","translated"
"quantumroot.fundedStatus","Funded","translated"
"quantumroot.guidedNow","Guided now: choose one approval key, lock it in Quantum Lock, then spend the matching coin.","translated"
"quantumroot.liveNow","Live now: normal spending, balance tracking, and Quantum Lock BCH recovery.","translated"
"quantumroot.livePreview","Live preview","translated"
"quantumroot.mainnetAhead","Quantumroot is visible on mainnet ahead of activation. The layout stays available, but key actions remain disabled until {date}.","translated"
"quantumroot.mainnetPreview","Mainnet preview stays visible before activation.","translated"
"quantumroot.noFundsYet","No funds yet","translated"
"quantumroot.noVaults","No Quantumroot vaults derived yet. Sync vaults to provision them for existing wallet address indexes.","translated"
"quantumroot.openVaults","Open Vaults","translated"
"quantumroot.popup.action.chooseCoinLabel","Choose coin to spend","translated"
"quantumroot.popup.action.chooseDescription","Choose one approval key for this vault.","translated"
"quantumroot.popup.action.chooseLabel","Choose approval key","translated"
"quantumroot.popup.action.chooseTitle","Choose an approval key","translated"
"quantumroot.popup.action.createDescription","Create or receive a plain NFT first, then use it as the approval key.","translated"
"quantumroot.popup.action.createTitle","Create an approval key","translated"
"quantumroot.popup.action.destinationDescription","Choose where the coin should go, then open the spend list.","translated"
"quantumroot.popup.action.destinationLabel","Set destination","translated"
"quantumroot.popup.action.destinationTitle","Choose a destination","translated"
"quantumroot.popup.action.disabledDescription","The spend list is ready, but spending is disabled on this network.","translated"
"quantumroot.popup.action.readyDescription","Tap a ready coin to spend it.","translated"
"quantumroot.popup.action.readyTitle","Ready to spend","translated"
"quantumroot.popup.action.receiveDescription","Send the matching receive coin to the normal lane.","translated"
"quantumroot.popup.action.receiveLabel","Add receive coin","translated"
"quantumroot.popup.action.receiveTitle","Add the matching receive coin","translated"
"quantumroot.popup.action.refreshDescription","Refresh the wallet scan or choose another approval key.","translated"
"quantumroot.popup.action.refreshLabel","Refresh vault","translated"
"quantumroot.popup.action.refreshTitle","Refresh the vault","translated"
"quantumroot.popup.action.reviewLabel","Review spend","translated"
"quantumroot.popup.action.sendDescription","Send the approval key to Quantum Lock.","translated"
"quantumroot.popup.action.sendLabel","Send approval key","translated"
"quantumroot.popup.action.sendTitle","Send the approval key","translated"
"quantumroot.popup.addDestinationReview","Add a destination, then review spend.","translated"
"quantumroot.popup.addMatchingCoin","Add the matching coin to unlock spend.","translated"
"quantumroot.popup.advanced","Advanced","translated"
"quantumroot.popup.advancedRecovery","Advanced recovery","translated"
"quantumroot.popup.advancedRecoveryDescription","Recover regular BCH, recover Quantum Lock funds, or refresh vault status.","translated"
"quantumroot.popup.approvalKey","Approval key","translated"
"quantumroot.popup.approvalKeyCapability","Approval key","translated"
"quantumroot.popup.approvalKeyChanged","Approval key changed on chain","translated"
"quantumroot.popup.approvalKeyInLock","Approval key is in Quantum Lock.","translated"
"quantumroot.popup.approvalKeyInQuantumLock","Your approval key is in Quantum Lock.","translated"
"quantumroot.popup.approvalKeyPicked","Approval key picked.","translated"
"quantumroot.popup.approvalKeySelected","Approval key selected","translated"
"quantumroot.popup.approvalLane","Approval lane","translated"
"quantumroot.popup.approvalLaneDescription","Your approval key goes to Quantum Lock.","translated"
"quantumroot.popup.available","{count} available","translated"
"quantumroot.popup.availableApprovalKeys","Available approval keys","translated"
"quantumroot.popup.bchRecoveryDescription","BCH recovery sends back to the matching standard wallet address for this vault index when available.","translated"
"quantumroot.popup.bchRecoveryDisabled","BCH recovery is temporarily disabled until the on-chain receive-script validation issue is resolved.","translated"
"quantumroot.popup.block.approvalPending","Send one approval key to Quantum Lock.","translated"
"quantumroot.popup.block.inactiveNetwork","Quantumroot spending is disabled on this network.","translated"
"quantumroot.popup.block.noDestination","Choose a destination address before spending.","translated"
"quantumroot.popup.block.noFamily","Create or receive a plain NFT first. It becomes your approval key.","translated"
"quantumroot.popup.block.pickFamily","Choose one plain NFT to use as the approval key.","translated"
"quantumroot.popup.block.receivePending","Send the matching receive coin to the normal lane.","translated"
"quantumroot.popup.block.staleInventory","Your selected approval key is not visible right now. Refresh the vault or choose another key.","translated"
"quantumroot.popup.broadcastWarning","This will broadcast after confirmation.","translated"
"quantumroot.popup.category","Category:","translated"
"quantumroot.popup.chooseApprovalKey","Choose approval key","translated"
"quantumroot.popup.chooseApprovalKeyDescription","Quantumroot uses one plain NFT as the approval key. Advanced token tools live in CashTokens.","translated"
"quantumroot.popup.chooseOneApproval","Choose one approval key to continue.","translated"
"quantumroot.popup.commitment","Commitment:","translated"
"quantumroot.popup.completeSteps","Complete the approval key and matching receive coin steps before spending.","translated"
"quantumroot.popup.confirmed","Confirmed","translated"
"quantumroot.popup.copyDestination","Copy destination","translated"
"quantumroot.popup.copyOrScanFund","Copy or scan to fund this vault.","translated"
"quantumroot.popup.copyQuantumLock","Copy Quantum Lock","translated"
"quantumroot.popup.copyReceiveAddress","Copy receive address","translated"
"quantumroot.popup.copyRecoveryAddress","Copy recovery address","translated"
"quantumroot.popup.createOrReceive","Create or receive a plain NFT first, then it will appear here as an approval key you can choose.","translated"
"quantumroot.popup.destination","Destination","translated"
"quantumroot.popup.destinationAddress","Destination address","translated"
"quantumroot.popup.done","Done","translated"
"quantumroot.popup.empty","empty","translated"
"quantumroot.popup.found","{count} found","translated"
"quantumroot.popup.fundMatchingReceive","Fund matching receive coin","translated"
"quantumroot.popup.fundMatchingReceiveDescription","Open the send screen prefilled to the vault receive address with the same approval key.","translated"
"quantumroot.popup.helpShortcuts","Help and shortcuts","translated"
"quantumroot.popup.inQuantumLock","{count} in Quantum Lock","translated"
"quantumroot.popup.inWallet","{count} in wallet","translated"
"quantumroot.popup.locked","{count} locked","translated"
"quantumroot.popup.mainnetDisabled","Mainnet Quantumroot uses the same UI as Chipnet, but the spend, recovery, and token-configuration actions remain disabled until activation on {date}.","translated"
"quantumroot.popup.mintingNft","Minting NFT","translated"
"quantumroot.popup.missing","Missing","translated"
"quantumroot.popup.mutableNft","Mutable NFT","translated"
"quantumroot.popup.needed","Needed","translated"
"quantumroot.popup.neededLater","Needed later","translated"
"quantumroot.popup.nextStep","Next step","translated"
"quantumroot.popup.noApprovalKey","No approval key","translated"
"quantumroot.popup.noDestination","No destination set","translated"
"quantumroot.popup.noReadyCoin","No ready coin is available yet. After the approval key and the matching receive coin are present, spendable coins appear here.","translated"
"quantumroot.popup.normalLane","Normal vault lane","translated"
"quantumroot.popup.normalLaneDescription","Your BCH and matching receive coin go here.","translated"
"quantumroot.popup.normalLanePending","Add the matching receive coin after the approval key is in Quantum Lock.","translated"
"quantumroot.popup.normalLaneReady","Your normal lane is ready.","translated"
"quantumroot.popup.noStandardAddress","No standard wallet address available","translated"
"quantumroot.popup.openCashTokens","Open CashTokens","translated"
"quantumroot.popup.openReceiveScreen","Open receive screen","translated"
"quantumroot.popup.otherNft","Other NFT","translated"
"quantumroot.popup.otherNftDescription","It sits in Quantum Lock, but it is not the selected approval key. No direct withdrawal path exists yet.","translated"
"quantumroot.popup.otherNftInQuantumLock","Other NFT in Quantum Lock","translated"
"quantumroot.popup.otherNfts","{count} other NFT(s)","translated"
"quantumroot.popup.outpoint","Outpoint","stable-term"
"quantumroot.popup.pending","Pending","translated"
"quantumroot.popup.pendingCoin","Pending coin","translated"
"quantumroot.popup.pickApprovalKey","Pick one approval key.","translated"
"quantumroot.popup.plainBchCoins","{count} plain BCH coin(s)","translated"
"quantumroot.popup.plainBchDescription","Use this for plain BCH coins. Protected coins stay in the lanes above.","translated"
"quantumroot.popup.previewOnly","Preview only on mainnet until activation.","translated"
"quantumroot.popup.protectedReceiveCount","Coins already handled by Protected spend: {count}","translated"
"quantumroot.popup.protectedSpend","Protected spend","translated"
"quantumroot.popup.protectedSpendDescription","When the approval key and matching receive coin are present, spending opens here.","translated"
"quantumroot.popup.quantumLock","Quantum Lock","stable-term"
"quantumroot.popup.quantumLockBch","Quantum Lock BCH","translated"
"quantumroot.popup.quantumLockRecovery","Quantum Lock recovery","translated"
"quantumroot.popup.quantumLockRecoveryCount","Quantum Lock recovery coins: {count}","translated"
"quantumroot.popup.quantumrootOpens","Quantumroot opens once the approval key sits in Quantum Lock and the matching receive coin sits in the normal lane.","translated"
"quantumroot.popup.ready","Ready","translated"
"quantumroot.popup.readyCoin","Ready coin","translated"
"quantumroot.popup.readyCoinAvailable","Ready coin available.","translated"
"quantumroot.popup.readyCoins","{count} ready coin(s)","translated"
"quantumroot.popup.receiveAddress","Receive address","translated"
"quantumroot.popup.receiveBch","Receive BCH","translated"
"quantumroot.popup.recover","Recover","translated"
"quantumroot.popup.recoverableBchCoins","Recoverable BCH coins","translated"
"quantumroot.popup.recoverableBchCount","Recoverable BCH coins: {count}","translated"
"quantumroot.popup.recovering","Recovering…","translated"
"quantumroot.popup.recoverRegularBch","Recover regular BCH","translated"
"quantumroot.popup.refresh","Refresh","translated"
"quantumroot.popup.refreshChooseAnother","Refresh the vault or choose another approval key.","translated"
"quantumroot.popup.refreshVault","Refresh vault","translated"
"quantumroot.popup.refreshVaultStatus","Refresh vault status","translated"
"quantumroot.popup.reviewDestination","Review the destination before broadcasting.","translated"
"quantumroot.popup.reviewSpend","Review spend","translated"
"quantumroot.popup.reviewSpendSubtitle","Check the destination, approval key, and ready coin before you broadcast.","translated"
"quantumroot.popup.reviewSpendTitle","Review spend","translated"
"quantumroot.popup.saveApprovalKey","Save approval key","translated"
"quantumroot.popup.saving","Saving…","translated"
"quantumroot.popup.selectedApprovalKey","Selected approval key","translated"
"quantumroot.popup.selectedAsApproval","Selected as approval key","translated"
"quantumroot.popup.sendApprovalHere","Send the approval key here.","translated"
"quantumroot.popup.sendApprovalKey","Send approval key","translated"
"quantumroot.popup.sendApprovalKeyDescription","Open the send screen prefilled to Quantum Lock with the selected approval key.","translated"
"quantumroot.popup.sendApprovalKeyToLock","Send the approval key to Quantum Lock.","translated"
"quantumroot.popup.sendSelectedApprovalKey","Send the selected approval key to Quantum Lock.","translated"
"quantumroot.popup.spend","Spend","translated"
"quantumroot.popup.spendDestination","Spend destination","translated"
"quantumroot.popup.spending","Spending…","translated"
"quantumroot.popup.sweepBch","Sweep BCH coins ({count})","translated"
"quantumroot.popup.sweeping","Sweeping…","translated"
"quantumroot.popup.tapToOpen","Tap to open","translated"
"quantumroot.popup.unsupportedQuantumLock","Coins in Quantum Lock that belong to Protected spend are handled above; this recovery list only includes plain BCH coins.","translated"
"quantumroot.popup.unsupportedReceive","Coins with an approval key stay in Protected spend; this recovery list only includes plain BCH coins.","translated"
"quantumroot.popup.useRecoveryAddress","Use wallet recovery address","translated"
"quantumroot.popup.vaultSetup","Vault setup","translated"
"quantumroot.popup.vaultSetupDescription","Copy addresses and choose the approval key.","translated"
"quantumroot.popup.waiting","Waiting","translated"
"quantumroot.popup.walletRecoveryAddress","Wallet recovery address","translated"
"quantumroot.readyToRecover","{count} ready to recover","translated"
"quantumroot.refreshing","Refreshing balances and UTXO status. Vaults remain available while sync completes.","translated"
"quantumroot.subtitle","Two spending lanes in one vault","translated"
"quantumroot.syncingVaults","Syncing Vaults…","translated"
"quantumroot.syncVaults","Sync Vaults","translated"
"quantumroot.toast.approvalKeyMissing","This approval key is no longer visible. Refresh the vault or choose another key.","translated"
"quantumroot.toast.authorizedBroadcast","Quantumroot authorized spend broadcast: {txid}","translated"
"quantumroot.toast.authorizedFailed","Quantumroot authorized spend failed: {message}","translated"
"quantumroot.toast.broadcastAuthorizedFailed","Failed to broadcast Quantumroot authorized spend.","translated"
"quantumroot.toast.broadcastLockRecoveryFailed","Failed to broadcast Quantum Lock recovery.","translated"
"quantumroot.toast.broadcastSpendFailed","Failed to broadcast Quantumroot spend.","translated"
"quantumroot.toast.broadcastSweepFailed","Failed to broadcast Quantumroot sweep.","translated"
"quantumroot.toast.configureFailed","Failed to configure vault: {message}","translated"
"quantumroot.toast.destinationRequired","Destination address is required.","translated"
"quantumroot.toast.ineligibleReceiveUtxo","That receive UTXO is not eligible for authorized spend.","translated"
"quantumroot.toast.invalidTokenCategory","Token category must be 64 hexadecimal characters.","translated"
"quantumroot.toast.lockRecoveryBroadcast","Quantum Lock recovery broadcast: {txid}","translated"
"quantumroot.toast.lockRecoveryFailed","Quantum Lock recovery failed: {message}","translated"
"quantumroot.toast.noBchUtxos","No BCH-only receive UTXOs available to sweep.","translated"
"quantumroot.toast.noControlToken","No matching Quantum Lock control token is available yet.","translated"
"quantumroot.toast.previewActive","Quantumroot mainnet preview is active until activation.","translated"
"quantumroot.toast.reconfigured","Quantumroot vault reconfigured.","translated"
"quantumroot.toast.spendBroadcast","Quantumroot spend broadcast: {txid}","translated"
"quantumroot.toast.spendFailed","Quantumroot spend failed: {message}","translated"
"quantumroot.toast.sweepBroadcast","Quantumroot sweep broadcast: {txid}","translated"
"quantumroot.toast.sweepFailed","Quantumroot sweep failed: {message}","translated"
"quantumroot.toast.unavailable","Quantumroot vault unavailable.","translated"
"quantumroot.trackedBalance","Tracked Balance","translated"
"quantumroot.vaultNumber","Vault #{id}","translated"
"quantumroot.vaults","Vaults","translated"
"quantumroot.workspaceRefreshFailed","Workspace Refresh Failed","translated"
"receive.addressesNotReady","Receive addresses not ready","translated"
"receive.amountBch","Amount (BCH)","translated"
"receive.back","Back","translated"
"receive.bip21Active","Request details are active and the QR is now encoding the BIP21 URI.","translated"
"receive.bip21Description","Encode amount, label, and message into the QR payload.","translated"
"receive.bip21Help","When enabled, the QR and copied payload use a BIP21-style `bitcoincash:` URI so compatible wallets can autofill request details.","translated"
"receive.bip21Title","BIP21 payment request","translated"
"receive.cashToken","CashToken","stable-term"
"receive.change","Change","translated"
"receive.changeAddressCount","{count} change addresses","translated"
"receive.clear","Clear","translated"
"receive.close","Close","translated"
"receive.copied","Copied to clipboard!","translated"
"receive.copyBip21","Copy BIP21 URI","translated"
"receive.copyFailed","Failed to copy.","translated"
"receive.copyQrPayload","Copy receive QR payload","translated"
"receive.dismiss","Dismiss","translated"
"receive.dismissUnlockAlert","Dismiss unlock alert","translated"
"receive.label","Label","translated"
"receive.main","Main","translated"
"receive.mainAddressCount","{count} main addresses","translated"
"receive.message","Message","stable-term"
"receive.noAddressesLoaded","This wallet does not have receive addresses loaded yet.","translated"
"receive.noBranchAddresses","No addresses found in this branch yet.","translated"
"receive.noVaultFunds","No Quantumroot vault funds detected yet.","translated"
"receive.openQrPreview","Open larger QR code preview","translated"
"receive.optional","Optional","translated"
"receive.optionalExample","Optional, e.g. 0.0105","translated"
"receive.prepareAddresses","Prepare receive addresses","translated"
"receive.prepareAddressesDescription","Prepare addresses to show your receive QR and address list.","translated"
"receive.privKeyReady","Private key view unlocked","translated"
"receive.privKeyUnlock","Private key unlock in {count} taps","translated"
"receive.pubKeyTapProgress","PubKey pressed {count}/{total} times","translated"
"receive.qrCopyDescription","Tap the QR to copy the current payload. Close to return.","translated"
"receive.quantumLock","Quantum Lock","stable-term"
"receive.quantumLockAddress","Quantum Lock Address","translated"
"receive.quantumrootStatus","Quantumroot Status","translated"
"receive.readOnlyStatus","This view is read-only. It shows vault status and key receive data, but no spending or recovery actions.","translated"
"receive.receiveAddress","Receive Address","translated"
"receive.receiveBalance","Receive Balance","translated"
"receive.receiveQr","Receive QR","translated"
"receive.regular","Regular","translated"
"receive.seeAllAddresses","See all addresses","translated"
"receive.switch","Switch","translated"
"receive.switchAddress","Switch address","translated"
"receive.syncing","Syncing…","translated"
"receive.tapPubKey","Tap PubKey to reveal the private key view.","translated"
"receive.title","Receive","translated"
"receive.toggleAddressType","Toggle receive address type","translated"
"receive.unavailable","Unavailable","translated"
"reconfiguration.changingPath","Changing derivation path","translated"
"reconfiguration.clearing","Clearing old wallet data","translated"
"reconfiguration.clearingDetail","Removing the previous address, history, and UTXO records.","translated"
"reconfiguration.deriving","Generating wallet addresses","translated"
"reconfiguration.derivingDetail","Creating the receive and change addresses for this wallet path.","translated"
"reconfiguration.dismiss","Dismiss","translated"
"reconfiguration.failed","Wallet update failed","translated"
"reconfiguration.failedDetail","The wallet could not be reconfigured.","translated"
"reconfiguration.keepOpen","Please keep OPTN Wallet open. Navigation is temporarily disabled while wallet data is rebuilt.","translated"
"reconfiguration.movingTo","Moving to {network}","translated"
"reconfiguration.preparing","Preparing wallet","translated"
"reconfiguration.preparingDetail","Stopping background sync and reconnecting to the selected network.","translated"
"reconfiguration.progress","Wallet update progress","translated"
"reconfiguration.reloading","Reloading wallet","translated"
"reconfiguration.stepOf","Step {current} of {total}","translated"
"reconfiguration.switchingNetwork","Switching network","translated"
"reconfiguration.syncing","Synchronizing wallet","translated"
"reconfiguration.syncingDetail","Fetching balances, UTXOs, and transaction history. This can take 15–20 seconds.","translated"
"reconfiguration.updating","Updating wallet","translated"
"reconfiguration.working","Working…","translated"
"recovery.hide","Hide Backup Phrase","translated"
"recovery.reveal","Reveal Backup Phrase","translated"
"recovery.warning","Warning","translated"
"recovery.warningDescription","Displaying your mnemonic backup phrase can compromise your funds. Ensure you keep it secure.","translated"
"rpa.confirmedPayment","confirmed stealth payment","translated"
"rpa.confirmedPayments","{count} confirmed stealth payment(s) found","translated"
"rpa.copyFailed","Copy failed.","translated"
"rpa.copySuccess","Paycode copied!","translated"
"rpa.derivationFailed","Paycode derivation failed. Unlock your wallet and try again.","translated"
"rpa.derivationPaths","Derivation paths","translated"
"rpa.deriving","Deriving paycode…","translated"
"rpa.found","found","translated"
"rpa.howWorks","How it works","translated"
"rpa.lastScanned","Last scanned","translated"
"rpa.noNotification","No notification tx.","translated"
"rpa.noNotificationText","The sender grinds their signature nonce until the input hash prefix matches your scan key — detectability is embedded in the signature itself.","translated"
"rpa.paycode","Paycode","translated"
"rpa.prefixFilter","Prefix filter","translated"
"rpa.scanDescription","Scans a Fulcrum-RPA server for transactions whose input signature prefix matches your scan key. Uses ECDH to verify each candidate and detect your stealth outputs.","translated"
"rpa.scanKey","Scan key","translated"
"rpa.scanning","Scanning…","translated"
"rpa.serverUnsupported","This server does not support RPA scanning.","translated"
"rpa.shareDescription","Share this paycode with senders. Each payment creates a unique stealth address — no link between payments on-chain.","translated"
"rpa.spendKey","Spend key","translated"
"rpa.stealthBalance","Stealth BCH","translated"
"rpa.sync","Sync","translated"
"rpa.title","RPA Paycode","stable-term"
"rpa.walletUnavailable","Wallet not available","translated"
"send.address","Address","translated"
"send.advanced","Advanced","translated"
"send.advancedBuilder","Open Advanced Builder","translated"
"send.airdrops","Airdrops","translated"
"send.amount","Amount","translated"
"send.amountBch","Amount (BCH)","translated"
"send.amountUsd","Amount (USD)","translated"
"send.asset","Asset","translated"
"send.assetControl","Asset control","translated"
"send.back","Back","translated"
"send.balance","Balance","translated"
"send.bcmrMetadata","Parsed using BCMR metadata from the selected category.","translated"
"send.bytes","bytes","stable-term"
"send.changeAddress","Change address","translated"
"send.clearForm","Clear form","translated"
"send.confirmed","Confirmed","translated"
"send.contract","Contract","translated"
"send.contractInputs","Contract inputs","translated"
"send.copy","Copy","translated"
"send.debug","Debug","translated"
"send.decimals","{count} decimals","translated"
"send.details","Details","translated"
"send.enterBchForUsd","Enter a BCH amount to see the USD equivalent.","translated"
"send.enterUsdForBch","Enter a USD amount to see the BCH equivalent.","translated"
"send.fee","Fee","translated"
"send.fillMax","Fill the full spendable balance minus network fee","translated"
"send.fillRequired","Fill the required fields first","translated"
"send.finalOutputs","Final outputs","translated"
"send.guidedDescription","Send BCH, fungible tokens, or NFTs with one guided flow.","translated"
"send.height","Height","translated"
"send.hide","Hide","translated"
"send.inputs","Inputs","translated"
"send.inputsUsed","Inputs used","translated"
"send.insufficientFunds","Not enough funds. Check your balance or reduce the amount.","translated"
"send.integer","integer","translated"
"send.invalidAddress","Invalid address—double-check for typos or try scanning a QR code.","translated"
"send.keepTxid","Keep this txid as your reference and avoid sending it again.","translated"
"send.leaveBlankNft","Leave blank to send the first available NFT in this category.","translated"
"send.loading","Loading…","translated"
"send.max","Max","stable-term"
"send.networkError","Network error. Check your connection and try again.","translated"
"send.nft","NFT","stable-term"
"send.nftCategory","NFT category","translated"
"send.nftCommitment","NFT commitment","translated"
"send.nfts","NFTs","stable-term"
"send.noInputs","No inputs selected yet (run Review).","translated"
"send.noOutputs","No outputs yet (run Review).","translated"
"send.noTxBuilt","(no tx built yet)","translated"
"send.openAirdrops","Open Airdrops","translated"
"send.optionalHexCommitment","Optional hex commitment…","translated"
"send.outpoint","Outpoint","stable-term"
"send.outputsCreated","Outputs created","translated"
"send.pending","Pending","translated"
"send.quantumrootApproval","approval key to Quantum Lock","translated"
"send.quantumrootHint","Review the recipient and token category, then tap Review to build the transaction.","translated"
"send.quantumrootNftHint","If there are multiple NFT entries, choose the one that matches the approval key.","translated"
"send.quantumrootPrefilled","Prefilled to send the {label}","translated"
"send.quantumrootReceive","matching receive coin to the vault receive address","translated"
"send.quantumrootShortcut","Quantumroot shortcut","translated"
"send.rawTransaction","Raw transaction","translated"
"send.recipient","Recipient","translated"
"send.recipientAmountLoaded","Recipient and amount loaded from QR.","translated"
"send.recipientLoaded","Recipient loaded from QR.","translated"
"send.releaseToSend","Release to send","translated"
"send.reset","Reset","translated"
"send.review","Review","translated"
"send.reviewTitle","Review Transaction","translated"
"send.sats","Sats","stable-term"
"send.scanQr","Scan QR","translated"
"send.selectCategory","Select category…","translated"
"send.selectedInputs","Selected inputs","translated"
"send.send","Send","translated"
"send.sending","Sending…","translated"
"send.sent","Transaction sent","translated"
"send.show","Show","translated"
"send.slideToConfirm","Slide to confirm","translated"
"send.submitted","Transaction submitted","translated"
"send.summary","Summary","translated"
"send.switchToBch","Switch amount input to BCH","translated"
"send.switchToUsd","Switch amount input to USD","translated"
"send.technicalDetails","Technical details","translated"
"send.title","Simple Send","translated"
"send.to","To","translated"
"send.token","Token","stable-term"
"send.tokenAmount","Token amount","translated"
"send.tokenCategory","Token category","translated"
"send.tokenChange","Token change","translated"
"send.tokenInputs","Token inputs","translated"
"send.tokenLabel","Token","stable-term"
"send.totalBch","Total (BCH)","stable-term"
"send.transactionSize","Transaction size","translated"
"send.transferMode","Transfer mode","translated"
"send.type","Type","stable-term"
"send.unconfirmedInputs","Unconfirmed inputs","translated"
"send.usdUnavailable","USD conversion is unavailable right now.","translated"
"send.verifyRecipient","QR scanned. Verify recipient before sending.","translated"
"send.verifySlide","Verify details and slide to send.","translated"
"send.waitingSync","Waiting for sync","translated"
"send.waitPrevious","Wait for your previous outgoing transaction to sync first","translated"
"server.active","● active","translated"
"server.add","Add","translated"
"server.addDesktopPlaceholder","Add server — Fulcrum host:50002, or a node host:8333","translated"
"server.addMobilePlaceholder","Add WSS server — host:50004","translated"
"server.addressUrlPlaceholder","Address URL, e.g. https://example.com/address/{address}","translated"
"server.auto","Auto","translated"
"server.autoBackend","Auto — server pool, with failover","translated"
"server.automatic","Automatic","translated"
"server.backend","Backend","stable-term"
"server.blockExplorer","Block explorer","translated"
"server.connect","Connect","translated"
"server.connected","Connected.","translated"
"server.connectedServer","Connected server","translated"
"server.connecting","Connecting…","translated"
"server.connectionFailed","Connection failed","translated"
"server.connectTitle","Connect to this server","translated"
"server.custom","Custom…","translated"
"server.customFee","Custom","translated"
"server.defaultPortHint","Default port: 50004 (WSS). Use wss:// prefix to force WSS, or ws:// for unencrypted.","translated"
"server.explorerDescription","Used for “open in explorer” links on transactions.","translated"
"server.feeDescription","Fee rate for new transactions. Automatic uses the network minimum (~1 sat/byte, Electron Cash default).","translated"
"server.feeUnit","sat/byte — applies to your next transaction","translated"
"server.invalidHost","Enter a valid host:port (e.g. 192.168.0.129:50002).","translated"
"server.manual","Manual","stable-term"
"server.node","Node","stable-term"
"server.notConnected","Not connected","translated"
"server.onlyBackend","Only this backend is used — pinning a node means Electrum servers aren't consulted.","translated"
"server.placeholderHelp","Use {txid} and {address} as placeholders.","translated"
"server.pool","{network} server pool","translated"
"server.rawNodeMobileError","Raw BCH node connections are only available on desktop. Add an Electrum/Fulcrum WSS server instead.","translated"
"server.remove","Remove","translated"
"server.saveCustom","Save custom explorer","translated"
"server.server","Server","translated"
"server.serverInputPlaceholder","host, host:50004, or wss://host:50004","translated"
"server.transactionFee","Transaction fee","translated"
"server.trustless","trustless","translated"
"server.txUrlPlaceholder","Tx URL, e.g. https://example.com/tx/{txid}","translated"
"server.useAuto","Use Auto","translated"
"settings.about","About OPTN","translated"
"settings.aboutSupport","About & support","translated"
"settings.aboutSupportDescription","Help, contact, terms, and app information","translated"
"settings.connectionsFeatures","Connections & features","translated"
"settings.connectionsFeaturesDescription","Servers, integrations, privacy features, and advanced tools","translated"
"settings.contact","Contact Us","translated"
"settings.language","Language","translated"
"settings.languageDescription","Choose the wallet interface language","translated"
"settings.network","Network","translated"
"settings.recovery","Recovery Phrase","translated"
"settings.terms","Terms of Use","translated"
"settings.walletSecurity","Wallet & security","translated"
"settings.walletSecurityDescription","Recovery, derivation path, app lock, and wallet controls","translated"
"settingsAppLock.autoLockAfter","Auto-lock after","translated"
"settingsAppLock.biometricDescription","Use {label} to unlock instead of typing your password.","translated"
"settingsAppLock.biometricSetupFailed","Biometric setup failed: {message}","translated"
"settingsAppLock.biometricUnlock","Biometric unlock","translated"
"settingsAppLock.cancel","Cancel","translated"
"settingsAppLock.changePassword","Change Password","translated"
"settingsAppLock.confirm","Confirm","translated"
"settingsAppLock.confirmNewPassword","Confirm new password","translated"
"settingsAppLock.currentPassword","Current password","translated"
"settingsAppLock.currentPasswordIncorrect","Current password is incorrect.","translated"
"settingsAppLock.disabled","Disabled","translated"
"settingsAppLock.enabled","Enabled","translated"
"settingsAppLock.enabling","Enabling…","translated"
"settingsAppLock.encryption","Encryption","translated"
"settingsAppLock.encryptionDescription","Your wallet is encrypted with a password-derived key (PBKDF2 · 600k iterations · AES-256-GCM). The key is never stored — it is derived in memory each time you unlock.","translated"
"settingsAppLock.lockNow","Lock Now","translated"
"settingsAppLock.minute","1 minute","stable-term"
"settingsAppLock.minutes","{count} minutes","stable-term"
"settingsAppLock.never","Never","translated"
"settingsAppLock.newPassword","New password","translated"
"settingsAppLock.noWalletOpen","No wallet is open.","translated"
"settingsAppLock.passwordChanged","Password changed successfully.","translated"
"settingsAppLock.passwordChangeFailed","Password change failed. Please try again.","translated"
"settingsAppLock.passwordMismatch","New passwords do not match.","translated"
"settingsAppLock.updating","Updating…","translated"
"settingsDerivation.activePath","Active BIP44 account path","translated"
"settingsDerivation.alreadyActive","This derivation path is already active.","translated"
"settingsDerivation.changeResync","Change and resync","translated"
"settingsDerivation.completed","Derivation path changed and wallet resync completed.","translated"
"settingsDerivation.confirm","Changing the derivation path clears the current address, history, and UTXO records. The wallet will then regenerate and resync only the new path. Continue?","translated"
"settingsDerivation.currentMode","Current mode: {mode}.","translated"
"settingsDerivation.custom","custom","translated"
"settingsDerivation.description","OPTN supports one active BIP44 account path at a time. Reconfiguring it removes the old derived records and performs a fresh receive/change discovery and resync.","translated"
"settingsDerivation.failed","Wallet reconfiguration failed.","translated"
"settingsDerivation.invalidPath","Invalid derivation path.","translated"
"settingsDerivation.networkDefault","network default","translated"
"settingsDerivation.reconfiguring","Reconfiguring…","translated"
"settingsDerivation.useDefault","Use network default","translated"
"settingsNetwork.active","Active","translated"
"settingsNetwork.chipnet","Chipnet","stable-term"
"settingsNetwork.chipnetDescription","BCH testnet for upcoming CHIPs — test funds only","translated"
"settingsNetwork.comingSoon","Coming soon","translated"
"settingsNetwork.description","Switching networks clears the active network records, derives the network path, and resynchronizes receive/change addresses. Custom paths are preserved across network changes.","translated"
"settingsNetwork.mainnet","Mainnet","stable-term"
"settingsNetwork.mainnetDescription","Live BCH network — real funds","translated"
"settingsNetwork.regtest","Regtest","stable-term"
"settingsNetwork.reload","Reload and resync current wallet","translated"
"settingsNetwork.reloading","Reloading wallet…","translated"
"settingsNetwork.switching","Switching…","translated"
"settingsNetwork.testnet3","Testnet3","stable-term"
"settingsNetwork.testnet4","Testnet4","stable-term"
"settingsPanels.addons","Addons","translated"
"settingsPanels.appLock","App Lock","translated"
"settingsPanels.cashfusion","CashFusion","stable-term"
"settingsPanels.console","Console","stable-term"
"settingsPanels.contract","Contract Info","translated"
"settingsPanels.derivation","Derivation Path","translated"
"settingsPanels.experimental","Experimental Features","translated"
"settingsPanels.faucet","Chipnet Faucet","stable-term"
"settingsPanels.nostr","Nostr & Chat","translated"
"settingsPanels.server","Server","stable-term"
"settingsPanels.walletConnect","WalletConnect","stable-term"
"settingsPanels.wizardConnect","WizardConnect","stable-term"
"settingsRows.about","About OPTN","translated"
"settingsRows.aboutDescription","Version info","translated"
"settingsRows.addons","Addons","translated"
"settingsRows.addonsDescription","Install and manage third-party addons","translated"
"settingsRows.appLock","App Lock","translated"
"settingsRows.appLockDescription","Auto-lock · Change password","translated"
"settingsRows.console","Console","stable-term"
"settingsRows.consoleDescription","App log · Electrum RPC","translated"
"settingsRows.contact","Contact Us","translated"
"settingsRows.contactDescription","Get help and support","translated"
"settingsRows.contractInfo","Contract Info","translated"
"settingsRows.contractInfoDescription","View contract details","translated"
"settingsRows.derivation","Derivation Path","translated"
"settingsRows.derivationDescription","Customize and resync the active BIP44 path","translated"
"settingsRows.experimental","Experimental Features","translated"
"settingsRows.experimentalDescription","RPA · Quantumroot","translated"
"settingsRows.faucet","Chipnet Faucet","stable-term"
"settingsRows.faucetDescription","Get test BCH on Chipnet","translated"
"settingsRows.language","Language","translated"
"settingsRows.languageDescription","Choose the wallet interface language","translated"
"settingsRows.network","Network","translated"
"settingsRows.networkDescription","Switch between Mainnet and Chipnet","translated"
"settingsRows.nostr","Nostr & Chat","translated"
"settingsRows.nostrDescription","Private messages · Identity · Relay pool","translated"
"settingsRows.pendingOutbox","Pending Tx Locks","translated"
"settingsRows.pendingOutboxDescription","Review outgoing transaction locks","translated"
"settingsRows.recovery","Recovery Phrase","translated"
"settingsRows.recoveryDescription","Back up your wallet","translated"
"settingsRows.server","Servers","translated"
"settingsRows.serverDescription","Electrum · Block explorer · Transaction fees","translated"
"settingsRows.terms","Terms of Use","translated"
"settingsRows.termsDescription","Read our terms","translated"
"settingsRows.walletConnect","WalletConnect","stable-term"
"settingsRows.walletConnectDescription","Manage dApp connections","translated"
"settingsRows.wizardConnect","WizardConnect","stable-term"
"settingsRows.wizardConnectDescription","Connect to token wizards","translated"
"terms.acceptance","1. Acceptance of Terms","translated"
"terms.acceptanceText","By accessing and using the OPTN Wallet App (“the App”), you agree to comply with and be bound by these Terms of Use. If you do not agree, please do not use the App.","translated"
"terms.deviceSecurity","Ensuring the security of your device and the App.","translated"
"terms.modifications","6. Modifications","stable-term"
"terms.modificationsText","The developers may modify, suspend, or discontinue the App without prior notice and may update these Terms. You are responsible for reviewing them periodically.","translated"
"terms.noLiability","4. No Liability","translated"
"terms.noLiabilityText","The developers assume no liability for loss, damage, or unauthorized access arising from use of the App, including cryptocurrency loss, data breaches, or device malfunctions. You use the App at your own risk.","translated"
"terms.noWarranty","5. No Warranty","translated"
"terms.noWarrantyText","The App is provided “as is” without express or implied warranties. The developers do not guarantee reliability, accuracy, completeness, error-free operation, or uninterrupted service.","translated"
"terms.purpose","2. Purpose","translated"
"terms.purposeText","The OPTN Wallet App lets users securely store, send, and receive cryptocurrency. You are responsible for the security of your private keys and assets.","translated"
"terms.responsibilities","3. User Responsibilities","translated"
"terms.responsibilitiesIntro","The OPTN Wallet App handles real cryptocurrency. You are solely responsible for:","translated"
"terms.responsibilitiesText","The development team is not responsible for loss of assets or unauthorized access resulting from failure to follow these practices.","translated"
"terms.safeguard","Safeguarding your private keys and recovery phrases.","translated"
"terms.verify","Verifying transaction details before confirming any actions.","translated"
"token.activeMinting","Active Minting","translated"
"token.authHead","Auth Head","translated"
"token.bcmr","BCMR","stable-term"
"token.bcmrUnavailable","BCMR metadata unavailable","translated"
"token.category","Category","translated"
"token.chainStatsError","Unable to load token chain statistics right now.","translated"
"token.decimals","Decimals","translated"
"token.id","Token ID","translated"
"token.loading","Loading token data…","translated"
"token.no","No","translated"
"token.symbol","Symbol","translated"
"token.totalNfts","Total NFTs","translated"
"token.totalSupply","Total Supply","translated"
"token.unavailable","Unavailable","translated"
"token.yes","Yes","translated"
"tor.appRunsOwn","The app runs its own Tor — no Tor Browser needed","translated"
"tor.autoDetect","Auto-detect (9050 / 9150)","translated"
"tor.bootstrapping","Bootstrapping Tor… {percent}%","translated"
"tor.check","Check Tor","translated"
"tor.checking","Checking…","translated"
"tor.desktopOnly","Desktop only","translated"
"tor.disable","Disable","translated"
"tor.enable","Enable","translated"
"tor.externalOption","Or use a Tor you run yourself:","translated"
"tor.foundOnPort","Tor found on port {port} ✓","translated"
"tor.integrated","Integrated Tor","translated"
"tor.manualPort","Manual port","translated"
"tor.noExternal","No external Tor found. Either press “Start integrated Tor” above (recommended), or start Tor Browser (9150) / a system Tor daemon (9050) and press “Check Tor”. Without Tor, remote CashFusion is blocked.","translated"
"tor.noProxy","No Tor proxy running ✗","translated"
"tor.remoteRequired","Required for remote CashFusion servers","translated"
"tor.runningOn","Running on port {port} ✓","translated"
"tor.starting","Starting…","translated"
"tor.startIntegrated","Start integrated Tor","translated"
"tor.stop","Stop","translated"
"tor.title","Tor","stable-term"
"tor.usingManual","Using manual port {port}","translated"
"txDetails.bch","BCH","stable-term"
"txDetails.index","Index","stable-term"
"txDetails.locktime","Locktime","translated"
"txDetails.txid","TXID","stable-term"
"txDetails.version","Version","stable-term"
"txSummary.bch","BCH","stable-term"
"txSummary.bchInput","bch input","translated"
"txSummary.bytes","bytes","stable-term"
"txSummary.fee","Fee","translated"
"txSummary.feeRate","Fee rate","translated"
"txSummary.inputs","Inputs","translated"
"txSummary.outputs","Outputs","translated"
"txSummary.sats","sats","stable-term"
"txSummary.token","token","stable-term"
"txSummary.tokenInput","token input","translated"
"txSummary.txSize","Tx size","translated"
"utxo.amount","Amount","translated"
"utxo.bitcoinCash","Bitcoin Cash","stable-term"
"utxo.ft","FT","stable-term"
"utxo.height","Height","translated"
"utxo.loading","Loading UTXOs…","translated"
"utxo.name","Name","translated"
"utxo.nft","NFT","stable-term"
"utxo.none","No UTXOs to display.","translated"
"utxo.pos","Pos","translated"
"utxo.tokens","tokens","stable-term"
"utxo.txHash","Tx Hash","translated"
"walkthrough.label","Walkthrough","translated"
"watchOnly.accountXpub","Account xPub","translated"
"watchOnly.back","Back to wallets","translated"
"watchOnly.change","Change #{index}","translated"
"watchOnly.chipnet","Chipnet","stable-term"
"watchOnly.comingNext","Coming next","translated"
"watchOnly.description","Inspect public BCH addresses without importing any private keys.","translated"
"watchOnly.mainnet","Mainnet","stable-term"
"watchOnly.multipleCosigners","Multiple cosigners","translated"
"watchOnly.multisign","Multisign","translated"
"watchOnly.network","Network","translated"
"watchOnly.pathNote","Confirm that SeedCash exported this account at m/44'/145'/account'. A standalone BIP32 xPub cannot prove its parent purpose or coin path.","translated"
"watchOnly.previewPublic","Preview public addresses","translated"
"watchOnly.previewTitle","Public address preview","translated"
"watchOnly.receive","Receive #{index}","translated"
"watchOnly.scanCamera","Scan (camera)","translated"
"watchOnly.standard","Standard","stable-term"
"watchOnly.title","Watch-Only Wallet Preview","translated"
"watchOnly.type","Watch-only wallet type","translated"
"watchOnly.uploadQr","Upload QR","translated"
"watchOnly.warning","Public preview only: this screen does not save a watch-only wallet or create, sign, import, or broadcast PSBT transactions yet.","translated"
"watchOnly.xpubPlaceholder","Paste the xPub exported by SeedCash","translated"
"wc.activeSessions","Active WalletConnect Sessions","translated"
"wc.address","Address","translated"
"wc.approvalFailedBody","Failed to approve the session request from {name}.","translated"
"wc.approvalFailedTitle","WalletConnect approval failed","translated"
"wc.approve","Approve","translated"
"wc.approvedBody","Connected to {name}.","translated"
"wc.approvedTitle","WalletConnect session approved","translated"
"wc.approveSession","Approve Session","translated"
"wc.broadcast","Broadcast","translated"
"wc.broadcastLocked","Another outgoing transaction is still syncing. To avoid duplicates while you are offline, this wallet will only broadcast one unresolved transaction at a time.","translated"
"wc.cancel","Cancel","translated"
"wc.close","Close","translated"
"wc.connect","Connect","translated"
"wc.connectionUri","Connection URI","translated"
"wc.dappName","DApp Name","translated"
"wc.disconnect","Disconnect","translated"
"wc.disconnectsOn","Disconnects On","translated"
"wc.domain","Domain","translated"
"wc.enterUri","Enter WalletConnect URI","translated"
"wc.estimatedFee","Estimated Fee","translated"
"wc.fungibleAmount","Fungible Amount","translated"
"wc.index","Index","stable-term"
"wc.inputs","Inputs ({count})","translated"
"wc.invalidLockingBytecode","Invalid locking bytecode","translated"
"wc.invalidQr","Not a valid WalletConnect URI.","translated"
"wc.messageApprovedBody","Approved the WalletConnect message request.","translated"
"wc.messageFailedBody","Failed to sign WalletConnect message request.","translated"
"wc.messageFailedTitle","WalletConnect message failed","translated"
"wc.messageRejectedBody","Rejected the WalletConnect message request.","translated"
"wc.messageRejectedTitle","WalletConnect message rejected","translated"
"wc.messageRejectFailedBody","Failed to reject WalletConnect message request.","translated"
"wc.messageSignedBody","Approved request from {name}.","translated"
"wc.messageSignedTitle","WalletConnect message signed","translated"
"wc.messageToSign","Message to Sign","translated"
"wc.nftCapability","NFT Capability","translated"
"wc.nftCommitment","NFT Commitment","translated"
"wc.no","No","translated"
"wc.noActiveSessions","No active WalletConnect sessions yet.","translated"
"wc.noQr","No QR code detected. Try again.","translated"
"wc.noSessions","No active sessions.","translated"
"wc.opReturnOutput","OP_RETURN Output","translated"
"wc.outputs","Outputs ({count})","translated"
"wc.pairingStarted","WalletConnect pairing started.","translated"
"wc.pairingSuccessful","WalletConnect pairing successful via QR.","translated"
"wc.prompt","Prompt","translated"
"wc.reject","Reject","translated"
"wc.rejectedBody","Rejected the session request from {name}.","translated"
"wc.rejectedTitle","WalletConnect session rejected","translated"
"wc.rejectionFailedBody","Failed to reject the session request from {name}.","translated"
"wc.rejectionFailedTitle","WalletConnect rejection failed","translated"
"wc.rejectionSentBody","Sent the rejection response to the dApp.","translated"
"wc.rejectionStaleBody","The dApp disconnected before the rejection response could be delivered.","translated"
"wc.requestExpiredBody","The dApp request expired before it could be completed.","translated"
"wc.requestExpiredTitle","WalletConnect request expired","translated"
"wc.scanFailed","WalletConnect scan failed.","translated"
"wc.scanQr","Scan QR","translated"
"wc.sessionDisconnectedBody","A WalletConnect session was disconnected remotely.","translated"
"wc.sessionDisconnectedFrom","Disconnected from {name}.","translated"
"wc.sessionDisconnectedTitle","WalletConnect session disconnected","translated"
"wc.sessionRequestExpiredBody","The WalletConnect session request timed out before approval.","translated"
"wc.sessionRequestExpiredTitle","WalletConnect session request expired","translated"
"wc.sessionRequestFrom","Session request from {name}.","translated"
"wc.sessionRequestGeneric","A dApp requested a WalletConnect session.","translated"
"wc.sessionRequestTitle","WalletConnect session request","translated"
"wc.settings","Settings","translated"
"wc.sign","Sign","translated"
"wc.signMessageRequest","Sign Message Request","translated"
"wc.signTransactionRequest","Sign Transaction Request","translated"
"wc.tokenCategory","Token Category","translated"
"wc.totalInput","Total Input","translated"
"wc.totalOutput","Total Output","translated"
"wc.transactionApprovedTitle","WalletConnect transaction approved","translated"
"wc.transactionFailedBody","Failed to sign WalletConnect transaction request: {message}","translated"
"wc.transactionFailedTitle","WalletConnect transaction failed","translated"
"wc.transactionRejectedTitle","WalletConnect transaction rejected","translated"
"wc.transactionRejectionFailedBody","Failed to reject WalletConnect transaction request: {message}","translated"
"wc.transactionResponseSentBody","Sent the WalletConnect transaction response.","translated"
"wc.transactionSentBody","Sent the transaction response to {name}.","translated"
"wc.transactionStaleBody","The dApp disconnected before the transaction response could be delivered.","translated"
"wc.txid","TXID","stable-term"
"wc.unknownDapp","Unknown dApp","translated"
"wc.unsupportedTransaction","This request uses an unsupported transaction representation in the current OPTN Wallet integration.","translated"
"wc.validUri","Please provide a valid WalletConnect URI.","translated"
"wc.waitingForSync","Waiting for sync","translated"
"wc.waitPrevious","Wait for the previous outgoing transaction to sync first","translated"
"wc.working","Working…","translated"
"wc.yes","Yes","translated"
"wizard.activeSessions","Active WizardConnect Sessions","translated"
"wizard.address","Address","translated"
"wizard.approve","Approve WizardConnect","translated"
"wizard.approved","WizardConnect transaction approved and sent.","translated"
"wizard.approveFailed","WizardConnect transaction failed: {message}","translated"
"wizard.broadcast","Broadcast","translated"
"wizard.cancel","Cancel","translated"
"wizard.close","Close","translated"
"wizard.connect","Connect","translated"
"wizard.connectedOn","Connected On","translated"
"wizard.connecting","Connecting…","translated"
"wizard.connectionUri","Connection URI","translated"
"wizard.connectQuestion","Connect this wallet to the following WizardConnect request?","translated"
"wizard.dapp","DApp","stable-term"
"wizard.disconnect","Disconnect","translated"
"wizard.enterUri","Enter WizardConnect URI","translated"
"wizard.errorPrefix","Error: {message}","translated"
"wizard.estimatedFee","Estimated Fee","translated"
"wizard.fungibleAmount","Fungible Amount","translated"
"wizard.index","Index","stable-term"
"wizard.invalidQr","Not a valid WizardConnect QR code.","translated"
"wizard.no","No","translated"
"wizard.noActiveSessions","No active WizardConnect sessions yet.","translated"
"wizard.noQr","No QR code detected. Try again.","translated"
"wizard.noWallet","No active wallet is available for WizardConnect.","translated"
"wizard.opReturnOutput","OP_RETURN Output","translated"
"wizard.pairingStarted","WizardConnect pairing started.","translated"
"wizard.prompt","Prompt","translated"
"wizard.rejected","WizardConnect transaction rejected.","translated"
"wizard.rejectFailed","WizardConnect rejection failed: {message}","translated"
"wizard.scanFailed","WizardConnect scan failed.","translated"
"wizard.sessionDisconnectedOrExpired","A WizardConnect session disconnected or expired on the dApp side.","translated"
"wizard.settings","Settings","translated"
"wizard.sign","Sign","translated"
"wizard.signRequest","WizardConnect Sign Request","translated"
"wizard.status","Status","stable-term"
"wizard.tokenCategory","Token Category","translated"
"wizard.totalInput","Total Input","translated"
"wizard.totalOutput","Total Output","translated"
"wizard.txid","TXID","stable-term"
"wizard.unknownDapp","Unknown dApp","translated"
"wizard.unsupportedTransaction","This request uses an unsupported transaction representation in the current OPTN Wallet integration.","translated"
"wizard.validUri","Please provide a valid WizardConnect URI.","translated"
"wizard.yes","Yes","translated"
