"key","English (en)","Spanish (es)","Status"
"about.building","Building and Sending Transactions","Crear y enviar transacciones","translated"
"about.buildingText","Construct transactions with custom covenant conditions such as time locks, multisignature requirements, or allowlisted addresses.","Construye transacciones con condiciones covenant personalizadas, como bloqueos temporales, requisitos multifirma o direcciones permitidas.","translated"
"about.cashscriptExamples","CashScript Covenant Examples","Ejemplos de covenants de CashScript","translated"
"about.cashscriptGuide","CashScript - Writing Covenants & Introspection","CashScript - Escritura de covenants e introspección","translated"
"about.cointelegraph","Cointelegraph - What are Bitcoin covenants, and how do they work?","Cointelegraph - ¿Qué son los covenants de Bitcoin y cómo funcionan?","translated"
"about.community","Community Feedback","Comentarios de la comunidad","translated"
"about.communityText","Built with input from beta testers and real user needs.","Creada con aportes de usuarios beta y necesidades reales.","translated"
"about.creating","Creating and Importing Wallets","Crear e importar billeteras","translated"
"about.creatingText","Create new wallets or import existing ones using standard formats compatible with other Bitcoin wallets.","Crea billeteras nuevas o importa las existentes con formatos estándar compatibles con otras billeteras Bitcoin.","translated"
"about.feedback","Feedback and Support","Comentarios y soporte","translated"
"about.feedbackText","Your feedback helps us improve OPTN Wallet. For suggestions, issues, or support, contact us at","Tus comentarios nos ayudan a mejorar OPTN Wallet. Para sugerencias, problemas o soporte, escríbenos a","translated"
"about.flexibility","Flexibility","Flexibilidad","translated"
"about.flexibilityText","Tailor your wallet experience with custom transaction conditions.","Adapta tu experiencia con condiciones de transacción personalizadas.","translated"
"about.intended","Intended Use","Uso previsto","translated"
"about.intendedText","OPTN is ready to help you manage digital assets with advanced covenant features, whether you are handling personal funds or exploring Bitcoin covenants.","OPTN está lista para ayudarte a gestionar activos digitales con funciones covenant avanzadas, tanto si manejas fondos personales como si exploras los covenants de Bitcoin.","translated"
"about.intuitive","Intuitive Design","Diseño intuitivo","translated"
"about.intuitiveText","A user-friendly interface that makes asset management approachable for beginners.","Una interfaz sencilla que facilita la gestión de activos incluso a principiantes.","translated"
"about.keyFeatures","Key Features","Funciones principales","translated"
"about.learn","Learn More About Bitcoin Covenants","Aprende más sobre los covenants de Bitcoin","translated"
"about.learnText","Explore these resources to deepen your understanding of Bitcoin covenants:","Explora estos recursos para comprender mejor los covenants de Bitcoin:","translated"
"about.overview","Overview","Descripción general","translated"
"about.overviewText","The OPTN Wallet App gives you direct control and security over your digital assets. Bitcoin covenants let you set custom rules for how funds can be spent, so your wallet can match your preferences.","OPTN Wallet te ofrece control directo y seguridad sobre tus activos digitales. Los covenants de Bitcoin permiten definir reglas personalizadas para gastar fondos y adaptar la billetera a tus preferencias.","translated"
"about.security","Security","Seguridad","translated"
"about.securityText","Bitcoin covenant features help protect assets from unauthorized transactions.","Las funciones de covenant de Bitcoin ayudan a proteger los activos frente a transacciones no autorizadas.","translated"
"about.unmatched","Unmatched Security","Seguridad incomparable","translated"
"about.unmatchedText","Define exactly how funds can be spent with Bitcoin covenants.","Define exactamente cómo pueden gastarse los fondos con covenants de Bitcoin.","translated"
"about.viewing","Viewing Covenants","Consultar covenants","translated"
"about.viewingText","Review the rules that govern transactions so you can understand how your funds are protected.","Revisa las reglas que gobiernan las transacciones para entender cómo se protegen tus fondos.","translated"
"about.why","Why Choose OPTN Wallet?","¿Por qué elegir OPTN Wallet?","translated"
"about.wiki","Bitcoin Covenants Wiki","Wiki de Bitcoin Covenants","translated"
"actions.advanced","Advanced","Avanzadas","translated"
"actions.advancedActions","Advanced Actions","Acciones avanzadas","translated"
"actions.basic","Basic","Básicas","translated"
"actions.basicActions","Basic Actions","Acciones básicas","translated"
"actions.cashTokens","CashTokens","CashTokens","stable-term"
"actions.cashTokensDescription","Manage token families","Gestionar familias de tokens","translated"
"actions.commonWalletTasks","Common wallet tasks","Tareas comunes de la billetera","translated"
"actions.contracts","Contracts","Contratos","translated"
"actions.contractsDescription","Manage contract instances","Gestionar instancias de contratos","translated"
"actions.deeperTools","Deeper tools and workflows","Herramientas y flujos avanzados","translated"
"actions.newAddress","New Address","Nueva dirección","translated"
"actions.newAddressDescription","Generate a new address","Generar una nueva dirección","translated"
"actions.quantumroot","Quantumroot","Quantumroot","stable-term"
"actions.quantumrootBadge","Beta production","Beta de producción","translated"
"actions.quantumrootDescription","Quantum-ready vaults","Bóvedas preparadas para lo cuántico","translated"
"actions.receive","Receive","Recibir","translated"
"actions.receiveDescription","Receive BCH or CashTokens","Recibir BCH o CashTokens","translated"
"actions.scanQr","Scan QR","Escanear QR","translated"
"actions.scanQrDescription","Sweep paper wallets","Barrer billeteras de papel","translated"
"actions.send","Send","Enviar","translated"
"actions.sendDescription","Send BCH or CashTokens","Enviar BCH o CashTokens","translated"
"actions.subtitle","Simple wallet actions for everyday use","Acciones sencillas para el uso diario","translated"
"actions.taskMode","Task mode","Modo de tareas","translated"
"actions.taskModeDescription","Basic tasks first, advanced tools one step deeper","Primero las tareas básicas; las herramientas avanzadas están un nivel más abajo","translated"
"actions.title","Actions","Acciones","stable-term"
"actions.transactionBuilder","Transaction Builder","Constructor de transacciones","translated"
"actions.transactionBuilderDescription","Build custom transactions","Crear transacciones personalizadas","translated"
"actions.walletConnect","WalletConnect","WalletConnect","stable-term"
"actions.walletConnectDescription","Manage dApp sessions","Gestionar sesiones de dApps","translated"
"actions.wizardConnect","WizardConnect","WizardConnect","stable-term"
"actions.wizardConnectDescription","XPub-key-enabled dApp sessions","Sesiones de dApps con XPub","translated"
"addons.description","Addons run in a sandboxed frame with no access to your wallet's keys or memory — they can only do what the permissions you approve allow.","Los complementos se ejecutan en un marco aislado sin acceso a las claves ni a la memoria de tu billetera; solo pueden hacer lo que permitan los permisos que apruebes.","translated"
"addons.desktopOnly","Installing addons from a folder is only available on desktop.","La instalación de complementos desde una carpeta solo está disponible en escritorio.","translated"
"addons.installed","Installed addons","Complementos instalados","translated"
"addons.installedStatus","Installed “{name}”. Restart the app to load it.","Se instaló “{name}”. Reinicia la aplicación para cargarlo.","translated"
"addons.installFolder","Install from folder…","Instalar desde carpeta…","translated"
"addons.installing","Installing…","Instalando…","translated"
"addons.none","No addons installed.","No hay complementos instalados.","translated"
"addons.uninstall","Uninstall","Desinstalar","translated"
"addons.uninstalledStatus","Uninstalled. Restart the app for it to fully disappear.","Desinstalado. Reinicia la aplicación para que desaparezca por completo.","translated"
"app.back","Back","Atrás","translated"
"app.close","Close","Cerrar","translated"
"app.confirmLogout","Confirm Logout","Confirmar cierre de sesión","translated"
"app.confirmLogoutDescription","Confirm logout to remove this wallet from the device.","Confirma el cierre de sesión para eliminar esta billetera del dispositivo.","translated"
"app.help","Help","Ayuda","translated"
"app.language","Language","Idioma","translated"
"app.languageDescription","Choose the wallet interface language","Elige el idioma de la interfaz","translated"
"app.logOut","Log Out","Cerrar sesión","translated"
"app.quickAccess","Quick access","Acceso rápido","translated"
"app.settings","Settings","Configuración","translated"
"app.toggleTheme","Toggle theme","Cambiar tema","translated"
"appLock.cancel","Cancel","Cancelar","translated"
"appLock.checking","Checking…","Comprobando…","translated"
"appLock.confirm","Confirm","Confirmar","translated"
"appLock.confirmPassword","Confirm password","Confirmar contraseña","translated"
"appLock.incorrect","Incorrect passphrase. Try again.","La contraseña es incorrecta. Inténtalo de nuevo.","translated"
"appLock.password","Password","Contraseña","translated"
"appLock.revealBackup","Enter your password to reveal the backup phrase.","Introduce tu contraseña para revelar la frase de respaldo.","translated"
"appLock.verificationFailed","Verification failed. Please try again.","Falló la verificación. Inténtalo de nuevo.","translated"
"apps.addonLoadFailed","Addon failed to load","No se pudo cargar el complemento","translated"
"apps.advanced","Advanced","Avanzadas","translated"
"apps.all","All","Todas","translated"
"apps.allowCapabilities","Allow {name} capabilities?","¿Permitir las capacidades de {name}?","translated"
"apps.allowOnce","Allow once","Permitir una vez","translated"
"apps.allowSensitiveAction","Allow sensitive action?","¿Permitir una acción sensible?","translated"
"apps.alwaysAllow","Always allow","Permitir siempre","translated"
"apps.appDefinition","App definition","Definición de la aplicación","translated"
"apps.approveCapabilities","Approve required capabilities to continue.","Aprueba las capacidades necesarias para continuar.","translated"
"apps.back","Back","Atrás","translated"
"apps.browse","Browse apps","Explorar aplicaciones","translated"
"apps.browseSubtitle","Wallet first, then tokens, utils, and advanced platforms","Primero la billetera, luego tokens, utilidades y plataformas avanzadas","translated"
"apps.capabilitiesMessage","This addon app is requesting wallet capabilities before launch.","Esta aplicación complementaria solicita capacidades de la billetera antes de iniciarse.","translated"
"apps.capability","Capability:","Capacidad:","translated"
"apps.capability.addOutputs","Construct transaction outputs","Construir salidas de transacción","translated"
"apps.capability.addressUtxosRead","Read UTXOs for wallet addresses","Leer UTXO de las direcciones de la billetera","translated"
"apps.capability.addressUtxosRefresh","Refresh and store UTXOs for wallet addresses","Actualizar y guardar UTXO de las direcciones de la billetera","translated"
"apps.capability.broadcastTransactions","Broadcast transactions","Transmitir transacciones","translated"
"apps.capability.buildTransactions","Build transactions","Construir transacciones","translated"
"apps.capability.fetchJson","Fetch JSON over HTTP","Obtener JSON mediante HTTP","translated"
"apps.capability.signatureTemplates","Create signature templates","Crear plantillas de firma","translated"
"apps.capability.signMessages","Sign messages with wallet keys","Firmar mensajes con las claves de la billetera","translated"
"apps.capability.tokenHoldersRead","Read TokenIndex holder lists","Leer listas de titulares de TokenIndex","translated"
"apps.capability.tokenMetadataRead","Read CashToken metadata","Leer metadatos de CashToken","translated"
"apps.capability.walletAddressesRead","Read wallet addresses","Leer las direcciones de la billetera","translated"
"apps.capability.walletContextRead","Read wallet context","Leer el contexto de la billetera","translated"
"apps.capability.walletUtxosRead","Read wallet UTXOs","Leer los UTXO de la billetera","translated"
"apps.capabilityRequested","{name} requested: {capability}.","{name} solicitó: {capability}.","translated"
"apps.cashFusionDescription","Private CoinJoin — server or P2P over Nostr + Tor","CoinJoin privado — servidor o P2P mediante Nostr + Tor","translated"
"apps.chatDescription","Private end-to-end encrypted Nostr messaging","Mensajería privada de Nostr cifrada de extremo a extremo","translated"
"apps.comingSoon","Coming soon","Próximamente","translated"
"apps.contractsDescription","Browse artifacts and manage deployed instances","Explora artefactos y gestiona instancias desplegadas","translated"
"apps.deny","Deny","Denegar","translated"
"apps.empty","No apps in this category.","No hay aplicaciones en esta categoría.","translated"
"apps.expectedScreen","Expected config.screen (or app.id) to map to a built-in app implementation.","config.screen (o app.id) debe corresponder a una implementación integrada.","translated"
"apps.failedToLoad","Failed to load app","No se pudo cargar la aplicación","translated"
"apps.goToLanding","Go to Landing","Ir a la página principal","translated"
"apps.loadFailed","Failed to load addon apps","No se pudieron cargar las aplicaciones adicionales","translated"
"apps.loadingAddon","Loading addon…","Cargando complemento…","translated"
"apps.loadingApp","Loading app…","Cargando aplicación…","translated"
"apps.noWallet","No wallet selected","No hay ninguna billetera seleccionada","translated"
"apps.permissionDenied","Permission denied. App launch was blocked.","Permiso denegado. Se bloqueó el inicio de la aplicación.","translated"
"apps.quantumrootDescription","Receive and recovery tools for advanced vaults","Herramientas de recepción y recuperación para bóvedas avanzadas","translated"
"apps.resolvedScreenId","Resolved screen ID","ID de pantalla resuelto","translated"
"apps.subtitle","Extend your wallet with tools","Amplía tu billetera con herramientas","translated"
"apps.title","Apps","Aplicaciones","translated"
"apps.token","Token","Token","stable-term"
"apps.unsupportedAppKind","Unsupported app kind:","Tipo de aplicación no compatible:","translated"
"apps.unsupportedDeclarativeApp","Unsupported declarative app:","Aplicación declarativa no compatible:","translated"
"apps.utils","Utils","Utilidades","translated"
"apps.waitingPermission","Waiting for app permission","Esperando permiso de la aplicación","translated"
"apps.wallet","Wallet","Billetera","stable-term"
"assets.advancedVaultDescription","Receive and recovery tools for advanced vaults","Herramientas de recepción y recuperación para bóvedas avanzadas","translated"
"assets.advancedVaultWorkspace","Advanced vault workspace","Espacio de bóvedas avanzado","translated"
"assets.bitcoinCash","Bitcoin Cash","Bitcoin Cash","stable-term"
"assets.cashTokenHoldings","CashToken holdings","Tenencias de CashTokens","translated"
"assets.cashTokens","CashTokens","CashTokens","stable-term"
"assets.categories","categories","categorías","translated"
"assets.chipnet","Chipnet","Chipnet","stable-term"
"assets.fungible","fungible","fungibles","translated"
"assets.fungibleHoldings","Fungible token holdings","Tenencias de tokens fungibles","translated"
"assets.mintingNfts","Minting NFTs","NFTs de acuñación","translated"
"assets.mintingNftsDescription","Authority to mint additional NFTs in this category","Autoridad para crear NFT adicionales en esta categoría","translated"
"assets.mintTokens","Mint Tokens","Crear tokens","translated"
"assets.mutableNfts","Mutable NFTs","NFTs mutables","translated"
"assets.mutableNftsDescription","Commitment may be changed by the holder","El titular puede cambiar el compromiso","translated"
"assets.nfts","NFTs","NFTs","stable-term"
"assets.noFungibleTokens","No fungible CashTokens found.","No se encontraron CashTokens fungibles.","translated"
"assets.noNfts","No NFTs found.","No se encontraron NFT.","translated"
"assets.nonFungibleHoldings","Non-fungible holdings","Tenencias no fungibles","translated"
"assets.openVaults","Open vaults","Abrir bóvedas","translated"
"assets.plainNfts","Plain NFTs","NFTs simples","translated"
"assets.plainNftsDescription","Fixed commitment; cannot be changed or used to mint","Compromiso fijo; no se puede cambiar ni usar para crear tokens","translated"
"assets.primaryBalance","Primary wallet balance","Saldo principal de la billetera","translated"
"assets.quantumroot","Quantumroot","Quantumroot","stable-term"
"assets.quickInventory","Quick view of your wallet inventory","Vista rápida del inventario de tu billetera","translated"
"assets.tabBch","BCH","BCH","stable-term"
"assets.tabNfts","NFTs","NFTs","stable-term"
"assets.tabTokens","Tokens","Tokens","stable-term"
"assets.title","Assets","Activos","translated"
"assets.toggleBalance","Toggle BCH and USD balance","Cambiar entre saldo BCH y USD","translated"
"assets.units","units","unidades","translated"
"assets.usdPriceUnavailable","USD price unavailable","Precio en USD no disponible","translated"
"assets.usdUnavailable","USD unavailable","USD no disponible","translated"
"assets.vaultWorkspace","Vault workspace","Espacio de bóvedas","translated"
"bip37.addressesWithCoins","address(es) with coins","dirección(es) con monedas","translated"
"bip37.blocks","blocks","bloques","stable-term"
"bip37.fromNode","BCH from the node ✓","BCH del nodo ✓","translated"
"bip37.height","height","altura","translated"
"bip37.inUse","● in use","● en uso","translated"
"bip37.node","Node","Nodo","stable-term"
"bip37.notServes","Does not serve BIP37 ✗ (bloom filtering off)","No sirve BIP37 ✗ (filtrado Bloom desactivado)","translated"
"bip37.probe","Probe","Probar","translated"
"bip37.probing","Probing…","Comprobando…","translated"
"bip37.protocol","protocol","protocolo","translated"
"bip37.remove","Remove","Eliminar","translated"
"bip37.scanned","scanned","explorados","translated"
"bip37.serves","Serves BIP37 ✓","Sirve BIP37 ✓","translated"
"bip37.sync","Sync","Sincronizar","translated"
"bip37.syncing","Syncing…","Sincronizando…","translated"
"bip37.syncingDetails","Syncing headers + scanning blocks via the node…","Sincronizando encabezados y explorando bloques mediante el nodo…","translated"
"bip37.use","Use","Usar","translated"
"bip37.useBalanceTitle","Derive this wallet's balance directly from the node (trustless SPV)","Derivar directamente del nodo el saldo de esta billetera (SPV sin confianza)","translated"
"bip37.useNodeTitle","Use ONLY this node for wallet data (trustless; Electrum servers are not consulted)","Usar SOLO este nodo para los datos de la billetera (sin confianza; no se consultan servidores Electrum)","translated"
"bip37.verified","Verified trustlessly: every matched tx proven by its block's merkle proof.","Verificado sin confianza: cada transacción coincidente está demostrada por la prueba de Merkle de su bloque.","translated"
"bip37.watching","watching","observando","translated"
"builder.addFirstRecipient","Add your first recipient","Añade tu primer destinatario","translated"
"builder.addOpReturnOutput","Add OP_RETURN Output","Añadir salida OP_RETURN","translated"
"builder.addOutput","Add Output","Añadir salida","translated"
"builder.addRecipient","Add recipient","Añadir destinatario","translated"
"builder.addRecipients","Add recipients","Añade destinatarios","translated"
"builder.addRecipientsDescription","Add BCH recipients, token transfers, collectibles, or an optional message output.","Añade destinatarios de BCH, transferencias de tokens, coleccionables o un mensaje opcional.","translated"
"builder.address","Address","Dirección","translated"
"builder.amount","Amount","Importe","translated"
"builder.amountToSend","Amount to send","Importe a enviar","translated"
"builder.attachMessage","Attach message","Adjuntar mensaje","translated"
"builder.back","Back","Atrás","translated"
"builder.bchAddress","BCH address","Dirección BCH","translated"
"builder.bchAmountSats","BCH amount (sats)","Importe BCH (satoshis)","translated"
"builder.bchFunds","BCH funds","Fondos BCH","translated"
"builder.broadcastedSuccess","Your transaction was broadcast successfully!","¡Tu transacción se transmitió correctamente!","translated"
"builder.buildTransaction","Build Transaction","Crear transacción","translated"
"builder.buildTx","Build TX","Crear TX","translated"
"builder.capability","Capability","Capacidad","translated"
"builder.category","Category","Categoría","translated"
"builder.chooseSource","Choose a source","Elige un origen","translated"
"builder.chooseSourceDescription","Pick wallet addresses for normal sends, or contracts for script spends.","Elige direcciones de la billetera para envíos normales o contratos para scripts.","translated"
"builder.chooseSourceHelp","Choose source","Elegir origen","translated"
"builder.close","Close","Cerrar","translated"
"builder.collectibleAmount","Collectible amount","Importe del coleccionable","translated"
"builder.commitment","Commitment","Compromiso","translated"
"builder.configureCollectible","Configure collectible","Configurar coleccionable","translated"
"builder.confirmAndSend","Confirm and Send Transaction","Confirmar y enviar transacción","translated"
"builder.confirmTransaction","Confirm Transaction","Confirmar transacción","translated"
"builder.contract","Contract","Contrato","translated"
"builder.contractAddress","Contract address","Dirección del contrato","translated"
"builder.contractAssets","Contract assets","Activos del contrato","translated"
"builder.contractFunction","Contract Function","Función del contrato","translated"
"builder.contractFunds","Contract funds","Fondos del contrato","translated"
"builder.contracts","Contracts","Contratos","translated"
"builder.contractSourceCount","{count} contract source(s)","{count} origen(es) de contrato","translated"
"builder.contractSourcePlural","{count} contract sources","{count} orígenes de contrato","translated"
"builder.contractSources","Contract sources","Orígenes de contratos","translated"
"builder.contractSourceSingular","{count} contract source","{count} origen de contrato","translated"
"builder.copyToClipboard","Copy to clipboard","Copiar al portapapeles","translated"
"builder.createCollectible","Create collectible","Crear coleccionable","translated"
"builder.createToken","Create token","Crear token","translated"
"builder.customSend","Custom Send","Envío personalizado","translated"
"builder.decodeFailed","Unable to decode transaction. Showing raw hex:","No se pudo decodificar la transacción. Se muestra el hexadecimal sin procesar:","translated"
"builder.dragToConfirm","Drag to Confirm","Arrastra para confirmar","translated"
"builder.enterTokenAmount","Enter amount (max {amount})","Introduce el importe (máximo {amount})","translated"
"builder.estimatedNetworkFee","Estimated network fee","Comisión de red estimada","translated"
"builder.feeReserve","Leaving a {count} sat fee reserve.","Se reservan {count} satoshis para la comisión.","translated"
"builder.flow","Flow","Flujo","translated"
"builder.flowDescription","Pick a source, choose funds, add recipients, then preview the final transaction before sending.","Elige un origen, selecciona fondos, añade destinatarios y revisa la transacción final antes de enviarla.","translated"
"builder.fundsSelected","Funds selected","Fondos seleccionados","translated"
"builder.fungibleAmount","Fungible Amount","Importe fungible","translated"
"builder.fungibleTokens","Fungible Tokens","Tokens fungibles","translated"
"builder.genesisCollectible","Genesis input for this collectible","Entrada génesis de este coleccionable","translated"
"builder.genesisInput","Genesis input for this token","Entrada génesis de este token","translated"
"builder.help","Help","Ayuda","translated"
"builder.howWorks","How this works","Cómo funciona","translated"
"builder.inputs","Inputs","Entradas","translated"
"builder.leftoverBchPlaceholder","Wallet address for leftover BCH","Dirección de billetera para el BCH sobrante","translated"
"builder.max","Max","Máximo","translated"
"builder.maxSpendable","Set to maximum spendable (leaves 2000 sats for fees)","Usar el máximo disponible (deja 2000 satoshis para comisiones)","translated"
"builder.missingUnlocker","Missing unlocker!","¡Falta el desbloqueador!","translated"
"builder.next","Next","Siguiente","translated"
"builder.nftCapability","NFT Capability","Capacidad del NFT","translated"
"builder.nftCommitment","NFT Commitment","Compromiso del NFT","translated"
"builder.noContractAddresses","No contract addresses available.","No hay direcciones de contratos disponibles.","translated"
"builder.noFundsSelected","No funds selected yet.","Aún no se han seleccionado fondos.","translated"
"builder.none","None","Ninguno","translated"
"builder.nonFungibleTokens","Non-Fungible Tokens","Tokens no fungibles","translated"
"builder.noOutputs","No outputs added yet.","Aún no se han añadido salidas.","translated"
"builder.noQrCode","No QR code detected. Please try again.","No se detectó ningún código QR. Inténtalo de nuevo.","translated"
"builder.noSpendableBalance","No spendable balance after fee reserve","No hay saldo disponible después de reservar la comisión","translated"
"builder.noUtxosSelected","No UTXOs selected.","No se han seleccionado UTXO.","translated"
"builder.noWalletAddresses","No wallet addresses available.","No hay direcciones de billetera disponibles.","translated"
"builder.opReturnData","OP_RETURN Data","Datos OP_RETURN","translated"
"builder.opReturnEmpty","OP_RETURN data cannot be empty.","Los datos OP_RETURN no pueden estar vacíos.","translated"
"builder.opReturnOutput","OP_RETURN Output","Salida OP_RETURN","translated"
"builder.opReturnPlaceholder","Enter space-separated ASCII words","Introduce palabras ASCII separadas por espacios","translated"
"builder.outputs","Outputs","Salidas","translated"
"builder.paperWallet","Paper Wallet","Billetera de papel","translated"
"builder.paperWalletUtxos","Paper Wallet UTXOs","UTXO de la billetera de papel","translated"
"builder.pickFunds","Pick funds","Selecciona fondos","translated"
"builder.pickFundsDescription","Select the BCH, tokens, or collectibles that will fund this transaction.","Selecciona el BCH, los tokens o los coleccionables que financiarán esta transacción.","translated"
"builder.rawTransactionDetails","Raw Transaction Details","Detalles de la transacción sin procesar","translated"
"builder.ready","Ready","Listo","translated"
"builder.recipient","{count} recipient","{count} destinatario","translated"
"builder.recipientAddress","Recipient Address","Dirección del destinatario","translated"
"builder.recipientCount","{count} recipients","{count} destinatarios","translated"
"builder.recipients","Recipients","Destinatarios","translated"
"builder.recipientsAdded","Recipients added","Destinatarios añadidos","translated"
"builder.remove","Remove","Eliminar","translated"
"builder.removeAllRecipients","Remove all recipients","Eliminar todos los destinatarios","translated"
"builder.returnLeftover","Return leftover funds to","Devolver fondos sobrantes a","translated"
"builder.reviewAndSend","Review and send","Revisa y envía","translated"
"builder.reviewAndSendDescription","Preview first, then send only when the summary looks right.","Revisa primero y envía solo cuando el resumen sea correcto.","translated"
"builder.reviewFunds","Review funds","Revisar fondos","translated"
"builder.reviewRecipients","Review recipients","Revisar destinatarios","translated"
"builder.scanQrCode","Scan QR Code","Escanear código QR","translated"
"builder.selectedFunds","Selected funds","Fondos seleccionados","translated"
"builder.selectedItem","{count} selected item","{count} elemento seleccionado","translated"
"builder.selectedItems","{count} selected items","{count} elementos seleccionados","translated"
"builder.selectGenesisInput","Select genesis input","Selecciona la entrada génesis","translated"
"builder.selectSource","Select a source to continue.","Selecciona un origen para continuar.","translated"
"builder.sendBch","Send BCH","Enviar BCH","translated"
"builder.sendTx","Send TX","Enviar TX","translated"
"builder.sendWarning","You are about to send a transaction. Please confirm that all details are correct. This action cannot be undone.","Estás a punto de enviar una transacción. Confirma que todos los detalles sean correctos. Esta acción no se puede deshacer.","translated"
"builder.sourcesChosen","Sources chosen","Orígenes elegidos","translated"
"builder.step","Step {number}","Paso {number}","translated"
"builder.token","Token","Token","needs-review"
"builder.tokenAddress","Token address","Dirección de token","translated"
"builder.tokenAmount","Token Amount","Importe del token","translated"
"builder.tokenCategory","Token Category","Categoría del token","translated"
"builder.tokenCategoryLabel","Token Category","Categoría del token","translated"
"builder.tokensCollectibles","Tokens & collectibles","Tokens y coleccionables","translated"
"builder.transactionError","Transaction Error","Error de transacción","translated"
"builder.transactionSubmitted","Transaction Submitted","Transacción enviada","translated"
"builder.transactionSubmittedDescription","Your transaction has been submitted. Use this txid as the reference and avoid sending it again.","Tu transacción se ha enviado. Usa este txid como referencia y evita volver a enviarla.","translated"
"builder.transactionSuccessful","Transaction Successful","Transacción completada","translated"
"builder.transferMinimum","Transfer amount must be at least {count}.","El importe debe ser de al menos {count}.","translated"
"builder.tryAgain","Try Again","Intentar de nuevo","translated"
"builder.txHash","Tx Hash","Hash de transacción","translated"
"builder.txId","TX ID","ID de TX","translated"
"builder.viewExplorer","View on Explorer","Ver en el explorador","translated"
"builder.wallet","Wallet","Billetera","translated"
"builder.walletAssets","Wallet assets","Activos de la billetera","translated"
"builder.walletFunds","Wallet funds","Fondos de la billetera","translated"
"builder.walletSourceCount","{count} wallet source(s)","{count} origen(es) de la billetera","translated"
"builder.walletSourcePlural","{count} wallet sources","{count} orígenes de la billetera","translated"
"builder.walletSources","Wallet sources","Orígenes de la billetera","translated"
"builder.walletSourceSingular","{count} wallet source","{count} origen de la billetera","translated"
"builder.warning","⚠️ Warning","⚠️ Advertencia","translated"
"camera.cancel","Cancel","Cancelar","translated"
"camera.scan","Scan QR with camera","Escanear QR con la cámara","translated"
"camera.unavailable","Camera unavailable: {error}. Use Upload instead.","Cámara no disponible: {error}. Usa Cargar en su lugar.","translated"
"cauldron.active","active","activas","translated"
"cauldron.description","Detected from the active wallet receive/change/DeFi address set through the Cauldron indexer.","Detectado a partir del conjunto activo de direcciones de recepción, cambio y DeFi mediante el indexador de Cauldron.","translated"
"cauldron.positions","Cauldron positions","Posiciones de Cauldron","translated"
"cauldron.tokenCategories","token categories","categorías de tokens","translated"
"chat.back","Back to conversations","Volver a conversaciones","translated"
"chat.choosePhoto","Choose photo","Elegir foto","translated"
"chat.copyNpub","Copy npub","Copiar npub","translated"
"chat.displayName","Display name","Nombre para mostrar","translated"
"chat.emptyDescription","Pick a conversation, or tap + to message someone by their npub. Messages are end-to-end encrypted over Nostr.","Elige una conversación o pulsa + para escribir a alguien mediante su npub. Los mensajes están cifrados de extremo a extremo en Nostr.","translated"
"chat.encrypted","End-to-end encrypted","Cifrado de extremo a extremo","translated"
"chat.messagePlaceholder","Message…","Mensaje…","stable-term"
"chat.newChat","New chat","Nuevo chat","translated"
"chat.newConversation","New conversation","Nueva conversación","translated"
"chat.noConversations","No conversations yet. Tap + to start one.","Aún no hay conversaciones. Pulsa + para iniciar una.","translated"
"chat.noMessages","No messages yet. Say hi — messages are end-to-end encrypted.","Aún no hay mensajes. Saluda: los mensajes están cifrados de extremo a extremo.","translated"
"chat.open","Open","Abrir","translated"
"chat.privateConversations","Your private conversations","Tus conversaciones privadas","translated"
"chat.privateMessaging","Private Nostr messaging","Mensajería privada de Nostr","translated"
"chat.profile","Profile","Perfil","translated"
"chat.profilePublished","Profile published ✓","Perfil publicado ✓","translated"
"chat.publishProfile","Publish profile","Publicar perfil","translated"
"chat.recipient","Recipient npub…","npub del destinatario…","translated"
"chat.searchConversations","Search conversations","Buscar conversaciones","translated"
"chat.send","Send","Enviar","translated"
"chat.setup","Nostr setup","Configurar Nostr","translated"
"chat.title","Chat","Chat","needs-review"
"chat.youPrefix","You: ","Tú: ","translated"
"chat.yourNpub","Your npub","Tu npub","translated"
"confirm.action","Confirm action","Confirmar acción","translated"
"confirm.cancel","Cancel","Cancelar","translated"
"confirm.ok","OK","Aceptar","stable-term"
"console.appLog","App Log","Registro de la aplicación","translated"
"console.clear","Clear","Borrar","translated"
"console.noEntries","No log entries yet.","Aún no hay entradas de registro.","translated"
"console.placeholder","method [params…]","método [parámetros…]","stable-term"
"console.rpc","Electrum RPC","RPC de Electrum","stable-term"
"console.send","Send","Enviar","translated"
"console.sending","…","…","stable-term"
"console.typeHint","Type: method param1 param2 — e.g. server.version or blockchain.headers.subscribe","Escribe: método parámetro1 parámetro2 — p. ej., server.version o blockchain.headers.subscribe","translated"
"contract.arbiter","Arbiter: A trusted party who authorizes release of funds.","Árbitro: persona de confianza que autoriza la liberación de fondos.","translated"
"contract.available","Available Contracts","Contratos disponibles","translated"
"contract.bip38","BIP38 (Password-Protected Private Keys)","BIP38 (claves privadas protegidas por contraseña)","translated"
"contract.bip38Desc","The BIP38 contract secures private keys with a password. Its UTXOs require both the correct password and a valid signature.","El contrato BIP38 protege las claves privadas con una contraseña. Sus UTXO requieren la contraseña correcta y una firma válida.","translated"
"contract.bip38Spending","Spending Requirements: Provide a valid owner signature and a data signature verifying the password.","Requisitos de gasto: proporciona una firma válida del propietario y una firma de datos que verifique la contraseña.","translated"
"contract.bip38UseCase","Use Case: Ideal for protecting private keys against theft or unauthorized access, especially for long-term storage.","Uso: ideal para proteger claves privadas contra robos o accesos no autorizados, especialmente para almacenamiento a largo plazo.","translated"
"contract.enhancedTrust","Enhanced Trust: Useful for transactions requiring multiple trusted parties.","Confianza reforzada: útil para transacciones que requieren varias partes de confianza.","translated"
"contract.escrow","Escrow","Custodia","stable-term"
"contract.escrowDesc","The Escrow contract supports secure transactions between a buyer and seller with a trusted arbiter. Funds are released only with the arbiter’s approval.","El contrato de custodia permite transacciones seguras entre comprador y vendedor con un árbitro de confianza. Los fondos solo se liberan con su aprobación.","translated"
"contract.escrowMS2","EscrowMS2 (Multi-Party Escrow)","EscrowMS2 (custodia multipartita)","stable-term"
"contract.escrowMS2Desc","EscrowMS2 extends escrow with two arbiters. Funds can be released with one arbiter’s approval or both arbiters’ combined approval.","EscrowMS2 amplía la custodia con dos árbitros. Los fondos pueden liberarse con la aprobación de uno o con la aprobación conjunta de ambos.","translated"
"contract.escrowMS2Spending","Spending Requirements: One arbiter or both arbiters provide valid signatures, and the full amount goes to the buyer or seller.","Requisitos de gasto: uno o ambos árbitros proporcionan firmas válidas y el importe completo se envía al comprador o vendedor.","translated"
"contract.escrowSecurity","Security: Funds remain locked until the arbiter approves, helping prevent fraud or disputes.","Seguridad: los fondos permanecen bloqueados hasta la aprobación del árbitro, lo que ayuda a prevenir fraudes o disputas.","translated"
"contract.escrowSpending","Spending Requirements: The arbiter provides a valid signature and the full amount goes to the buyer’s or seller’s public-key-hash address.","Requisitos de gasto: el árbitro proporciona una firma válida y el importe completo se envía a la dirección hash de clave pública del comprador o vendedor.","translated"
"contract.howToUse","How to Use Covenant Contracts","Cómo usar contratos covenant","translated"
"contract.howToUseText","Open the Contracts section, choose a contract type, configure its conditions, and deploy it. To spend from contract UTXOs, meet the specific spending requirements above. Detailed instructions and examples are available in the app documentation.","Abre la sección Contratos, elige un tipo, configura sus condiciones y despliégalo. Para gastar desde los UTXO de un contrato, cumple los requisitos anteriores. La documentación de la aplicación contiene instrucciones y ejemplos detallados.","translated"
"contract.intro","Covenant contracts in the OPTN Wallet are smart contracts that enforce rules for spending digital assets. Each contract locks funds in UTXOs that can only be spent by meeting predefined conditions.","Los contratos covenant de OPTN Wallet son contratos inteligentes que imponen reglas para gastar activos digitales. Cada contrato bloquea fondos en UTXO que solo pueden gastarse al cumplir condiciones predefinidas.","translated"
"contract.msvault","MSVault (Multi-Signature Vault)","MSVault (bóveda multifirma)","stable-term"
"contract.msvaultDesc","MSVault creates a secure shared or long-term vault requiring multiple signatures and a password. It enforces a minimum balance and time lock.","MSVault crea una bóveda compartida o de largo plazo que requiere varias firmas y una contraseña. Impone un saldo mínimo y un bloqueo temporal.","translated"
"contract.msvaultSpending","Spending Requirements: Provide a valid signature and password-verified data signature while maintaining at least 4000 satoshis, or use a valid signature after the time lock expires.","Requisitos de gasto: proporciona una firma válida y una firma de datos verificada por contraseña manteniendo al menos 4000 satoshis, o usa una firma válida cuando expire el bloqueo temporal.","translated"
"contract.msvaultUseCase","Use Case: Suitable for shared ownership or long-term storage with strict access controls.","Uso: adecuada para propiedad compartida o almacenamiento a largo plazo con controles estrictos.","translated"
"contract.multipleArbiters","Multiple Arbiters: Two arbiters can authorize release of funds.","Varios árbitros: dos árbitros pueden autorizar la liberación de fondos.","translated"
"contract.multiSignature","Multi-Signature: Requires signatures from multiple authorized parties.","Multifirma: requiere firmas de varias partes autorizadas.","translated"
"contract.p2pkh","P2PKH (Pay-to-Public-Key-Hash)","P2PKH (pago a hash de clave pública)","stable-term"
"contract.p2pkhDesc","P2PKH is a standard Bitcoin script that protects UTXOs by requiring a signature from the owner of a specified public-key hash.","P2PKH es un script Bitcoin estándar que protege UTXO exigiendo una firma del propietario del hash de clave pública especificado.","translated"
"contract.p2pkhSecurity","Security: A proven and reliable method for protecting digital assets.","Seguridad: método probado y fiable para proteger activos digitales.","translated"
"contract.p2pkhSpending","Spending Requirements: Provide a valid signature matching the public-key hash in the contract.","Requisitos de gasto: proporciona una firma válida que coincida con el hash de clave pública del contrato.","translated"
"contract.passwordProtection","Password Protection: Encrypts your private key with a user-defined password.","Protección por contraseña: cifra la clave privada con una contraseña definida por el usuario.","translated"
"contract.simplicity","Simplicity: Easy to use and compatible with most Bitcoin wallets.","Simplicidad: fácil de usar y compatible con la mayoría de las billeteras Bitcoin.","translated"
"contract.timeControl","Time-Based Control: Sets a deadline for the recipient to claim funds.","Control temporal: establece un plazo para que el destinatario reclame los fondos.","translated"
"contract.transfer","TransferWithTimeout","TransferWithTimeout","stable-term"
"contract.transferDesc","TransferWithTimeout enables conditional transfers with a deadline. The recipient can claim funds before the timeout; the sender can reclaim them afterward.","TransferWithTimeout permite transferencias condicionales con un plazo. El destinatario puede reclamar los fondos antes del plazo y el remitente recuperarlos después.","translated"
"contract.transferSpending","Spending Requirements: The recipient signs before the timeout; afterward, the sender can reclaim funds with a valid signature.","Requisitos de gasto: el destinatario firma antes del plazo; después, el remitente puede recuperar los fondos con una firma válida.","translated"
"contract.transferUseCase","Use Cases: Useful for subscriptions, conditional payments, or escrow-like scenarios.","Usos: útil para suscripciones, pagos condicionales o situaciones similares a una custodia.","translated"
"contractPopup.back","Back","Atrás","translated"
"contractPopup.chooseFunction","Select a function","Seleccionar una función","translated"
"contractPopup.enterData","Please enter data to generate the message.","Introduce datos para generar el mensaje.","translated"
"contractPopup.enterMessage","Enter message for {name}","Introduce el mensaje para {name}","translated"
"contractPopup.enterValue","Enter {name}","Introduce {name}","translated"
"contractPopup.fetchFailed","Failed to fetch keys.","No se pudieron obtener las claves.","translated"
"contractPopup.generated","Message generated successfully!","¡Mensaje generado correctamente!","translated"
"contractPopup.generateMessage","Generate Message","Generar mensaje","translated"
"contractPopup.generationFailed","Failed to generate message.","No se pudo generar el mensaje.","translated"
"contractPopup.invalidFormat","Invalid {type} format. Please scan a valid QR code.","Formato de {type} no válido. Escanea un código QR válido.","translated"
"contractPopup.message","Message","Mensaje","stable-term"
"contractPopup.messageForCheck","message for checkdatasig","mensaje para checkdatasig","translated"
"contractPopup.noKeys","No keys found for address: {address}","No se encontraron claves para la dirección: {address}","translated"
"contractPopup.noQr","No QR code detected. Please try again.","No se detectó ningún código QR. Inténtalo de nuevo.","translated"
"contractPopup.scanFor","Scan QR Code for {name}","Escanear código QR para {name}","translated"
"contractPopup.select","Select","Seleccionar","translated"
"contractPopup.selectAddress","Select Address","Seleccionar dirección","translated"
"contractPopup.selected","Selected {type}","{type} seleccionado","translated"
"contractPopup.title","Select a Function","Seleccionar una función","translated"
"contractView.address","Address","Dirección","translated"
"contractView.addressCopied","Address copied to clipboard!","¡Dirección copiada al portapapeles!","translated"
"contractView.argumentTypeInfo","Argument type info","Información del tipo de argumento","translated"
"contractView.back","Back","Atrás","translated"
"contractView.balance","Balance","Saldo","translated"
"contractView.blockHeight","Current Block Height","Altura del bloque actual","translated"
"contractView.blockHeightInfo","Blocks increment on an average interval of 10 minutes.","Los bloques aumentan en intervalos medios de 10 minutos.","translated"
"contractView.constructorArgs","Constructor Arguments","Argumentos del constructor","translated"
"contractView.copyFailed","Failed to copy address.","No se pudo copiar la dirección.","translated"
"contractView.create","Create Contract","Crear contrato","translated"
"contractView.created","Contract created successfully!","¡Contrato creado correctamente!","translated"
"contractView.createFailed","Failed to create contract: {message}","No se pudo crear el contrato: {message}","translated"
"contractView.createStep","3. Create the contract","3. Crea el contrato","translated"
"contractView.datasigInfo","Data signature info","Información de firma de datos","translated"
"contractView.delete","Delete","Eliminar","translated"
"contractView.deleted","Contract deleted successfully!","¡Contrato eliminado correctamente!","translated"
"contractView.deleteFailed","Failed to delete contract.","No se pudo eliminar el contrato.","translated"
"contractView.deleteFailedFallback","Failed to delete contract.","No se pudo eliminar el contrato.","translated"
"contractView.enterMessage","Enter message for {name}","Introduce el mensaje para {name}","translated"
"contractView.enterType","Enter a value matching type: {type}.","Introduce un valor del tipo: {type}.","translated"
"contractView.error","Error","Error","needs-review"
"contractView.errorPrefix","Error: {message}","Error: {message}","needs-review"
"contractView.fillInputs","2. Fill constructor inputs","2. Completa los argumentos del constructor","translated"
"contractView.fillRequired","Fill in each required value before creating the contract.","Completa cada valor obligatorio antes de crear el contrato.","translated"
"contractView.hashInfo","20-byte hash (hex) of an address/public key. Use “Select Address”.","Hash de 20 bytes (hex) de una dirección/clave pública. Usa “Seleccionar dirección”.","translated"
"contractView.howWorks","How this works","Cómo funciona","translated"
"contractView.instantiated","Instantiated Contracts","Contratos instanciados","translated"
"contractView.loadContractsFailed","Failed to load available contracts.","No se pudieron cargar los contratos disponibles.","translated"
"contractView.loadDetailsFailed","Failed to load contract details.","No se pudieron cargar los detalles del contrato.","translated"
"contractView.loadInstancesFailed","Failed to load contract instances.","No se pudieron cargar las instancias de contratos.","translated"
"contractView.noInputs","This contract template has no constructor inputs.","Esta plantilla no tiene entradas de constructor.","translated"
"contractView.noInstances","No contract instances yet.","Aún no hay instancias de contratos.","translated"
"contractView.noQr","No QR code detected. Please try again.","No se detectó ningún código QR. Inténtalo de nuevo.","translated"
"contractView.pickTemplate","1. Pick a template","1. Elige una plantilla","translated"
"contractView.privateKeyUnavailable","Private key unavailable for this address.","La clave privada no está disponible para esta dirección.","translated"
"contractView.publicKeyInfo","Public key in hex. Use “Select Address” to fill automatically.","Clave pública en hexadecimal. Usa “Seleccionar dirección” para rellenarla automáticamente.","translated"
"contractView.scanQr","Scan QR Code for {name}","Escanear código QR para {name}","translated"
"contractView.selectAddress","Select Address","Seleccionar dirección","translated"
"contractView.selectContract","Select a contract","Seleccionar un contrato","translated"
"contractView.selectData","Please select an address and enter data to sign.","Selecciona una dirección e introduce los datos que firmarás.","translated"
"contractView.selected","Selected {type}","{type} seleccionado","translated"
"contractView.signature","Signature","Firma","stable-term"
"contractView.signatureFailed","Failed to generate signature.","No se pudo generar la firma.","translated"
"contractView.signatureGenerated","Signature generated successfully!","¡Firma generada correctamente!","translated"
"contractView.signingAddress","Signing address","Dirección de firma","translated"
"contractView.signMessage","Sign Message","Firmar mensaje","translated"
"contractView.title","Contracts","Contratos","translated"
"contractView.tokenAddress","Token address","Dirección del token","translated"
"contractView.unavailable","Unavailable","No disponible","translated"
"contractView.unknownError","Unknown error","Error desconocido","translated"
"contractView.update","Update","Actualizar","translated"
"contractView.updated","Contract updated successfully!","¡Contrato actualizado correctamente!","translated"
"contractView.updateFailed","Failed to update contract.","No se pudo actualizar el contrato.","translated"
"contractView.updateFailedFallback","Failed to update contract.","No se pudo actualizar el contrato.","translated"
"derivation.accountIndex","Account index","Índice de cuenta","translated"
"derivation.addressDerivation","Address derivation","Derivación de direcciones","translated"
"derivation.addressDerivationDescription","BIP44 account path used to derive this wallet.","Ruta de cuenta BIP44 usada para derivar esta billetera.","translated"
"derivation.bip44AccountIndex","BIP44 account index","Índice de cuenta BIP44","translated"
"derivation.bip44CoinType","BIP44 coin type","Tipo de moneda BIP44","translated"
"derivation.branchDescription","Hardened markers are fixed. Receive and change addresses are derived automatically from the /0/index and /1/index branches.","Los marcadores endurecidos son fijos. Las direcciones de recepción y cambio se derivan automáticamente de las ramas /0/index y /1/index.","translated"
"derivation.coinType","Coin type","Tipo de moneda","translated"
"derivation.customize","Customize","Personalizar","translated"
"derivation.invalidActive","The active derivation path is invalid.","La ruta de derivación activa no es válida.","translated"
"derivation.invalidValues","Invalid BIP44 path values.","Los valores de la ruta BIP44 no son válidos.","translated"
"derivation.networkDefault","Network default: {value}","Predeterminado de la red: {value}","translated"
"derivation.pathDescription","The fixed BIP44 account path used by this wallet.","La ruta de cuenta BIP44 fija que usa esta billetera.","translated"
"derivation.pathPreview","Path preview","Vista previa de la ruta","translated"
"derivation.range","Enter whole numbers from 0 to {max}.","Introduce números enteros de 0 a {max}.","translated"
"derivation.required","{field} is required.","Se requiere {field}.","translated"
"derivation.usuallyZero","Usually 0","Normalmente 0","translated"
"derivation.walletNetwork","Wallet network","Red de la billetera","translated"
"derivation.walletNetworkDescription","Choose whether this wallet connects to live funds on Mainnet or test funds on Chipnet.","Elige si esta billetera se conecta a fondos reales en Mainnet o a fondos de prueba en Chipnet.","translated"
"desktopMenu.about","About OPTN Wallet","Acerca de OPTN Wallet","translated"
"desktopMenu.cannotExport","This wallet cannot be exported.","No se puede exportar esta billetera.","translated"
"desktopMenu.exported","Wallet exported.","Billetera exportada.","translated"
"desktopMenu.exportFailed","Could not export the wallet.","No se pudo exportar la billetera.","translated"
"desktopMenu.exportWallet","Export Wallet…","Exportar billetera…","translated"
"desktopMenu.file","File","Archivo","translated"
"desktopMenu.help","Help","Ayuda","translated"
"desktopMenu.history","Transaction History","Historial de transacciones","translated"
"desktopMenu.importNewWallet","Import New Wallet","Importar billetera nueva","translated"
"desktopMenu.invalidWalletFile","That is not a valid OPTN wallet file.","Ese no es un archivo de billetera OPTN válido.","translated"
"desktopMenu.lockWallet","Lock Wallet","Bloquear billetera","translated"
"desktopMenu.noSavedWallets","No saved wallets","No hay billeteras guardadas","translated"
"desktopMenu.openWallet","Open Wallet","Abrir billetera","translated"
"desktopMenu.openWalletFile","Open Wallet File…","Abrir archivo de billetera…","translated"
"desktopMenu.quit","Quit","Salir","translated"
"desktopMenu.receive","Receive","Recibir","translated"
"desktopMenu.refreshWallet","Refresh Wallet","Actualizar billetera","translated"
"desktopMenu.send","Send","Enviar","translated"
"desktopMenu.settings","Settings","Configuración","translated"
"desktopMenu.toggleTheme","Toggle Theme","Cambiar tema","translated"
"desktopMenu.view","View","Ver","translated"
"desktopMenu.wallet","Wallet","Billetera","translated"
"desktopSecurity.authenticating","Authenticating…","Autenticando…","translated"
"desktopSecurity.biometricFailed","Biometric unlock failed. Use your password.","Falló el desbloqueo biométrico. Usa tu contraseña.","translated"
"desktopSecurity.confirmPassword","Confirm password","Confirmar contraseña","translated"
"desktopSecurity.continue","Continue","Continuar","translated"
"desktopSecurity.enterPassword","Enter your password to unlock.","Introduce tu contraseña para desbloquearla.","translated"
"desktopSecurity.forgotPassword","Forgot your password? Remove the wallet and re-import your seed phrase.","¿Olvidaste tu contraseña? Elimina la billetera y vuelve a importar tu frase semilla.","translated"
"desktopSecurity.incorrect","Incorrect passphrase. Please try again.","La contraseña es incorrecta. Inténtalo de nuevo.","translated"
"desktopSecurity.loading","Loading wallet…","Cargando la billetera…","translated"
"desktopSecurity.mismatch","Passphrases do not match.","Las contraseñas no coinciden.","translated"
"desktopSecurity.password","Password","Contraseña","translated"
"desktopSecurity.passwordNeverStored","Your password is never stored — it derives your encryption key locally.","Tu contraseña nunca se almacena; se usa localmente para derivar la clave de cifrado.","translated"
"desktopSecurity.passwordPlaceholder","Password (or leave blank)","Contraseña (o déjala vacía)","translated"
"desktopSecurity.saveFailed","Failed to save passphrase. Please try again.","No se pudo guardar la contraseña. Inténtalo de nuevo.","translated"
"desktopSecurity.secureWallet","Secure your wallet","Protege tu billetera","translated"
"desktopSecurity.securing","Securing…","Protegiendo…","translated"
"desktopSecurity.setupDescription","Set a password to encrypt your wallet. You'll need it every time you open the app. Leave blank to use OS-account protection only.","Establece una contraseña para cifrar tu billetera. La necesitarás cada vez que abras la aplicación. Déjala vacía para usar solo la protección de la cuenta del sistema.","translated"
"desktopSecurity.unlock","Unlock","Desbloquear","translated"
"desktopSecurity.unlockFailed","Unlock failed. Please try again.","No se pudo desbloquear. Inténtalo de nuevo.","translated"
"desktopSecurity.unlocking","Unlocking…","Desbloqueando…","translated"
"desktopSecurity.useBiometric","Use {label}","Usar {label}","translated"
"desktopSecurity.walletLocked","Wallet locked","Billetera bloqueada","translated"
"desktopWallet.addAnother","Add another wallet","Añadir otra billetera","translated"
"desktopWallet.alreadyOpen","That wallet is already open in another window.","La billetera ya está abierta en otra ventana.","translated"
"desktopWallet.backToWallets","Back to wallets","Volver a las billeteras","translated"
"desktopWallet.biometricFailed","Biometric unlock failed: {message}","Falló el desbloqueo biométrico: {message}","translated"
"desktopWallet.biometricUnlock","Biometric unlock","Desbloqueo biométrico","translated"
"desktopWallet.cancel","Cancel","Cancelar","translated"
"desktopWallet.delete","Delete","Eliminar","translated"
"desktopWallet.deleteConfirm","Delete “{name}” ({network}, #{id})? Its saved .optn file is kept, so you can re-import it later.","¿Eliminar “{name}” ({network}, n.º {id})? El archivo .optn guardado se conserva para poder importarlo de nuevo.","translated"
"desktopWallet.deleteLabel","Delete {name}","Eliminar {name}","translated"
"desktopWallet.deleting","Deleting…","Eliminando…","translated"
"desktopWallet.device","Device","Dispositivo","translated"
"desktopWallet.filePasswordDescription","Enter this wallet file's password.","Introduce la contraseña de este archivo de billetera.","translated"
"desktopWallet.hardwareDescription","It will be used automatically to sign sends from software wallets while connected. Standalone hardware-only wallets with their own receive addresses are not supported yet.","Se usará automáticamente para firmar envíos desde billeteras de software mientras esté conectado. Las billeteras exclusivamente físicas con sus propias direcciones de recepción aún no son compatibles.","translated"
"desktopWallet.hardwareTitle","Connect Hardware Wallet","Conectar billetera física","translated"
"desktopWallet.importFailed","Could not import this wallet file.","No se pudo importar este archivo de billetera.","translated"
"desktopWallet.incorrectFilePassword","Incorrect password for this wallet file.","Contraseña incorrecta para este archivo de billetera.","translated"
"desktopWallet.open","Open","Abrir","translated"
"desktopWallet.openButton","Open","Abrir","translated"
"desktopWallet.openFailed","Could not open this wallet. Please try again.","No se pudo abrir esta billetera. Inténtalo de nuevo.","translated"
"desktopWallet.openFile","Open “{name}”","Abrir “{name}”","translated"
"desktopWallet.opening","Opening…","Abriendo…","translated"
"desktopWallet.password","Password","Contraseña","translated"
"desktopWallet.unlock","Unlock","Desbloquear","translated"
"desktopWallet.unlocking","Unlocking…","Desbloqueando…","translated"
"desktopWallet.useBiometric","Use {label}","Usar {label}","translated"
"desktopWallet.walletNumber","Wallet #{id}","Billetera #{id}","stable-term"
"desktopWallet.yourWallets","Your wallets","Tus billeteras","translated"
"error.somethingWrong","Something went wrong.","Algo salió mal.","translated"
"experimental.cashFusionDescription","CashFusion is a non-custodial privacy protocol that combines your UTXOs with those of other users in a way that breaks transaction history linkage. Connect to a CashFusion server to participate. Your funds are never at risk — the protocol is trustless.","CashFusion es un protocolo de privacidad sin custodia que combina tus UTXO con los de otros usuarios para romper los vínculos del historial entre entradas y salidas. Conéctate a un servidor CashFusion para participar. Tus fondos nunca están en riesgo: el protocolo no requiere confianza.","translated"
"experimental.cashFusionWarning","Requires an active CashFusion server connection. Coming soon — toggle currently reserved.","Requiere una conexión activa a un servidor CashFusion. Próximamente; el interruptor está reservado por ahora.","translated"
"experimental.description","These features are under active development. Enable them to test new capabilities — they may change or be incomplete in future updates.","Estas funciones están en desarrollo activo. Actívalas para probar nuevas capacidades; pueden cambiar o estar incompletas en futuras versiones.","translated"
"experimental.disable","Disable","Desactivar","translated"
"experimental.enable","Enable","Activar","translated"
"experimental.features","Experimental Features","Funciones experimentales","translated"
"experimental.privacy","Privacy","Privacidad","translated"
"experimental.quantumDescription","Quantumroot vaults protect funds with a quantum-resistant Schnorr LM-OTS scheme. Enabled by default. Turn off to hide Quantumroot from the wallet if you don't use it.","Las bóvedas Quantumroot protegen los fondos con un esquema Schnorr LM-OTS resistente a la computación cuántica. Están activadas por defecto. Desactívalas para ocultar Quantumroot si no lo usas.","translated"
"experimental.quantumSafe","Quantum-safe","Resistente a cuántica","translated"
"experimental.rpaBadge","BCH RPA","BCH RPA","stable-term"
"experimental.rpaDescription","Generates a static paycode (paycode:q...) that you can share publicly. Senders derive a unique one-time address for each payment via ECDH — no notification transaction, no chain bloat. Received stealth funds appear separately as 'Stealth BCH'. Scanning requires a Fulcrum-RPA capable server.","Genera un código de pago estático (paycode:q...) que puedes compartir públicamente. Los remitentes derivan una dirección única de un solo uso para cada pago mediante ECDH, sin transacción de notificación ni sobrecarga en la cadena. Los fondos ocultos recibidos aparecen aparte como 'BCH oculto'. El escaneo requiere un servidor compatible con Fulcrum-RPA.","translated"
"experimental.rpaTitle","Reusable Payment Addresses (RPA)","Direcciones de pago reutilizables (RPA)","translated"
"experimental.rpaWarning","Sending to paycodes requires signature grinding (not yet implemented). Receiving and scanning are available.","Enviar a códigos de pago requiere búsqueda de firmas (aún no implementada). Recibir y escanear están disponibles.","translated"
"faucet.captcha","Answer the captcha question","Responde la pregunta de captcha","translated"
"faucet.clickLink","Click the Chipnet Faucet link","Haz clic en el enlace del grifo de Chipnet","translated"
"faucet.copyAddress","Copy a BCH Chipnet address","Copia una dirección BCH de Chipnet","translated"
"faucet.getCoins","Press ""Get Coins""","Pulsa ""Get Coins""","translated"
"faucet.instructions","Instructions","Instrucciones","stable-term"
"faucet.name","Chipnet Faucet","Grifo de Chipnet","stable-term"
"faucet.pasteAddress","Paste your address","Pega tu dirección","translated"
"faucet.selectNetwork","Select ""chipnet"" in the NETWORK box","Selecciona ""chipnet"" en el campo NETWORK","translated"
"faucet.tooltip","Get Chipnet BCH","Obtener BCH de Chipnet","translated"
"fusion.addPlaceholder","Add server — host:port (e.g. fusion.example.com:8789)","Añadir servidor — host:puerto (p. ej., fusion.example.com:8789)","translated"
"fusion.autoTry","Auto — try each until one responds","Automático — probar hasta que uno responda","translated"
"fusion.busy","A fusion round is already running for this wallet.","Ya hay una ronda de fusión ejecutándose para esta billetera.","translated"
"fusion.choose","Choose how to fuse:","Elige cómo fusionar:","translated"
"fusion.coinjoinAnyNetwork","Both the server path and P2P Fusion run real CoinJoins on any network. Some wallet-hardening items are still pending, but each round verifies your own outputs before signing, so it fails safely.","Tanto la ruta del servidor como P2P Fusion ejecutan CoinJoins reales en cualquier red. Aún hay elementos de endurecimiento pendientes, pero cada ronda verifica tus salidas antes de firmar y falla de forma segura.","translated"
"fusion.coinjoinBoth","Both run a real CoinJoin.","Ambos ejecutan un CoinJoin real.","translated"
"fusion.componentFeeRate","Component fee rate","Tarifa del componente","translated"
"fusion.componentsPlayer","Components / player","Componentes / participante","translated"
"fusion.connectingTor","Connecting via Tor{port}.","Conectando mediante Tor{port}.","translated"
"fusion.cooldown","Waiting for the auto-fusion cooldown.","Esperando el intervalo de fusión automática.","translated"
"fusion.disable","Disable","Desactivar","translated"
"fusion.donation","Donation","Donación","translated"
"fusion.enable","Enable","Activar","translated"
"fusion.enabled","CashFusion Enabled","CashFusion activado","translated"
"fusion.enableP2p","Enable P2P Fusion","Activar fusión P2P","translated"
"fusion.enableServer","Enable Server Fusion","Activar fusión por servidor","translated"
"fusion.excessFeeRange","Excess fee range","Rango de tarifa excedente","translated"
"fusion.experimentalPending","Experimental — still pending: {items}.","Experimental; pendiente: {items}.","translated"
"fusion.failed","Failed ✗","Falló ✗","translated"
"fusion.fewServers","CashFusion intentionally has few public servers — a larger anonymity set on fewer servers is better than being spread thin. Add your own or a community server above.","CashFusion mantiene intencionadamente pocos servidores públicos: un conjunto de anonimato mayor en menos servidores es mejor que dispersarlo. Añade arriba tu propio servidor o uno de la comunidad.","translated"
"fusion.fused","Fused ✓ — txid {txid}","Fusionado ✓ — txid {txid}","translated"
"fusion.fusing","Fusing…","Fusionando…","translated"
"fusion.handshakeOk","Handshake OK ✓","Negociación correcta ✓","translated"
"fusion.handshaking","Handshaking…","Negociando…","translated"
"fusion.hide","Hide","Ocultar","translated"
"fusion.howWorks","How does it work?","¿Cómo funciona?","translated"
"fusion.mobileUnsupported","CashFusion needs a raw TCP connection, which a mobile/web browser cannot open. Available in the desktop app.","CashFusion necesita una conexión TCP directa, que un navegador móvil/web no puede abrir. Disponible en la aplicación de escritorio.","translated"
"fusion.more","more","más","translated"
"fusion.noEligibleCoins","No coins are eligible to fuse right now.","No hay monedas aptas para fusionar ahora.","translated"
"fusion.now","Fuse Now","Fusionar ahora","translated"
"fusion.nowDescription","CoinJoin via the server configured in Servers. Needs Tor + at least 2 players in a tier.","CoinJoin mediante el servidor configurado en Servidores. Requiere Tor y al menos 2 participantes en un nivel.","translated"
"fusion.openWallet","Open a wallet to run a P2P round.","Abre una billetera para ejecutar una ronda P2P.","translated"
"fusion.or","or","o","translated"
"fusion.p2pMode","P2P Fusion","Fusión P2P","stable-term"
"fusion.p2pModeDescription","Serverless — peers over Nostr + Tor. Auto-fuses when on. Turning this on turns Server Fusion off.","Sin servidor: pares mediante Nostr + Tor. Se fusiona automáticamente al activarlo; desactiva la fusión por servidor.","translated"
"fusion.p2pModeLabel","P2P Fusion","Fusión P2P","stable-term"
"fusion.poolTiers","Pool tiers","Niveles del grupo","translated"
"fusion.privacy","Privacy","Privacidad","translated"
"fusion.protocolNote","Steps 1–4 run end-to-end on the server path: the wallet joins a pool, exchanges blind signatures, submits over Tor, and broadcasts the assembled CoinJoin. P2P Fusion runs the same round without a server over Nostr and Tor. Experimental wallet-hardening items are still pending, but your own outputs are verified before signing, so an invalid round fails safely.","Los pasos 1–4 se ejecutan de principio a fin mediante el servidor: la billetera se une a un grupo, intercambia firmas ciegas, envía datos mediante Tor y transmite el CoinJoin ensamblado. P2P Fusion ejecuta la misma ronda sin servidor mediante Nostr y Tor. Aún hay elementos experimentales de endurecimiento de la billetera, pero tus salidas se verifican antes de firmar para que una ronda no válida falle de forma segura.","translated"
"fusion.queryAuto","Query (Auto)","Consultar (automático)","translated"
"fusion.queryServer","Query Server","Consultar servidor","translated"
"fusion.remoteTorRequired","This is a remote server, so Tor is required — but no Tor proxy was found. Start Tor above, or the query will be refused.","Es un servidor remoto, por lo que se requiere Tor, pero no se encontró ningún proxy Tor. Inicia Tor arriba o se rechazará la consulta.","translated"
"fusion.selected","● selected","● seleccionado","translated"
"fusion.serverMode","Fuse Now using CashFusion server","Fusionar ahora usando el servidor CashFusion","translated"
"fusion.serverModeDescription","Fuse via a CashFusion server. Auto-fuses when on.","Fusiona mediante un servidor CashFusion. Se fusiona automáticamente al activarlo.","translated"
"fusion.serverModeLabel","Server Fusion","Fusión por servidor","translated"
"fusion.serverParameters","Server parameters (live)","Parámetros del servidor (en vivo)","translated"
"fusion.servers","Fusion servers","Servidores de fusión","stable-term"
"fusion.step1","1. Pool joining.","1. Unirse al grupo.","translated"
"fusion.step1Text","Your wallet announces UTXOs it wants to fuse to the server.","Tu billetera anuncia al servidor los UTXO que quiere fusionar.","translated"
"fusion.step2","2. Blind signing.","2. Firma ciega.","translated"
"fusion.step2Text","Participants generate blinded output addresses and exchange blind signatures — nobody learns the input-to-output mapping.","Los participantes generan direcciones de salida ocultas e intercambian firmas ciegas; nadie conoce la relación entre entradas y salidas.","translated"
"fusion.step3","3. Covert submission.","3. Envío encubierto.","translated"
"fusion.step3Text","Each participant submits the transaction via Tor or direct connection. The server assembles the final transaction.","Cada participante envía la transacción mediante Tor o una conexión directa. El servidor ensambla la transacción final.","translated"
"fusion.step4","4. Broadcast.","4. Transmisión.","translated"
"fusion.step4Text","All participants broadcast the jointly constructed transaction.","Todos los participantes transmiten la transacción construida conjuntamente.","translated"
"fusion.summary","CashFusion combines UTXOs from many participants into a single transaction, breaking blockchain history links between inputs and outputs. It is non-custodial — your funds never leave your control.","CashFusion combina UTXO de muchos participantes en una sola transacción, rompiendo los vínculos del historial entre entradas y salidas. No tiene custodia: tus fondos nunca salen de tu control.","translated"
"fusion.syncingCoins","Syncing wallet coins — try again in a moment.","Sincronizando monedas de la billetera; inténtalo de nuevo en un momento.","translated"
"fusion.tiers","Tiers","Niveles","translated"
"fusion.torOff","Tor is off. Remote fusion queries will be refused — enable Tor above, or use a localhost server.","Tor está desactivado. Se rechazarán las consultas de fusión remota; activa Tor arriba o usa un servidor local.","translated"
"hardware.active","active","activo","translated"
"hardware.advanced","Advanced (derivation path)","Avanzado (ruta de derivación)","translated"
"hardware.airGap","air-gap","aislado","translated"
"hardware.beforeConnecting","Before connecting","Antes de conectar","translated"
"hardware.bip44Path","BIP44 path","Ruta BIP44","translated"
"hardware.comingSoon","Coming soon","Próximamente","translated"
"hardware.connect","Connect {device}","Conectar {device}","translated"
"hardware.connecting","Connecting…","Conectando…","translated"
"hardware.connectionType","Connection type","Tipo de conexión","translated"
"hardware.description","The device holds your private keys. The wallet is the bridge. Keys never leave the hardware.","El dispositivo guarda tus claves privadas. La billetera actúa como puente. Las claves nunca salen del hardware.","translated"
"hardware.disconnect","Disconnect","Desconectar","translated"
"hardware.enableKeystone","Enable Keystone (QR mode)","Activar Keystone (modo QR)","translated"
"hardware.howItWorks","How it works","Cómo funciona","translated"
"hardware.keystoneHow","Keystone's air-gapped QR signing isn't finished yet — the app can't build or read the QR codes it would need to in this build. Support is planned but not ready for real funds.","La firma QR aislada de Keystone aún no está terminada; la aplicación no puede crear ni leer los códigos QR necesarios en esta versión. Está prevista, pero no está lista para fondos reales.","translated"
"hardware.keystoneSubtitle","Air-gapped QR signing — not yet supported","Firma QR aislada — aún no compatible","translated"
"hardware.ledgerStep1","USB: plug in → enter PIN → open Bitcoin Cash app","USB: conecta → introduce el PIN → abre la aplicación Bitcoin Cash","translated"
"hardware.ledgerStep2","Bluetooth (Nano X): enable BLE on device → open Bitcoin Cash app","Bluetooth (Nano X): activa BLE → abre la aplicación Bitcoin Cash","translated"
"hardware.ledgerStep3","The browser will show a device picker prompt","El navegador mostrará un selector de dispositivos","translated"
"hardware.ledgerSubtitle","USB (WebHID) or Bluetooth (Nano X)","USB (WebHID) o Bluetooth (Nano X)","translated"
"hardware.notSupported","{device} support isn't finished yet — it can't connect or sign in this build. Pick another device, or use the software wallet.","La compatibilidad con {device} aún no está terminada; no puede conectarse ni firmar en esta versión. Elige otro dispositivo o usa la billetera de software.","translated"
"hardware.onekeyStep1","Install OneKey Bridge if not already installed","Instala OneKey Bridge si aún no lo has hecho","translated"
"hardware.onekeyStep2","Plug in your OneKey device or pair via Bluetooth","Conecta tu OneKey o vincúlalo por Bluetooth","translated"
"hardware.onekeyStep3","Unlock your device with your PIN","Desbloquea el dispositivo con tu PIN","translated"
"hardware.onekeyStep4","Allow the connection when requested","Permite la conexión cuando se solicite","translated"
"hardware.onekeySubtitle","USB or Bluetooth via OneKey Bridge","USB o Bluetooth mediante OneKey Bridge","translated"
"hardware.path","Path","Ruta","translated"
"hardware.softwareHow","Your private keys never leave the device. The wallet builds an unsigned transaction, the device shows the details on its screen, you physically confirm, and the device sends back only the signature. Like Electron Cash's hardware wallet mode.","Tus claves privadas nunca salen del dispositivo. La billetera crea una transacción sin firmar, el dispositivo muestra los detalles, tú confirmas físicamente y el dispositivo devuelve solo la firma. Es como el modo de billetera de hardware de Electron Cash.","translated"
"hardware.softwareLabel","Software Wallet","Billetera de software","translated"
"hardware.softwareSubtitle","Encrypted keys stored on this device","Claves cifradas almacenadas en este dispositivo","translated"
"hardware.title","Hardware Wallet","Billetera de hardware","translated"
"hardware.trezorStep1","Install Trezor Suite — it includes the Bridge daemon","Instala Trezor Suite; incluye el demonio Bridge","translated"
"hardware.trezorStep2","Plug in your Trezor (USB) or pair via Bluetooth (newer models)","Conecta tu Trezor por USB o vincúlalo por Bluetooth (modelos nuevos)","translated"
"hardware.trezorStep3","Unlock your device with your PIN","Desbloquea el dispositivo con tu PIN","translated"
"hardware.trezorStep4","Allow the connection popup when it appears","Permite la ventana emergente de conexión cuando aparezca","translated"
"hardware.trezorSubtitle","USB or Bluetooth via Trezor Bridge","USB o Bluetooth mediante Trezor Bridge","translated"
"history.awaitingConfirmation","Awaiting confirmation","Esperando confirmación","translated"
"history.block","Block","Bloque","translated"
"history.closeDetails","Close details","Cerrar detalles","translated"
"history.confirmations","{count} confirmations","{count} confirmaciones","stable-term"
"history.confirmed","Confirmed","Confirmada","translated"
"history.detailsUnavailable","Transaction details are not available from Electrum right now.","Los detalles de la transacción no están disponibles en Electrum ahora mismo.","translated"
"history.fee","Fee","Comisión","translated"
"history.first","First","Primera","translated"
"history.last","Last","Última","translated"
"history.loadDetailsFailed","Failed to load transaction details.","No se pudieron cargar los detalles de la transacción.","translated"
"history.loadingDetails","Loading transaction details…","Cargando detalles de la transacción…","translated"
"history.newestFirst","Newest first","Más recientes primero","translated"
"history.noActivity","No activity yet","Aún no hay actividad","translated"
"history.noData","No data available.","No hay datos disponibles.","translated"
"history.noTransactions","No transactions available yet.","Aún no hay transacciones disponibles.","translated"
"history.oldestFirst","Oldest first","Más antiguas primero","translated"
"history.openExplorer","Open in explorer","Abrir en el explorador","translated"
"history.output","Output","Salida","translated"
"history.pending","Pending","Pendiente","translated"
"history.perPage","{count} per page","{count} por página","translated"
"history.recipients","Recipients","Destinatarios","translated"
"history.recorded","{count} recorded","{count} registradas","translated"
"history.senders","Senders","Remitentes","translated"
"history.status","Status","Estado","stable-term"
"history.sync","Sync","Sincronizar","translated"
"history.timestamp","Timestamp","Marca de tiempo","translated"
"history.title","Transaction History","Historial de transacciones","translated"
"history.transaction","Transaction","Transacción","stable-term"
"history.transactionHash","Transaction Hash","Hash de transacción","translated"
"history.unavailable","Unavailable","No disponible","translated"
"history.unconfirmed","Unconfirmed","Sin confirmar","translated"
"history.unknown","Unknown","Desconocido","translated"
"history.yourWallet","Your wallet","Tu billetera","translated"
"home.block","Block","Bloque","translated"
"home.confirmed","Confirmed","Confirmado","translated"
"home.latestActivity","Latest wallet activity","Última actividad de la billetera","translated"
"home.noQrCode","No QR code detected. Try again.","No se detectó ningún código QR. Inténtalo de nuevo.","translated"
"home.noRecentActivity","No recent activity yet.","Aún no hay actividad reciente.","translated"
"home.pending","Pending","Pendiente","translated"
"home.pendingConfirmation","Pending confirmation","Confirmación pendiente","translated"
"home.portfolio","Portfolio","Cartera","translated"
"home.quickActions","Quick Actions","Acciones rápidas","translated"
"home.receive","Receive","Recibir","translated"
"home.recentActivity","Recent Activity","Actividad reciente","translated"
"home.scanQr","Scan QR","Escanear QR","translated"
"home.send","Send","Enviar","translated"
"home.sync","Sync","Sincronizar","translated"
"home.syncing","Syncing…","Sincronizando…","translated"
"home.title","Home","Inicio","translated"
"home.toggleBalance","Toggle BCH and USD balance","Cambiar entre saldo BCH y USD","translated"
"home.unsupportedQr","QR scanned, but it is not a supported wallet payload.","Se escaneó un QR, pero no es un formato de billetera compatible.","translated"
"home.usdPriceUnavailable","USD price unavailable","Precio en USD no disponible","translated"
"home.usdUnavailable","USD unavailable","USD no disponible","translated"
"home.viewAll","View all","Ver todo","translated"
"home.walletOverview","Wallet overview","Resumen de la billetera","translated"
"nav.actions","Actions","Acciones","stable-term"
"nav.apps","Apps","Apps","needs-review"
"nav.assets","Assets","Activos","translated"
"nav.home","Home","Inicio","translated"
"nav.settings","Settings","Configuración","translated"
"network.chipnet","Chipnet","Chipnet","stable-term"
"network.mainnet","Mainnet","Mainnet","stable-term"
"network.switch","Switch network. Current: {network}","Cambiar de red. Actual: {network}","translated"
"nftConfig.capability","NFT Capability","Capacidad del NFT","translated"
"nftConfig.commitment","NFT Commitment","Compromiso del NFT","translated"
"nftConfig.done","Done","Listo","translated"
"nftConfig.minting","minting","acuñación","translated"
"nftConfig.mintingDescription","one NFT authority that can create multiple next NFTs.","una autoridad NFT que puede crear varios NFT posteriores.","translated"
"nftConfig.mutable","mutable","mutable","needs-review"
"nftConfig.mutableDescription","one NFT that may update its commitment when spent.","un NFT que puede actualizar su compromiso al gastarse.","translated"
"nftConfig.none","none","ninguno","translated"
"nftConfig.noneDescription","one immutable NFT, best for approvals or receipts.","un NFT inmutable, ideal para aprobaciones o recibos.","translated"
"nftConfig.placeholder","Up to 40 bytes","Hasta 40 bytes","translated"
"nftConfig.title","NFT Configuration","Configuración del NFT","translated"
"nostr.active","{active}/{total} active","{active}/{total} activos","translated"
"nostr.add","Add","Añadir","translated"
"nostr.chat","Nostr chat","Chat de Nostr","translated"
"nostr.checking","Checking…","Comprobando…","translated"
"nostr.checkRelayStatus","Check relay status","Comprobar estado de los relays","translated"
"nostr.connected","connected","conectado","translated"
"nostr.deriving","Deriving…","Derivando…","translated"
"nostr.disable","Disable","Desactivar","translated"
"nostr.dmDescription","End-to-end encrypted DMs using NIP-17.","Mensajes directos cifrados de extremo a extremo mediante NIP-17.","translated"
"nostr.enable","Enable","Activar","translated"
"nostr.identity","Nostr identity","Identidad de Nostr","translated"
"nostr.identityDescription","Derived from your seed via NIP-06 (a separate path) — your spending keys are never reused.","Derivada de tu semilla mediante NIP-06 (una ruta separada); tus claves de gasto nunca se reutilizan.","translated"
"nostr.invalidRelay","Enter a secure relay URL beginning with wss://","Introduce una URL de relay segura que comience por wss://","translated"
"nostr.privacyWarning","Relay operators can still observe connection metadata, timing, and recipient tags. Encrypted content is not the same as network anonymity.","Los operadores de relays aún pueden observar metadatos de conexión, tiempos y etiquetas de destinatarios. El contenido cifrado no equivale al anonimato de red.","translated"
"nostr.relays","Relays","Relays","stable-term"
"nostr.relaysDescription","WSS relays used for chat and the P2P-fusion transport. Add your own or use the defaults.","Relays WSS usados para el chat y el transporte de fusión P2P. Añade los tuyos o usa los predeterminados.","translated"
"nostr.remove","Remove","Eliminar","translated"
"nostr.unknown","unknown","desconocido","translated"
"nostr.unreachable","unreachable","inaccesible","translated"
"notifications.dismiss","Dismiss","Descartar","translated"
"notifications.fundsReceived","Funds received","Fondos recibidos","translated"
"notifications.fundsReceivedBody","{amount} sats to {address} • {txid}","{amount} sats a {address} • {txid}","translated"
"notifications.incomingBch","Incoming BCH","BCH entrante","translated"
"notifications.incomingToken","Incoming token","Token entrante","translated"
"notifications.transactionConfirmed","Transaction confirmed","Transacción confirmada","translated"
"notifications.unknownAddress","unknown address","dirección desconocida","translated"
"onboarding.back","Back","Atrás","translated"
"onboarding.closeHelp","Close help","Cerrar ayuda","translated"
"onboarding.confirm","Confirm","Confirmar","translated"
"onboarding.confirmError","Those don't match your seed phrase. Check the words and try again.","La frase no coincide. Comprueba las palabras e inténtalo de nuevo.","translated"
"onboarding.confirmInstruction","Type the requested words to prove you saved them correctly.","Escribe las palabras solicitadas para demostrar que las guardaste correctamente.","translated"
"onboarding.confirmPasswordPlaceholder","Confirm password","Confirmar contraseña","translated"
"onboarding.confirmSeed","Confirm Your Seed Phrase","Confirma tu frase de recuperación","translated"
"onboarding.connectHardware","Connect Hardware Wallet","Conectar billetera física","translated"
"onboarding.continue","Continue","Continuar","translated"
"onboarding.createNewWallet","Create New Wallet","Crear billetera nueva","translated"
"onboarding.createWallet","Create Wallet","Crear billetera","translated"
"onboarding.createWatchOnly","Create Watch-Only Wallet","Crear billetera de solo lectura","translated"
"onboarding.creating","Creating Wallet…","Creando billetera…","translated"
"onboarding.creationFailed","Wallet creation failed. Please try again.","No se pudo crear la billetera. Inténtalo de nuevo.","translated"
"onboarding.databasePreparationFailed","Could not prepare the wallet on this device.","No se pudo preparar la billetera en este dispositivo.","translated"
"onboarding.generatedMnemonic","Generated Mnemonic:","Frase mnemónica generada:","translated"
"onboarding.generatingSeed","Generating seed phrase…","Generando frase de recuperación…","translated"
"onboarding.helpCreateDescription","Use this if you want a new wallet with a fresh seed phrase on this device.","Usa esta opción si quieres una billetera nueva con una frase de recuperación nueva en este dispositivo.","translated"
"onboarding.helpCreateTitle","Create Wallet","Crear billetera","translated"
"onboarding.helpDescription","Create a wallet for the first time or restore one you already have.","Crea una billetera por primera vez o restaura una que ya tienes.","translated"
"onboarding.helpImportDescription","Use this if you already have a 12-word recovery phrase and want access to an existing wallet.","Usa esta opción si ya tienes una frase de recuperación de 12 palabras y quieres acceder a una billetera existente.","translated"
"onboarding.helpImportTitle","Import Wallet","Importar billetera","translated"
"onboarding.helpNetworkDescription","Select Mainnet for real funds or CHIPNET for test funds before you proceed.","Selecciona Mainnet para fondos reales o CHIPNET para fondos de prueba antes de continuar.","translated"
"onboarding.helpNetworkTitle","Choose a network","Elegir una red","translated"
"onboarding.helpTitle","Getting started","Primeros pasos","translated"
"onboarding.importFailed","Wallet import failed. Please try again.","No se pudo importar la billetera. Inténtalo de nuevo.","translated"
"onboarding.importing","Importing Wallet…","Importando billetera…","translated"
"onboarding.importWallet","Import Wallet","Importar billetera","translated"
"onboarding.invalidMnemonic","Enter a valid English BIP39 recovery phrase with 12, 15, 18, 21, or 24 words.","Introduce una frase BIP39 válida de 12, 15, 18, 21 o 24 palabras.","translated"
"onboarding.missingWord","Word {number} is missing.","Falta la palabra {number}.","translated"
"onboarding.mnemonicLoading","The recovery phrase is still loading. Please wait a moment.","La frase de recuperación todavía se está cargando. Espera un momento.","translated"
"onboarding.mnemonicWarning","Your recovery phrase is the master key to your wallet. Store it securely and never share it.","Tu frase de recuperación es la clave maestra de tu billetera. Guárdala de forma segura y no la compartas.","translated"
"onboarding.nameRequired","Give this wallet a name.","Dale un nombre a esta billetera.","translated"
"onboarding.nameWallet","Name This Wallet","Nombra esta billetera","translated"
"onboarding.nameWalletDescription","Give this wallet a name and a password. Each wallet on this device has its own independent password.","Dale un nombre y una contraseña a esta billetera. Cada billetera de este dispositivo tiene su propia contraseña independiente.","translated"
"onboarding.passwordMismatch","Passwords do not match.","Las contraseñas no coinciden.","translated"
"onboarding.passwordPlaceholder","Password (or leave blank)","Contraseña (o déjalo en blanco)","translated"
"onboarding.poweredBy","Powered with Bitcoin Covenants for Bitcoin Cash","Impulsada por covenants de Bitcoin para Bitcoin Cash","translated"
"onboarding.recoveryDescription","Enter your BIP39 recovery phrase (12, 15, 18, 21, or 24 words). Each box corresponds to the word order.","Introduce tu frase BIP39 de 12, 15, 18, 21 o 24 palabras. Cada casilla corresponde al orden de una palabra.","translated"
"onboarding.recoveryPhrase","Recovery Phrase","Frase de recuperación","translated"
"onboarding.seedInstruction","Write these 12 words down in order and keep them somewhere safe. Anyone with this phrase can spend your funds — never share it or store it digitally.","Escribe estas 12 palabras en orden y guárdalas en un lugar seguro. Cualquiera que tenga esta frase puede gastar tus fondos; no la compartas ni la guardes digitalmente.","translated"
"onboarding.seedTitle","Your Seed Phrase","Tu frase de recuperación","translated"
"onboarding.toggleTheme","Toggle theme","Cambiar tema","translated"
"onboarding.walletAlreadyAvailable","This wallet is already available on this device.","Esta billetera ya está disponible en este dispositivo.","translated"
"onboarding.walletAlreadyExists","This wallet may already exist on this device.","Es posible que esta billetera ya exista en este dispositivo.","translated"
"onboarding.walletNamePlaceholder","Wallet name","Nombre de la billetera","translated"
"onboarding.walletSavedIdFailed","Wallet was saved, but its wallet ID could not be resolved.","La billetera se guardó, pero no se pudo resolver su identificador.","translated"
"onboarding.walletSetup","Wallet Setup","Configuración de billetera","translated"
"onboarding.walletSetupDescription","Choose the network and address path this wallet will use.","Elige la red y la ruta de direcciones que usará esta billetera.","translated"
"onboarding.welcomeAlt","OPTN Wallet","Billetera OPTN","stable-term"
"onboarding.word","Word","Palabra","translated"
"onboarding.wordCountLabel","Phrase length","Longitud de la frase","translated"
"onboarding.wordPlaceholder","word","palabra","translated"
"onboarding.words","words","palabras","translated"
"onboarding.wroteItDown","I've written it down","Ya la he escrito","translated"
"outbox.amount","Amount","Importe","translated"
"outbox.clearPending","Clear pending lock","Borrar bloqueo pendiente","translated"
"outbox.clearPendingTitle","Clear this pending lock if the transaction was not actually sent","Borra este bloqueo si la transacción realmente no se envió","translated"
"outbox.copyTxid","Copy txid","Copiar txid","translated"
"outbox.daysAgo","{count}d ago","hace {count} d","translated"
"outbox.description","Offline-first protection keeps new sends paused until these transactions are seen or safely released.","La protección offline mantiene en pausa los nuevos envíos hasta que estas transacciones se detecten o se liberen de forma segura.","translated"
"outbox.destination","Destination","Destino","stable-term"
"outbox.dismiss","Dismiss","Descartar","translated"
"outbox.dismissPending","Dismiss pending transactions popup","Descartar ventana de transacciones pendientes","translated"
"outbox.finalizing","Finalizing transaction","Finalizando transacción","translated"
"outbox.finalizingMultiple","Finalizing {count} transactions","Finalizando {count} transacciones","translated"
"outbox.historyUpdate","Your wallet history will update automatically. This usually takes a moment.","El historial de tu billetera se actualizará automáticamente. Normalmente tarda un momento.","translated"
"outbox.hoursAgo","{count}h ago","hace {count} h","translated"
"outbox.justNow","just now","ahora mismo","translated"
"outbox.lastNetworkIssue","Last network issue","Último problema de red","translated"
"outbox.minutesAgo","{count}m ago","hace {count} min","translated"
"outbox.noPending","No pending outgoing transactions.","No hay transacciones salientes pendientes.","translated"
"outbox.pendingOutgoing","Pending outgoing transactions","Transacciones salientes pendientes","translated"
"outbox.prompt","Prompt","Solicitud","translated"
"outbox.releaseSendLock","Release send lock","Liberar bloqueo de envío","translated"
"outbox.releaseStale","Release if stale","Liberar si está obsoleta","translated"
"outbox.releaseStaleTitle","Available after {minutes} minutes if the transaction is still unresolved","Disponible después de {minutes} minutos si la transacción sigue sin resolverse","translated"
"outbox.requestedBy","Requested by","Solicitada por","translated"
"outbox.title","Outbox","Bandeja de salida","translated"
"outbox.txid","Txid","Txid","stable-term"
"outbox.updated","Updated {age}","Actualizada {age}","translated"
"outbox.walletSend","Wallet send","Envío de la billetera","translated"
"p2p.description","No server: peers meet on Nostr relays over Tor, deterministically elect a coordinator, and run the CoinJoin peer-to-peer. Outputs are unlinkable; you sign only your own inputs after verifying your own outputs.","Sin servidor: los pares se encuentran en relays Nostr mediante Tor, eligen un coordinador de forma determinista y ejecutan CoinJoin entre pares. Las salidas no se pueden vincular; solo firmas tus propias entradas después de verificar tus propias salidas.","translated"
"p2p.phase.announce","Announcing & finding peers","Anunciando y buscando pares","translated"
"p2p.phase.assemble","Assembling & verifying","Ensamblando y verificando","translated"
"p2p.phase.broadcast","Broadcasting","Transmitiendo","translated"
"p2p.phase.register","Registering inputs & outputs","Registrando entradas y salidas","translated"
"p2p.phase.sign","Signing","Firmando","translated"
"p2p.requiresPeers","Requires Tor + at least 2 peers in the same tier.","Requiere Tor y al menos 2 pares en el mismo nivel.","translated"
"p2p.running","Running P2P round…","Ejecutando ronda P2P…","translated"
"p2p.start","Start P2P round","Iniciar ronda P2P","translated"
"p2p.title","P2P Fusion over Nostr","Fusión P2P sobre Nostr","translated"
"paper.addressConversionError","Address conversion error","Error de conversión de dirección","translated"
"paper.addressDerivationFailed","Unable to derive a valid paper wallet address from the scanned key.","No se pudo derivar una dirección válida de billetera de papel a partir de la clave escaneada.","translated"
"paper.back","Back","Atrás","translated"
"paper.bchOutputs","BCH outputs","Salidas BCH","translated"
"paper.buildFailed","Failed to build sweep transaction.","No se pudo construir la transacción de barrido.","translated"
"paper.confirmDescription","Slide to confirm the one-transaction paper wallet sweep.","Desliza para confirmar el barrido de la billetera de papel en una sola transacción.","translated"
"paper.confirmTitle","Confirm sweep","Confirmar barrido","translated"
"paper.decodingError","Decoding error","Error de decodificación","translated"
"paper.description","Scan a WIF paper wallet and sweep BCH + CashTokens in one transaction.","Escanea una billetera de papel WIF y barre BCH + CashTokens en una transacción.","translated"
"paper.label","Paper wallet","Billetera de papel","translated"
"paper.noCashTokens","No CashTokens detected.","No se detectaron CashTokens.","translated"
"paper.noDestination","No destination wallet address is available.","No hay una dirección de destino disponible.","translated"
"paper.noQrCode","No QR code detected. Please try again.","No se detectó ningún código QR. Inténtalo de nuevo.","translated"
"paper.notScanned","No paper wallet scanned yet.","Aún no se ha escaneado ninguna billetera de papel.","translated"
"paper.noUtxos","No UTXOs found for this paper wallet. If this is a mainnet wallet and you are on chipnet, try switching networks.","No se encontraron UTXO para esta billetera de papel. Si es una billetera de mainnet y estás en chipnet, intenta cambiar de red.","translated"
"paper.oneTransaction","One transaction only.","Una sola transacción.","translated"
"paper.paperInputs","Paper wallet inputs","Entradas de la billetera de papel","translated"
"paper.scan","Scan","Escanear","translated"
"paper.scanBeforeSweep","Scan a paper wallet before sweeping.","Escanea una billetera de papel antes de barrerla.","translated"
"paper.spendableOutputPlural","spendable outputs","salidas gastables","translated"
"paper.spendableOutputSingular","spendable output","salida gastable","translated"
"paper.sweep","Sweep","Barrer","translated"
"paper.sweepBroadcast","Sweep broadcast","Barrido transmitido","translated"
"paper.title","Paper Wallet","Billetera de papel","translated"
"paper.tokenBacking","Token outputs are backed with 1000 sats.","Las salidas de tokens están respaldadas con 1000 sats.","translated"
"paper.tokenGroups","Token groups","Grupos de tokens","translated"
"paper.tokenOutputs","Token outputs","Salidas de tokens","translated"
"paper.unexpected","An unexpected error occurred.","Ocurrió un error inesperado.","translated"
"paper.unexpectedTryAgain","An unexpected error occurred. Please try again.","Ocurrió un error inesperado. Inténtalo de nuevo.","translated"
"paper.utxosTitle","Paper wallet UTXOs","UTXO de la billetera de papel","translated"
"paper.walletFeeInputs","Wallet fee inputs","Entradas de comisión de la billetera","translated"
"priceFeed.loading","Loading…","Cargando…","translated"
"qr.animatedTransfer","Animated QR transfer","Transferencia QR animada","translated"
"qr.blocksRecovered","blocks recovered","bloques recuperados","translated"
"qr.cameraActive","Camera active — point at animated QR","Cámara activa — apunta al QR animado","translated"
"qr.cameraError","Camera unavailable","Cámara no disponible","translated"
"qr.cameraUnavailable","Camera access is unavailable","El acceso a la cámara no está disponible","translated"
"qr.cancel","Cancel","Cancelar","translated"
"qr.duplicates","duplicates","duplicados","translated"
"qr.holdSteady","Hold the phone steady and fill the frame with the QR code.","Mantén el teléfono estable y llena el cuadro con el código QR.","translated"
"qr.receivingStream","Receiving QR stream","Recibiendo flujo QR","translated"
"qr.scan","Scan QR","Escanear QR","translated"
"qr.scanning","Scanning…","Escaneando…","translated"
"qr.streaming","Streaming frame {frame} · {blocks} blocks · {bytes} bytes","Transmitiendo marco {frame} · {blocks} bloques · {bytes} bytes","translated"
"qr.unableToDecode","Unable to decode QR stream","No se pudo decodificar el flujo QR","translated"
"qr.uniqueFrames","unique frames","marcos únicos","translated"
"qr.walletUpdateProgress","Wallet update progress","Progreso de actualización de la billetera","translated"
"qrSigning.approvedBy","Approved by {name}","Aprobada por {name}","translated"
"qrSigning.approveDemo","Approve demo request","Aprobar solicitud de demo","translated"
"qrSigning.approveReturn","2. Approve and return","2. Aprobar y devolver","translated"
"qrSigning.close","Close","Cerrar","translated"
"qrSigning.collectResponse","2. Collect response","2. Recopilar respuesta","translated"
"qrSigning.fingerprint","Fingerprint","Huella","translated"
"qrSigning.invalidRequest","Invalid signing request","Solicitud de firma no válida","translated"
"qrSigning.invalidResponse","Invalid signing response","Respuesta de firma no válida","translated"
"qrSigning.mismatch","Signing response does not match this request","La respuesta de firma no coincide con esta solicitud","translated"
"qrSigning.network","Network","Red","translated"
"qrSigning.payload","Payload","Carga útil","translated"
"qrSigning.placeholderWarning","This demo returns a placeholder signature and never broadcasts.","Esta demo devuelve una firma de marcador y nunca transmite la transacción.","translated"
"qrSigning.prepareFailed","Unable to prepare mocknet fixture","No se pudo preparar el fixture de mocknet","translated"
"qrSigning.preparing","Preparing mocknet fixture…","Preparando fixture de mocknet…","translated"
"qrSigning.purpose","Purpose","Propósito","translated"
"qrSigning.rejectedBy","Rejected by {name}","Rechazada por {name}","translated"
"qrSigning.requestReceived","Request received","Solicitud recibida","translated"
"qrSigning.requestSignature","Request signature","Solicitar firma","translated"
"qrSigning.scanAnother","Scan another request","Escanear otra solicitud","translated"
"qrSigning.scanApproval","Scan approval response","Escanear respuesta de aprobación","translated"
"qrSigning.scanRequest","1. Scan request","1. Escanear solicitud","translated"
"qrSigning.showRequest","1. Show request","1. Mostrar solicitud","translated"
"qrSigning.showRequestHelp","On the other wallet, choose “Sign request” and scan this stream.","En la otra billetera, elige «Firmar solicitud» y escanea este flujo.","translated"
"qrSigning.signRequest","Sign request","Firmar solicitud","translated"
"qrSigning.subtitle","Exchange a partially signed transaction between two OPTN wallet screens.","Intercambia una transacción parcialmente firmada entre dos pantallas de OPTN Wallet.","translated"
"qrSigning.title","QR signing demo","Demo de firma QR","translated"
"quantumroot.activeNetwork","Quantumroot is active on this network. Use the vault workspace below to manage a normal spend lane and a quantum-safe recovery lane.","Quantumroot está activo en esta red. Usa el espacio de bóvedas para gestionar una vía de gasto normal y una vía de recuperación resistente a la computación cuántica.","translated"
"quantumroot.activeWorkspace","Active workspace for the beta-production Quantumroot flow.","Espacio activo para el flujo de Quantumroot en beta de producción.","translated"
"quantumroot.back","Back","Atrás","translated"
"quantumroot.betaProduction","Beta production","Beta de producción","translated"
"quantumroot.betaTitle","Quantumroot Beta Production","Beta de producción de Quantumroot","translated"
"quantumroot.checkingBalances","Checking balances…","Comprobando saldos…","translated"
"quantumroot.close","Close","Cerrar","translated"
"quantumroot.funded","{count} funded","{count} financiadas","translated"
"quantumroot.fundedStatus","Funded","Financiada","translated"
"quantumroot.guidedNow","Guided now: choose one approval key, lock it in Quantum Lock, then spend the matching coin.","Guiado ahora: elige una clave de aprobación, bloquéala en Quantum Lock y gasta la moneda correspondiente.","translated"
"quantumroot.liveNow","Live now: normal spending, balance tracking, and Quantum Lock BCH recovery.","Disponible ahora: gasto normal, seguimiento de saldo y recuperación BCH de Quantum Lock.","translated"
"quantumroot.livePreview","Live preview","Vista previa activa","translated"
"quantumroot.mainnetAhead","Quantumroot is visible on mainnet ahead of activation. The layout stays available, but key actions remain disabled until {date}.","Quantumroot está visible en Mainnet antes de la activación. El diseño permanece disponible, pero las acciones clave estarán desactivadas hasta {date}.","translated"
"quantumroot.mainnetPreview","Mainnet preview stays visible before activation.","La vista previa de Mainnet permanece visible antes de la activación.","translated"
"quantumroot.noFundsYet","No funds yet","Aún no hay fondos","translated"
"quantumroot.noVaults","No Quantumroot vaults derived yet. Sync vaults to provision them for existing wallet address indexes.","Aún no se han derivado bóvedas Quantumroot. Sincroniza las bóvedas para aprovisionarlas para los índices de direcciones existentes.","translated"
"quantumroot.openVaults","Open Vaults","Abrir bóvedas","translated"
"quantumroot.popup.action.chooseCoinLabel","Choose coin to spend","Elegir moneda para gastar","translated"
"quantumroot.popup.action.chooseDescription","Choose one approval key for this vault.","Elige una clave de aprobación para esta bóveda.","translated"
"quantumroot.popup.action.chooseLabel","Choose approval key","Elegir clave de aprobación","translated"
"quantumroot.popup.action.chooseTitle","Choose an approval key","Elegir una clave de aprobación","translated"
"quantumroot.popup.action.createDescription","Create or receive a plain NFT first, then use it as the approval key.","Crea o recibe primero un NFT simple y úsalo como clave de aprobación.","translated"
"quantumroot.popup.action.createTitle","Create an approval key","Crear una clave de aprobación","translated"
"quantumroot.popup.action.destinationDescription","Choose where the coin should go, then open the spend list.","Elige adónde debe ir la moneda y abre la lista de gastos.","translated"
"quantumroot.popup.action.destinationLabel","Set destination","Establecer destino","translated"
"quantumroot.popup.action.destinationTitle","Choose a destination","Elegir un destino","translated"
"quantumroot.popup.action.disabledDescription","The spend list is ready, but spending is disabled on this network.","La lista de gastos está lista, pero gastar está desactivado en esta red.","translated"
"quantumroot.popup.action.readyDescription","Tap a ready coin to spend it.","Toca una moneda lista para gastarla.","translated"
"quantumroot.popup.action.readyTitle","Ready to spend","Listo para gastar","translated"
"quantumroot.popup.action.receiveDescription","Send the matching receive coin to the normal lane.","Envía la moneda de recepción correspondiente a la vía normal.","translated"
"quantumroot.popup.action.receiveLabel","Add receive coin","Añadir moneda de recepción","translated"
"quantumroot.popup.action.receiveTitle","Add the matching receive coin","Añadir la moneda de recepción correspondiente","translated"
"quantumroot.popup.action.refreshDescription","Refresh the wallet scan or choose another approval key.","Actualiza el escaneo de la billetera o elige otra clave de aprobación.","translated"
"quantumroot.popup.action.refreshLabel","Refresh vault","Actualizar bóveda","translated"
"quantumroot.popup.action.refreshTitle","Refresh the vault","Actualizar la bóveda","translated"
"quantumroot.popup.action.reviewLabel","Review spend","Revisar gasto","translated"
"quantumroot.popup.action.sendDescription","Send the approval key to Quantum Lock.","Envía la clave de aprobación a Quantum Lock.","translated"
"quantumroot.popup.action.sendLabel","Send approval key","Enviar clave de aprobación","translated"
"quantumroot.popup.action.sendTitle","Send the approval key","Enviar la clave de aprobación","translated"
"quantumroot.popup.addDestinationReview","Add a destination, then review spend.","Añade un destino y revisa el gasto.","translated"
"quantumroot.popup.addMatchingCoin","Add the matching coin to unlock spend.","Añade la moneda correspondiente para desbloquear el gasto.","translated"
"quantumroot.popup.advanced","Advanced","Avanzado","translated"
"quantumroot.popup.advancedRecovery","Advanced recovery","Recuperación avanzada","translated"
"quantumroot.popup.advancedRecoveryDescription","Recover regular BCH, recover Quantum Lock funds, or refresh vault status.","Recupera BCH normal, recupera fondos de Quantum Lock o actualiza el estado de la bóveda.","translated"
"quantumroot.popup.approvalKey","Approval key","Clave de aprobación","translated"
"quantumroot.popup.approvalKeyCapability","Approval key","Clave de aprobación","translated"
"quantumroot.popup.approvalKeyChanged","Approval key changed on chain","La clave de aprobación cambió en la cadena","translated"
"quantumroot.popup.approvalKeyInLock","Approval key is in Quantum Lock.","La clave está en Quantum Lock.","translated"
"quantumroot.popup.approvalKeyInQuantumLock","Your approval key is in Quantum Lock.","Tu clave de aprobación está en Quantum Lock.","translated"
"quantumroot.popup.approvalKeyPicked","Approval key picked.","Clave de aprobación elegida.","translated"
"quantumroot.popup.approvalKeySelected","Approval key selected","Clave de aprobación seleccionada","translated"
"quantumroot.popup.approvalLane","Approval lane","Vía de aprobación","translated"
"quantumroot.popup.approvalLaneDescription","Your approval key goes to Quantum Lock.","La clave de aprobación va a Quantum Lock.","translated"
"quantumroot.popup.available","{count} available","{count} disponible(s)","translated"
"quantumroot.popup.availableApprovalKeys","Available approval keys","Claves de aprobación disponibles","translated"
"quantumroot.popup.bchRecoveryDescription","BCH recovery sends back to the matching standard wallet address for this vault index when available.","La recuperación de BCH devuelve los fondos a la dirección estándar correspondiente al índice de esta bóveda cuando está disponible.","translated"
"quantumroot.popup.bchRecoveryDisabled","BCH recovery is temporarily disabled until the on-chain receive-script validation issue is resolved.","La recuperación de BCH está desactivada temporalmente hasta resolver el problema de validación del script de recepción en la cadena.","translated"
"quantumroot.popup.block.approvalPending","Send one approval key to Quantum Lock.","Envía una clave de aprobación a Quantum Lock.","translated"
"quantumroot.popup.block.inactiveNetwork","Quantumroot spending is disabled on this network.","El gasto de Quantumroot está desactivado en esta red.","translated"
"quantumroot.popup.block.noDestination","Choose a destination address before spending.","Elige una dirección de destino antes de gastar.","translated"
"quantumroot.popup.block.noFamily","Create or receive a plain NFT first. It becomes your approval key.","Crea o recibe primero un NFT simple. Será tu clave de aprobación.","translated"
"quantumroot.popup.block.pickFamily","Choose one plain NFT to use as the approval key.","Elige un NFT simple para usarlo como clave de aprobación.","translated"
"quantumroot.popup.block.receivePending","Send the matching receive coin to the normal lane.","Envía la moneda de recepción correspondiente a la vía normal.","translated"
"quantumroot.popup.block.staleInventory","Your selected approval key is not visible right now. Refresh the vault or choose another key.","La clave de aprobación seleccionada no está visible ahora. Actualiza la bóveda o elige otra clave.","translated"
"quantumroot.popup.broadcastWarning","This will broadcast after confirmation.","Esto se transmitirá después de la confirmación.","translated"
"quantumroot.popup.category","Category:","Categoría:","translated"
"quantumroot.popup.chooseApprovalKey","Choose approval key","Elegir clave de aprobación","translated"
"quantumroot.popup.chooseApprovalKeyDescription","Quantumroot uses one plain NFT as the approval key. Advanced token tools live in CashTokens.","Quantumroot usa un NFT simple como clave de aprobación. Las herramientas avanzadas de tokens están en CashTokens.","translated"
"quantumroot.popup.chooseOneApproval","Choose one approval key to continue.","Elige una clave de aprobación para continuar.","translated"
"quantumroot.popup.commitment","Commitment:","Compromiso:","translated"
"quantumroot.popup.completeSteps","Complete the approval key and matching receive coin steps before spending.","Completa los pasos de la clave de aprobación y la moneda de recepción antes de gastar.","translated"
"quantumroot.popup.confirmed","Confirmed","Confirmado","translated"
"quantumroot.popup.copyDestination","Copy destination","Copiar destino","translated"
"quantumroot.popup.copyOrScanFund","Copy or scan to fund this vault.","Copia o escanea para financiar esta bóveda.","translated"
"quantumroot.popup.copyQuantumLock","Copy Quantum Lock","Copiar Quantum Lock","translated"
"quantumroot.popup.copyReceiveAddress","Copy receive address","Copiar dirección de recepción","translated"
"quantumroot.popup.copyRecoveryAddress","Copy recovery address","Copiar dirección de recuperación","translated"
"quantumroot.popup.createOrReceive","Create or receive a plain NFT first, then it will appear here as an approval key you can choose.","Crea o recibe primero un NFT simple; aparecerá aquí para que puedas elegirlo como clave de aprobación.","translated"
"quantumroot.popup.destination","Destination","Destino","translated"
"quantumroot.popup.destinationAddress","Destination address","Dirección de destino","translated"
"quantumroot.popup.done","Done","Listo","translated"
"quantumroot.popup.empty","empty","vacío","translated"
"quantumroot.popup.found","{count} found","{count} encontrada(s)","translated"
"quantumroot.popup.fundMatchingReceive","Fund matching receive coin","Financiar moneda de recepción correspondiente","translated"
"quantumroot.popup.fundMatchingReceiveDescription","Open the send screen prefilled to the vault receive address with the same approval key.","Abre el envío preparado a la dirección de recepción de la bóveda con la misma clave de aprobación.","translated"
"quantumroot.popup.helpShortcuts","Help and shortcuts","Ayuda y accesos directos","translated"
"quantumroot.popup.inQuantumLock","{count} in Quantum Lock","{count} en Quantum Lock","translated"
"quantumroot.popup.inWallet","{count} in wallet","{count} en la billetera","translated"
"quantumroot.popup.locked","{count} locked","{count} bloqueado(s)","translated"
"quantumroot.popup.mainnetDisabled","Mainnet Quantumroot uses the same UI as Chipnet, but the spend, recovery, and token-configuration actions remain disabled until activation on {date}.","Quantumroot en Mainnet usa la misma interfaz que Chipnet, pero las acciones de gasto, recuperación y configuración de tokens permanecen desactivadas hasta la activación el {date}.","translated"
"quantumroot.popup.mintingNft","Minting NFT","NFT de acuñación","translated"
"quantumroot.popup.missing","Missing","Falta","translated"
"quantumroot.popup.mutableNft","Mutable NFT","NFT mutable","translated"
"quantumroot.popup.needed","Needed","Necesario","translated"
"quantumroot.popup.neededLater","Needed later","Necesario después","translated"
"quantumroot.popup.nextStep","Next step","Siguiente paso","translated"
"quantumroot.popup.noApprovalKey","No approval key","No hay clave de aprobación","translated"
"quantumroot.popup.noDestination","No destination set","No se ha establecido ningún destino","translated"
"quantumroot.popup.noReadyCoin","No ready coin is available yet. After the approval key and the matching receive coin are present, spendable coins appear here.","Aún no hay una moneda lista. Cuando estén presentes la clave de aprobación y la moneda de recepción correspondiente, aquí aparecerán las monedas gastables.","translated"
"quantumroot.popup.normalLane","Normal vault lane","Vía de bóveda normal","translated"
"quantumroot.popup.normalLaneDescription","Your BCH and matching receive coin go here.","Aquí van tu BCH y la moneda de recepción correspondiente.","translated"
"quantumroot.popup.normalLanePending","Add the matching receive coin after the approval key is in Quantum Lock.","Añade la moneda de recepción correspondiente después de enviar la clave de aprobación a Quantum Lock.","translated"
"quantumroot.popup.normalLaneReady","Your normal lane is ready.","La vía normal está lista.","translated"
"quantumroot.popup.noStandardAddress","No standard wallet address available","No hay una dirección estándar de la billetera disponible","translated"
"quantumroot.popup.openCashTokens","Open CashTokens","Abrir CashTokens","translated"
"quantumroot.popup.openReceiveScreen","Open receive screen","Abrir pantalla de recepción","translated"
"quantumroot.popup.otherNft","Other NFT","Otro NFT","translated"
"quantumroot.popup.otherNftDescription","It sits in Quantum Lock, but it is not the selected approval key. No direct withdrawal path exists yet.","Está en Quantum Lock, pero no es la clave de aprobación seleccionada. Aún no existe una ruta de retiro directa.","translated"
"quantumroot.popup.otherNftInQuantumLock","Other NFT in Quantum Lock","Otro NFT en Quantum Lock","translated"
"quantumroot.popup.otherNfts","{count} other NFT(s)","{count} NFT adicional(es)","translated"
"quantumroot.popup.outpoint","Outpoint","Outpoint","stable-term"
"quantumroot.popup.pending","Pending","Pendiente","translated"
"quantumroot.popup.pendingCoin","Pending coin","Moneda pendiente","translated"
"quantumroot.popup.pickApprovalKey","Pick one approval key.","Elige una clave de aprobación.","translated"
"quantumroot.popup.plainBchCoins","{count} plain BCH coin(s)","{count} moneda(s) BCH simple(s)","translated"
"quantumroot.popup.plainBchDescription","Use this for plain BCH coins. Protected coins stay in the lanes above.","Usa esto para monedas BCH simples. Las monedas protegidas permanecen en las vías superiores.","translated"
"quantumroot.popup.previewOnly","Preview only on mainnet until activation.","Solo vista previa en Mainnet hasta la activación.","translated"
"quantumroot.popup.protectedReceiveCount","Coins already handled by Protected spend: {count}","Monedas ya gestionadas por Gasto protegido: {count}","translated"
"quantumroot.popup.protectedSpend","Protected spend","Gasto protegido","translated"
"quantumroot.popup.protectedSpendDescription","When the approval key and matching receive coin are present, spending opens here.","Cuando estén presentes la clave de aprobación y la moneda de recepción correspondiente, el gasto se abrirá aquí.","translated"
"quantumroot.popup.quantumLock","Quantum Lock","Quantum Lock","stable-term"
"quantumroot.popup.quantumLockBch","Quantum Lock BCH","BCH de Quantum Lock","translated"
"quantumroot.popup.quantumLockRecovery","Quantum Lock recovery","Recuperación de Quantum Lock","translated"
"quantumroot.popup.quantumLockRecoveryCount","Quantum Lock recovery coins: {count}","Monedas de recuperación de Quantum Lock: {count}","translated"
"quantumroot.popup.quantumrootOpens","Quantumroot opens once the approval key sits in Quantum Lock and the matching receive coin sits in the normal lane.","Quantumroot se abre cuando la clave de aprobación esté en Quantum Lock y la moneda de recepción correspondiente esté en la vía normal.","translated"
"quantumroot.popup.ready","Ready","Listo","translated"
"quantumroot.popup.readyCoin","Ready coin","Moneda lista","translated"
"quantumroot.popup.readyCoinAvailable","Ready coin available.","Hay una moneda lista.","translated"
"quantumroot.popup.readyCoins","{count} ready coin(s)","{count} moneda(s) lista(s)","translated"
"quantumroot.popup.receiveAddress","Receive address","Dirección de recepción","translated"
"quantumroot.popup.receiveBch","Receive BCH","Recibir BCH","translated"
"quantumroot.popup.recover","Recover","Recuperar","translated"
"quantumroot.popup.recoverableBchCoins","Recoverable BCH coins","Monedas BCH recuperables","translated"
"quantumroot.popup.recoverableBchCount","Recoverable BCH coins: {count}","Monedas BCH recuperables: {count}","translated"
"quantumroot.popup.recovering","Recovering…","Recuperando…","translated"
"quantumroot.popup.recoverRegularBch","Recover regular BCH","Recuperar BCH normal","translated"
"quantumroot.popup.refresh","Refresh","Actualizar","translated"
"quantumroot.popup.refreshChooseAnother","Refresh the vault or choose another approval key.","Actualiza la bóveda o elige otra clave de aprobación.","translated"
"quantumroot.popup.refreshVault","Refresh vault","Actualizar bóveda","translated"
"quantumroot.popup.refreshVaultStatus","Refresh vault status","Actualizar estado de la bóveda","translated"
"quantumroot.popup.reviewDestination","Review the destination before broadcasting.","Revisa el destino antes de transmitir.","translated"
"quantumroot.popup.reviewSpend","Review spend","Revisar gasto","translated"
"quantumroot.popup.reviewSpendSubtitle","Check the destination, approval key, and ready coin before you broadcast.","Comprueba el destino, la clave de aprobación y la moneda lista antes de transmitir.","translated"
"quantumroot.popup.reviewSpendTitle","Review spend","Revisar gasto","translated"
"quantumroot.popup.saveApprovalKey","Save approval key","Guardar clave de aprobación","translated"
"quantumroot.popup.saving","Saving…","Guardando…","translated"
"quantumroot.popup.selectedApprovalKey","Selected approval key","Clave de aprobación seleccionada","translated"
"quantumroot.popup.selectedAsApproval","Selected as approval key","Seleccionada como clave de aprobación","translated"
"quantumroot.popup.sendApprovalHere","Send the approval key here.","Envía aquí la clave de aprobación.","translated"
"quantumroot.popup.sendApprovalKey","Send approval key","Enviar clave de aprobación","translated"
"quantumroot.popup.sendApprovalKeyDescription","Open the send screen prefilled to Quantum Lock with the selected approval key.","Abre el envío preparado a Quantum Lock con la clave de aprobación seleccionada.","translated"
"quantumroot.popup.sendApprovalKeyToLock","Send the approval key to Quantum Lock.","Envía la clave a Quantum Lock.","translated"
"quantumroot.popup.sendSelectedApprovalKey","Send the selected approval key to Quantum Lock.","Envía la clave seleccionada a Quantum Lock.","translated"
"quantumroot.popup.spend","Spend","Gastar","translated"
"quantumroot.popup.spendDestination","Spend destination","Destino del gasto","translated"
"quantumroot.popup.spending","Spending…","Gastando…","translated"
"quantumroot.popup.sweepBch","Sweep BCH coins ({count})","Barrer monedas BCH ({count})","translated"
"quantumroot.popup.sweeping","Sweeping…","Barriendo…","translated"
"quantumroot.popup.tapToOpen","Tap to open","Toca para abrir","translated"
"quantumroot.popup.unsupportedQuantumLock","Coins in Quantum Lock that belong to Protected spend are handled above; this recovery list only includes plain BCH coins.","Las monedas de Quantum Lock que pertenecen a Gasto protegido se gestionan arriba; esta lista de recuperación solo incluye monedas BCH simples.","translated"
"quantumroot.popup.unsupportedReceive","Coins with an approval key stay in Protected spend; this recovery list only includes plain BCH coins.","Las monedas con una clave de aprobación permanecen en Gasto protegido; esta lista de recuperación solo incluye monedas BCH simples.","translated"
"quantumroot.popup.useRecoveryAddress","Use wallet recovery address","Usar la dirección de recuperación de la billetera","translated"
"quantumroot.popup.vaultSetup","Vault setup","Configuración de la bóveda","translated"
"quantumroot.popup.vaultSetupDescription","Copy addresses and choose the approval key.","Copia las direcciones y elige la clave de aprobación.","translated"
"quantumroot.popup.waiting","Waiting","Esperando","translated"
"quantumroot.popup.walletRecoveryAddress","Wallet recovery address","Dirección de recuperación de la billetera","translated"
"quantumroot.readyToRecover","{count} ready to recover","{count} listas para recuperar","translated"
"quantumroot.refreshing","Refreshing balances and UTXO status. Vaults remain available while sync completes.","Actualizando saldos y estado de UTXO. Las bóvedas seguirán disponibles mientras termina la sincronización.","translated"
"quantumroot.subtitle","Two spending lanes in one vault","Dos vías de gasto en una bóveda","translated"
"quantumroot.syncingVaults","Syncing Vaults…","Sincronizando bóvedas…","translated"
"quantumroot.syncVaults","Sync Vaults","Sincronizar bóvedas","translated"
"quantumroot.toast.approvalKeyMissing","This approval key is no longer visible. Refresh the vault or choose another key.","Esta clave de aprobación ya no está visible. Actualiza la bóveda o elige otra clave.","translated"
"quantumroot.toast.authorizedBroadcast","Quantumroot authorized spend broadcast: {txid}","Gasto autorizado de Quantumroot transmitido: {txid}","translated"
"quantumroot.toast.authorizedFailed","Quantumroot authorized spend failed: {message}","Falló el gasto autorizado de Quantumroot: {message}","translated"
"quantumroot.toast.broadcastAuthorizedFailed","Failed to broadcast Quantumroot authorized spend.","No se pudo transmitir el gasto autorizado de Quantumroot.","translated"
"quantumroot.toast.broadcastLockRecoveryFailed","Failed to broadcast Quantum Lock recovery.","No se pudo transmitir la recuperación de Quantum Lock.","translated"
"quantumroot.toast.broadcastSpendFailed","Failed to broadcast Quantumroot spend.","No se pudo transmitir el gasto de Quantumroot.","translated"
"quantumroot.toast.broadcastSweepFailed","Failed to broadcast Quantumroot sweep.","No se pudo transmitir el barrido de Quantumroot.","translated"
"quantumroot.toast.configureFailed","Failed to configure vault: {message}","No se pudo configurar la bóveda: {message}","translated"
"quantumroot.toast.destinationRequired","Destination address is required.","La dirección de destino es obligatoria.","translated"
"quantumroot.toast.ineligibleReceiveUtxo","That receive UTXO is not eligible for authorized spend.","Ese UTXO de recepción no puede usarse para un gasto autorizado.","translated"
"quantumroot.toast.invalidTokenCategory","Token category must be 64 hexadecimal characters.","La categoría del token debe tener 64 caracteres hexadecimales.","translated"
"quantumroot.toast.lockRecoveryBroadcast","Quantum Lock recovery broadcast: {txid}","Recuperación de Quantum Lock transmitida: {txid}","translated"
"quantumroot.toast.lockRecoveryFailed","Quantum Lock recovery failed: {message}","Falló la recuperación de Quantum Lock: {message}","translated"
"quantumroot.toast.noBchUtxos","No BCH-only receive UTXOs available to sweep.","No hay UTXO de recepción solo BCH para barrer.","translated"
"quantumroot.toast.noControlToken","No matching Quantum Lock control token is available yet.","Aún no hay un token de control coincidente en Quantum Lock.","translated"
"quantumroot.toast.previewActive","Quantumroot mainnet preview is active until activation.","La vista previa de Quantumroot en Mainnet está activa hasta la activación.","translated"
"quantumroot.toast.reconfigured","Quantumroot vault reconfigured.","Bóveda Quantumroot reconfigurada.","translated"
"quantumroot.toast.spendBroadcast","Quantumroot spend broadcast: {txid}","Gasto de Quantumroot transmitido: {txid}","translated"
"quantumroot.toast.spendFailed","Quantumroot spend failed: {message}","Falló el gasto de Quantumroot: {message}","translated"
"quantumroot.toast.sweepBroadcast","Quantumroot sweep broadcast: {txid}","Barrido de Quantumroot transmitido: {txid}","translated"
"quantumroot.toast.sweepFailed","Quantumroot sweep failed: {message}","Falló el barrido de Quantumroot: {message}","translated"
"quantumroot.toast.unavailable","Quantumroot vault unavailable.","La bóveda Quantumroot no está disponible.","translated"
"quantumroot.trackedBalance","Tracked Balance","Saldo seguido","translated"
"quantumroot.vaultNumber","Vault #{id}","Bóveda #{id}","translated"
"quantumroot.vaults","Vaults","Bóvedas","translated"
"quantumroot.workspaceRefreshFailed","Workspace Refresh Failed","Falló la actualización del espacio","translated"
"receive.addressesNotReady","Receive addresses not ready","Las direcciones de recepción no están listas","translated"
"receive.amountBch","Amount (BCH)","Importe (BCH)","translated"
"receive.back","Back","Atrás","translated"
"receive.bip21Active","Request details are active and the QR is now encoding the BIP21 URI.","Los detalles están activos y el QR ahora codifica la URI BIP21.","translated"
"receive.bip21Description","Encode amount, label, and message into the QR payload.","Codifica el importe, la etiqueta y el mensaje en la carga QR.","translated"
"receive.bip21Help","When enabled, the QR and copied payload use a BIP21-style `bitcoincash:` URI so compatible wallets can autofill request details.","Al activarlo, el QR y la carga copiada usan una URI de tipo BIP21 para que las billeteras compatibles completen los datos automáticamente.","translated"
"receive.bip21Title","BIP21 payment request","Solicitud de pago BIP21","translated"
"receive.cashToken","CashToken","CashToken","stable-term"
"receive.change","Change","Cambio","translated"
"receive.changeAddressCount","{count} change addresses","{count} direcciones de cambio","translated"
"receive.clear","Clear","Borrar","translated"
"receive.close","Close","Cerrar","translated"
"receive.copied","Copied to clipboard!","¡Copiado al portapapeles!","translated"
"receive.copyBip21","Copy BIP21 URI","Copiar URI BIP21","translated"
"receive.copyFailed","Failed to copy.","No se pudo copiar.","translated"
"receive.copyQrPayload","Copy receive QR payload","Copiar carga QR de recepción","translated"
"receive.dismiss","Dismiss","Descartar","translated"
"receive.dismissUnlockAlert","Dismiss unlock alert","Descartar alerta de desbloqueo","translated"
"receive.label","Label","Etiqueta","translated"
"receive.main","Main","Principal","translated"
"receive.mainAddressCount","{count} main addresses","{count} direcciones principales","translated"
"receive.message","Message","Mensaje","stable-term"
"receive.noAddressesLoaded","This wallet does not have receive addresses loaded yet.","Esta billetera aún no tiene direcciones de recepción cargadas.","translated"
"receive.noBranchAddresses","No addresses found in this branch yet.","Aún no se encontraron direcciones en esta rama.","translated"
"receive.noVaultFunds","No Quantumroot vault funds detected yet.","Aún no se encontraron fondos en la bóveda Quantumroot.","translated"
"receive.openQrPreview","Open larger QR code preview","Abrir vista previa grande del código QR","translated"
"receive.optional","Optional","Opcional","translated"
"receive.optionalExample","Optional, e.g. 0.0105","Opcional, p. ej. 0.0105","translated"
"receive.prepareAddresses","Prepare receive addresses","Preparar direcciones de recepción","translated"
"receive.prepareAddressesDescription","Prepare addresses to show your receive QR and address list.","Prepara las direcciones para mostrar tu QR y tu lista de recepción.","translated"
"receive.privKeyReady","Private key view unlocked","Vista de clave privada desbloqueada","translated"
"receive.privKeyUnlock","Private key unlock in {count} taps","Desbloqueo de la clave privada en {count} toques","translated"
"receive.pubKeyTapProgress","PubKey pressed {count}/{total} times","PubKey presionado {count}/{total} veces","translated"
"receive.qrCopyDescription","Tap the QR to copy the current payload. Close to return.","Toca el QR para copiar la carga actual. Cierra para volver.","translated"
"receive.quantumLock","Quantum Lock","Bloqueo cuántico","stable-term"
"receive.quantumLockAddress","Quantum Lock Address","Dirección de bloqueo cuántico","translated"
"receive.quantumrootStatus","Quantumroot Status","Estado de Quantumroot","translated"
"receive.readOnlyStatus","This view is read-only. It shows vault status and key receive data, but no spending or recovery actions.","Esta vista es de solo lectura. Muestra el estado de la bóveda y los datos de recepción, pero no permite gastar ni recuperar fondos.","translated"
"receive.receiveAddress","Receive Address","Dirección de recepción","translated"
"receive.receiveBalance","Receive Balance","Saldo de recepción","translated"
"receive.receiveQr","Receive QR","QR de recepción","translated"
"receive.regular","Regular","Normal","translated"
"receive.seeAllAddresses","See all addresses","Ver todas las direcciones","translated"
"receive.switch","Switch","Cambiar","translated"
"receive.switchAddress","Switch address","Cambiar dirección","translated"
"receive.syncing","Syncing…","Sincronizando…","translated"
"receive.tapPubKey","Tap PubKey to reveal the private key view.","Toca PubKey para mostrar la vista de clave privada.","translated"
"receive.title","Receive","Recibir","translated"
"receive.toggleAddressType","Toggle receive address type","Cambiar tipo de dirección de recepción","translated"
"receive.unavailable","Unavailable","No disponible","translated"
"reconfiguration.changingPath","Changing derivation path","Cambiando la ruta de derivación","translated"
"reconfiguration.clearing","Clearing old wallet data","Borrando datos antiguos de la billetera","translated"
"reconfiguration.clearingDetail","Removing the previous address, history, and UTXO records.","Eliminando la dirección, el historial y los registros UTXO anteriores.","translated"
"reconfiguration.deriving","Generating wallet addresses","Generando direcciones de la billetera","translated"
"reconfiguration.derivingDetail","Creating the receive and change addresses for this wallet path.","Creando las direcciones de recepción y cambio para esta ruta.","translated"
"reconfiguration.dismiss","Dismiss","Descartar","translated"
"reconfiguration.failed","Wallet update failed","Falló la actualización de la billetera","translated"
"reconfiguration.failedDetail","The wallet could not be reconfigured.","No se pudo reconfigurar la billetera.","translated"
"reconfiguration.keepOpen","Please keep OPTN Wallet open. Navigation is temporarily disabled while wallet data is rebuilt.","Mantén OPTN Wallet abierta. La navegación está temporalmente desactivada mientras se reconstruyen los datos de la billetera.","translated"
"reconfiguration.movingTo","Moving to {network}","Cambiando a {network}","translated"
"reconfiguration.preparing","Preparing wallet","Preparando la billetera","translated"
"reconfiguration.preparingDetail","Stopping background sync and reconnecting to the selected network.","Deteniendo la sincronización en segundo plano y reconectando a la red seleccionada.","translated"
"reconfiguration.progress","Wallet update progress","Progreso de actualización de la billetera","translated"
"reconfiguration.reloading","Reloading wallet","Recargando la billetera","translated"
"reconfiguration.stepOf","Step {current} of {total}","Paso {current} de {total}","translated"
"reconfiguration.switchingNetwork","Switching network","Cambiando de red","translated"
"reconfiguration.syncing","Synchronizing wallet","Sincronizando la billetera","translated"
"reconfiguration.syncingDetail","Fetching balances, UTXOs, and transaction history. This can take 15–20 seconds.","Obteniendo saldos, UTXO e historial de transacciones. Puede tardar entre 15 y 20 segundos.","translated"
"reconfiguration.updating","Updating wallet","Actualizando la billetera","translated"
"reconfiguration.working","Working…","Trabajando…","translated"
"recovery.hide","Hide Backup Phrase","Ocultar frase de respaldo","translated"
"recovery.reveal","Reveal Backup Phrase","Mostrar frase de respaldo","translated"
"recovery.warning","Warning","Advertencia","translated"
"recovery.warningDescription","Displaying your mnemonic backup phrase can compromise your funds. Ensure you keep it secure.","Mostrar tu frase mnemónica de respaldo puede poner tus fondos en riesgo. Guárdala de forma segura.","translated"
"rpa.confirmedPayment","confirmed stealth payment","pago oculto confirmado","translated"
"rpa.confirmedPayments","{count} confirmed stealth payment(s) found","Se encontraron {count} pagos ocultos confirmados","translated"
"rpa.copyFailed","Copy failed.","No se pudo copiar.","translated"
"rpa.copySuccess","Paycode copied!","¡Código de pago copiado!","translated"
"rpa.derivationFailed","Paycode derivation failed. Unlock your wallet and try again.","No se pudo derivar el código de pago. Desbloquea la billetera e inténtalo de nuevo.","translated"
"rpa.derivationPaths","Derivation paths","Rutas de derivación","translated"
"rpa.deriving","Deriving paycode…","Derivando código de pago…","translated"
"rpa.found","found","encontrado","translated"
"rpa.howWorks","How it works","Cómo funciona","translated"
"rpa.lastScanned","Last scanned","Último escaneo","translated"
"rpa.noNotification","No notification tx.","Sin tx de notificación.","translated"
"rpa.noNotificationText","The sender grinds their signature nonce until the input hash prefix matches your scan key — detectability is embedded in the signature itself.","El remitente busca un nonce de firma hasta que el prefijo del hash de entrada coincide con tu clave de escaneo; la detección está integrada en la firma.","translated"
"rpa.paycode","Paycode","Código de pago","stable-term"
"rpa.prefixFilter","Prefix filter","Filtro de prefijo","translated"
"rpa.scanDescription","Scans a Fulcrum-RPA server for transactions whose input signature prefix matches your scan key. Uses ECDH to verify each candidate and detect your stealth outputs.","Busca en un servidor Fulcrum-RPA transacciones cuyo prefijo de firma de entrada coincida con tu clave de escaneo. Usa ECDH para verificar cada candidato y detectar tus salidas ocultas.","translated"
"rpa.scanKey","Scan key","Clave de escaneo","translated"
"rpa.scanning","Scanning…","Escaneando…","translated"
"rpa.serverUnsupported","This server does not support RPA scanning.","Este servidor no admite el escaneo RPA.","translated"
"rpa.shareDescription","Share this paycode with senders. Each payment creates a unique stealth address — no link between payments on-chain.","Comparte este código con los remitentes. Cada pago crea una dirección oculta única, sin vínculos entre pagos en la cadena.","translated"
"rpa.spendKey","Spend key","Clave de gasto","translated"
"rpa.stealthBalance","Stealth BCH","BCH oculto","translated"
"rpa.sync","Sync","Sincronizar","translated"
"rpa.title","RPA Paycode","Código de pago RPA","stable-term"
"rpa.walletUnavailable","Wallet not available","Billetera no disponible","translated"
"send.address","Address","Dirección","translated"
"send.advanced","Advanced","Avanzado","translated"
"send.advancedBuilder","Open Advanced Builder","Abrir constructor avanzado","translated"
"send.airdrops","Airdrops","Airdrops","needs-review"
"send.amount","Amount","Importe","translated"
"send.amountBch","Amount (BCH)","Importe (BCH)","translated"
"send.amountUsd","Amount (USD)","Importe (USD)","translated"
"send.asset","Asset","Activo","translated"
"send.assetControl","Asset control","Control del activo","translated"
"send.back","Back","Atrás","translated"
"send.balance","Balance","Saldo","translated"
"send.bcmrMetadata","Parsed using BCMR metadata from the selected category.","Analizado con los metadatos BCMR de la categoría seleccionada.","translated"
"send.bytes","bytes","bytes","stable-term"
"send.changeAddress","Change address","Dirección de cambio","translated"
"send.clearForm","Clear form","Borrar formulario","translated"
"send.confirmed","Confirmed","Confirmado","translated"
"send.contract","Contract","Contrato","translated"
"send.contractInputs","Contract inputs","Entradas de contratos","translated"
"send.copy","Copy","Copiar","translated"
"send.debug","Debug","Depuración","translated"
"send.decimals","{count} decimals","{count} decimales","translated"
"send.details","Details","Detalles","translated"
"send.enterBchForUsd","Enter a BCH amount to see the USD equivalent.","Introduce un importe en BCH para ver su equivalente en USD.","translated"
"send.enterUsdForBch","Enter a USD amount to see the BCH equivalent.","Introduce un importe en USD para ver su equivalente en BCH.","translated"
"send.fee","Fee","Comisión","translated"
"send.fillMax","Fill the full spendable balance minus network fee","Rellenar el saldo disponible completo menos la comisión de red","translated"
"send.fillRequired","Fill the required fields first","Completa los campos obligatorios","translated"
"send.finalOutputs","Final outputs","Salidas finales","translated"
"send.guidedDescription","Send BCH, fungible tokens, or NFTs with one guided flow.","Envía BCH, tokens fungibles o NFT con un único flujo guiado.","translated"
"send.height","Height","Altura","translated"
"send.hide","Hide","Ocultar","translated"
"send.inputs","Inputs","Entradas","translated"
"send.inputsUsed","Inputs used","Entradas utilizadas","translated"
"send.insufficientFunds","Not enough funds. Check your balance or reduce the amount.","No hay fondos suficientes. Comprueba tu saldo o reduce el importe.","translated"
"send.integer","integer","entero","translated"
"send.invalidAddress","Invalid address—double-check for typos or try scanning a QR code.","Dirección no válida; comprueba si hay errores o escanea un código QR.","translated"
"send.keepTxid","Keep this txid as your reference and avoid sending it again.","Conserva este txid como referencia y evita enviarlo otra vez.","translated"
"send.leaveBlankNft","Leave blank to send the first available NFT in this category.","Déjalo vacío para enviar el primer NFT disponible de esta categoría.","translated"
"send.loading","Loading…","Cargando…","translated"
"send.max","Max","Máximo","stable-term"
"send.networkError","Network error. Check your connection and try again.","Error de red. Comprueba la conexión e inténtalo de nuevo.","translated"
"send.nft","NFT","NFT","stable-term"
"send.nftCategory","NFT category","Categoría del NFT","translated"
"send.nftCommitment","NFT commitment","Compromiso del NFT","translated"
"send.nfts","NFTs","NFT","stable-term"
"send.noInputs","No inputs selected yet (run Review).","Aún no hay entradas seleccionadas (ejecuta Revisar).","translated"
"send.noOutputs","No outputs yet (run Review).","Aún no hay salidas (ejecuta Revisar).","translated"
"send.noTxBuilt","(no tx built yet)","(aún no se ha construido ninguna transacción)","translated"
"send.openAirdrops","Open Airdrops","Abrir Airdrops","translated"
"send.optionalHexCommitment","Optional hex commitment…","Compromiso hexadecimal opcional…","translated"
"send.outpoint","Outpoint","Outpoint","stable-term"
"send.outputsCreated","Outputs created","Salidas creadas","translated"
"send.pending","Pending","Pendiente","translated"
"send.quantumrootApproval","approval key to Quantum Lock","clave de aprobación al Bloqueo cuántico","translated"
"send.quantumrootHint","Review the recipient and token category, then tap Review to build the transaction.","Revisa el destinatario y la categoría del token, y toca Revisar para crear la transacción.","translated"
"send.quantumrootNftHint","If there are multiple NFT entries, choose the one that matches the approval key.","Si hay varias entradas NFT, elige la que coincida con la clave de aprobación.","translated"
"send.quantumrootPrefilled","Prefilled to send the {label}","Preparado para enviar {label}","translated"
"send.quantumrootReceive","matching receive coin to the vault receive address","moneda de recepción correspondiente a la dirección de recepción de la bóveda","translated"
"send.quantumrootShortcut","Quantumroot shortcut","Acceso directo de Quantumroot","translated"
"send.rawTransaction","Raw transaction","Transacción sin procesar","translated"
"send.recipient","Recipient","Destinatario","translated"
"send.recipientAmountLoaded","Recipient and amount loaded from QR.","Destinatario e importe cargados desde el QR.","translated"
"send.recipientLoaded","Recipient loaded from QR.","Destinatario cargado desde el QR.","translated"
"send.releaseToSend","Release to send","Suelta para enviar","translated"
"send.reset","Reset","Restablecer","translated"
"send.review","Review","Revisar","translated"
"send.reviewTitle","Review Transaction","Revisar transacción","translated"
"send.sats","Sats","Sats","stable-term"
"send.scanQr","Scan QR","Escanear QR","translated"
"send.selectCategory","Select category…","Selecciona una categoría…","translated"
"send.selectedInputs","Selected inputs","Entradas seleccionadas","translated"
"send.send","Send","Enviar","translated"
"send.sending","Sending…","Enviando…","translated"
"send.sent","Transaction sent","Transacción completada","translated"
"send.show","Show","Mostrar","translated"
"send.slideToConfirm","Slide to confirm","Desliza para confirmar","translated"
"send.submitted","Transaction submitted","Transacción enviada","translated"
"send.summary","Summary","Resumen","translated"
"send.switchToBch","Switch amount input to BCH","Cambiar el importe a BCH","translated"
"send.switchToUsd","Switch amount input to USD","Cambiar el importe a USD","translated"
"send.technicalDetails","Technical details","Detalles técnicos","translated"
"send.title","Simple Send","Envío sencillo","translated"
"send.to","To","A","translated"
"send.token","Token","Token","stable-term"
"send.tokenAmount","Token amount","Importe del token","translated"
"send.tokenCategory","Token category","Categoría del token","translated"
"send.tokenChange","Token change","Cambio de token","translated"
"send.tokenInputs","Token inputs","Entradas de tokens","translated"
"send.tokenLabel","Token","Token","stable-term"
"send.totalBch","Total (BCH)","Total (BCH)","stable-term"
"send.transactionSize","Transaction size","Tamaño de la transacción","translated"
"send.transferMode","Transfer mode","Modo de transferencia","translated"
"send.type","Type","Tipo","stable-term"
"send.unconfirmedInputs","Unconfirmed inputs","Entradas sin confirmar","translated"
"send.usdUnavailable","USD conversion is unavailable right now.","La conversión a USD no está disponible ahora.","translated"
"send.verifyRecipient","QR scanned. Verify recipient before sending.","QR escaneado. Verifica el destinatario antes de enviar.","translated"
"send.verifySlide","Verify details and slide to send.","Verifica los detalles y desliza para enviar.","translated"
"send.waitingSync","Waiting for sync","Esperando sincronización","translated"
"send.waitPrevious","Wait for your previous outgoing transaction to sync first","Espera a que se sincronice tu transacción saliente anterior","translated"
"server.active","● active","● activo","translated"
"server.add","Add","Añadir","translated"
"server.addDesktopPlaceholder","Add server — Fulcrum host:50002, or a node host:8333","Añadir servidor — host Fulcrum:50002 o nodo host:8333","translated"
"server.addMobilePlaceholder","Add WSS server — host:50004","Añadir servidor WSS — host:50004","translated"
"server.addressUrlPlaceholder","Address URL, e.g. https://example.com/address/{address}","URL de dirección, p. ej. https://example.com/address/{address}","translated"
"server.auto","Auto","Automático","translated"
"server.autoBackend","Auto — server pool, with failover","Automático — grupo de servidores con conmutación por error","translated"
"server.automatic","Automatic","Automático","translated"
"server.backend","Backend","Backend","stable-term"
"server.blockExplorer","Block explorer","Explorador de bloques","translated"
"server.connect","Connect","Conectar","translated"
"server.connected","Connected.","Conectado.","translated"
"server.connectedServer","Connected server","Servidor conectado","translated"
"server.connecting","Connecting…","Conectando…","translated"
"server.connectionFailed","Connection failed","Falló la conexión","translated"
"server.connectTitle","Connect to this server","Conectar a este servidor","translated"
"server.custom","Custom…","Personalizado…","translated"
"server.customFee","Custom","Personalizado","translated"
"server.defaultPortHint","Default port: 50004 (WSS). Use wss:// prefix to force WSS, or ws:// for unencrypted.","Puerto predeterminado: 50004 (WSS). Usa el prefijo wss:// para forzar WSS o ws:// sin cifrado.","translated"
"server.explorerDescription","Used for “open in explorer” links on transactions.","Se usa para los enlaces “abrir en el explorador” de las transacciones.","translated"
"server.feeDescription","Fee rate for new transactions. Automatic uses the network minimum (~1 sat/byte, Electron Cash default).","Tarifa para nuevas transacciones. Automático usa el mínimo de red (~1 sat/byte, valor predeterminado de Electron Cash).","translated"
"server.feeUnit","sat/byte — applies to your next transaction","sat/byte — se aplica a tu próxima transacción","translated"
"server.invalidHost","Enter a valid host:port (e.g. 192.168.0.129:50002).","Introduce un host:puerto válido (p. ej., 192.168.0.129:50002).","translated"
"server.manual","Manual","Manual","stable-term"
"server.node","Node","Nodo","stable-term"
"server.notConnected","Not connected","No conectado","translated"
"server.onlyBackend","Only this backend is used — pinning a node means Electrum servers aren't consulted.","Solo se usa este backend; fijar un nodo significa que no se consultan servidores Electrum.","translated"
"server.placeholderHelp","Use {txid} and {address} as placeholders.","Usa {txid} y {address} como marcadores.","translated"
"server.pool","{network} server pool","Grupo de servidores de {network}","translated"
"server.rawNodeMobileError","Raw BCH node connections are only available on desktop. Add an Electrum/Fulcrum WSS server instead.","Las conexiones directas a nodos BCH solo están disponibles en escritorio. Añade un servidor WSS de Electrum/Fulcrum.","translated"
"server.remove","Remove","Eliminar","translated"
"server.saveCustom","Save custom explorer","Guardar explorador personalizado","translated"
"server.server","Server","Servidor","translated"
"server.serverInputPlaceholder","host, host:50004, or wss://host:50004","host, host:50004 o wss://host:50004","translated"
"server.transactionFee","Transaction fee","Comisión de transacción","translated"
"server.trustless","trustless","sin confianza","translated"
"server.txUrlPlaceholder","Tx URL, e.g. https://example.com/tx/{txid}","URL de transacción, p. ej. https://example.com/tx/{txid}","translated"
"server.useAuto","Use Auto","Usar automático","translated"
"settings.about","About OPTN","Acerca de OPTN","translated"
"settings.aboutSupport","About & support","Información y soporte","translated"
"settings.aboutSupportDescription","Help, contact, terms, and app information","Ayuda, contacto, términos e información de la aplicación","translated"
"settings.connectionsFeatures","Connections & features","Conexiones y funciones","translated"
"settings.connectionsFeaturesDescription","Servers, integrations, privacy features, and advanced tools","Servidores, integraciones, privacidad y herramientas avanzadas","translated"
"settings.contact","Contact Us","Contacto","translated"
"settings.language","Language","Idioma","translated"
"settings.languageDescription","Choose the wallet interface language","Elige el idioma de la interfaz","translated"
"settings.network","Network","Red","translated"
"settings.recovery","Recovery Phrase","Frase de recuperación","translated"
"settings.terms","Terms of Use","Términos de uso","translated"
"settings.walletSecurity","Wallet & security","Billetera y seguridad","translated"
"settings.walletSecurityDescription","Recovery, derivation path, app lock, and wallet controls","Recuperación, ruta de derivación, bloqueo y controles de la billetera","translated"
"settingsAppLock.autoLockAfter","Auto-lock after","Bloqueo automático después de","translated"
"settingsAppLock.biometricDescription","Use {label} to unlock instead of typing your password.","Usa {label} para desbloquear en lugar de escribir tu contraseña.","translated"
"settingsAppLock.biometricSetupFailed","Biometric setup failed: {message}","No se pudo configurar la biometría: {message}","translated"
"settingsAppLock.biometricUnlock","Biometric unlock","Desbloqueo biométrico","translated"
"settingsAppLock.cancel","Cancel","Cancelar","translated"
"settingsAppLock.changePassword","Change Password","Cambiar contraseña","translated"
"settingsAppLock.confirm","Confirm","Confirmar","translated"
"settingsAppLock.confirmNewPassword","Confirm new password","Confirmar nueva contraseña","translated"
"settingsAppLock.currentPassword","Current password","Contraseña actual","translated"
"settingsAppLock.currentPasswordIncorrect","Current password is incorrect.","La contraseña actual no es correcta.","translated"
"settingsAppLock.disabled","Disabled","Desactivado","translated"
"settingsAppLock.enabled","Enabled","Activado","translated"
"settingsAppLock.enabling","Enabling…","Activando…","translated"
"settingsAppLock.encryption","Encryption","Cifrado","translated"
"settingsAppLock.encryptionDescription","Your wallet is encrypted with a password-derived key (PBKDF2 · 600k iterations · AES-256-GCM). The key is never stored — it is derived in memory each time you unlock.","Tu billetera está cifrada con una clave derivada de la contraseña (PBKDF2 · 600k iteraciones · AES-256-GCM). La clave nunca se guarda; se deriva en memoria cada vez que desbloqueas.","translated"
"settingsAppLock.lockNow","Lock Now","Bloquear ahora","translated"
"settingsAppLock.minute","1 minute","1 minuto","stable-term"
"settingsAppLock.minutes","{count} minutes","{count} minutos","stable-term"
"settingsAppLock.never","Never","Nunca","translated"
"settingsAppLock.newPassword","New password","Nueva contraseña","translated"
"settingsAppLock.noWalletOpen","No wallet is open.","No hay ninguna billetera abierta.","translated"
"settingsAppLock.passwordChanged","Password changed successfully.","Contraseña cambiada correctamente.","translated"
"settingsAppLock.passwordChangeFailed","Password change failed. Please try again.","No se pudo cambiar la contraseña. Inténtalo de nuevo.","translated"
"settingsAppLock.passwordMismatch","New passwords do not match.","Las nuevas contraseñas no coinciden.","translated"
"settingsAppLock.updating","Updating…","Actualizando…","translated"
"settingsDerivation.activePath","Active BIP44 account path","Ruta de cuenta BIP44 activa","translated"
"settingsDerivation.alreadyActive","This derivation path is already active.","Esta ruta de derivación ya está activa.","translated"
"settingsDerivation.changeResync","Change and resync","Cambiar y resincronizar","translated"
"settingsDerivation.completed","Derivation path changed and wallet resync completed.","La ruta cambió y la resincronización de la billetera terminó.","translated"
"settingsDerivation.confirm","Changing the derivation path clears the current address, history, and UTXO records. The wallet will then regenerate and resync only the new path. Continue?","Cambiar la ruta de derivación borra las direcciones, el historial y los registros UTXO actuales. La billetera regenerará y resincronizará solo la nueva ruta. ¿Continuar?","translated"
"settingsDerivation.currentMode","Current mode: {mode}.","Modo actual: {mode}.","translated"
"settingsDerivation.custom","custom","personalizado","translated"
"settingsDerivation.description","OPTN supports one active BIP44 account path at a time. Reconfiguring it removes the old derived records and performs a fresh receive/change discovery and resync.","OPTN admite una ruta de cuenta BIP44 activa a la vez. Reconfigurarla elimina los registros derivados anteriores y realiza una nueva búsqueda y sincronización de recepción y cambio.","translated"
"settingsDerivation.failed","Wallet reconfiguration failed.","No se pudo reconfigurar la billetera.","translated"
"settingsDerivation.invalidPath","Invalid derivation path.","Ruta de derivación no válida.","translated"
"settingsDerivation.networkDefault","network default","predeterminado de la red","translated"
"settingsDerivation.reconfiguring","Reconfiguring…","Reconfigurando…","translated"
"settingsDerivation.useDefault","Use network default","Usar el valor predeterminado de la red","translated"
"settingsNetwork.active","Active","Activa","translated"
"settingsNetwork.chipnet","Chipnet","Chipnet","stable-term"
"settingsNetwork.chipnetDescription","BCH testnet for upcoming CHIPs — test funds only","Red de pruebas BCH para próximos CHIPs: solo fondos de prueba","translated"
"settingsNetwork.comingSoon","Coming soon","Próximamente","translated"
"settingsNetwork.description","Switching networks clears the active network records, derives the network path, and resynchronizes receive/change addresses. Custom paths are preserved across network changes.","Cambiar de red borra los registros activos, deriva la ruta de red y vuelve a sincronizar las direcciones de recepción y cambio. Las rutas personalizadas se conservan.","translated"
"settingsNetwork.mainnet","Mainnet","Mainnet","stable-term"
"settingsNetwork.mainnetDescription","Live BCH network — real funds","Red BCH activa: fondos reales","translated"
"settingsNetwork.regtest","Regtest","Regtest","stable-term"
"settingsNetwork.reload","Reload and resync current wallet","Recargar y resincronizar la billetera actual","translated"
"settingsNetwork.reloading","Reloading wallet…","Recargando billetera…","translated"
"settingsNetwork.switching","Switching…","Cambiando…","translated"
"settingsNetwork.testnet3","Testnet3","Testnet3","stable-term"
"settingsNetwork.testnet4","Testnet4","Testnet4","stable-term"
"settingsPanels.addons","Addons","Complementos","translated"
"settingsPanels.appLock","App Lock","Bloqueo de la aplicación","translated"
"settingsPanels.cashfusion","CashFusion","CashFusion","stable-term"
"settingsPanels.console","Console","Consola","stable-term"
"settingsPanels.contract","Contract Info","Información del contrato","translated"
"settingsPanels.derivation","Derivation Path","Ruta de derivación","translated"
"settingsPanels.experimental","Experimental Features","Funciones experimentales","translated"
"settingsPanels.faucet","Chipnet Faucet","Grifo de Chipnet","stable-term"
"settingsPanels.nostr","Nostr & Chat","Nostr y chat","translated"
"settingsPanels.server","Server","Servidor","stable-term"
"settingsPanels.walletConnect","WalletConnect","WalletConnect","stable-term"
"settingsPanels.wizardConnect","WizardConnect","WizardConnect","stable-term"
"settingsRows.about","About OPTN","Acerca de OPTN","translated"
"settingsRows.aboutDescription","Version info","Información de la versión","translated"
"settingsRows.addons","Addons","Complementos","translated"
"settingsRows.addonsDescription","Install and manage third-party addons","Instala y gestiona complementos de terceros","translated"
"settingsRows.appLock","App Lock","Bloqueo de la aplicación","translated"
"settingsRows.appLockDescription","Auto-lock · Change password","Bloqueo automático · Cambiar contraseña","translated"
"settingsRows.console","Console","Consola","stable-term"
"settingsRows.consoleDescription","App log · Electrum RPC","Registro de la aplicación · RPC de Electrum","translated"
"settingsRows.contact","Contact Us","Contacto","translated"
"settingsRows.contactDescription","Get help and support","Obtén ayuda y soporte","translated"
"settingsRows.contractInfo","Contract Info","Información del contrato","translated"
"settingsRows.contractInfoDescription","View contract details","Ver detalles del contrato","translated"
"settingsRows.derivation","Derivation Path","Ruta de derivación","translated"
"settingsRows.derivationDescription","Customize and resync the active BIP44 path","Personaliza y vuelve a sincronizar la ruta BIP44 activa","translated"
"settingsRows.experimental","Experimental Features","Funciones experimentales","translated"
"settingsRows.experimentalDescription","RPA · CashFusion","RPA · CashFusion","stable-term"
"settingsRows.faucet","Chipnet Faucet","Grifo de Chipnet","stable-term"
"settingsRows.faucetDescription","Get test BCH on Chipnet","Obtén BCH de prueba en Chipnet","translated"
"settingsRows.language","Language","Idioma","translated"
"settingsRows.languageDescription","Choose the wallet interface language","Elige el idioma de la interfaz","translated"
"settingsRows.network","Network","Red","translated"
"settingsRows.networkDescription","Switch between Mainnet and Chipnet","Cambia entre Mainnet y Chipnet","translated"
"settingsRows.nostr","Nostr & Chat","Nostr y chat","translated"
"settingsRows.nostrDescription","Private messages · Identity · Relay pool","Mensajes privados · Identidad · Grupo de relés","translated"
"settingsRows.pendingOutbox","Pending Tx Locks","Bloqueos de transacciones pendientes","translated"
"settingsRows.pendingOutboxDescription","Review outgoing transaction locks","Revisa los bloqueos de transacciones salientes","translated"
"settingsRows.recovery","Recovery Phrase","Frase de recuperación","translated"
"settingsRows.recoveryDescription","Back up your wallet","Haz una copia de seguridad","translated"
"settingsRows.server","Servers","Servidores","translated"
"settingsRows.serverDescription","Electrum · Block explorer · Transaction fees","Electrum · Explorador de bloques · Comisiones","translated"
"settingsRows.terms","Terms of Use","Términos de uso","translated"
"settingsRows.termsDescription","Read our terms","Lee nuestros términos","translated"
"settingsRows.walletConnect","WalletConnect","WalletConnect","stable-term"
"settingsRows.walletConnectDescription","Manage dApp connections","Gestiona conexiones de dApps","translated"
"settingsRows.wizardConnect","WizardConnect","WizardConnect","stable-term"
"settingsRows.wizardConnectDescription","Connect to token wizards","Conecta con asistentes de tokens","translated"
"terms.acceptance","1. Acceptance of Terms","1. Aceptación de los términos","translated"
"terms.acceptanceText","By accessing and using the OPTN Wallet App (“the App”), you agree to comply with and be bound by these Terms of Use. If you do not agree, please do not use the App.","Al acceder y usar OPTN Wallet (“la aplicación”), aceptas cumplir estos Términos de uso. Si no estás de acuerdo, no utilices la aplicación.","translated"
"terms.deviceSecurity","Ensuring the security of your device and the App.","Garantizar la seguridad de tu dispositivo y de la aplicación.","translated"
"terms.modifications","6. Modifications","6. Modificaciones","stable-term"
"terms.modificationsText","The developers may modify, suspend, or discontinue the App without prior notice and may update these Terms. You are responsible for reviewing them periodically.","Los desarrolladores pueden modificar, suspender o discontinuar la aplicación sin aviso previo y actualizar estos Términos. Tú eres responsable de revisarlos periódicamente.","translated"
"terms.noLiability","4. No Liability","4. Ausencia de responsabilidad","translated"
"terms.noLiabilityText","The developers assume no liability for loss, damage, or unauthorized access arising from use of the App, including cryptocurrency loss, data breaches, or device malfunctions. You use the App at your own risk.","Los desarrolladores no asumen responsabilidad por pérdidas, daños o accesos no autorizados derivados del uso de la aplicación, incluidos la pérdida de criptomonedas, filtraciones de datos o fallos del dispositivo. Usas la aplicación bajo tu propio riesgo.","translated"
"terms.noWarranty","5. No Warranty","5. Ausencia de garantía","translated"
"terms.noWarrantyText","The App is provided “as is” without express or implied warranties. The developers do not guarantee reliability, accuracy, completeness, error-free operation, or uninterrupted service.","La aplicación se proporciona “tal cual”, sin garantías expresas ni implícitas. Los desarrolladores no garantizan fiabilidad, exactitud, integridad, funcionamiento sin errores ni servicio ininterrumpido.","translated"
"terms.purpose","2. Purpose","2. Propósito","translated"
"terms.purposeText","The OPTN Wallet App lets users securely store, send, and receive cryptocurrency. You are responsible for the security of your private keys and assets.","OPTN Wallet permite almacenar, enviar y recibir criptomonedas de forma segura. Tú eres responsable de la seguridad de tus claves privadas y activos.","translated"
"terms.responsibilities","3. User Responsibilities","3. Responsabilidades del usuario","translated"
"terms.responsibilitiesIntro","The OPTN Wallet App handles real cryptocurrency. You are solely responsible for:","OPTN Wallet gestiona criptomonedas reales. Tú eres el único responsable de:","translated"
"terms.responsibilitiesText","The development team is not responsible for loss of assets or unauthorized access resulting from failure to follow these practices.","El equipo de desarrollo no es responsable de pérdidas de activos ni accesos no autorizados derivados de no seguir estas prácticas.","translated"
"terms.safeguard","Safeguarding your private keys and recovery phrases.","Proteger tus claves privadas y frases de recuperación.","translated"
"terms.verify","Verifying transaction details before confirming any actions.","Verificar los detalles de las transacciones antes de confirmar acciones.","translated"
"token.activeMinting","Active Minting","Acuñación activa","translated"
"token.authHead","Auth Head","Cabeza de autorización","translated"
"token.bcmr","BCMR","BCMR","stable-term"
"token.bcmrUnavailable","BCMR metadata unavailable","Metadatos BCMR no disponibles","translated"
"token.category","Category","Categoría","translated"
"token.chainStatsError","Unable to load token chain statistics right now.","No se pueden cargar las estadísticas de cadena del token ahora.","translated"
"token.decimals","Decimals","Decimales","translated"
"token.id","Token ID","ID del token","translated"
"token.loading","Loading token data…","Cargando datos del token…","translated"
"token.no","No","No","needs-review"
"token.symbol","Symbol","Símbolo","translated"
"token.totalNfts","Total NFTs","NFT totales","translated"
"token.totalSupply","Total Supply","Suministro total","translated"
"token.unavailable","Unavailable","No disponible","translated"
"token.yes","Yes","Sí","translated"
"tor.appRunsOwn","The app runs its own Tor — no Tor Browser needed","La aplicación ejecuta su propio Tor; no necesitas Tor Browser","translated"
"tor.autoDetect","Auto-detect (9050 / 9150)","Detectar automáticamente (9050 / 9150)","translated"
"tor.bootstrapping","Bootstrapping Tor… {percent}%","Inicializando Tor… {percent}%","translated"
"tor.check","Check Tor","Comprobar Tor","translated"
"tor.checking","Checking…","Comprobando…","translated"
"tor.desktopOnly","Desktop only","Solo escritorio","translated"
"tor.disable","Disable","Desactivar","translated"
"tor.enable","Enable","Activar","translated"
"tor.externalOption","Or use a Tor you run yourself:","O usa un Tor que ejecutes tú:","translated"
"tor.foundOnPort","Tor found on port {port} ✓","Tor encontrado en el puerto {port} ✓","translated"
"tor.integrated","Integrated Tor","Tor integrado","translated"
"tor.manualPort","Manual port","Puerto manual","translated"
"tor.noExternal","No external Tor found. Either press “Start integrated Tor” above (recommended), or start Tor Browser (9150) / a system Tor daemon (9050) and press “Check Tor”. Without Tor, remote CashFusion is blocked.","No se encontró Tor externo. Pulsa “Iniciar Tor integrado” arriba (recomendado), o inicia Tor Browser (9150) / un demonio Tor del sistema (9050) y pulsa “Comprobar Tor”. Sin Tor, CashFusion remoto está bloqueado.","translated"
"tor.noProxy","No Tor proxy running ✗","No hay un proxy Tor en ejecución ✗","translated"
"tor.remoteRequired","Required for remote CashFusion servers","Requerido para servidores CashFusion remotos","translated"
"tor.runningOn","Running on port {port} ✓","Ejecutándose en el puerto {port} ✓","translated"
"tor.starting","Starting…","Iniciando…","translated"
"tor.startIntegrated","Start integrated Tor","Iniciar Tor integrado","translated"
"tor.stop","Stop","Detener","translated"
"tor.title","Tor","Tor","stable-term"
"tor.usingManual","Using manual port {port}","Usando el puerto manual {port}","translated"
"txDetails.bch","BCH","BCH","stable-term"
"txDetails.index","Index","Índice","stable-term"
"txDetails.locktime","Locktime","Tiempo de bloqueo","translated"
"txDetails.txid","TXID","TXID","stable-term"
"txDetails.version","Version","Versión","stable-term"
"txSummary.bch","BCH","BCH","stable-term"
"txSummary.bchInput","bch input","entrada BCH","translated"
"txSummary.bytes","bytes","bytes","stable-term"
"txSummary.fee","Fee","Comisión","translated"
"txSummary.feeRate","Fee rate","Tasa de comisión","translated"
"txSummary.inputs","Inputs","Entradas","translated"
"txSummary.outputs","Outputs","Salidas","translated"
"txSummary.sats","sats","sats","stable-term"
"txSummary.token","token","token","stable-term"
"txSummary.tokenInput","token input","entrada de token","translated"
"txSummary.txSize","Tx size","Tamaño de tx","translated"
"utxo.amount","Amount","Importe","translated"
"utxo.bitcoinCash","Bitcoin Cash","Bitcoin Cash","stable-term"
"utxo.ft","FT","FT","stable-term"
"utxo.height","Height","Altura","translated"
"utxo.loading","Loading UTXOs…","Cargando UTXO…","translated"
"utxo.name","Name","Nombre","translated"
"utxo.nft","NFT","NFT","stable-term"
"utxo.none","No UTXOs to display.","No hay UTXO que mostrar.","translated"
"utxo.pos","Pos","Posición","translated"
"utxo.tokens","tokens","tokens","stable-term"
"utxo.txHash","Tx Hash","Hash de tx","translated"
"walkthrough.label","Walkthrough","Guía","translated"
"watchOnly.accountXpub","Account xPub","xPub de cuenta","translated"
"watchOnly.back","Back to wallets","Volver a las billeteras","translated"
"watchOnly.change","Change #{index}","Cambio #{index}","translated"
"watchOnly.chipnet","Chipnet","Chipnet","stable-term"
"watchOnly.comingNext","Coming next","Próximamente","translated"
"watchOnly.description","Inspect public BCH addresses without importing any private keys.","Consulta direcciones BCH públicas sin importar claves privadas.","translated"
"watchOnly.mainnet","Mainnet","Mainnet","stable-term"
"watchOnly.multipleCosigners","Multiple cosigners","Múltiples firmantes","translated"
"watchOnly.multisign","Multisign","Multifirma","translated"
"watchOnly.network","Network","Red","translated"
"watchOnly.pathNote","Confirm that SeedCash exported this account at m/44'/145'/account'. A standalone BIP32 xPub cannot prove its parent purpose or coin path.","Confirma que SeedCash exportó esta cuenta en m/44'/145'/account'. Un xPub BIP32 independiente no puede demostrar su propósito principal ni su ruta de moneda.","translated"
"watchOnly.previewPublic","Preview public addresses","Vista previa de direcciones públicas","translated"
"watchOnly.previewTitle","Public address preview","Vista previa de dirección pública","translated"
"watchOnly.receive","Receive #{index}","Recepción #{index}","translated"
"watchOnly.scanCamera","Scan (camera)","Escanear (cámara)","translated"
"watchOnly.standard","Standard","Estándar","stable-term"
"watchOnly.title","Watch-Only Wallet Preview","Vista previa de billetera de solo lectura","translated"
"watchOnly.type","Watch-only wallet type","Tipo de billetera de solo lectura","translated"
"watchOnly.uploadQr","Upload QR","Subir QR","translated"
"watchOnly.warning","Public preview only: this screen does not save a watch-only wallet or create, sign, import, or broadcast PSBT transactions yet.","Solo vista previa pública: esta pantalla todavía no guarda una billetera de solo lectura ni crea, firma, importa o transmite transacciones PSBT.","translated"
"watchOnly.xpubPlaceholder","Paste the xPub exported by SeedCash","Pega el xPub exportado por SeedCash","translated"
"wc.activeSessions","Active WalletConnect Sessions","Sesiones activas de WalletConnect","translated"
"wc.address","Address","Dirección","translated"
"wc.approvalFailedBody","Failed to approve the session request from {name}.","No se pudo aprobar la solicitud de sesión de {name}.","translated"
"wc.approvalFailedTitle","WalletConnect approval failed","Falló la aprobación de WalletConnect","translated"
"wc.approve","Approve","Aprobar","translated"
"wc.approvedBody","Connected to {name}.","Conectado a {name}.","translated"
"wc.approvedTitle","WalletConnect session approved","Sesión de WalletConnect aprobada","translated"
"wc.approveSession","Approve Session","Aprobar sesión","translated"
"wc.broadcast","Broadcast","Transmisión","translated"
"wc.broadcastLocked","Another outgoing transaction is still syncing. To avoid duplicates while you are offline, this wallet will only broadcast one unresolved transaction at a time.","Otra transacción saliente todavía se está sincronizando. Para evitar duplicados mientras estás sin conexión, esta billetera solo transmitirá una transacción sin resolver a la vez.","translated"
"wc.cancel","Cancel","Cancelar","translated"
"wc.close","Close","Cerrar","translated"
"wc.connect","Connect","Conectar","translated"
"wc.connectionUri","Connection URI","URI de conexión","translated"
"wc.dappName","DApp Name","Nombre de la dApp","translated"
"wc.disconnect","Disconnect","Desconectar","translated"
"wc.disconnectsOn","Disconnects On","Se desconecta el","translated"
"wc.domain","Domain","Dominio","translated"
"wc.enterUri","Enter WalletConnect URI","Introduce la URI de WalletConnect","translated"
"wc.estimatedFee","Estimated Fee","Comisión estimada","translated"
"wc.fungibleAmount","Fungible Amount","Importe fungible","translated"
"wc.index","Index","Índice","stable-term"
"wc.inputs","Inputs ({count})","Entradas ({count})","translated"
"wc.invalidLockingBytecode","Invalid locking bytecode","Código de bloqueo no válido","translated"
"wc.invalidQr","Not a valid WalletConnect URI.","No es una URI de WalletConnect válida.","translated"
"wc.messageApprovedBody","Approved the WalletConnect message request.","Se aprobó la solicitud de mensaje de WalletConnect.","translated"
"wc.messageFailedBody","Failed to sign WalletConnect message request.","No se pudo firmar la solicitud de mensaje de WalletConnect.","translated"
"wc.messageFailedTitle","WalletConnect message failed","Falló el mensaje de WalletConnect","translated"
"wc.messageRejectedBody","Rejected the WalletConnect message request.","Se rechazó la solicitud de mensaje de WalletConnect.","translated"
"wc.messageRejectedTitle","WalletConnect message rejected","Mensaje de WalletConnect rechazado","translated"
"wc.messageRejectFailedBody","Failed to reject WalletConnect message request.","No se pudo rechazar la solicitud de mensaje de WalletConnect.","translated"
"wc.messageSignedBody","Approved request from {name}.","Solicitud aprobada de {name}.","translated"
"wc.messageSignedTitle","WalletConnect message signed","Mensaje de WalletConnect firmado","translated"
"wc.messageToSign","Message to Sign","Mensaje que se firmará","translated"
"wc.nftCapability","NFT Capability","Capacidad del NFT","translated"
"wc.nftCommitment","NFT Commitment","Compromiso del NFT","translated"
"wc.no","No","No","needs-review"
"wc.noActiveSessions","No active WalletConnect sessions yet.","Aún no hay sesiones activas de WalletConnect.","translated"
"wc.noQr","No QR code detected. Try again.","No se detectó ningún código QR. Inténtalo de nuevo.","translated"
"wc.noSessions","No active sessions.","No hay sesiones activas.","translated"
"wc.opReturnOutput","OP_RETURN Output","Salida OP_RETURN","translated"
"wc.outputs","Outputs ({count})","Salidas ({count})","translated"
"wc.pairingStarted","WalletConnect pairing started.","Se inició la conexión de WalletConnect.","translated"
"wc.pairingSuccessful","WalletConnect pairing successful via QR.","Conexión de WalletConnect correcta mediante QR.","translated"
"wc.prompt","Prompt","Solicitud","translated"
"wc.reject","Reject","Rechazar","translated"
"wc.rejectedBody","Rejected the session request from {name}.","Se rechazó la solicitud de sesión de {name}.","translated"
"wc.rejectedTitle","WalletConnect session rejected","Sesión de WalletConnect rechazada","translated"
"wc.rejectionFailedBody","Failed to reject the session request from {name}.","No se pudo rechazar la solicitud de sesión de {name}.","translated"
"wc.rejectionFailedTitle","WalletConnect rejection failed","Falló el rechazo de WalletConnect","translated"
"wc.rejectionSentBody","Sent the rejection response to the dApp.","Se envió la respuesta de rechazo a la dApp.","translated"
"wc.rejectionStaleBody","The dApp disconnected before the rejection response could be delivered.","La dApp se desconectó antes de poder entregar la respuesta de rechazo.","translated"
"wc.requestExpiredBody","The dApp request expired before it could be completed.","La solicitud de la dApp expiró antes de poder completarse.","translated"
"wc.requestExpiredTitle","WalletConnect request expired","La solicitud de WalletConnect expiró","translated"
"wc.scanFailed","WalletConnect scan failed.","Falló el escaneo de WalletConnect.","translated"
"wc.scanQr","Scan QR","Escanear QR","translated"
"wc.sessionDisconnectedBody","A WalletConnect session was disconnected remotely.","Una sesión de WalletConnect se desconectó de forma remota.","translated"
"wc.sessionDisconnectedFrom","Disconnected from {name}.","Desconectado de {name}.","translated"
"wc.sessionDisconnectedTitle","WalletConnect session disconnected","Sesión de WalletConnect desconectada","translated"
"wc.sessionRequestExpiredBody","The WalletConnect session request timed out before approval.","La solicitud de sesión de WalletConnect expiró antes de ser aprobada.","translated"
"wc.sessionRequestExpiredTitle","WalletConnect session request expired","La solicitud de sesión de WalletConnect expiró","translated"
"wc.sessionRequestFrom","Session request from {name}.","Solicitud de sesión de {name}.","translated"
"wc.sessionRequestGeneric","A dApp requested a WalletConnect session.","Una dApp solicitó una sesión de WalletConnect.","translated"
"wc.sessionRequestTitle","WalletConnect session request","Solicitud de sesión de WalletConnect","translated"
"wc.settings","Settings","Configuración","translated"
"wc.sign","Sign","Firmar","translated"
"wc.signMessageRequest","Sign Message Request","Solicitud para firmar mensaje","translated"
"wc.signTransactionRequest","Sign Transaction Request","Solicitud para firmar transacción","translated"
"wc.tokenCategory","Token Category","Categoría del token","translated"
"wc.totalInput","Total Input","Entrada total","translated"
"wc.totalOutput","Total Output","Salida total","translated"
"wc.transactionApprovedTitle","WalletConnect transaction approved","Transacción de WalletConnect aprobada","translated"
"wc.transactionFailedBody","Failed to sign WalletConnect transaction request: {message}","No se pudo firmar la solicitud de transacción de WalletConnect: {message}","translated"
"wc.transactionFailedTitle","WalletConnect transaction failed","Falló la transacción de WalletConnect","translated"
"wc.transactionRejectedTitle","WalletConnect transaction rejected","Transacción de WalletConnect rechazada","translated"
"wc.transactionRejectionFailedBody","Failed to reject WalletConnect transaction request: {message}","No se pudo rechazar la solicitud de transacción de WalletConnect: {message}","translated"
"wc.transactionResponseSentBody","Sent the WalletConnect transaction response.","Se envió la respuesta de la transacción de WalletConnect.","translated"
"wc.transactionSentBody","Sent the transaction response to {name}.","Se envió la respuesta de la transacción a {name}.","translated"
"wc.transactionStaleBody","The dApp disconnected before the transaction response could be delivered.","La dApp se desconectó antes de poder entregar la respuesta de la transacción.","translated"
"wc.txid","TXID","TXID","stable-term"
"wc.unknownDapp","Unknown dApp","dApp desconocida","translated"
"wc.unsupportedTransaction","This request uses an unsupported transaction representation in the current OPTN Wallet integration.","Esta solicitud usa una representación de transacción no compatible con la integración actual de OPTN Wallet.","translated"
"wc.validUri","Please provide a valid WalletConnect URI.","Introduce una URI de WalletConnect válida.","translated"
"wc.waitingForSync","Waiting for sync","Esperando sincronización","translated"
"wc.waitPrevious","Wait for the previous outgoing transaction to sync first","Espera a que se sincronice la transacción saliente anterior","translated"
"wc.working","Working…","Trabajando…","translated"
"wc.yes","Yes","Sí","translated"
"wizard.activeSessions","Active WizardConnect Sessions","Sesiones activas de WizardConnect","translated"
"wizard.address","Address","Dirección","translated"
"wizard.approve","Approve WizardConnect","Aprobar WizardConnect","translated"
"wizard.approved","WizardConnect transaction approved and sent.","Transacción de WizardConnect aprobada y enviada.","translated"
"wizard.approveFailed","WizardConnect transaction failed: {message}","Falló la transacción de WizardConnect: {message}","translated"
"wizard.broadcast","Broadcast","Transmisión","translated"
"wizard.cancel","Cancel","Cancelar","translated"
"wizard.close","Close","Cerrar","translated"
"wizard.connect","Connect","Conectar","translated"
"wizard.connectedOn","Connected On","Conectado el","translated"
"wizard.connecting","Connecting…","Conectando…","translated"
"wizard.connectionUri","Connection URI","URI de conexión","translated"
"wizard.connectQuestion","Connect this wallet to the following WizardConnect request?","¿Conectar esta billetera a la siguiente solicitud de WizardConnect?","translated"
"wizard.dapp","DApp","dApp","stable-term"
"wizard.disconnect","Disconnect","Desconectar","translated"
"wizard.enterUri","Enter WizardConnect URI","Introduce la URI de WizardConnect","translated"
"wizard.errorPrefix","Error: {message}","Error: {message}","needs-review"
"wizard.estimatedFee","Estimated Fee","Comisión estimada","translated"
"wizard.fungibleAmount","Fungible Amount","Importe fungible","translated"
"wizard.index","Index","Índice","stable-term"
"wizard.invalidQr","Not a valid WizardConnect QR code.","No es un código QR de WizardConnect válido.","translated"
"wizard.no","No","No","needs-review"
"wizard.noActiveSessions","No active WizardConnect sessions yet.","Aún no hay sesiones activas de WizardConnect.","translated"
"wizard.noQr","No QR code detected. Try again.","No se detectó ningún código QR. Inténtalo de nuevo.","translated"
"wizard.noWallet","No active wallet is available for WizardConnect.","No hay una billetera activa disponible para WizardConnect.","translated"
"wizard.opReturnOutput","OP_RETURN Output","Salida OP_RETURN","translated"
"wizard.pairingStarted","WizardConnect pairing started.","Se inició la conexión de WizardConnect.","translated"
"wizard.prompt","Prompt","Solicitud","translated"
"wizard.rejected","WizardConnect transaction rejected.","Transacción de WizardConnect rechazada.","translated"
"wizard.rejectFailed","WizardConnect rejection failed: {message}","Falló el rechazo de WizardConnect: {message}","translated"
"wizard.scanFailed","WizardConnect scan failed.","Falló el escaneo de WizardConnect.","translated"
"wizard.sessionDisconnectedOrExpired","A WizardConnect session disconnected or expired on the dApp side.","Una sesión de WizardConnect se desconectó o expiró en el lado de la dApp.","translated"
"wizard.settings","Settings","Configuración","translated"
"wizard.sign","Sign","Firmar","translated"
"wizard.signRequest","WizardConnect Sign Request","Solicitud de firma de WizardConnect","translated"
"wizard.status","Status","Estado","stable-term"
"wizard.tokenCategory","Token Category","Categoría del token","translated"
"wizard.totalInput","Total Input","Entrada total","translated"
"wizard.totalOutput","Total Output","Salida total","translated"
"wizard.txid","TXID","TXID","stable-term"
"wizard.unknownDapp","Unknown dApp","dApp desconocida","translated"
"wizard.unsupportedTransaction","This request uses an unsupported transaction representation in the current OPTN Wallet integration.","Esta solicitud usa una representación de transacción no compatible con la integración actual de OPTN Wallet.","translated"
"wizard.validUri","Please provide a valid WizardConnect URI.","Introduce una URI de WizardConnect válida.","translated"
"wizard.yes","Yes","Sí","translated"
