"key","English (en)","French (fr)","Status"
"about.building","Building and Sending Transactions","Créer et envoyer des transactions","translated"
"about.buildingText","Construct transactions with custom covenant conditions such as time locks, multisignature requirements, or allowlisted addresses.","Construisez des transactions avec des conditions de covenant personnalisées : verrous temporels, signatures multiples ou adresses autorisées.","translated"
"about.cashscriptExamples","CashScript Covenant Examples","Exemples de covenants CashScript","translated"
"about.cashscriptGuide","CashScript - Writing Covenants & Introspection","CashScript — écrire des covenants et introspection","translated"
"about.cointelegraph","Cointelegraph - What are Bitcoin covenants, and how do they work?","Cointelegraph — Que sont les covenants Bitcoin et comment fonctionnent-ils ?","translated"
"about.community","Community Feedback","Retour de la communauté","translated"
"about.communityText","Built with input from beta testers and real user needs.","Conçu avec les retours de testeurs bêta et les besoins réels des utilisateurs.","translated"
"about.creating","Creating and Importing Wallets","Créer et importer des portefeuilles","translated"
"about.creatingText","Create new wallets or import existing ones using standard formats compatible with other Bitcoin wallets.","Créez de nouveaux portefeuilles ou importez-en à l’aide de formats standards compatibles avec d’autres portefeuilles Bitcoin.","translated"
"about.feedback","Feedback and Support","Commentaires et assistance","translated"
"about.feedbackText","Your feedback helps us improve OPTN Wallet. For suggestions, issues, or support, contact us at","Vos commentaires nous aident à améliorer OPTN Wallet. Pour des suggestions, des problèmes ou de l’aide, contactez-nous à","translated"
"about.flexibility","Flexibility","Flexibilité","translated"
"about.flexibilityText","Tailor your wallet experience with custom transaction conditions.","Adaptez votre expérience avec des conditions de transaction personnalisées.","translated"
"about.intended","Intended Use","Utilisation prévue","translated"
"about.intendedText","OPTN is ready to help you manage digital assets with advanced covenant features, whether you are handling personal funds or exploring Bitcoin covenants.","OPTN vous aide à gérer des actifs numériques avec des fonctions avancées de covenant, que vous gériez des fonds personnels ou découvriez les covenants Bitcoin.","translated"
"about.intuitive","Intuitive Design","Design intuitif","translated"
"about.intuitiveText","A user-friendly interface that makes asset management approachable for beginners.","Une interface conviviale qui rend la gestion des actifs accessible aux débutants.","translated"
"about.keyFeatures","Key Features","Fonctionnalités principales","translated"
"about.learn","Learn More About Bitcoin Covenants","En savoir plus sur les covenants Bitcoin","translated"
"about.learnText","Explore these resources to deepen your understanding of Bitcoin covenants:","Explorez ces ressources pour approfondir vos connaissances sur les covenants Bitcoin :","translated"
"about.overview","Overview","Vue d’ensemble","translated"
"about.overviewText","The OPTN Wallet App gives you direct control and security over your digital assets. Bitcoin covenants let you set custom rules for how funds can be spent, so your wallet can match your preferences.","L’application OPTN Wallet vous donne un contrôle direct et sécurisé de vos actifs numériques. Les covenants Bitcoin permettent de définir des règles personnalisées pour dépenser les fonds.","translated"
"about.security","Security","Sécurité","translated"
"about.securityText","Bitcoin covenant features help protect assets from unauthorized transactions.","Les covenants Bitcoin contribuent à protéger les actifs contre les transactions non autorisées.","translated"
"about.unmatched","Unmatched Security","Sécurité inégalée","translated"
"about.unmatchedText","Define exactly how funds can be spent with Bitcoin covenants.","Définissez précisément comment les fonds peuvent être dépensés avec les covenants Bitcoin.","translated"
"about.viewing","Viewing Covenants","Afficher les covenants","translated"
"about.viewingText","Review the rules that govern transactions so you can understand how your funds are protected.","Examinez les règles qui régissent les transactions pour comprendre comment vos fonds sont protégés.","translated"
"about.why","Why Choose OPTN Wallet?","Pourquoi choisir OPTN Wallet ?","translated"
"about.wiki","Bitcoin Covenants Wiki","Wiki des covenants Bitcoin","translated"
"actions.advanced","Advanced","Avancé","translated"
"actions.advancedActions","Advanced Actions","Actions avancées","translated"
"actions.basic","Basic","De base","translated"
"actions.basicActions","Basic Actions","Actions de base","translated"
"actions.cashTokens","CashTokens","CashTokens","stable-term"
"actions.cashTokensDescription","Manage token families","Gérer les familles de jetons","translated"
"actions.commonWalletTasks","Common wallet tasks","Tâches courantes du portefeuille","translated"
"actions.contracts","Contracts","Contrats","translated"
"actions.contractsDescription","Manage contract instances","Gérer les instances de contrats","translated"
"actions.deeperTools","Deeper tools and workflows","Outils et flux avancés","translated"
"actions.newAddress","New Address","Nouvelle adresse","translated"
"actions.newAddressDescription","Generate a new address","Générer une nouvelle adresse","translated"
"actions.quantumroot","Quantumroot","Quantumroot","stable-term"
"actions.quantumrootBadge","Beta production","Bêta en production","translated"
"actions.quantumrootDescription","Quantum-ready vaults","Coffres prêts pour le quantique","translated"
"actions.receive","Receive","Recevoir","translated"
"actions.receiveDescription","Receive BCH or CashTokens","Recevoir du BCH ou des CashTokens","translated"
"actions.scanQr","Scan QR","Scanner un QR","translated"
"actions.scanQrDescription","Sweep paper wallets","Récupérer un portefeuille papier","translated"
"actions.send","Send","Envoyer","translated"
"actions.sendDescription","Send BCH or CashTokens","Envoyer du BCH ou des CashTokens","translated"
"actions.subtitle","Simple wallet actions for everyday use","Actions simples pour utiliser le portefeuille au quotidien","translated"
"actions.taskMode","Task mode","Mode tâche","translated"
"actions.taskModeDescription","Basic tasks first, advanced tools one step deeper","Les tâches de base d’abord, les outils avancés un niveau plus loin","translated"
"actions.title","Actions","Actions","stable-term"
"actions.transactionBuilder","Transaction Builder","Constructeur de transactions","translated"
"actions.transactionBuilderDescription","Build custom transactions","Créer des transactions personnalisées","translated"
"actions.walletConnect","WalletConnect","WalletConnect","stable-term"
"actions.walletConnectDescription","Manage dApp sessions","Gérer les sessions dApp","translated"
"actions.wizardConnect","WizardConnect","WizardConnect","stable-term"
"actions.wizardConnectDescription","XPub-key-enabled dApp sessions","Sessions dApp compatibles avec les xPub","translated"
"addons.description","Addons run in a sandboxed frame with no access to your wallet's keys or memory — they can only do what the permissions you approve allow.","Les extensions s’exécutent dans un cadre isolé sans accès aux clés ni à la mémoire du portefeuille ; elles ne peuvent faire que ce que vos autorisations permettent.","translated"
"addons.desktopOnly","Installing addons from a folder is only available on desktop.","L’installation d’extensions depuis un dossier est réservée à l’ordinateur.","translated"
"addons.installed","Installed addons","Extensions installées","translated"
"addons.installedStatus","Installed “{name}”. Restart the app to load it.","« {name} » installé. Redémarrez l’application pour le charger.","translated"
"addons.installFolder","Install from folder…","Installer depuis un dossier…","translated"
"addons.installing","Installing…","Installation…","translated"
"addons.none","No addons installed.","Aucune extension installée.","translated"
"addons.uninstall","Uninstall","Désinstaller","translated"
"addons.uninstalledStatus","Uninstalled. Restart the app for it to fully disappear.","Désinstallé. Redémarrez l’application pour le supprimer complètement.","translated"
"app.back","Back","Retour","translated"
"app.close","Close","Fermer","translated"
"app.confirmLogout","Confirm Logout","Confirmer la déconnexion","translated"
"app.confirmLogoutDescription","Confirm logout to remove this wallet from the device.","Confirmez la déconnexion pour supprimer ce portefeuille de l’appareil.","translated"
"app.help","Help","Aide","translated"
"app.language","Language","Langue","translated"
"app.languageDescription","Choose the wallet interface language","Choisissez la langue de l’interface du portefeuille","translated"
"app.logOut","Log Out","Se déconnecter","translated"
"app.quickAccess","Quick access","Accès rapide","translated"
"app.settings","Settings","Paramètres","translated"
"app.toggleTheme","Toggle theme","Changer de thème","translated"
"appLock.cancel","Cancel","Annuler","translated"
"appLock.checking","Checking…","Vérification…","translated"
"appLock.confirm","Confirm","Confirmer","translated"
"appLock.confirmPassword","Confirm password","Confirmer le mot de passe","translated"
"appLock.incorrect","Incorrect passphrase. Try again.","Phrase incorrecte. Réessayez.","translated"
"appLock.password","Password","Mot de passe","translated"
"appLock.revealBackup","Enter your password to reveal the backup phrase.","Saisissez votre mot de passe pour révéler la phrase de sauvegarde.","translated"
"appLock.verificationFailed","Verification failed. Please try again.","Échec de la vérification. Réessayez.","translated"
"apps.addonLoadFailed","Addon failed to load","Échec du chargement de l’extension","translated"
"apps.advanced","Advanced","Avancées","translated"
"apps.all","All","Toutes","translated"
"apps.allowCapabilities","Allow {name} capabilities?","Autoriser les autorisations de {name} ?","translated"
"apps.allowOnce","Allow once","Autoriser une fois","translated"
"apps.allowSensitiveAction","Allow sensitive action?","Autoriser l’action sensible ?","translated"
"apps.alwaysAllow","Always allow","Toujours autoriser","translated"
"apps.appDefinition","App definition","Définition de l’application","translated"
"apps.approveCapabilities","Approve required capabilities to continue.","Approuvez les autorisations requises pour continuer.","translated"
"apps.back","Back","Retour","translated"
"apps.browse","Browse apps","Parcourir les applications","translated"
"apps.browseSubtitle","Wallet first, then tokens, utils, and advanced platforms","D’abord le portefeuille, puis les tokens, utilitaires et plateformes avancées","translated"
"apps.capabilitiesMessage","This addon app is requesting wallet capabilities before launch.","Cette application complémentaire demande des autorisations du portefeuille avant son lancement.","translated"
"apps.capability","Capability:","Autorisation :","translated"
"apps.capability.addOutputs","Construct transaction outputs","Construire les sorties de transaction","translated"
"apps.capability.addressUtxosRead","Read UTXOs for wallet addresses","Lire les UTXO des adresses du portefeuille","translated"
"apps.capability.addressUtxosRefresh","Refresh and store UTXOs for wallet addresses","Actualiser et stocker les UTXO des adresses","translated"
"apps.capability.broadcastTransactions","Broadcast transactions","Diffuser des transactions","translated"
"apps.capability.buildTransactions","Build transactions","Construire des transactions","translated"
"apps.capability.fetchJson","Fetch JSON over HTTP","Récupérer du JSON via HTTP","translated"
"apps.capability.signatureTemplates","Create signature templates","Créer des modèles de signature","translated"
"apps.capability.signMessages","Sign messages with wallet keys","Signer des messages avec les clés du portefeuille","translated"
"apps.capability.tokenHoldersRead","Read TokenIndex holder lists","Lire les listes de détenteurs TokenIndex","translated"
"apps.capability.tokenMetadataRead","Read CashToken metadata","Lire les métadonnées CashToken","translated"
"apps.capability.walletAddressesRead","Read wallet addresses","Lire les adresses du portefeuille","translated"
"apps.capability.walletContextRead","Read wallet context","Lire le contexte du portefeuille","translated"
"apps.capability.walletUtxosRead","Read wallet UTXOs","Lire les UTXO du portefeuille","translated"
"apps.capabilityRequested","{name} requested: {capability}.","{name} a demandé : {capability}.","translated"
"apps.cashFusionDescription","Private CoinJoin — server or P2P over Nostr + Tor","CoinJoin privé — serveur ou P2P via Nostr + Tor","translated"
"apps.chatDescription","Private end-to-end encrypted Nostr messaging","Messagerie Nostr privée chiffrée de bout en bout","translated"
"apps.comingSoon","Coming soon","Bientôt disponible","translated"
"apps.contractsDescription","Browse artifacts and manage deployed instances","Parcourir les artefacts et gérer les instances déployées","translated"
"apps.deny","Deny","Refuser","translated"
"apps.empty","No apps in this category.","Aucune application dans cette catégorie.","translated"
"apps.expectedScreen","Expected config.screen (or app.id) to map to a built-in app implementation.","config.screen (ou app.id) devait correspondre à une implémentation intégrée.","translated"
"apps.failedToLoad","Failed to load app","Échec du chargement de l’application","translated"
"apps.goToLanding","Go to Landing","Aller à l’accueil","translated"
"apps.loadFailed","Failed to load addon apps","Échec du chargement des applications complémentaires","translated"
"apps.loadingAddon","Loading addon…","Chargement de l’extension…","translated"
"apps.loadingApp","Loading app…","Chargement de l’application…","translated"
"apps.noWallet","No wallet selected","Aucun portefeuille sélectionné","translated"
"apps.permissionDenied","Permission denied. App launch was blocked.","Autorisation refusée. Le lancement est bloqué.","translated"
"apps.quantumrootDescription","Receive and recovery tools for advanced vaults","Outils de réception et de récupération pour les coffres avancés","translated"
"apps.resolvedScreenId","Resolved screen ID","ID d’écran résolu","translated"
"apps.subtitle","Extend your wallet with tools","Étendez votre portefeuille avec des outils","translated"
"apps.title","Apps","Applications","translated"
"apps.token","Token","Token","stable-term"
"apps.unsupportedAppKind","Unsupported app kind:","Type d’application non pris en charge :","translated"
"apps.unsupportedDeclarativeApp","Unsupported declarative app:","Application déclarative non prise en charge :","translated"
"apps.utils","Utils","Utilitaires","translated"
"apps.waitingPermission","Waiting for app permission","En attente de l’autorisation de l’application","translated"
"apps.wallet","Wallet","Portefeuille","stable-term"
"assets.advancedVaultDescription","Receive and recovery tools for advanced vaults","Outils de réception et de récupération pour les coffres avancés","translated"
"assets.advancedVaultWorkspace","Advanced vault workspace","Espace de travail avancé du coffre","translated"
"assets.bitcoinCash","Bitcoin Cash","Bitcoin Cash","stable-term"
"assets.cashTokenHoldings","CashToken holdings","Avoirs en CashTokens","translated"
"assets.cashTokens","CashTokens","CashTokens","stable-term"
"assets.categories","categories","catégories","translated"
"assets.chipnet","Chipnet","Chipnet","stable-term"
"assets.fungible","fungible","fongibles","translated"
"assets.fungibleHoldings","Fungible token holdings","Avoirs en tokens fongibles","translated"
"assets.mintingNfts","Minting NFTs","NFT d’émission","translated"
"assets.mintingNftsDescription","Authority to mint additional NFTs in this category","Autorité permettant d’émettre d’autres NFT dans cette catégorie","translated"
"assets.mintTokens","Mint Tokens","Émettre des tokens","translated"
"assets.mutableNfts","Mutable NFTs","NFT modifiables","translated"
"assets.mutableNftsDescription","Commitment may be changed by the holder","L’engagement peut être modifié par le détenteur","translated"
"assets.nfts","NFTs","NFTs","stable-term"
"assets.noFungibleTokens","No fungible CashTokens found.","Aucun CashToken fongible trouvé.","translated"
"assets.noNfts","No NFTs found.","Aucun NFT trouvé.","translated"
"assets.nonFungibleHoldings","Non-fungible holdings","Avoirs non fongibles","translated"
"assets.openVaults","Open vaults","Ouvrir les coffres","translated"
"assets.plainNfts","Plain NFTs","NFT simples","translated"
"assets.plainNftsDescription","Fixed commitment; cannot be changed or used to mint","Engagement fixe ; ne peut pas être modifié ni utilisé pour émettre","translated"
"assets.primaryBalance","Primary wallet balance","Solde principal du portefeuille","translated"
"assets.quantumroot","Quantumroot","Quantumroot","stable-term"
"assets.quickInventory","Quick view of your wallet inventory","Vue rapide du contenu de votre portefeuille","translated"
"assets.tabBch","BCH","BCH","stable-term"
"assets.tabNfts","NFTs","NFTs","stable-term"
"assets.tabTokens","Tokens","Jetons","stable-term"
"assets.title","Assets","Actifs","translated"
"assets.toggleBalance","Toggle BCH and USD balance","Basculer entre les soldes BCH et USD","translated"
"assets.units","units","unités","translated"
"assets.usdPriceUnavailable","USD price unavailable","Prix en USD indisponible","translated"
"assets.usdUnavailable","USD unavailable","USD indisponible","translated"
"assets.vaultWorkspace","Vault workspace","Espace de travail du coffre","translated"
"bip37.addressesWithCoins","address(es) with coins","adresse(s) avec des coins","translated"
"bip37.blocks","blocks","blocs","stable-term"
"bip37.fromNode","BCH from the node ✓","BCH du nœud ✓","translated"
"bip37.height","height","hauteur","translated"
"bip37.inUse","● in use","● utilisé","translated"
"bip37.node","Node","Nœud","stable-term"
"bip37.notServes","Does not serve BIP37 ✗ (bloom filtering off)","Ne fournit pas BIP37 ✗ (filtrage Bloom désactivé)","translated"
"bip37.probe","Probe","Sonder","translated"
"bip37.probing","Probing…","Sondage…","translated"
"bip37.protocol","protocol","protocole","translated"
"bip37.remove","Remove","Supprimer","translated"
"bip37.scanned","scanned","analysés","translated"
"bip37.serves","Serves BIP37 ✓","Fournit BIP37 ✓","translated"
"bip37.sync","Sync","Synchroniser","translated"
"bip37.syncing","Syncing…","Synchronisation…","translated"
"bip37.syncingDetails","Syncing headers + scanning blocks via the node…","Synchronisation des en-têtes et analyse des blocs via le nœud…","translated"
"bip37.use","Use","Utiliser","translated"
"bip37.useBalanceTitle","Derive this wallet's balance directly from the node (trustless SPV)","Dériver le solde directement du nœud (SPV sans confiance)","translated"
"bip37.useNodeTitle","Use ONLY this node for wallet data (trustless; Electrum servers are not consulted)","Utiliser UNIQUEMENT ce nœud pour les données du portefeuille (sans confiance ; les serveurs Electrum ne sont pas consultés)","translated"
"bip37.verified","Verified trustlessly: every matched tx proven by its block's merkle proof.","Vérifié sans confiance : chaque transaction correspondante est prouvée par la preuve de Merkle de son bloc.","translated"
"bip37.watching","watching","surveillées","translated"
"builder.addFirstRecipient","Add your first recipient","Ajoutez votre premier destinataire","translated"
"builder.addOpReturnOutput","Add OP_RETURN Output","Add OP_RETURN Output","needs-review"
"builder.addOutput","Add Output","Ajouter une sortie","translated"
"builder.addRecipient","Add recipient","Ajouter un destinataire","translated"
"builder.addRecipients","Add recipients","Ajouter des destinataires","translated"
"builder.addRecipientsDescription","Add BCH recipients, token transfers, collectibles, or an optional message output.","Ajoutez des destinataires BCH, des transferts de tokens, des objets de collection ou une sortie de message facultative.","translated"
"builder.address","Address","Address","needs-review"
"builder.amount","Amount","Amount","needs-review"
"builder.amountToSend","Amount to send","Montant à envoyer","translated"
"builder.attachMessage","Attach message","Joindre un message","translated"
"builder.back","Back","Retour","translated"
"builder.bchAddress","BCH address","Adresse BCH","translated"
"builder.bchAmountSats","BCH amount (sats)","BCH amount (sats)","needs-review"
"builder.bchFunds","BCH funds","BCH funds","needs-review"
"builder.broadcastedSuccess","Your transaction was broadcast successfully!","Votre transaction a été diffusée !","translated"
"builder.buildTransaction","Build Transaction","Construire la transaction","translated"
"builder.buildTx","Build TX","Build TX","needs-review"
"builder.capability","Capability","Capability","needs-review"
"builder.category","Category","Category","needs-review"
"builder.chooseSource","Choose a source","Choisir une source","translated"
"builder.chooseSourceDescription","Pick wallet addresses for normal sends, or contracts for script spends.","Choisissez des adresses de portefeuille pour les envois ordinaires, ou des contrats pour les dépenses par script.","translated"
"builder.chooseSourceHelp","Choose source","Choisir une source","translated"
"builder.close","Close","Fermer","translated"
"builder.collectibleAmount","Collectible amount","Collectible amount","needs-review"
"builder.commitment","Commitment","Commitment","needs-review"
"builder.configureCollectible","Configure collectible","Configure collectible","needs-review"
"builder.confirmAndSend","Confirm and Send Transaction","Confirmer et envoyer la transaction","translated"
"builder.confirmTransaction","Confirm Transaction","Confirmer la transaction","translated"
"builder.contract","Contract","Contract","needs-review"
"builder.contractAddress","Contract address","Adresse du contrat","translated"
"builder.contractAssets","Contract assets","Contract assets","needs-review"
"builder.contractFunction","Contract Function","Contract Function","needs-review"
"builder.contractFunds","Contract funds","Contract funds","needs-review"
"builder.contracts","Contracts","Contrats","translated"
"builder.contractSourceCount","{count} contract source(s)","{count} contract source(s)","needs-review"
"builder.contractSourcePlural","{count} contract sources","{count} contract sources","needs-review"
"builder.contractSources","Contract sources","Sources de contrat","translated"
"builder.contractSourceSingular","{count} contract source","{count} contract source","needs-review"
"builder.copyToClipboard","Copy to clipboard","Copier dans le presse-papiers","translated"
"builder.createCollectible","Create collectible","Créer un objet de collection","translated"
"builder.createToken","Create token","Créer un token","translated"
"builder.customSend","Custom Send","Envoi personnalisé","translated"
"builder.decodeFailed","Unable to decode transaction. Showing raw hex:","Impossible de décoder la transaction. Hexadécimal brut affiché :","translated"
"builder.dragToConfirm","Drag to Confirm","Faites glisser pour confirmer","translated"
"builder.enterTokenAmount","Enter amount (max {amount})","Enter amount (max {amount})","needs-review"
"builder.estimatedNetworkFee","Estimated network fee","Frais réseau estimés","translated"
"builder.feeReserve","Leaving a {count} sat fee reserve.","Réserve de frais de {count} sat.","translated"
"builder.flow","Flow","Parcours","translated"
"builder.flowDescription","Pick a source, choose funds, add recipients, then preview the final transaction before sending.","Choisissez une source, sélectionnez les fonds, ajoutez des destinataires, puis prévisualisez la transaction finale avant l’envoi.","translated"
"builder.fundsSelected","Funds selected","Fonds sélectionnés","translated"
"builder.fungibleAmount","Fungible Amount","Fungible Amount","needs-review"
"builder.fungibleTokens","Fungible Tokens","Fungible Tokens","needs-review"
"builder.genesisCollectible","Genesis input for this collectible","Genesis input for this collectible","needs-review"
"builder.genesisInput","Genesis input for this token","Genesis input for this token","needs-review"
"builder.help","Help","Aide","translated"
"builder.howWorks","How this works","Fonctionnement","translated"
"builder.inputs","Inputs","Inputs","needs-review"
"builder.leftoverBchPlaceholder","Wallet address for leftover BCH","Adresse de portefeuille pour le BCH restant","translated"
"builder.max","Max","Max","needs-review"
"builder.maxSpendable","Set to maximum spendable (leaves 2000 sats for fees)","Définir le maximum dépensable (conserve 2000 sats pour les frais)","translated"
"builder.missingUnlocker","Missing unlocker!","Unlocker manquant !","translated"
"builder.next","Next","Suivant","translated"
"builder.nftCapability","NFT Capability","NFT Capability","needs-review"
"builder.nftCommitment","NFT Commitment","NFT Commitment","needs-review"
"builder.noContractAddresses","No contract addresses available.","Aucune adresse de contrat disponible.","translated"
"builder.noFundsSelected","No funds selected yet.","Aucun fonds sélectionné pour le moment.","translated"
"builder.none","None","None","needs-review"
"builder.nonFungibleTokens","Non-Fungible Tokens","Non-Fungible Tokens","needs-review"
"builder.noOutputs","No outputs added yet.","Aucune sortie ajoutée pour le moment.","translated"
"builder.noQrCode","No QR code detected. Please try again.","No QR code detected. Please try again.","needs-review"
"builder.noSpendableBalance","No spendable balance after fee reserve","Aucun solde dépensable après la réserve de frais","translated"
"builder.noUtxosSelected","No UTXOs selected.","Aucun UTXO sélectionné.","translated"
"builder.noWalletAddresses","No wallet addresses available.","Aucune adresse de portefeuille disponible.","translated"
"builder.opReturnData","OP_RETURN Data","OP_RETURN Data","needs-review"
"builder.opReturnEmpty","OP_RETURN data cannot be empty.","OP_RETURN data cannot be empty.","needs-review"
"builder.opReturnOutput","OP_RETURN Output","OP_RETURN Output","needs-review"
"builder.opReturnPlaceholder","Enter space-separated ASCII words","Enter space-separated ASCII words","needs-review"
"builder.outputs","Outputs","Outputs","needs-review"
"builder.paperWallet","Paper Wallet","Paper Wallet","needs-review"
"builder.paperWalletUtxos","Paper Wallet UTXOs","Paper Wallet UTXOs","needs-review"
"builder.pickFunds","Pick funds","Choisir les fonds","translated"
"builder.pickFundsDescription","Select the BCH, tokens, or collectibles that will fund this transaction.","Sélectionnez les BCH, tokens ou objets de collection qui financeront cette transaction.","translated"
"builder.rawTransactionDetails","Raw Transaction Details","Détails bruts de la transaction","translated"
"builder.ready","Ready","Prêt","translated"
"builder.recipient","{count} recipient","{count} recipient","needs-review"
"builder.recipientAddress","Recipient Address","Adresse du destinataire","translated"
"builder.recipientCount","{count} recipients","{count} recipients","needs-review"
"builder.recipients","Recipients","Destinataires","translated"
"builder.recipientsAdded","Recipients added","Destinataires ajoutés","translated"
"builder.remove","Remove","Supprimer","translated"
"builder.removeAllRecipients","Remove all recipients","Supprimer tous les destinataires","translated"
"builder.returnLeftover","Return leftover funds to","Renvoyer le solde restant à","translated"
"builder.reviewAndSend","Review and send","Vérifier et envoyer","translated"
"builder.reviewAndSendDescription","Preview first, then send only when the summary looks right.","Prévisualisez d’abord, puis envoyez seulement lorsque le résumé est correct.","translated"
"builder.reviewFunds","Review funds","Vérifier les fonds","translated"
"builder.reviewRecipients","Review recipients","Vérifier les destinataires","translated"
"builder.scanQrCode","Scan QR Code","Scanner le QR code","translated"
"builder.selectedFunds","Selected funds","Fonds sélectionnés","translated"
"builder.selectedItem","{count} selected item","{count} selected item","needs-review"
"builder.selectedItems","{count} selected items","{count} selected items","needs-review"
"builder.selectGenesisInput","Select genesis input","Select genesis input","needs-review"
"builder.selectSource","Select a source to continue.","Sélectionnez une source pour continuer.","translated"
"builder.sendBch","Send BCH","Envoyer des BCH","translated"
"builder.sendTx","Send TX","Send TX","needs-review"
"builder.sendWarning","You are about to send a transaction. Please confirm that all details are correct. This action cannot be undone.","Vous êtes sur le point d’envoyer une transaction. Vérifiez que tous les détails sont corrects. Cette action est irréversible.","translated"
"builder.sourcesChosen","Sources chosen","Sources choisies","translated"
"builder.step","Step {number}","Étape {number}","translated"
"builder.token","Token","Token","needs-review"
"builder.tokenAddress","Token address","Adresse du token","translated"
"builder.tokenAmount","Token Amount","Token Amount","needs-review"
"builder.tokenCategory","Token Category","Token Category","needs-review"
"builder.tokenCategoryLabel","Token Category","Token Category","needs-review"
"builder.tokensCollectibles","Tokens & collectibles","Tokens & collectibles","needs-review"
"builder.transactionError","Transaction Error","Erreur de transaction","translated"
"builder.transactionSubmitted","Transaction Submitted","Transaction envoyée","translated"
"builder.transactionSubmittedDescription","Your transaction has been submitted. Use this txid as the reference and avoid sending it again.","Votre transaction a été envoyée. Utilisez ce txid comme référence et évitez de la renvoyer.","translated"
"builder.transactionSuccessful","Transaction Successful","Transaction réussie","translated"
"builder.transferMinimum","Transfer amount must be at least {count}.","Transfer amount must be at least {count}.","needs-review"
"builder.tryAgain","Try Again","Réessayer","translated"
"builder.txHash","Tx Hash","Tx Hash","needs-review"
"builder.txId","TX ID","TX ID","needs-review"
"builder.viewExplorer","View on Explorer","Voir dans l’explorateur","translated"
"builder.wallet","Wallet","Wallet","needs-review"
"builder.walletAssets","Wallet assets","Wallet assets","needs-review"
"builder.walletFunds","Wallet funds","Fonds du portefeuille","translated"
"builder.walletSourceCount","{count} wallet source(s)","{count} wallet source(s)","needs-review"
"builder.walletSourcePlural","{count} wallet sources","{count} wallet sources","needs-review"
"builder.walletSources","Wallet sources","Sources du portefeuille","translated"
"builder.walletSourceSingular","{count} wallet source","{count} wallet source","needs-review"
"builder.warning","⚠️ Warning","⚠️ Avertissement","translated"
"camera.cancel","Cancel","Annuler","translated"
"camera.scan","Scan QR with camera","Scanner un QR avec la caméra","translated"
"camera.unavailable","Camera unavailable: {error}. Use Upload instead.","Caméra indisponible : {error}. Utilisez l’envoi de fichier.","translated"
"cauldron.active","active","actives","translated"
"cauldron.description","Detected from the active wallet receive/change/DeFi address set through the Cauldron indexer.","Détectées par l’indexeur Cauldron dans l’ensemble actif d’adresses de réception, de monnaie et DeFi du portefeuille.","translated"
"cauldron.positions","Cauldron positions","Positions Cauldron","translated"
"cauldron.tokenCategories","token categories","catégories de tokens","translated"
"chat.back","Back to conversations","Retour aux conversations","translated"
"chat.choosePhoto","Choose photo","Choisir une photo","translated"
"chat.copyNpub","Copy npub","Copier le npub","translated"
"chat.displayName","Display name","Nom affiché","translated"
"chat.emptyDescription","Pick a conversation, or tap + to message someone by their npub. Messages are end-to-end encrypted over Nostr.","Choisissez une conversation ou touchez + pour écrire à quelqu’un avec son npub. Les messages sont chiffrés de bout en bout via Nostr.","translated"
"chat.encrypted","End-to-end encrypted","Chiffrement de bout en bout","translated"
"chat.messagePlaceholder","Message…","Message…","stable-term"
"chat.newChat","New chat","Nouveau chat","translated"
"chat.newConversation","New conversation","Nouvelle conversation","translated"
"chat.noConversations","No conversations yet. Tap + to start one.","Aucune conversation. Touchez + pour commencer.","translated"
"chat.noMessages","No messages yet. Say hi — messages are end-to-end encrypted.","Aucun message. Dites bonjour — les messages sont chiffrés de bout en bout.","translated"
"chat.open","Open","Ouvrir","translated"
"chat.privateConversations","Your private conversations","Vos conversations privées","translated"
"chat.privateMessaging","Private Nostr messaging","Messagerie Nostr privée","translated"
"chat.profile","Profile","Profil","translated"
"chat.profilePublished","Profile published ✓","Profil publié ✓","translated"
"chat.publishProfile","Publish profile","Publier le profil","translated"
"chat.recipient","Recipient npub…","npub du destinataire…","translated"
"chat.searchConversations","Search conversations","Rechercher des conversations","translated"
"chat.send","Send","Envoyer","translated"
"chat.setup","Nostr setup","Configuration Nostr","translated"
"chat.title","Chat","Discussion","translated"
"chat.youPrefix","You: ","Vous : ","translated"
"chat.yourNpub","Your npub","Votre npub","translated"
"confirm.action","Confirm action","Confirmer l’action","translated"
"confirm.cancel","Cancel","Annuler","translated"
"confirm.ok","OK","OK","stable-term"
"console.appLog","App Log","Journal de l’application","translated"
"console.clear","Clear","Effacer","translated"
"console.noEntries","No log entries yet.","Aucune entrée de journal pour le moment.","translated"
"console.placeholder","method [params…]","method [params…]","stable-term"
"console.rpc","Electrum RPC","Electrum RPC","stable-term"
"console.send","Send","Envoyer","translated"
"console.sending","…","…","stable-term"
"console.typeHint","Type: method param1 param2 — e.g. server.version or blockchain.headers.subscribe","Saisissez : méthode paramètre1 paramètre2 — par exemple server.version ou blockchain.headers.subscribe","translated"
"contract.arbiter","Arbiter: A trusted party who authorizes release of funds.","Arbitre : partie de confiance qui autorise la libération des fonds.","translated"
"contract.available","Available Contracts","Contrats disponibles","translated"
"contract.bip38","BIP38 (Password-Protected Private Keys)","BIP38 (clés privées protégées par mot de passe)","translated"
"contract.bip38Desc","The BIP38 contract secures private keys with a password. Its UTXOs require both the correct password and a valid signature.","Le contrat BIP38 protège les clés privées avec un mot de passe. Ses UTXO exigent le bon mot de passe et une signature valide.","translated"
"contract.bip38Spending","Spending Requirements: Provide a valid owner signature and a data signature verifying the password.","Conditions de dépense : fournir une signature valide du propriétaire et une signature de données vérifiant le mot de passe.","translated"
"contract.bip38UseCase","Use Case: Ideal for protecting private keys against theft or unauthorized access, especially for long-term storage.","Usage : idéal pour protéger les clés privées contre le vol ou l’accès non autorisé, notamment pour le stockage à long terme.","translated"
"contract.enhancedTrust","Enhanced Trust: Useful for transactions requiring multiple trusted parties.","Confiance renforcée : utile pour les transactions exigeant plusieurs parties de confiance.","translated"
"contract.escrow","Escrow","Escrow","stable-term"
"contract.escrowDesc","The Escrow contract supports secure transactions between a buyer and seller with a trusted arbiter. Funds are released only with the arbiter’s approval.","Le contrat Escrow permet des transactions sécurisées entre acheteur et vendeur avec un arbitre de confiance. Les fonds ne sont libérés qu’avec son accord.","translated"
"contract.escrowMS2","EscrowMS2 (Multi-Party Escrow)","EscrowMS2 (escrow multipartite)","stable-term"
"contract.escrowMS2Desc","EscrowMS2 extends escrow with two arbiters. Funds can be released with one arbiter’s approval or both arbiters’ combined approval.","EscrowMS2 étend l’escrow avec deux arbitres. Les fonds peuvent être libérés avec l’accord d’un arbitre ou l’accord conjoint des deux.","translated"
"contract.escrowMS2Spending","Spending Requirements: One arbiter or both arbiters provide valid signatures, and the full amount goes to the buyer or seller.","Conditions de dépense : un arbitre ou les deux fournissent des signatures valides, et le montant total va à l’acheteur ou au vendeur.","translated"
"contract.escrowSecurity","Security: Funds remain locked until the arbiter approves, helping prevent fraud or disputes.","Sécurité : les fonds restent verrouillés jusqu’à l’approbation de l’arbitre, ce qui aide à prévenir fraude et litiges.","translated"
"contract.escrowSpending","Spending Requirements: The arbiter provides a valid signature and the full amount goes to the buyer’s or seller’s public-key-hash address.","Conditions de dépense : l’arbitre fournit une signature valide et le montant total va à l’adresse de hash de clé publique de l’acheteur ou du vendeur.","translated"
"contract.howToUse","How to Use Covenant Contracts","Utiliser les contrats covenant","translated"
"contract.howToUseText","Open the Contracts section, choose a contract type, configure its conditions, and deploy it. To spend from contract UTXOs, meet the specific spending requirements above. Detailed instructions and examples are available in the app documentation.","Ouvrez la section Contrats, choisissez un type de contrat, configurez ses conditions et déployez-le. Pour dépenser les UTXO du contrat, respectez les conditions de dépense indiquées. Des instructions détaillées et des exemples figurent dans la documentation de l’application.","translated"
"contract.intro","Covenant contracts in the OPTN Wallet are smart contracts that enforce rules for spending digital assets. Each contract locks funds in UTXOs that can only be spent by meeting predefined conditions.","Les contrats covenant d’OPTN Wallet sont des contrats intelligents qui imposent des règles de dépense des actifs numériques. Chaque contrat verrouille des fonds dans des UTXO qui ne peuvent être dépensés qu’en respectant des conditions prédéfinies.","translated"
"contract.msvault","MSVault (Multi-Signature Vault)","MSVault (coffre multisignature)","stable-term"
"contract.msvaultDesc","MSVault creates a secure shared or long-term vault requiring multiple signatures and a password. It enforces a minimum balance and time lock.","MSVault crée un coffre partagé ou de long terme qui exige plusieurs signatures et un mot de passe. Il impose un solde minimal et un verrouillage temporel.","translated"
"contract.msvaultSpending","Spending Requirements: Provide a valid signature and password-verified data signature while maintaining at least 4000 satoshis, or use a valid signature after the time lock expires.","Conditions de dépense : fournir une signature valide et une signature de données vérifiée par mot de passe en conservant au moins 4000 satoshis, ou utiliser une signature valide après expiration du verrouillage.","translated"
"contract.msvaultUseCase","Use Case: Suitable for shared ownership or long-term storage with strict access controls.","Usage : adapté à la propriété partagée ou au stockage de long terme avec des contrôles d’accès stricts.","translated"
"contract.multipleArbiters","Multiple Arbiters: Two arbiters can authorize release of funds.","Arbitres multiples : deux arbitres peuvent autoriser la libération des fonds.","translated"
"contract.multiSignature","Multi-Signature: Requires signatures from multiple authorized parties.","Multisignature : exige les signatures de plusieurs parties autorisées.","translated"
"contract.p2pkh","P2PKH (Pay-to-Public-Key-Hash)","P2PKH (Pay-to-Public-Key-Hash)","stable-term"
"contract.p2pkhDesc","P2PKH is a standard Bitcoin script that protects UTXOs by requiring a signature from the owner of a specified public-key hash.","P2PKH est un script Bitcoin standard qui protège les UTXO en exigeant la signature du propriétaire du hash de clé publique indiqué.","translated"
"contract.p2pkhSecurity","Security: A proven and reliable method for protecting digital assets.","Sécurité : méthode éprouvée et fiable pour protéger les actifs numériques.","translated"
"contract.p2pkhSpending","Spending Requirements: Provide a valid signature matching the public-key hash in the contract.","Conditions de dépense : fournir une signature valide correspondant au hash de clé publique du contrat.","translated"
"contract.passwordProtection","Password Protection: Encrypts your private key with a user-defined password.","Protection par mot de passe : chiffre votre clé privée avec un mot de passe défini par l’utilisateur.","translated"
"contract.simplicity","Simplicity: Easy to use and compatible with most Bitcoin wallets.","Simplicité : facile à utiliser et compatible avec la plupart des portefeuilles Bitcoin.","translated"
"contract.timeControl","Time-Based Control: Sets a deadline for the recipient to claim funds.","Contrôle temporel : fixe une échéance pour que le destinataire réclame les fonds.","translated"
"contract.transfer","TransferWithTimeout","TransferWithTimeout","stable-term"
"contract.transferDesc","TransferWithTimeout enables conditional transfers with a deadline. The recipient can claim funds before the timeout; the sender can reclaim them afterward.","TransferWithTimeout permet des transferts conditionnels avec une échéance. Le destinataire peut réclamer les fonds avant l’expiration ; ensuite, l’expéditeur peut les récupérer.","translated"
"contract.transferSpending","Spending Requirements: The recipient signs before the timeout; afterward, the sender can reclaim funds with a valid signature.","Conditions de dépense : le destinataire signe avant l’expiration ; ensuite, l’expéditeur peut récupérer les fonds avec une signature valide.","translated"
"contract.transferUseCase","Use Cases: Useful for subscriptions, conditional payments, or escrow-like scenarios.","Usages : utile pour les abonnements, paiements conditionnels ou scénarios de type escrow.","translated"
"contractPopup.back","Back","Retour","translated"
"contractPopup.chooseFunction","Select a function","Sélectionner une fonction","translated"
"contractPopup.enterData","Please enter data to generate the message.","Saisissez les données pour générer le message.","translated"
"contractPopup.enterMessage","Enter message for {name}","Saisir le message pour {name}","translated"
"contractPopup.enterValue","Enter {name}","Saisir {name}","translated"
"contractPopup.fetchFailed","Failed to fetch keys.","Échec de récupération des clés.","translated"
"contractPopup.generated","Message generated successfully!","Message généré avec succès !","translated"
"contractPopup.generateMessage","Generate Message","Générer le message","translated"
"contractPopup.generationFailed","Failed to generate message.","Échec de génération du message.","translated"
"contractPopup.invalidFormat","Invalid {type} format. Please scan a valid QR code.","Format {type} invalide. Scannez un QR valide.","translated"
"contractPopup.message","Message","Message","stable-term"
"contractPopup.messageForCheck","message for checkdatasig","message pour checkdatasig","translated"
"contractPopup.noKeys","No keys found for address: {address}","Aucune clé trouvée pour l’adresse : {address}","translated"
"contractPopup.noQr","No QR code detected. Please try again.","Aucun QR détecté. Réessayez.","translated"
"contractPopup.scanFor","Scan QR Code for {name}","Scanner le QR de {name}","translated"
"contractPopup.select","Select","Sélectionner","translated"
"contractPopup.selectAddress","Select Address","Sélectionner une adresse","translated"
"contractPopup.selected","Selected {type}","{type} sélectionné","translated"
"contractPopup.title","Select a Function","Sélectionner une fonction","translated"
"contractView.address","Address","Adresse","translated"
"contractView.addressCopied","Address copied to clipboard!","Adresse copiée dans le presse-papiers !","translated"
"contractView.argumentTypeInfo","Argument type info","Informations sur le type d’argument","translated"
"contractView.back","Back","Retour","translated"
"contractView.balance","Balance","Solde","translated"
"contractView.blockHeight","Current Block Height","Hauteur actuelle du bloc","translated"
"contractView.blockHeightInfo","Blocks increment on an average interval of 10 minutes.","Les blocs progressent en moyenne toutes les 10 minutes.","translated"
"contractView.constructorArgs","Constructor Arguments","Arguments du constructeur","translated"
"contractView.copyFailed","Failed to copy address.","Échec de la copie de l’adresse.","translated"
"contractView.create","Create Contract","Créer un contrat","translated"
"contractView.created","Contract created successfully!","Contrat créé avec succès !","translated"
"contractView.createFailed","Failed to create contract: {message}","Échec de la création du contrat : {message}","translated"
"contractView.createStep","3. Create the contract","3. Créer le contrat","translated"
"contractView.datasigInfo","Data signature info","Informations sur la signature de données","translated"
"contractView.delete","Delete","Supprimer","translated"
"contractView.deleted","Contract deleted successfully!","Contrat supprimé avec succès !","translated"
"contractView.deleteFailed","Failed to delete contract.","Échec de la suppression du contrat.","translated"
"contractView.deleteFailedFallback","Failed to delete contract.","Échec de la suppression du contrat.","translated"
"contractView.enterMessage","Enter message for {name}","Saisissez un message pour {name}","translated"
"contractView.enterType","Enter a value matching type: {type}.","Saisissez une valeur correspondant au type : {type}.","translated"
"contractView.error","Error","Erreur","translated"
"contractView.errorPrefix","Error: {message}","Erreur : {message}","translated"
"contractView.fillInputs","2. Fill constructor inputs","2. Remplir les entrées du constructeur","translated"
"contractView.fillRequired","Fill in each required value before creating the contract.","Remplissez chaque valeur obligatoire avant de créer le contrat.","translated"
"contractView.hashInfo","20-byte hash (hex) of an address/public key. Use “Select Address”.","Hash de 20 octets (hexadécimal) d’une adresse ou clé publique. Utilisez « Sélectionner une adresse ».","translated"
"contractView.howWorks","How this works","Fonctionnement","translated"
"contractView.instantiated","Instantiated Contracts","Contrats instanciés","translated"
"contractView.loadContractsFailed","Failed to load available contracts.","Échec du chargement des contrats disponibles.","translated"
"contractView.loadDetailsFailed","Failed to load contract details.","Échec du chargement des détails du contrat.","translated"
"contractView.loadInstancesFailed","Failed to load contract instances.","Échec du chargement des instances de contrat.","translated"
"contractView.noInputs","This contract template has no constructor inputs.","Ce modèle de contrat ne possède aucune entrée de constructeur.","translated"
"contractView.noInstances","No contract instances yet.","Aucune instance de contrat pour le moment.","translated"
"contractView.noQr","No QR code detected. Please try again.","Aucun QR code détecté. Réessayez.","translated"
"contractView.pickTemplate","1. Pick a template","1. Choisir un modèle","translated"
"contractView.privateKeyUnavailable","Private key unavailable for this address.","Clé privée indisponible pour cette adresse.","translated"
"contractView.publicKeyInfo","Public key in hex. Use “Select Address” to fill automatically.","Clé publique en hexadécimal. Utilisez « Sélectionner une adresse » pour remplir automatiquement.","translated"
"contractView.scanQr","Scan QR Code for {name}","Scanner le QR code de {name}","translated"
"contractView.selectAddress","Select Address","Sélectionner une adresse","translated"
"contractView.selectContract","Select a contract","Sélectionner un contrat","translated"
"contractView.selectData","Please select an address and enter data to sign.","Sélectionnez une adresse et saisissez les données à signer.","translated"
"contractView.selected","Selected {type}","{type} sélectionné","translated"
"contractView.signature","Signature","Signature","stable-term"
"contractView.signatureFailed","Failed to generate signature.","Échec de la génération de la signature.","translated"
"contractView.signatureGenerated","Signature generated successfully!","Signature générée avec succès !","translated"
"contractView.signingAddress","Signing address","Adresse de signature","translated"
"contractView.signMessage","Sign Message","Signer le message","translated"
"contractView.title","Contracts","Contrats","translated"
"contractView.tokenAddress","Token address","Adresse du token","translated"
"contractView.unavailable","Unavailable","Indisponible","translated"
"contractView.unknownError","Unknown error","Erreur inconnue","translated"
"contractView.update","Update","Mettre à jour","translated"
"contractView.updated","Contract updated successfully!","Contrat mis à jour avec succès !","translated"
"contractView.updateFailed","Failed to update contract.","Échec de la mise à jour du contrat.","translated"
"contractView.updateFailedFallback","Failed to update contract.","Échec de la mise à jour du contrat.","translated"
"derivation.accountIndex","Account index","Index du compte","translated"
"derivation.addressDerivation","Address derivation","Dérivation d’adresse","translated"
"derivation.addressDerivationDescription","BIP44 account path used to derive this wallet.","Chemin de compte BIP44 utilisé pour dériver ce portefeuille.","translated"
"derivation.bip44AccountIndex","BIP44 account index","Index du compte BIP44","translated"
"derivation.bip44CoinType","BIP44 coin type","Type de coin BIP44","translated"
"derivation.branchDescription","Hardened markers are fixed. Receive and change addresses are derived automatically from the /0/index and /1/index branches.","Les marqueurs hardened sont fixes. Les adresses de réception et de monnaie sont dérivées automatiquement des branches /0/index et /1/index.","translated"
"derivation.coinType","Coin type","Type de coin","translated"
"derivation.customize","Customize","Personnaliser","translated"
"derivation.invalidActive","The active derivation path is invalid.","Le chemin de dérivation actif est invalide.","translated"
"derivation.invalidValues","Invalid BIP44 path values.","Valeurs de chemin BIP44 invalides.","translated"
"derivation.networkDefault","Network default: {value}","Valeur réseau par défaut : {value}","translated"
"derivation.pathDescription","The fixed BIP44 account path used by this wallet.","Chemin de compte BIP44 fixe utilisé par ce portefeuille.","translated"
"derivation.pathPreview","Path preview","Aperçu du chemin","translated"
"derivation.range","Enter whole numbers from 0 to {max}.","Saisissez des nombres entiers de 0 à {max}.","translated"
"derivation.required","{field} is required.","{field} est obligatoire.","translated"
"derivation.usuallyZero","Usually 0","Généralement 0","translated"
"derivation.walletNetwork","Wallet network","Réseau du portefeuille","translated"
"derivation.walletNetworkDescription","Choose whether this wallet connects to live funds on Mainnet or test funds on Chipnet.","Choisissez entre les fonds réels sur Mainnet et les fonds de test sur Chipnet.","translated"
"desktopMenu.about","About OPTN Wallet","À propos d’OPTN Wallet","translated"
"desktopMenu.cannotExport","This wallet cannot be exported.","Ce portefeuille ne peut pas être exporté.","translated"
"desktopMenu.exported","Wallet exported.","Portefeuille exporté.","translated"
"desktopMenu.exportFailed","Could not export the wallet.","Impossible d’exporter le portefeuille.","translated"
"desktopMenu.exportWallet","Export Wallet…","Exporter le portefeuille…","translated"
"desktopMenu.file","File","Fichier","translated"
"desktopMenu.help","Help","Aide","translated"
"desktopMenu.history","Transaction History","Historique des transactions","translated"
"desktopMenu.importNewWallet","Import New Wallet","Importer un nouveau portefeuille","translated"
"desktopMenu.invalidWalletFile","That is not a valid OPTN wallet file.","Ce fichier n’est pas un portefeuille OPTN valide.","translated"
"desktopMenu.lockWallet","Lock Wallet","Verrouiller le portefeuille","translated"
"desktopMenu.noSavedWallets","No saved wallets","Aucun portefeuille enregistré","translated"
"desktopMenu.openWallet","Open Wallet","Ouvrir le portefeuille","translated"
"desktopMenu.openWalletFile","Open Wallet File…","Ouvrir le fichier du portefeuille…","translated"
"desktopMenu.quit","Quit","Quitter","translated"
"desktopMenu.receive","Receive","Recevoir","translated"
"desktopMenu.refreshWallet","Refresh Wallet","Actualiser le portefeuille","translated"
"desktopMenu.send","Send","Envoyer","translated"
"desktopMenu.settings","Settings","Paramètres","translated"
"desktopMenu.toggleTheme","Toggle Theme","Changer de thème","translated"
"desktopMenu.view","View","Affichage","translated"
"desktopMenu.wallet","Wallet","Portefeuille","translated"
"desktopSecurity.authenticating","Authenticating…","Authentification…","translated"
"desktopSecurity.biometricFailed","Biometric unlock failed. Use your password.","Échec du déverrouillage biométrique. Utilisez votre mot de passe.","translated"
"desktopSecurity.confirmPassword","Confirm password","Confirmer le mot de passe","translated"
"desktopSecurity.continue","Continue","Continuer","translated"
"desktopSecurity.enterPassword","Enter your password to unlock.","Saisissez votre mot de passe pour déverrouiller.","translated"
"desktopSecurity.forgotPassword","Forgot your password? Remove the wallet and re-import your seed phrase.","Mot de passe oublié ? Supprimez le portefeuille et réimportez votre phrase de récupération.","translated"
"desktopSecurity.incorrect","Incorrect passphrase. Please try again.","Mot de passe incorrect. Réessayez.","translated"
"desktopSecurity.loading","Loading wallet…","Chargement du portefeuille…","translated"
"desktopSecurity.mismatch","Passphrases do not match.","Les mots de passe ne correspondent pas.","translated"
"desktopSecurity.password","Password","Mot de passe","translated"
"desktopSecurity.passwordNeverStored","Your password is never stored — it derives your encryption key locally.","Votre mot de passe n’est jamais enregistré — la clé de chiffrement est dérivée localement.","translated"
"desktopSecurity.passwordPlaceholder","Password (or leave blank)","Mot de passe (ou laisser vide)","translated"
"desktopSecurity.saveFailed","Failed to save passphrase. Please try again.","Échec de l’enregistrement du mot de passe. Réessayez.","translated"
"desktopSecurity.secureWallet","Secure your wallet","Sécuriser votre portefeuille","translated"
"desktopSecurity.securing","Securing…","Sécurisation…","translated"
"desktopSecurity.setupDescription","Set a password to encrypt your wallet. You'll need it every time you open the app. Leave blank to use OS-account protection only.","Définissez un mot de passe pour chiffrer votre portefeuille. Il sera nécessaire à chaque ouverture. Laissez vide pour utiliser uniquement la protection du compte système.","translated"
"desktopSecurity.unlock","Unlock","Déverrouiller","translated"
"desktopSecurity.unlockFailed","Unlock failed. Please try again.","Échec du déverrouillage. Réessayez.","translated"
"desktopSecurity.unlocking","Unlocking…","Déverrouillage…","translated"
"desktopSecurity.useBiometric","Use {label}","Utiliser {label}","translated"
"desktopSecurity.walletLocked","Wallet locked","Portefeuille verrouillé","translated"
"desktopWallet.addAnother","Add another wallet","Ajouter un portefeuille","translated"
"desktopWallet.alreadyOpen","That wallet is already open in another window.","Ce portefeuille est déjà ouvert dans une autre fenêtre.","translated"
"desktopWallet.backToWallets","Back to wallets","Retour aux portefeuilles","translated"
"desktopWallet.biometricFailed","Biometric unlock failed: {message}","Échec du déverrouillage biométrique : {message}","translated"
"desktopWallet.biometricUnlock","Biometric unlock","Déverrouillage biométrique","translated"
"desktopWallet.cancel","Cancel","Annuler","translated"
"desktopWallet.delete","Delete","Supprimer","translated"
"desktopWallet.deleteConfirm","Delete “{name}” ({network}, #{id})? Its saved .optn file is kept, so you can re-import it later.","Supprimer « {name} » ({network}, n° {id}) ? Le fichier .optn enregistré est conservé pour permettre une réimportation.","translated"
"desktopWallet.deleteLabel","Delete {name}","Supprimer {name}","translated"
"desktopWallet.deleting","Deleting…","Suppression…","translated"
"desktopWallet.device","Device","Appareil","translated"
"desktopWallet.filePasswordDescription","Enter this wallet file's password.","Saisissez le mot de passe de ce fichier de portefeuille.","translated"
"desktopWallet.hardwareDescription","It will be used automatically to sign sends from software wallets while connected. Standalone hardware-only wallets with their own receive addresses are not supported yet.","Il servira automatiquement à signer les envois des portefeuilles logiciels lorsqu’il est connecté. Les portefeuilles matériel autonomes avec leurs propres adresses de réception ne sont pas encore pris en charge.","translated"
"desktopWallet.hardwareTitle","Connect Hardware Wallet","Connecter un portefeuille matériel","translated"
"desktopWallet.importFailed","Could not import this wallet file.","Impossible d’importer ce fichier de portefeuille.","translated"
"desktopWallet.incorrectFilePassword","Incorrect password for this wallet file.","Mot de passe incorrect pour ce fichier de portefeuille.","translated"
"desktopWallet.open","Open","Ouvrir","translated"
"desktopWallet.openButton","Open","Ouvrir","translated"
"desktopWallet.openFailed","Could not open this wallet. Please try again.","Impossible d’ouvrir ce portefeuille. Réessayez.","translated"
"desktopWallet.openFile","Open “{name}”","Ouvrir « {name} »","translated"
"desktopWallet.opening","Opening…","Ouverture…","translated"
"desktopWallet.password","Password","Mot de passe","translated"
"desktopWallet.unlock","Unlock","Déverrouiller","translated"
"desktopWallet.unlocking","Unlocking…","Déverrouillage…","translated"
"desktopWallet.useBiometric","Use {label}","Utiliser {label}","translated"
"desktopWallet.walletNumber","Wallet #{id}","Portefeuille n° {id}","stable-term"
"desktopWallet.yourWallets","Your wallets","Vos portefeuilles","translated"
"error.somethingWrong","Something went wrong.","Une erreur est survenue.","translated"
"experimental.cashFusionDescription","CashFusion is a non-custodial privacy protocol that combines your UTXOs with those of other users in a way that breaks transaction history linkage. Connect to a CashFusion server to participate. Your funds are never at risk — the protocol is trustless.","CashFusion est un protocole de confidentialité non dépositaire qui combine vos UTXO avec ceux d’autres utilisateurs afin de rompre le lien de l’historique des transactions. Connectez-vous à un serveur CashFusion pour participer. Vos fonds ne sont jamais en danger : le protocole ne repose pas sur la confiance.","translated"
"experimental.cashFusionWarning","Requires an active CashFusion server connection. Coming soon — toggle currently reserved.","Nécessite une connexion active à un serveur CashFusion. Bientôt disponible — ce bouton est réservé pour le moment.","translated"
"experimental.description","These features are under active development. Enable them to test new capabilities — they may change or be incomplete in future updates.","Ces fonctionnalités sont en cours de développement. Activez-les pour tester de nouvelles capacités ; elles peuvent changer ou rester incomplètes lors de futures mises à jour.","translated"
"experimental.disable","Disable","Désactiver","translated"
"experimental.enable","Enable","Activer","translated"
"experimental.features","Experimental Features","Fonctionnalités expérimentales","translated"
"experimental.privacy","Privacy","Confidentialité","translated"
"experimental.quantumDescription","Quantumroot vaults protect funds with a quantum-resistant Schnorr LM-OTS scheme. Enabled by default. Turn off to hide Quantumroot from the wallet if you don't use it.","Les coffres Quantumroot protègent les fonds avec un schéma Schnorr LM-OTS résistant au quantique. Activé par défaut. Désactivez-le pour masquer Quantumroot si vous ne l’utilisez pas.","translated"
"experimental.quantumSafe","Quantum-safe","Résistant au quantique","translated"
"experimental.rpaBadge","BCH RPA","BCH RPA","stable-term"
"experimental.rpaDescription","Generates a static paycode (paycode:q...) that you can share publicly. Senders derive a unique one-time address for each payment via ECDH — no notification transaction, no chain bloat. Received stealth funds appear separately as 'Stealth BCH'. Scanning requires a Fulcrum-RPA capable server.","Génère un Paycode statique (paycode:q...) partageable publiquement. Les expéditeurs dérivent une adresse unique par paiement via ECDH, sans transaction de notification ni surcharge de la chaîne. Les fonds furtifs reçus apparaissent séparément comme « BCH furtif ». Le scan nécessite un serveur compatible Fulcrum-RPA.","translated"
"experimental.rpaTitle","Reusable Payment Addresses (RPA)","Adresses de paiement réutilisables (RPA)","translated"
"experimental.rpaWarning","Sending to paycodes requires signature grinding (not yet implemented). Receiving and scanning are available.","L’envoi vers des Paycodes exige du signature grinding (non implémenté). La réception et le scan sont disponibles.","translated"
"faucet.captcha","Answer the captcha question","Répondez à la question captcha","translated"
"faucet.clickLink","Click the Chipnet Faucet link","Cliquez sur le lien Faucet Chipnet","translated"
"faucet.copyAddress","Copy a BCH Chipnet address","Copiez une adresse BCH Chipnet","translated"
"faucet.getCoins","Press ""Get Coins""","Appuyez sur « Get Coins »","translated"
"faucet.instructions","Instructions","Instructions","stable-term"
"faucet.name","Chipnet Faucet","Faucet Chipnet","stable-term"
"faucet.pasteAddress","Paste your address","Collez votre adresse","translated"
"faucet.selectNetwork","Select ""chipnet"" in the NETWORK box","Sélectionnez « chipnet » dans la zone NETWORK","translated"
"faucet.tooltip","Get Chipnet BCH","Obtenir des BCH Chipnet","translated"
"fusion.addPlaceholder","Add server — host:port (e.g. fusion.example.com:8789)","Ajouter un serveur — hôte:port (ex. fusion.example.com:8789)","translated"
"fusion.autoTry","Auto — try each until one responds","Automatique — essayer chacun jusqu’à obtenir une réponse","translated"
"fusion.busy","A fusion round is already running for this wallet.","Un tour de Fusion est déjà en cours pour ce portefeuille.","translated"
"fusion.choose","Choose how to fuse:","Choisissez le mode de fusion :","translated"
"fusion.coinjoinAnyNetwork","Both the server path and P2P Fusion run real CoinJoins on any network. Some wallet-hardening items are still pending, but each round verifies your own outputs before signing, so it fails safely.","Le parcours serveur et la Fusion P2P exécutent de vrais CoinJoin sur n’importe quel réseau. Certains renforcements du portefeuille sont encore en attente, mais chaque tour vérifie vos sorties avant la signature et échoue en toute sécurité.","translated"
"fusion.coinjoinBoth","Both run a real CoinJoin.","Les deux exécutent un véritable CoinJoin.","translated"
"fusion.componentFeeRate","Component fee rate","Taux de frais du composant","translated"
"fusion.componentsPlayer","Components / player","Composants / participant","translated"
"fusion.connectingTor","Connecting via Tor{port}.","Connexion via Tor{port}.","translated"
"fusion.cooldown","Waiting for the auto-fusion cooldown.","En attente du délai de refroidissement de la fusion automatique.","translated"
"fusion.disable","Disable","Désactiver","translated"
"fusion.donation","Donation","Don","translated"
"fusion.enable","Enable","Activer","translated"
"fusion.enabled","CashFusion Enabled","CashFusion activé","translated"
"fusion.enableP2p","Enable P2P Fusion","Activer la Fusion P2P","translated"
"fusion.enableServer","Enable Server Fusion","Activer la fusion par serveur","translated"
"fusion.excessFeeRange","Excess fee range","Plage de frais excédentaires","translated"
"fusion.experimentalPending","Experimental — still pending: {items}.","Expérimental — encore en attente : {items}.","translated"
"fusion.failed","Failed ✗","Échec ✗","translated"
"fusion.fewServers","CashFusion intentionally has few public servers — a larger anonymity set on fewer servers is better than being spread thin. Add your own or a community server above.","CashFusion compte volontairement peu de serveurs publics : un ensemble d’anonymat plus grand sur moins de serveurs vaut mieux qu’une dispersion excessive. Ajoutez votre serveur ou un serveur communautaire ci-dessus.","translated"
"fusion.fused","Fused ✓ — txid {txid}","Fusionnée ✓ — txid {txid}","translated"
"fusion.fusing","Fusing…","Fusion en cours…","translated"
"fusion.handshakeOk","Handshake OK ✓","Négociation réussie ✓","translated"
"fusion.handshaking","Handshaking…","Négociation…","translated"
"fusion.hide","Hide","Masquer","translated"
"fusion.howWorks","How does it work?","Comment cela fonctionne-t-il ?","translated"
"fusion.mobileUnsupported","CashFusion needs a raw TCP connection, which a mobile/web browser cannot open. Available in the desktop app.","CashFusion nécessite une connexion TCP brute qu’un navigateur mobile/web ne peut pas ouvrir. Disponible dans l’application de bureau.","translated"
"fusion.more","more","plus","translated"
"fusion.noEligibleCoins","No coins are eligible to fuse right now.","Aucune pièce ne peut être fusionnée pour le moment.","translated"
"fusion.now","Fuse Now","Fusionner maintenant","translated"
"fusion.nowDescription","CoinJoin via the server configured in Servers. Needs Tor + at least 2 players in a tier.","CoinJoin via le serveur configuré dans Serveurs. Nécessite Tor et au moins 2 participants dans un niveau.","translated"
"fusion.openWallet","Open a wallet to run a P2P round.","Ouvrez un portefeuille pour lancer un tour P2P.","translated"
"fusion.or","or","ou","translated"
"fusion.p2pMode","P2P Fusion","Fusion P2P","stable-term"
"fusion.p2pModeDescription","Serverless — peers over Nostr + Tor. Auto-fuses when on. Turning this on turns Server Fusion off.","Sans serveur — pairs via Nostr + Tor. Fusion automatique lorsque l’option est activée. L’activation désactive la fusion par serveur.","translated"
"fusion.p2pModeLabel","P2P Fusion","Fusion P2P","stable-term"
"fusion.poolTiers","Pool tiers","Niveaux du pool","translated"
"fusion.privacy","Privacy","Confidentialité","translated"
"fusion.protocolNote","Steps 1–4 run end-to-end on the server path: the wallet joins a pool, exchanges blind signatures, submits over Tor, and broadcasts the assembled CoinJoin. P2P Fusion runs the same round without a server over Nostr and Tor. Experimental wallet-hardening items are still pending, but your own outputs are verified before signing, so an invalid round fails safely.","Les étapes 1 à 4 s’exécutent de bout en bout sur le parcours serveur : le portefeuille rejoint un pool, échange des signatures aveugles, soumet via Tor et diffuse le CoinJoin assemblé. La Fusion P2P exécute le même tour sans serveur via Nostr et Tor. Certains renforcements expérimentaux du portefeuille sont encore en attente, mais vos sorties sont vérifiées avant la signature : un tour invalide échoue donc en toute sécurité.","translated"
"fusion.queryAuto","Query (Auto)","Interroger (automatique)","translated"
"fusion.queryServer","Query Server","Interroger le serveur","translated"
"fusion.remoteTorRequired","This is a remote server, so Tor is required — but no Tor proxy was found. Start Tor above, or the query will be refused.","Il s’agit d’un serveur distant, Tor est donc requis — mais aucun proxy Tor n’a été trouvé. Démarrez Tor ci-dessus, sinon la requête sera refusée.","translated"
"fusion.selected","● selected","● sélectionné","translated"
"fusion.serverMode","Fuse Now using CashFusion server","Fusionner maintenant avec un serveur CashFusion","translated"
"fusion.serverModeDescription","Fuse via a CashFusion server. Auto-fuses when on.","Fusionne via un serveur CashFusion. Fusion automatique lorsque l’option est activée.","translated"
"fusion.serverModeLabel","Server Fusion","Fusion par serveur","translated"
"fusion.serverParameters","Server parameters (live)","Paramètres du serveur (en direct)","translated"
"fusion.servers","Fusion servers","Serveurs Fusion","stable-term"
"fusion.step1","1. Pool joining.","1. Rejoindre le pool.","translated"
"fusion.step1Text","Your wallet announces UTXOs it wants to fuse to the server.","Votre portefeuille annonce au serveur les UTXO qu’il souhaite fusionner.","translated"
"fusion.step2","2. Blind signing.","2. Signature aveugle.","translated"
"fusion.step2Text","Participants generate blinded output addresses and exchange blind signatures — nobody learns the input-to-output mapping.","Les participants génèrent des adresses de sortie aveugles et échangent des signatures aveugles : personne ne découvre la correspondance entre entrées et sorties.","translated"
"fusion.step3","3. Covert submission.","3. Soumission discrète.","translated"
"fusion.step3Text","Each participant submits the transaction via Tor or direct connection. The server assembles the final transaction.","Chaque participant soumet la transaction via Tor ou une connexion directe. Le serveur assemble la transaction finale.","translated"
"fusion.step4","4. Broadcast.","4. Diffusion.","translated"
"fusion.step4Text","All participants broadcast the jointly constructed transaction.","Tous les participants diffusent la transaction construite ensemble.","translated"
"fusion.summary","CashFusion combines UTXOs from many participants into a single transaction, breaking blockchain history links between inputs and outputs. It is non-custodial — your funds never leave your control.","CashFusion combine les UTXO de nombreux participants en une seule transaction, rompant les liens entre entrées et sorties dans l’historique de la blockchain. Il est non dépositaire : vos fonds restent sous votre contrôle.","translated"
"fusion.syncingCoins","Syncing wallet coins — try again in a moment.","Synchronisation des pièces du portefeuille — réessayez dans un instant.","translated"
"fusion.tiers","Tiers","Niveaux","translated"
"fusion.torOff","Tor is off. Remote fusion queries will be refused — enable Tor above, or use a localhost server.","Tor est désactivé. Les requêtes Fusion distantes seront refusées — activez Tor ci-dessus ou utilisez un serveur localhost.","translated"
"hardware.active","active","actif","translated"
"hardware.advanced","Advanced (derivation path)","Avancé (chemin de dérivation)","translated"
"hardware.airGap","air-gap","isolé","translated"
"hardware.beforeConnecting","Before connecting","Avant la connexion","translated"
"hardware.bip44Path","BIP44 path","Chemin BIP44","translated"
"hardware.comingSoon","Coming soon","Bientôt disponible","translated"
"hardware.connect","Connect {device}","Connecter {device}","translated"
"hardware.connecting","Connecting…","Connexion…","translated"
"hardware.connectionType","Connection type","Type de connexion","translated"
"hardware.description","The device holds your private keys. The wallet is the bridge. Keys never leave the hardware.","L’appareil conserve vos clés privées. Les clés ne quittent jamais le matériel.","translated"
"hardware.disconnect","Disconnect","Déconnecter","translated"
"hardware.enableKeystone","Enable Keystone (QR mode)","Activer Keystone (mode QR)","translated"
"hardware.howItWorks","How it works","Fonctionnement","translated"
"hardware.keystoneHow","Keystone's air-gapped QR signing isn't finished yet — the app can't build or read the QR codes it would need to in this build. Support is planned but not ready for real funds.","La signature QR isolée de Keystone n’est pas prête pour des fonds réels.","translated"
"hardware.keystoneSubtitle","Air-gapped QR signing — not yet supported","Signature QR isolée — pas encore prise en charge","translated"
"hardware.ledgerStep1","USB: plug in → enter PIN → open Bitcoin Cash app","USB : branchez → saisissez le PIN → ouvrez Bitcoin Cash","translated"
"hardware.ledgerStep2","Bluetooth (Nano X): enable BLE on device → open Bitcoin Cash app","Bluetooth (Nano X) : activez BLE → ouvrez Bitcoin Cash","translated"
"hardware.ledgerStep3","The browser will show a device picker prompt","Le navigateur affichera un sélecteur d’appareil","translated"
"hardware.ledgerSubtitle","USB (WebHID) or Bluetooth (Nano X)","USB (WebHID) ou Bluetooth (Nano X)","translated"
"hardware.notSupported","{device} support isn't finished yet — it can't connect or sign in this build. Pick another device, or use the software wallet.","La prise en charge de {device} n’est pas terminée. Choisissez un autre appareil ou utilisez le portefeuille logiciel.","translated"
"hardware.onekeyStep1","Install OneKey Bridge if not already installed","Installez OneKey Bridge si nécessaire","translated"
"hardware.onekeyStep2","Plug in your OneKey device or pair via Bluetooth","Branchez OneKey en USB ou Bluetooth","translated"
"hardware.onekeyStep3","Unlock your device with your PIN","Déverrouillez l’appareil avec votre PIN","translated"
"hardware.onekeyStep4","Allow the connection when requested","Autorisez la connexion lorsqu’elle est demandée","translated"
"hardware.onekeySubtitle","USB or Bluetooth via OneKey Bridge","USB ou Bluetooth via OneKey Bridge","translated"
"hardware.path","Path","Chemin","translated"
"hardware.softwareHow","Your private keys never leave the device. The wallet builds an unsigned transaction, the device shows the details on its screen, you physically confirm, and the device sends back only the signature. Like Electron Cash's hardware wallet mode.","Le portefeuille crée une transaction non signée ; l’appareil affiche les détails et renvoie uniquement la signature après votre confirmation.","translated"
"hardware.softwareLabel","Software Wallet","Portefeuille logiciel","translated"
"hardware.softwareSubtitle","Encrypted keys stored on this device","Clés chiffrées stockées sur cet appareil","translated"
"hardware.title","Hardware Wallet","Portefeuille matériel","translated"
"hardware.trezorStep1","Install Trezor Suite — it includes the Bridge daemon","Installez Trezor Suite — le daemon Bridge est inclus","translated"
"hardware.trezorStep2","Plug in your Trezor (USB) or pair via Bluetooth (newer models)","Branchez Trezor en USB ou associez-le en Bluetooth","translated"
"hardware.trezorStep3","Unlock your device with your PIN","Déverrouillez l’appareil avec votre PIN","translated"
"hardware.trezorStep4","Allow the connection popup when it appears","Autorisez la fenêtre de connexion lorsqu’elle apparaît","translated"
"hardware.trezorSubtitle","USB or Bluetooth via Trezor Bridge","USB ou Bluetooth via Trezor Bridge","translated"
"history.awaitingConfirmation","Awaiting confirmation","En attente de confirmation","translated"
"history.block","Block","Bloc","translated"
"history.closeDetails","Close details","Fermer les détails","translated"
"history.confirmations","{count} confirmations","{count} confirmations","stable-term"
"history.confirmed","Confirmed","Confirmée","translated"
"history.detailsUnavailable","Transaction details are not available from Electrum right now.","Les détails de la transaction sont actuellement indisponibles depuis Electrum.","translated"
"history.fee","Fee","Frais","translated"
"history.first","First","Première","translated"
"history.last","Last","Dernière","translated"
"history.loadDetailsFailed","Failed to load transaction details.","Échec du chargement des détails de la transaction.","translated"
"history.loadingDetails","Loading transaction details…","Chargement des détails de la transaction…","translated"
"history.newestFirst","Newest first","Plus récentes en premier","translated"
"history.noActivity","No activity yet","Aucune activité","translated"
"history.noData","No data available.","Aucune donnée","translated"
"history.noTransactions","No transactions available yet.","Aucune transaction","translated"
"history.oldestFirst","Oldest first","Plus anciennes en premier","translated"
"history.openExplorer","Open in explorer","Ouvrir dans l’explorateur","translated"
"history.output","Output","Sortie","translated"
"history.pending","Pending","En attente","translated"
"history.perPage","{count} per page","{count} par page","translated"
"history.recipients","Recipients","Destinataires","translated"
"history.recorded","{count} recorded","{count} enregistrées","translated"
"history.senders","Senders","Expéditeurs","translated"
"history.status","Status","État","stable-term"
"history.sync","Sync","Synchroniser","translated"
"history.timestamp","Timestamp","Horodatage","translated"
"history.title","Transaction History","Historique","translated"
"history.transaction","Transaction","Transaction","stable-term"
"history.transactionHash","Transaction Hash","Hachage de transaction","translated"
"history.unavailable","Unavailable","Indisponible","translated"
"history.unconfirmed","Unconfirmed","Non confirmée","translated"
"history.unknown","Unknown","Inconnue","translated"
"history.yourWallet","Your wallet","Votre portefeuille","translated"
"home.block","Block","Bloc","translated"
"home.confirmed","Confirmed","Confirmée","translated"
"home.latestActivity","Latest wallet activity","Dernière activité du portefeuille","translated"
"home.noQrCode","No QR code detected. Try again.","Aucun code QR détecté. Réessayez.","translated"
"home.noRecentActivity","No recent activity yet.","Aucune activité récente pour le moment.","translated"
"home.pending","Pending","En attente","translated"
"home.pendingConfirmation","Pending confirmation","Confirmation en attente","translated"
"home.portfolio","Portfolio","Portefeuille","translated"
"home.quickActions","Quick Actions","Actions rapides","translated"
"home.receive","Receive","Recevoir","translated"
"home.recentActivity","Recent Activity","Activité récente","translated"
"home.scanQr","Scan QR","Scanner un QR","translated"
"home.send","Send","Envoyer","translated"
"home.sync","Sync","Synchroniser","translated"
"home.syncing","Syncing…","Synchronisation…","translated"
"home.title","Home","Accueil","translated"
"home.toggleBalance","Toggle BCH and USD balance","Afficher le solde en BCH et en USD","translated"
"home.unsupportedQr","QR scanned, but it is not a supported wallet payload.","QR scanné, mais il ne s’agit pas d’une donnée de portefeuille prise en charge.","translated"
"home.usdPriceUnavailable","USD price unavailable","Prix USD indisponible","translated"
"home.usdUnavailable","USD unavailable","USD indisponible","translated"
"home.viewAll","View all","Tout afficher","translated"
"home.walletOverview","Wallet overview","Vue d’ensemble du portefeuille","translated"
"nav.actions","Actions","Actions","stable-term"
"nav.apps","Apps","Applications","translated"
"nav.assets","Assets","Actifs","translated"
"nav.home","Home","Accueil","translated"
"nav.settings","Settings","Paramètres","translated"
"network.chipnet","Chipnet","Chipnet","stable-term"
"network.mainnet","Mainnet","Mainnet","stable-term"
"network.switch","Switch network. Current: {network}","Changer de réseau. Actuel : {network}","translated"
"nftConfig.capability","NFT Capability","Capacité NFT","translated"
"nftConfig.commitment","NFT Commitment","Commitment NFT","translated"
"nftConfig.done","Done","Terminé","translated"
"nftConfig.minting","minting","émission","translated"
"nftConfig.mintingDescription","one NFT authority that can create multiple next NFTs.","une autorité NFT pouvant créer plusieurs NFT suivants.","translated"
"nftConfig.mutable","mutable","modifiable","translated"
"nftConfig.mutableDescription","one NFT that may update its commitment when spent.","un NFT dont le commitment peut changer lors de la dépense.","translated"
"nftConfig.none","none","aucune","translated"
"nftConfig.noneDescription","one immutable NFT, best for approvals or receipts.","un NFT immuable, idéal pour les approbations ou les reçus.","translated"
"nftConfig.placeholder","Up to 40 bytes","Jusqu’à 40 octets","translated"
"nftConfig.title","NFT Configuration","Configuration NFT","translated"
"nostr.active","{active}/{total} active","{active}/{total} actifs","translated"
"nostr.add","Add","Ajouter","translated"
"nostr.chat","Nostr chat","Chat Nostr","translated"
"nostr.checking","Checking…","Vérification…","translated"
"nostr.checkRelayStatus","Check relay status","Vérifier l’état des relays","translated"
"nostr.connected","connected","connecté","translated"
"nostr.deriving","Deriving…","Dérivation…","translated"
"nostr.disable","Disable","Désactiver","translated"
"nostr.dmDescription","End-to-end encrypted DMs using NIP-17.","Messages directs chiffrés de bout en bout avec NIP-17.","translated"
"nostr.enable","Enable","Activer","translated"
"nostr.identity","Nostr identity","Identité Nostr","translated"
"nostr.identityDescription","Derived from your seed via NIP-06 (a separate path) — your spending keys are never reused.","Dérivée de votre seed via NIP-06 (chemin séparé) — vos clés de dépense ne sont jamais réutilisées.","translated"
"nostr.invalidRelay","Enter a secure relay URL beginning with wss://","Saisissez une URL de relay sécurisée commençant par wss://","translated"
"nostr.privacyWarning","Relay operators can still observe connection metadata, timing, and recipient tags. Encrypted content is not the same as network anonymity.","Les opérateurs de relay peuvent toujours observer les métadonnées de connexion, les horaires et les tags de destinataire. Un contenu chiffré n’est pas synonyme d’anonymat réseau.","translated"
"nostr.relays","Relays","Relays","stable-term"
"nostr.relaysDescription","WSS relays used for chat and the P2P-fusion transport. Add your own or use the defaults.","Relays WSS utilisés pour le chat et le transport P2P-Fusion. Ajoutez les vôtres ou utilisez les valeurs par défaut.","translated"
"nostr.remove","Remove","Supprimer","translated"
"nostr.unknown","unknown","inconnu","translated"
"nostr.unreachable","unreachable","inaccessible","translated"
"notifications.dismiss","Dismiss","Ignorer","translated"
"notifications.fundsReceived","Funds received","Fonds reçus","translated"
"notifications.fundsReceivedBody","{amount} sats to {address} • {txid}","{amount} sats vers {address} • {txid}","translated"
"notifications.incomingBch","Incoming BCH","BCH reçu","translated"
"notifications.incomingToken","Incoming token","Token reçu","translated"
"notifications.transactionConfirmed","Transaction confirmed","Transaction confirmée","translated"
"notifications.unknownAddress","unknown address","adresse inconnue","translated"
"onboarding.back","Back","Retour","translated"
"onboarding.closeHelp","Close help","Fermer l’aide","translated"
"onboarding.confirm","Confirm","Confirmer","translated"
"onboarding.confirmError","Those don't match your seed phrase. Check the words and try again.","Ces mots ne correspondent pas à votre phrase de départ. Vérifiez-les et réessayez.","translated"
"onboarding.confirmInstruction","Type the requested words to prove you saved them correctly.","Saisissez les mots demandés pour confirmer que vous les avez correctement sauvegardés.","translated"
"onboarding.confirmPasswordPlaceholder","Confirm password","Confirmer le mot de passe","translated"
"onboarding.confirmSeed","Confirm Your Seed Phrase","Confirmer votre phrase de récupération","translated"
"onboarding.connectHardware","Connect Hardware Wallet","Connecter un portefeuille matériel","translated"
"onboarding.continue","Continue","Continuer","translated"
"onboarding.createNewWallet","Create New Wallet","Créer un nouveau portefeuille","translated"
"onboarding.createWallet","Create Wallet","Créer un portefeuille","translated"
"onboarding.createWatchOnly","Create Watch-Only Wallet","Créer un portefeuille en lecture seule","translated"
"onboarding.creating","Creating Wallet…","Création…","translated"
"onboarding.creationFailed","Wallet creation failed. Please try again.","Échec de la création. Réessayez.","translated"
"onboarding.databasePreparationFailed","Could not prepare the wallet on this device.","Impossible de préparer le portefeuille sur cet appareil.","translated"
"onboarding.generatedMnemonic","Generated Mnemonic:","Phrase mnémonique générée :","translated"
"onboarding.generatingSeed","Generating seed phrase…","Génération de la phrase de récupération…","translated"
"onboarding.helpCreateDescription","Use this if you want a new wallet with a fresh seed phrase on this device.","Utilisez cette option pour créer un nouveau portefeuille avec une nouvelle phrase de départ sur cet appareil.","translated"
"onboarding.helpCreateTitle","Create Wallet","Créer un portefeuille","translated"
"onboarding.helpDescription","Create a wallet for the first time or restore one you already have.","Créez un portefeuille pour la première fois ou restaurez-en un existant.","translated"
"onboarding.helpImportDescription","Use this if you already have a 12-word recovery phrase and want access to an existing wallet.","Utilisez cette option si vous avez déjà une phrase de récupération de 12 mots et souhaitez accéder à un portefeuille existant.","translated"
"onboarding.helpImportTitle","Import Wallet","Importer un portefeuille","translated"
"onboarding.helpNetworkDescription","Select Mainnet for real funds or CHIPNET for test funds before you proceed.","Sélectionnez Mainnet pour des fonds réels ou CHIPNET pour des fonds de test avant de continuer.","translated"
"onboarding.helpNetworkTitle","Choose a network","Choisir un réseau","translated"
"onboarding.helpTitle","Getting started","Pour commencer","translated"
"onboarding.importFailed","Wallet import failed. Please try again.","Échec de l’importation. Réessayez.","translated"
"onboarding.importing","Importing Wallet…","Importation…","translated"
"onboarding.importWallet","Import Wallet","Importer un portefeuille","translated"
"onboarding.invalidMnemonic","Enter a valid English BIP39 recovery phrase with 12, 15, 18, 21, or 24 words.","Saisissez une phrase de récupération BIP39 anglaise valide de 12, 15, 18, 21 ou 24 mots.","translated"
"onboarding.missingWord","Word {number} is missing.","Le mot {number} est manquant.","translated"
"onboarding.mnemonicLoading","The recovery phrase is still loading. Please wait a moment.","La phrase de récupération est encore en cours de chargement. Patientez un instant.","translated"
"onboarding.mnemonicWarning","Your recovery phrase is the master key to your wallet. Store it securely and never share it.","Votre phrase de récupération est la clé principale de votre portefeuille. Conservez-la en sécurité et ne la partagez jamais.","translated"
"onboarding.nameRequired","Give this wallet a name.","Donnez un nom à ce portefeuille.","translated"
"onboarding.nameWallet","Name This Wallet","Nommer ce portefeuille","translated"
"onboarding.nameWalletDescription","Give this wallet a name and a password. Each wallet on this device has its own independent password.","Donnez un nom et un mot de passe à ce portefeuille. Chaque portefeuille de cet appareil possède son propre mot de passe indépendant.","translated"
"onboarding.passwordMismatch","Passwords do not match.","Les mots de passe ne correspondent pas.","translated"
"onboarding.passwordPlaceholder","Password (or leave blank)","Mot de passe (ou laisser vide)","translated"
"onboarding.poweredBy","Powered with Bitcoin Covenants for Bitcoin Cash","Propulsé par les covenants Bitcoin pour Bitcoin Cash","translated"
"onboarding.recoveryDescription","Enter your BIP39 recovery phrase (12, 15, 18, 21, or 24 words). Each box corresponds to the word order.","Saisissez votre phrase de récupération BIP39 en anglais (12, 15, 18, 21 ou 24 mots). Chaque champ correspond à l’ordre des mots.","translated"
"onboarding.recoveryPhrase","Recovery Phrase","Phrase de récupération","translated"
"onboarding.seedInstruction","Write these 12 words down in order and keep them somewhere safe. Anyone with this phrase can spend your funds — never share it or store it digitally.","Notez ces 12 mots dans l’ordre et conservez-les en lieu sûr. Toute personne qui possède cette phrase peut dépenser vos fonds — ne la partagez jamais et ne la stockez pas numériquement.","translated"
"onboarding.seedTitle","Your Seed Phrase","Votre phrase de récupération","translated"
"onboarding.toggleTheme","Toggle theme","Changer de thème","translated"
"onboarding.walletAlreadyAvailable","This wallet is already available on this device.","Ce portefeuille est déjà disponible sur cet appareil.","translated"
"onboarding.walletAlreadyExists","This wallet may already exist on this device.","Ce portefeuille existe peut-être déjà sur cet appareil.","translated"
"onboarding.walletNamePlaceholder","Wallet name","Nom du portefeuille","translated"
"onboarding.walletSavedIdFailed","Wallet was saved, but its wallet ID could not be resolved.","Le portefeuille a été enregistré, mais son identifiant n’a pas pu être résolu.","translated"
"onboarding.walletSetup","Wallet Setup","Configuration du portefeuille","translated"
"onboarding.walletSetupDescription","Choose the network and address path this wallet will use.","Choisissez le réseau et le chemin d’adresses utilisés par ce portefeuille.","translated"
"onboarding.welcomeAlt","OPTN Wallet","Portefeuille OPTN","stable-term"
"onboarding.word","Word","Mot","translated"
"onboarding.wordCountLabel","Phrase length","Longueur de la phrase","translated"
"onboarding.wordPlaceholder","word","mot","translated"
"onboarding.words","words","mots","translated"
"onboarding.wroteItDown","I've written it down","Je l’ai notée","translated"
"outbox.amount","Amount","Montant","translated"
"outbox.clearPending","Clear pending lock","Effacer le verrou en attente","translated"
"outbox.clearPendingTitle","Clear this pending lock if the transaction was not actually sent","Effacer ce verrou si la transaction n’a pas réellement été envoyée","translated"
"outbox.copyTxid","Copy txid","Copier le txid","translated"
"outbox.daysAgo","{count}d ago","il y a {count} j","translated"
"outbox.description","Offline-first protection keeps new sends paused until these transactions are seen or safely released.","La protection hors ligne suspend les nouveaux envois jusqu’à ce que ces transactions soient vues ou libérées en sécurité.","translated"
"outbox.destination","Destination","Destination","stable-term"
"outbox.dismiss","Dismiss","Ignorer","translated"
"outbox.dismissPending","Dismiss pending transactions popup","Fermer la fenêtre des transactions en attente","translated"
"outbox.finalizing","Finalizing transaction","Finalisation de la transaction","translated"
"outbox.finalizingMultiple","Finalizing {count} transactions","Finalisation de {count} transactions","translated"
"outbox.historyUpdate","Your wallet history will update automatically. This usually takes a moment.","L’historique du portefeuille sera mis à jour automatiquement. Cela prend généralement un instant.","translated"
"outbox.hoursAgo","{count}h ago","il y a {count} h","translated"
"outbox.justNow","just now","à l’instant","translated"
"outbox.lastNetworkIssue","Last network issue","Dernier problème réseau","translated"
"outbox.minutesAgo","{count}m ago","il y a {count} min","translated"
"outbox.noPending","No pending outgoing transactions.","Aucune transaction sortante en attente.","translated"
"outbox.pendingOutgoing","Pending outgoing transactions","Transactions sortantes en attente","translated"
"outbox.prompt","Prompt","Demande","translated"
"outbox.releaseSendLock","Release send lock","Libérer le verrou d’envoi","translated"
"outbox.releaseStale","Release if stale","Libérer s’il est obsolète","translated"
"outbox.releaseStaleTitle","Available after {minutes} minutes if the transaction is still unresolved","Disponible après {minutes} minutes si la transaction reste sans résolution","translated"
"outbox.requestedBy","Requested by","Demandé par","translated"
"outbox.title","Outbox","Boîte d’envoi","translated"
"outbox.txid","Txid","Txid","stable-term"
"outbox.updated","Updated {age}","Mis à jour {age}","translated"
"outbox.walletSend","Wallet send","Envoi du portefeuille","translated"
"p2p.description","No server: peers meet on Nostr relays over Tor, deterministically elect a coordinator, and run the CoinJoin peer-to-peer. Outputs are unlinkable; you sign only your own inputs after verifying your own outputs.","Sans serveur : les pairs se rencontrent sur des relays Nostr via Tor, élisent un coordinateur déterministe et exécutent le CoinJoin en pair à pair. Les sorties sont impossibles à relier ; vous ne signez que vos propres entrées après avoir vérifié vos sorties.","translated"
"p2p.phase.announce","Announcing & finding peers","Annonce et recherche de pairs","translated"
"p2p.phase.assemble","Assembling & verifying","Assemblage et vérification","translated"
"p2p.phase.broadcast","Broadcasting","Diffusion","translated"
"p2p.phase.register","Registering inputs & outputs","Enregistrement des entrées et sorties","translated"
"p2p.phase.sign","Signing","Signature","translated"
"p2p.requiresPeers","Requires Tor + at least 2 peers in the same tier.","Nécessite Tor et au moins 2 pairs dans le même niveau.","translated"
"p2p.running","Running P2P round…","Exécution d’un tour P2P…","translated"
"p2p.start","Start P2P round","Démarrer un tour P2P","translated"
"p2p.title","P2P Fusion over Nostr","Fusion P2P via Nostr","translated"
"paper.addressConversionError","Address conversion error","Erreur de conversion d’adresse","translated"
"paper.addressDerivationFailed","Unable to derive a valid paper wallet address from the scanned key.","Impossible de dériver une adresse de portefeuille papier valide depuis la clé scannée.","translated"
"paper.back","Back","Retour","translated"
"paper.bchOutputs","BCH outputs","Sorties BCH","translated"
"paper.buildFailed","Failed to build sweep transaction.","Échec de création de la transaction de transfert.","translated"
"paper.confirmDescription","Slide to confirm the one-transaction paper wallet sweep.","Faites glisser pour confirmer le transfert du portefeuille papier en une transaction.","translated"
"paper.confirmTitle","Confirm sweep","Confirmer le transfert","translated"
"paper.decodingError","Decoding error","Erreur de décodage","translated"
"paper.description","Scan a WIF paper wallet and sweep BCH + CashTokens in one transaction.","Scannez un portefeuille papier WIF et transférez BCH + CashTokens en une transaction.","translated"
"paper.label","Paper wallet","Portefeuille papier","translated"
"paper.noCashTokens","No CashTokens detected.","Aucun CashToken détecté.","translated"
"paper.noDestination","No destination wallet address is available.","Aucune adresse de portefeuille de destination disponible.","translated"
"paper.noQrCode","No QR code detected. Please try again.","Aucun QR détecté. Réessayez.","translated"
"paper.notScanned","No paper wallet scanned yet.","Aucun portefeuille papier scanné.","translated"
"paper.noUtxos","No UTXOs found for this paper wallet. If this is a mainnet wallet and you are on chipnet, try switching networks.","Aucun UTXO trouvé pour ce portefeuille papier. S’il s’agit d’un portefeuille mainnet sur chipnet, essayez de changer de réseau.","translated"
"paper.oneTransaction","One transaction only.","Une seule transaction.","translated"
"paper.paperInputs","Paper wallet inputs","Entrées du portefeuille papier","translated"
"paper.scan","Scan","Scanner","translated"
"paper.scanBeforeSweep","Scan a paper wallet before sweeping.","Scannez un portefeuille papier avant le transfert.","translated"
"paper.spendableOutputPlural","spendable outputs","sorties dépensables","translated"
"paper.spendableOutputSingular","spendable output","sortie dépensable","translated"
"paper.sweep","Sweep","Transférer","translated"
"paper.sweepBroadcast","Sweep broadcast","Transfert diffusé","translated"
"paper.title","Paper Wallet","Portefeuille papier","translated"
"paper.tokenBacking","Token outputs are backed with 1000 sats.","Les sorties de tokens sont garanties par 1 000 sats.","translated"
"paper.tokenGroups","Token groups","Groupes de tokens","translated"
"paper.tokenOutputs","Token outputs","Sorties de tokens","translated"
"paper.unexpected","An unexpected error occurred.","Une erreur inattendue s’est produite.","translated"
"paper.unexpectedTryAgain","An unexpected error occurred. Please try again.","Une erreur inattendue s’est produite. Réessayez.","translated"
"paper.utxosTitle","Paper wallet UTXOs","UTXO du portefeuille papier","translated"
"paper.walletFeeInputs","Wallet fee inputs","Entrées de frais du portefeuille","translated"
"priceFeed.loading","Loading…","Chargement…","translated"
"qr.animatedTransfer","Animated QR transfer","Transfert QR animé","translated"
"qr.blocksRecovered","blocks recovered","blocs récupérés","translated"
"qr.cameraActive","Camera active — point at animated QR","Caméra active — visez le QR animé","translated"
"qr.cameraError","Camera unavailable","Caméra indisponible","translated"
"qr.cameraUnavailable","Camera access is unavailable","Accès à la caméra indisponible","translated"
"qr.cancel","Cancel","Annuler","translated"
"qr.duplicates","duplicates","doublons","translated"
"qr.holdSteady","Hold the phone steady and fill the frame with the QR code.","Tenez le téléphone immobile et remplissez le cadre avec le code QR.","translated"
"qr.receivingStream","Receiving QR stream","Réception du flux QR","translated"
"qr.scan","Scan QR","Scanner un QR","translated"
"qr.scanning","Scanning…","Numérisation…","translated"
"qr.streaming","Streaming frame {frame} · {blocks} blocks · {bytes} bytes","Transmission de la trame {frame} · {blocks} blocs · {bytes} octets","translated"
"qr.unableToDecode","Unable to decode QR stream","Impossible de décoder le flux QR","translated"
"qr.uniqueFrames","unique frames","trames uniques","translated"
"qr.walletUpdateProgress","Wallet update progress","Progression de la mise à jour du portefeuille","translated"
"qrSigning.approvedBy","Approved by {name}","Approuvée par {name}","translated"
"qrSigning.approveDemo","Approve demo request","Approuver la demande de démo","translated"
"qrSigning.approveReturn","2. Approve and return","2. Approuver et retourner","translated"
"qrSigning.close","Close","Fermer","translated"
"qrSigning.collectResponse","2. Collect response","2. Recueillir la réponse","translated"
"qrSigning.fingerprint","Fingerprint","Empreinte","translated"
"qrSigning.invalidRequest","Invalid signing request","Demande de signature invalide","translated"
"qrSigning.invalidResponse","Invalid signing response","Réponse de signature invalide","translated"
"qrSigning.mismatch","Signing response does not match this request","La réponse de signature ne correspond pas à cette demande","translated"
"qrSigning.network","Network","Réseau","translated"
"qrSigning.payload","Payload","Charge utile","translated"
"qrSigning.placeholderWarning","This demo returns a placeholder signature and never broadcasts.","Cette démo renvoie une signature fictive et ne diffuse jamais.","translated"
"qrSigning.prepareFailed","Unable to prepare mocknet fixture","Impossible de préparer la fixture mocknet","translated"
"qrSigning.preparing","Preparing mocknet fixture…","Préparation de la fixture mocknet…","translated"
"qrSigning.purpose","Purpose","Objectif","translated"
"qrSigning.rejectedBy","Rejected by {name}","Refusée par {name}","translated"
"qrSigning.requestReceived","Request received","Demande reçue","translated"
"qrSigning.requestSignature","Request signature","Demander une signature","translated"
"qrSigning.scanAnother","Scan another request","Scanner une autre demande","translated"
"qrSigning.scanApproval","Scan approval response","Scanner la réponse d’approbation","translated"
"qrSigning.scanRequest","1. Scan request","1. Scanner la demande","translated"
"qrSigning.showRequest","1. Show request","1. Afficher la demande","translated"
"qrSigning.showRequestHelp","On the other wallet, choose “Sign request” and scan this stream.","Sur l’autre portefeuille, choisissez « Signer la demande » et scannez ce flux.","translated"
"qrSigning.signRequest","Sign request","Signer la demande","translated"
"qrSigning.subtitle","Exchange a partially signed transaction between two OPTN wallet screens.","Échangez une transaction partiellement signée entre deux écrans OPTN Wallet.","translated"
"qrSigning.title","QR signing demo","Démo de signature QR","translated"
"quantumroot.activeNetwork","Quantumroot is active on this network. Use the vault workspace below to manage a normal spend lane and a quantum-safe recovery lane.","Quantumroot est actif sur ce réseau. Utilisez l’espace ci-dessous pour gérer une voie de dépense normale et une voie de récupération résistante au quantique.","translated"
"quantumroot.activeWorkspace","Active workspace for the beta-production Quantumroot flow.","Espace de travail actif pour le parcours Quantumroot en production bêta.","translated"
"quantumroot.back","Back","Retour","translated"
"quantumroot.betaProduction","Beta production","Production bêta","translated"
"quantumroot.betaTitle","Quantumroot Beta Production","Quantumroot en production bêta","translated"
"quantumroot.checkingBalances","Checking balances…","Vérification des soldes…","translated"
"quantumroot.close","Close","Fermer","translated"
"quantumroot.funded","{count} funded","{count} financé(s)","translated"
"quantumroot.fundedStatus","Funded","Financé","translated"
"quantumroot.guidedNow","Guided now: choose one approval key, lock it in Quantum Lock, then spend the matching coin.","Guidé maintenant : choisissez une clé d’approbation, verrouillez-la dans Quantum Lock, puis dépensez la pièce correspondante.","translated"
"quantumroot.liveNow","Live now: normal spending, balance tracking, and Quantum Lock BCH recovery.","Disponible maintenant : dépenses normales, suivi du solde et récupération de BCH par Quantum Lock.","translated"
"quantumroot.livePreview","Live preview","Aperçu en direct","translated"
"quantumroot.mainnetAhead","Quantumroot is visible on mainnet ahead of activation. The layout stays available, but key actions remain disabled until {date}.","Quantumroot est visible sur Mainnet avant son activation. La mise en page reste disponible, mais les actions principales sont désactivées jusqu’au {date}.","translated"
"quantumroot.mainnetPreview","Mainnet preview stays visible before activation.","L’aperçu Mainnet reste visible avant l’activation.","translated"
"quantumroot.noFundsYet","No funds yet","Aucun fonds pour le moment","translated"
"quantumroot.noVaults","No Quantumroot vaults derived yet. Sync vaults to provision them for existing wallet address indexes.","Aucun coffre Quantumroot n’a encore été dérivé. Synchronisez les coffres pour les provisionner à partir des index d’adresses existants du portefeuille.","translated"
"quantumroot.openVaults","Open Vaults","Ouvrir les coffres","translated"
"quantumroot.popup.action.chooseCoinLabel","Choose coin to spend","Choose coin to spend","needs-review"
"quantumroot.popup.action.chooseDescription","Choose one approval key for this vault.","Choose one approval key for this vault.","needs-review"
"quantumroot.popup.action.chooseLabel","Choose approval key","Choose approval key","needs-review"
"quantumroot.popup.action.chooseTitle","Choose an approval key","Choose an approval key","needs-review"
"quantumroot.popup.action.createDescription","Create or receive a plain NFT first, then use it as the approval key.","Create or receive a plain NFT first, then use it as the approval key.","needs-review"
"quantumroot.popup.action.createTitle","Create an approval key","Create an approval key","needs-review"
"quantumroot.popup.action.destinationDescription","Choose where the coin should go, then open the spend list.","Choose where the coin should go, then open the spend list.","needs-review"
"quantumroot.popup.action.destinationLabel","Set destination","Set destination","needs-review"
"quantumroot.popup.action.destinationTitle","Choose a destination","Choose a destination","needs-review"
"quantumroot.popup.action.disabledDescription","The spend list is ready, but spending is disabled on this network.","The spend list is ready, but spending is disabled on this network.","needs-review"
"quantumroot.popup.action.readyDescription","Tap a ready coin to spend it.","Tap a ready coin to spend it.","needs-review"
"quantumroot.popup.action.readyTitle","Ready to spend","Ready to spend","needs-review"
"quantumroot.popup.action.receiveDescription","Send the matching receive coin to the normal lane.","Send the matching receive coin to the normal lane.","needs-review"
"quantumroot.popup.action.receiveLabel","Add receive coin","Add receive coin","needs-review"
"quantumroot.popup.action.receiveTitle","Add the matching receive coin","Add the matching receive coin","needs-review"
"quantumroot.popup.action.refreshDescription","Refresh the wallet scan or choose another approval key.","Refresh the wallet scan or choose another approval key.","needs-review"
"quantumroot.popup.action.refreshLabel","Refresh vault","Refresh vault","needs-review"
"quantumroot.popup.action.refreshTitle","Refresh the vault","Refresh the vault","needs-review"
"quantumroot.popup.action.reviewLabel","Review spend","Review spend","needs-review"
"quantumroot.popup.action.sendDescription","Send the approval key to Quantum Lock.","Send the approval key to Quantum Lock.","needs-review"
"quantumroot.popup.action.sendLabel","Send approval key","Send approval key","needs-review"
"quantumroot.popup.action.sendTitle","Send the approval key","Send the approval key","needs-review"
"quantumroot.popup.addDestinationReview","Add a destination, then review spend.","Add a destination, then review spend.","needs-review"
"quantumroot.popup.addMatchingCoin","Add the matching coin to unlock spend.","Add the matching coin to unlock spend.","needs-review"
"quantumroot.popup.advanced","Advanced","Advanced","needs-review"
"quantumroot.popup.advancedRecovery","Advanced recovery","Advanced recovery","needs-review"
"quantumroot.popup.advancedRecoveryDescription","Recover regular BCH, recover Quantum Lock funds, or refresh vault status.","Recover regular BCH, recover Quantum Lock funds, or refresh vault status.","needs-review"
"quantumroot.popup.approvalKey","Approval key","Approval key","needs-review"
"quantumroot.popup.approvalKeyCapability","Approval key","Approval key","needs-review"
"quantumroot.popup.approvalKeyChanged","Approval key changed on chain","Approval key changed on chain","needs-review"
"quantumroot.popup.approvalKeyInLock","Approval key is in Quantum Lock.","Approval key is in Quantum Lock.","needs-review"
"quantumroot.popup.approvalKeyInQuantumLock","Your approval key is in Quantum Lock.","Your approval key is in Quantum Lock.","needs-review"
"quantumroot.popup.approvalKeyPicked","Approval key picked.","Approval key picked.","needs-review"
"quantumroot.popup.approvalKeySelected","Approval key selected","Approval key selected","needs-review"
"quantumroot.popup.approvalLane","Approval lane","Approval lane","needs-review"
"quantumroot.popup.approvalLaneDescription","Your approval key goes to Quantum Lock.","Your approval key goes to Quantum Lock.","needs-review"
"quantumroot.popup.available","{count} available","{count} available","needs-review"
"quantumroot.popup.availableApprovalKeys","Available approval keys","Available approval keys","needs-review"
"quantumroot.popup.bchRecoveryDescription","BCH recovery sends back to the matching standard wallet address for this vault index when available.","BCH recovery sends back to the matching standard wallet address for this vault index when available.","needs-review"
"quantumroot.popup.bchRecoveryDisabled","BCH recovery is temporarily disabled until the on-chain receive-script validation issue is resolved.","BCH recovery is temporarily disabled until the on-chain receive-script validation issue is resolved.","needs-review"
"quantumroot.popup.block.approvalPending","Send one approval key to Quantum Lock.","Send one approval key to Quantum Lock.","needs-review"
"quantumroot.popup.block.inactiveNetwork","Quantumroot spending is disabled on this network.","Quantumroot spending is disabled on this network.","needs-review"
"quantumroot.popup.block.noDestination","Choose a destination address before spending.","Choose a destination address before spending.","needs-review"
"quantumroot.popup.block.noFamily","Create or receive a plain NFT first. It becomes your approval key.","Create or receive a plain NFT first. It becomes your approval key.","needs-review"
"quantumroot.popup.block.pickFamily","Choose one plain NFT to use as the approval key.","Choose one plain NFT to use as the approval key.","needs-review"
"quantumroot.popup.block.receivePending","Send the matching receive coin to the normal lane.","Send the matching receive coin to the normal lane.","needs-review"
"quantumroot.popup.block.staleInventory","Your selected approval key is not visible right now. Refresh the vault or choose another key.","Your selected approval key is not visible right now. Refresh the vault or choose another key.","needs-review"
"quantumroot.popup.broadcastWarning","This will broadcast after confirmation.","This will broadcast after confirmation.","needs-review"
"quantumroot.popup.category","Category:","Category:","needs-review"
"quantumroot.popup.chooseApprovalKey","Choose approval key","Choose approval key","needs-review"
"quantumroot.popup.chooseApprovalKeyDescription","Quantumroot uses one plain NFT as the approval key. Advanced token tools live in CashTokens.","Quantumroot uses one plain NFT as the approval key. Advanced token tools live in CashTokens.","needs-review"
"quantumroot.popup.chooseOneApproval","Choose one approval key to continue.","Choose one approval key to continue.","needs-review"
"quantumroot.popup.commitment","Commitment:","Commitment:","needs-review"
"quantumroot.popup.completeSteps","Complete the approval key and matching receive coin steps before spending.","Complete the approval key and matching receive coin steps before spending.","needs-review"
"quantumroot.popup.confirmed","Confirmed","Confirmed","needs-review"
"quantumroot.popup.copyDestination","Copy destination","Copy destination","needs-review"
"quantumroot.popup.copyOrScanFund","Copy or scan to fund this vault.","Copy or scan to fund this vault.","needs-review"
"quantumroot.popup.copyQuantumLock","Copy Quantum Lock","Copy Quantum Lock","needs-review"
"quantumroot.popup.copyReceiveAddress","Copy receive address","Copy receive address","needs-review"
"quantumroot.popup.copyRecoveryAddress","Copy recovery address","Copy recovery address","needs-review"
"quantumroot.popup.createOrReceive","Create or receive a plain NFT first, then it will appear here as an approval key you can choose.","Create or receive a plain NFT first, then it will appear here as an approval key you can choose.","needs-review"
"quantumroot.popup.destination","Destination","Destination","needs-review"
"quantumroot.popup.destinationAddress","Destination address","Destination address","needs-review"
"quantumroot.popup.done","Done","Done","needs-review"
"quantumroot.popup.empty","empty","empty","needs-review"
"quantumroot.popup.found","{count} found","{count} found","needs-review"
"quantumroot.popup.fundMatchingReceive","Fund matching receive coin","Fund matching receive coin","needs-review"
"quantumroot.popup.fundMatchingReceiveDescription","Open the send screen prefilled to the vault receive address with the same approval key.","Open the send screen prefilled to the vault receive address with the same approval key.","needs-review"
"quantumroot.popup.helpShortcuts","Help and shortcuts","Help and shortcuts","needs-review"
"quantumroot.popup.inQuantumLock","{count} in Quantum Lock","{count} in Quantum Lock","needs-review"
"quantumroot.popup.inWallet","{count} in wallet","{count} in wallet","needs-review"
"quantumroot.popup.locked","{count} locked","{count} locked","needs-review"
"quantumroot.popup.mainnetDisabled","Mainnet Quantumroot uses the same UI as Chipnet, but the spend, recovery, and token-configuration actions remain disabled until activation on {date}.","Mainnet Quantumroot uses the same UI as Chipnet, but the spend, recovery, and token-configuration actions remain disabled until activation on {date}.","needs-review"
"quantumroot.popup.mintingNft","Minting NFT","Minting NFT","needs-review"
"quantumroot.popup.missing","Missing","Missing","needs-review"
"quantumroot.popup.mutableNft","Mutable NFT","Mutable NFT","needs-review"
"quantumroot.popup.needed","Needed","Needed","needs-review"
"quantumroot.popup.neededLater","Needed later","Needed later","needs-review"
"quantumroot.popup.nextStep","Next step","Next step","needs-review"
"quantumroot.popup.noApprovalKey","No approval key","No approval key","needs-review"
"quantumroot.popup.noDestination","No destination set","No destination set","needs-review"
"quantumroot.popup.noReadyCoin","No ready coin is available yet. After the approval key and the matching receive coin are present, spendable coins appear here.","No ready coin is available yet. After the approval key and the matching receive coin are present, spendable coins appear here.","needs-review"
"quantumroot.popup.normalLane","Normal vault lane","Normal vault lane","needs-review"
"quantumroot.popup.normalLaneDescription","Your BCH and matching receive coin go here.","Your BCH and matching receive coin go here.","needs-review"
"quantumroot.popup.normalLanePending","Add the matching receive coin after the approval key is in Quantum Lock.","Add the matching receive coin after the approval key is in Quantum Lock.","needs-review"
"quantumroot.popup.normalLaneReady","Your normal lane is ready.","Your normal lane is ready.","needs-review"
"quantumroot.popup.noStandardAddress","No standard wallet address available","No standard wallet address available","needs-review"
"quantumroot.popup.openCashTokens","Open CashTokens","Open CashTokens","needs-review"
"quantumroot.popup.openReceiveScreen","Open receive screen","Open receive screen","needs-review"
"quantumroot.popup.otherNft","Other NFT","Other NFT","needs-review"
"quantumroot.popup.otherNftDescription","It sits in Quantum Lock, but it is not the selected approval key. No direct withdrawal path exists yet.","It sits in Quantum Lock, but it is not the selected approval key. No direct withdrawal path exists yet.","needs-review"
"quantumroot.popup.otherNftInQuantumLock","Other NFT in Quantum Lock","Other NFT in Quantum Lock","needs-review"
"quantumroot.popup.otherNfts","{count} other NFT(s)","{count} other NFT(s)","needs-review"
"quantumroot.popup.outpoint","Outpoint","Outpoint","stable-term"
"quantumroot.popup.pending","Pending","Pending","needs-review"
"quantumroot.popup.pendingCoin","Pending coin","Pending coin","needs-review"
"quantumroot.popup.pickApprovalKey","Pick one approval key.","Pick one approval key.","needs-review"
"quantumroot.popup.plainBchCoins","{count} plain BCH coin(s)","{count} plain BCH coin(s)","needs-review"
"quantumroot.popup.plainBchDescription","Use this for plain BCH coins. Protected coins stay in the lanes above.","Use this for plain BCH coins. Protected coins stay in the lanes above.","needs-review"
"quantumroot.popup.previewOnly","Preview only on mainnet until activation.","Preview only on mainnet until activation.","needs-review"
"quantumroot.popup.protectedReceiveCount","Coins already handled by Protected spend: {count}","Coins already handled by Protected spend: {count}","needs-review"
"quantumroot.popup.protectedSpend","Protected spend","Protected spend","needs-review"
"quantumroot.popup.protectedSpendDescription","When the approval key and matching receive coin are present, spending opens here.","When the approval key and matching receive coin are present, spending opens here.","needs-review"
"quantumroot.popup.quantumLock","Quantum Lock","Quantum Lock","stable-term"
"quantumroot.popup.quantumLockBch","Quantum Lock BCH","Quantum Lock BCH","needs-review"
"quantumroot.popup.quantumLockRecovery","Quantum Lock recovery","Quantum Lock recovery","needs-review"
"quantumroot.popup.quantumLockRecoveryCount","Quantum Lock recovery coins: {count}","Quantum Lock recovery coins: {count}","needs-review"
"quantumroot.popup.quantumrootOpens","Quantumroot opens once the approval key sits in Quantum Lock and the matching receive coin sits in the normal lane.","Quantumroot opens once the approval key sits in Quantum Lock and the matching receive coin sits in the normal lane.","needs-review"
"quantumroot.popup.ready","Ready","Ready","needs-review"
"quantumroot.popup.readyCoin","Ready coin","Ready coin","needs-review"
"quantumroot.popup.readyCoinAvailable","Ready coin available.","Ready coin available.","needs-review"
"quantumroot.popup.readyCoins","{count} ready coin(s)","{count} ready coin(s)","needs-review"
"quantumroot.popup.receiveAddress","Receive address","Receive address","needs-review"
"quantumroot.popup.receiveBch","Receive BCH","Receive BCH","needs-review"
"quantumroot.popup.recover","Recover","Recover","needs-review"
"quantumroot.popup.recoverableBchCoins","Recoverable BCH coins","Recoverable BCH coins","needs-review"
"quantumroot.popup.recoverableBchCount","Recoverable BCH coins: {count}","Recoverable BCH coins: {count}","needs-review"
"quantumroot.popup.recovering","Recovering…","Recovering…","needs-review"
"quantumroot.popup.recoverRegularBch","Recover regular BCH","Recover regular BCH","needs-review"
"quantumroot.popup.refresh","Refresh","Refresh","needs-review"
"quantumroot.popup.refreshChooseAnother","Refresh the vault or choose another approval key.","Refresh the vault or choose another approval key.","needs-review"
"quantumroot.popup.refreshVault","Refresh vault","Refresh vault","needs-review"
"quantumroot.popup.refreshVaultStatus","Refresh vault status","Refresh vault status","needs-review"
"quantumroot.popup.reviewDestination","Review the destination before broadcasting.","Review the destination before broadcasting.","needs-review"
"quantumroot.popup.reviewSpend","Review spend","Review spend","needs-review"
"quantumroot.popup.reviewSpendSubtitle","Check the destination, approval key, and ready coin before you broadcast.","Check the destination, approval key, and ready coin before you broadcast.","needs-review"
"quantumroot.popup.reviewSpendTitle","Review spend","Review spend","needs-review"
"quantumroot.popup.saveApprovalKey","Save approval key","Save approval key","needs-review"
"quantumroot.popup.saving","Saving…","Saving…","needs-review"
"quantumroot.popup.selectedApprovalKey","Selected approval key","Selected approval key","needs-review"
"quantumroot.popup.selectedAsApproval","Selected as approval key","Selected as approval key","needs-review"
"quantumroot.popup.sendApprovalHere","Send the approval key here.","Send the approval key here.","needs-review"
"quantumroot.popup.sendApprovalKey","Send approval key","Send approval key","needs-review"
"quantumroot.popup.sendApprovalKeyDescription","Open the send screen prefilled to Quantum Lock with the selected approval key.","Open the send screen prefilled to Quantum Lock with the selected approval key.","needs-review"
"quantumroot.popup.sendApprovalKeyToLock","Send the approval key to Quantum Lock.","Send the approval key to Quantum Lock.","needs-review"
"quantumroot.popup.sendSelectedApprovalKey","Send the selected approval key to Quantum Lock.","Send the selected approval key to Quantum Lock.","needs-review"
"quantumroot.popup.spend","Spend","Spend","needs-review"
"quantumroot.popup.spendDestination","Spend destination","Spend destination","needs-review"
"quantumroot.popup.spending","Spending…","Spending…","needs-review"
"quantumroot.popup.sweepBch","Sweep BCH coins ({count})","Sweep BCH coins ({count})","needs-review"
"quantumroot.popup.sweeping","Sweeping…","Sweeping…","needs-review"
"quantumroot.popup.tapToOpen","Tap to open","Tap to open","needs-review"
"quantumroot.popup.unsupportedQuantumLock","Coins in Quantum Lock that belong to Protected spend are handled above; this recovery list only includes plain BCH coins.","Coins in Quantum Lock that belong to Protected spend are handled above; this recovery list only includes plain BCH coins.","needs-review"
"quantumroot.popup.unsupportedReceive","Coins with an approval key stay in Protected spend; this recovery list only includes plain BCH coins.","Coins with an approval key stay in Protected spend; this recovery list only includes plain BCH coins.","needs-review"
"quantumroot.popup.useRecoveryAddress","Use wallet recovery address","Use wallet recovery address","needs-review"
"quantumroot.popup.vaultSetup","Vault setup","Vault setup","needs-review"
"quantumroot.popup.vaultSetupDescription","Copy addresses and choose the approval key.","Copy addresses and choose the approval key.","needs-review"
"quantumroot.popup.waiting","Waiting","Waiting","needs-review"
"quantumroot.popup.walletRecoveryAddress","Wallet recovery address","Wallet recovery address","needs-review"
"quantumroot.readyToRecover","{count} ready to recover","{count} prêt(s) à récupérer","translated"
"quantumroot.refreshing","Refreshing balances and UTXO status. Vaults remain available while sync completes.","Actualisation des soldes et de l’état des UTXO. Les coffres restent disponibles pendant la synchronisation.","translated"
"quantumroot.subtitle","Two spending lanes in one vault","Deux voies de dépense dans un même coffre","translated"
"quantumroot.syncingVaults","Syncing Vaults…","Synchronisation des coffres…","translated"
"quantumroot.syncVaults","Sync Vaults","Synchroniser les coffres","translated"
"quantumroot.toast.approvalKeyMissing","This approval key is no longer visible. Refresh the vault or choose another key.","This approval key is no longer visible. Refresh the vault or choose another key.","needs-review"
"quantumroot.toast.authorizedBroadcast","Quantumroot authorized spend broadcast: {txid}","Quantumroot authorized spend broadcast: {txid}","needs-review"
"quantumroot.toast.authorizedFailed","Quantumroot authorized spend failed: {message}","Quantumroot authorized spend failed: {message}","needs-review"
"quantumroot.toast.broadcastAuthorizedFailed","Failed to broadcast Quantumroot authorized spend.","Failed to broadcast Quantumroot authorized spend.","needs-review"
"quantumroot.toast.broadcastLockRecoveryFailed","Failed to broadcast Quantum Lock recovery.","Failed to broadcast Quantum Lock recovery.","needs-review"
"quantumroot.toast.broadcastSpendFailed","Failed to broadcast Quantumroot spend.","Failed to broadcast Quantumroot spend.","needs-review"
"quantumroot.toast.broadcastSweepFailed","Failed to broadcast Quantumroot sweep.","Failed to broadcast Quantumroot sweep.","needs-review"
"quantumroot.toast.configureFailed","Failed to configure vault: {message}","Failed to configure vault: {message}","needs-review"
"quantumroot.toast.destinationRequired","Destination address is required.","Destination address is required.","needs-review"
"quantumroot.toast.ineligibleReceiveUtxo","That receive UTXO is not eligible for authorized spend.","That receive UTXO is not eligible for authorized spend.","needs-review"
"quantumroot.toast.invalidTokenCategory","Token category must be 64 hexadecimal characters.","Token category must be 64 hexadecimal characters.","needs-review"
"quantumroot.toast.lockRecoveryBroadcast","Quantum Lock recovery broadcast: {txid}","Quantum Lock recovery broadcast: {txid}","needs-review"
"quantumroot.toast.lockRecoveryFailed","Quantum Lock recovery failed: {message}","Quantum Lock recovery failed: {message}","needs-review"
"quantumroot.toast.noBchUtxos","No BCH-only receive UTXOs available to sweep.","No BCH-only receive UTXOs available to sweep.","needs-review"
"quantumroot.toast.noControlToken","No matching Quantum Lock control token is available yet.","No matching Quantum Lock control token is available yet.","needs-review"
"quantumroot.toast.previewActive","Quantumroot mainnet preview is active until activation.","Quantumroot mainnet preview is active until activation.","needs-review"
"quantumroot.toast.reconfigured","Quantumroot vault reconfigured.","Quantumroot vault reconfigured.","needs-review"
"quantumroot.toast.spendBroadcast","Quantumroot spend broadcast: {txid}","Quantumroot spend broadcast: {txid}","needs-review"
"quantumroot.toast.spendFailed","Quantumroot spend failed: {message}","Quantumroot spend failed: {message}","needs-review"
"quantumroot.toast.sweepBroadcast","Quantumroot sweep broadcast: {txid}","Quantumroot sweep broadcast: {txid}","needs-review"
"quantumroot.toast.sweepFailed","Quantumroot sweep failed: {message}","Quantumroot sweep failed: {message}","needs-review"
"quantumroot.toast.unavailable","Quantumroot vault unavailable.","Quantumroot vault unavailable.","needs-review"
"quantumroot.trackedBalance","Tracked Balance","Solde suivi","translated"
"quantumroot.vaultNumber","Vault #{id}","Coffre n° {id}","translated"
"quantumroot.vaults","Vaults","Coffres","translated"
"quantumroot.workspaceRefreshFailed","Workspace Refresh Failed","Échec de l’actualisation de l’espace de travail","translated"
"receive.addressesNotReady","Receive addresses not ready","Les adresses de réception ne sont pas prêtes","translated"
"receive.amountBch","Amount (BCH)","Montant (BCH)","translated"
"receive.back","Back","Retour","translated"
"receive.bip21Active","Request details are active and the QR is now encoding the BIP21 URI.","Les détails de la demande sont actifs et le QR encode maintenant l’URI BIP21.","translated"
"receive.bip21Description","Encode amount, label, and message into the QR payload.","Encodez le montant, le libellé et le message dans le payload QR.","translated"
"receive.bip21Help","When enabled, the QR and copied payload use a BIP21-style `bitcoincash:` URI so compatible wallets can autofill request details.","Lorsqu’elle est activée, le QR et le payload copié utilisent une URI de type BIP21 `bitcoincash:` afin que les portefeuilles compatibles remplissent automatiquement la demande.","translated"
"receive.bip21Title","BIP21 payment request","Demande de paiement BIP21","translated"
"receive.cashToken","CashToken","CashToken","stable-term"
"receive.change","Change","Monnaie","translated"
"receive.changeAddressCount","{count} change addresses","{count} adresses de monnaie","translated"
"receive.clear","Clear","Effacer","translated"
"receive.close","Close","Fermer","translated"
"receive.copied","Copied to clipboard!","Copié dans le presse-papiers !","translated"
"receive.copyBip21","Copy BIP21 URI","Copier l’URI BIP21","translated"
"receive.copyFailed","Failed to copy.","Échec de la copie.","translated"
"receive.copyQrPayload","Copy receive QR payload","Copier le payload QR de réception","translated"
"receive.dismiss","Dismiss","Fermer","translated"
"receive.dismissUnlockAlert","Dismiss unlock alert","Fermer l’alerte de déverrouillage","translated"
"receive.label","Label","Libellé","translated"
"receive.main","Main","Principale","translated"
"receive.mainAddressCount","{count} main addresses","{count} adresses principales","translated"
"receive.message","Message","Message","stable-term"
"receive.noAddressesLoaded","This wallet does not have receive addresses loaded yet.","Ce portefeuille n’a pas encore chargé d’adresses de réception.","translated"
"receive.noBranchAddresses","No addresses found in this branch yet.","Aucune adresse trouvée dans cette branche.","translated"
"receive.noVaultFunds","No Quantumroot vault funds detected yet.","Aucun fonds du coffre Quantumroot détecté pour le moment.","translated"
"receive.openQrPreview","Open larger QR code preview","Ouvrir un aperçu QR agrandi","translated"
"receive.optional","Optional","Facultatif","translated"
"receive.optionalExample","Optional, e.g. 0.0105","Facultatif, par ex. 0,0105","translated"
"receive.prepareAddresses","Prepare receive addresses","Préparer les adresses de réception","translated"
"receive.prepareAddressesDescription","Prepare addresses to show your receive QR and address list.","Préparez les adresses pour afficher le QR et la liste de réception.","translated"
"receive.privKeyReady","Private key view unlocked","Vue de la clé privée déverrouillée","translated"
"receive.privKeyUnlock","Private key unlock in {count} taps","Déverrouillage de la clé privée dans {count} touches","translated"
"receive.pubKeyTapProgress","PubKey pressed {count}/{total} times","PubKey pressée {count}/{total} fois","translated"
"receive.qrCopyDescription","Tap the QR to copy the current payload. Close to return.","Touchez le QR pour copier le payload actuel. Fermez pour revenir.","translated"
"receive.quantumLock","Quantum Lock","Quantum Lock","stable-term"
"receive.quantumLockAddress","Quantum Lock Address","Adresse Quantum Lock","translated"
"receive.quantumrootStatus","Quantumroot Status","État de Quantumroot","translated"
"receive.readOnlyStatus","This view is read-only. It shows vault status and key receive data, but no spending or recovery actions.","Cette vue est en lecture seule. Elle affiche l’état du coffre et les données de réception, sans action de dépense ou de récupération.","translated"
"receive.receiveAddress","Receive Address","Adresse de réception","translated"
"receive.receiveBalance","Receive Balance","Solde à recevoir","translated"
"receive.receiveQr","Receive QR","QR de réception","translated"
"receive.regular","Regular","Standard","translated"
"receive.seeAllAddresses","See all addresses","Voir toutes les adresses","translated"
"receive.switch","Switch","Changer","translated"
"receive.switchAddress","Switch address","Changer d’adresse","translated"
"receive.syncing","Syncing…","Synchronisation…","translated"
"receive.tapPubKey","Tap PubKey to reveal the private key view.","Touchez PubKey pour révéler la vue de la clé privée.","translated"
"receive.title","Receive","Recevoir","translated"
"receive.toggleAddressType","Toggle receive address type","Changer le type d’adresse de réception","translated"
"receive.unavailable","Unavailable","Indisponible","translated"
"reconfiguration.changingPath","Changing derivation path","Modification du chemin de dérivation","translated"
"reconfiguration.clearing","Clearing old wallet data","Effacement des anciennes données du portefeuille","translated"
"reconfiguration.clearingDetail","Removing the previous address, history, and UTXO records.","Suppression des anciennes adresses, de l’historique et des UTXO.","translated"
"reconfiguration.deriving","Generating wallet addresses","Génération des adresses du portefeuille","translated"
"reconfiguration.derivingDetail","Creating the receive and change addresses for this wallet path.","Création des adresses de réception et de monnaie pour ce chemin.","translated"
"reconfiguration.dismiss","Dismiss","Fermer","translated"
"reconfiguration.failed","Wallet update failed","Échec de la mise à jour du portefeuille","translated"
"reconfiguration.failedDetail","The wallet could not be reconfigured.","Impossible de reconfigurer le portefeuille.","translated"
"reconfiguration.keepOpen","Please keep OPTN Wallet open. Navigation is temporarily disabled while wallet data is rebuilt.","Gardez OPTN Wallet ouvert. La navigation est temporairement désactivée pendant la reconstruction des données.","translated"
"reconfiguration.movingTo","Moving to {network}","Migration vers {network}","translated"
"reconfiguration.preparing","Preparing wallet","Préparation du portefeuille","translated"
"reconfiguration.preparingDetail","Stopping background sync and reconnecting to the selected network.","Arrêt de la synchronisation en arrière-plan et reconnexion au réseau choisi.","translated"
"reconfiguration.progress","Wallet update progress","Progression de la mise à jour du portefeuille","translated"
"reconfiguration.reloading","Reloading wallet","Rechargement du portefeuille","translated"
"reconfiguration.stepOf","Step {current} of {total}","Étape {current} sur {total}","translated"
"reconfiguration.switchingNetwork","Switching network","Changement de réseau","translated"
"reconfiguration.syncing","Synchronizing wallet","Synchronisation du portefeuille","translated"
"reconfiguration.syncingDetail","Fetching balances, UTXOs, and transaction history. This can take 15–20 seconds.","Récupération des soldes, UTXO et de l’historique. Cela peut prendre 15 à 20 secondes.","translated"
"reconfiguration.updating","Updating wallet","Mise à jour du portefeuille","translated"
"reconfiguration.working","Working…","Traitement…","translated"
"recovery.hide","Hide Backup Phrase","Masquer la phrase de sauvegarde","translated"
"recovery.reveal","Reveal Backup Phrase","Révéler la phrase de sauvegarde","translated"
"recovery.warning","Warning","Avertissement","translated"
"recovery.warningDescription","Displaying your mnemonic backup phrase can compromise your funds. Ensure you keep it secure.","Afficher votre phrase mnémonique peut compromettre vos fonds. Conservez-la en lieu sûr.","translated"
"rpa.confirmedPayment","confirmed stealth payment","paiement furtif confirmé","translated"
"rpa.confirmedPayments","{count} confirmed stealth payment(s) found","{count} paiement(s) furtif(s) confirmé(s) trouvé(s)","translated"
"rpa.copyFailed","Copy failed.","Échec de la copie.","translated"
"rpa.copySuccess","Paycode copied!","Paycode copié !","translated"
"rpa.derivationFailed","Paycode derivation failed. Unlock your wallet and try again.","Échec de dérivation du Paycode. Déverrouillez le portefeuille et réessayez.","translated"
"rpa.derivationPaths","Derivation paths","Chemins de dérivation","translated"
"rpa.deriving","Deriving paycode…","Dérivation du Paycode…","translated"
"rpa.found","found","trouvé(s)","translated"
"rpa.howWorks","How it works","Fonctionnement","translated"
"rpa.lastScanned","Last scanned","Dernier scan","translated"
"rpa.noNotification","No notification tx.","Aucune transaction de notification.","translated"
"rpa.noNotificationText","The sender grinds their signature nonce until the input hash prefix matches your scan key — detectability is embedded in the signature itself.","L’expéditeur fait varier le nonce de signature jusqu’à ce que le préfixe du hachage d’entrée corresponde à votre clé de scan ; la détectabilité est intégrée à la signature.","translated"
"rpa.paycode","Paycode","Paycode","stable-term"
"rpa.prefixFilter","Prefix filter","Filtre de préfixe","translated"
"rpa.scanDescription","Scans a Fulcrum-RPA server for transactions whose input signature prefix matches your scan key. Uses ECDH to verify each candidate and detect your stealth outputs.","Scanne un serveur Fulcrum-RPA pour les transactions dont le préfixe de signature d’entrée correspond à votre clé de scan. Utilise ECDH pour vérifier chaque candidat et détecter vos sorties furtives.","translated"
"rpa.scanKey","Scan key","Clé de scan","translated"
"rpa.scanning","Scanning…","Scan…","translated"
"rpa.serverUnsupported","This server does not support RPA scanning.","Ce serveur ne prend pas en charge le scan RPA.","translated"
"rpa.shareDescription","Share this paycode with senders. Each payment creates a unique stealth address — no link between payments on-chain.","Partagez ce Paycode avec les expéditeurs. Chaque paiement crée une adresse furtive unique, sans lien entre les paiements sur la chaîne.","translated"
"rpa.spendKey","Spend key","Clé de dépense","translated"
"rpa.stealthBalance","Stealth BCH","BCH furtif","translated"
"rpa.sync","Sync","Synchroniser","translated"
"rpa.title","RPA Paycode","Paycode RPA","stable-term"
"rpa.walletUnavailable","Wallet not available","Portefeuille indisponible","translated"
"send.address","Address","Adresse","translated"
"send.advanced","Advanced","Avancé","translated"
"send.advancedBuilder","Open Advanced Builder","Ouvrir le constructeur avancé","translated"
"send.airdrops","Airdrops","Airdrops","needs-review"
"send.amount","Amount","Montant","translated"
"send.amountBch","Amount (BCH)","Montant (BCH)","translated"
"send.amountUsd","Amount (USD)","Montant (USD)","translated"
"send.asset","Asset","Actif","translated"
"send.assetControl","Asset control","Contrôle des actifs","translated"
"send.back","Back","Retour","translated"
"send.balance","Balance","Solde","translated"
"send.bcmrMetadata","Parsed using BCMR metadata from the selected category.","Analysé avec les métadonnées BCMR de la catégorie sélectionnée.","translated"
"send.bytes","bytes","octets","stable-term"
"send.changeAddress","Change address","Adresse de monnaie","translated"
"send.clearForm","Clear form","Effacer le formulaire","translated"
"send.confirmed","Confirmed","Confirmée","translated"
"send.contract","Contract","Contrat","translated"
"send.contractInputs","Contract inputs","Entrées de contrat","translated"
"send.copy","Copy","Copier","translated"
"send.debug","Debug","Débogage","translated"
"send.decimals","{count} decimals","{count} décimales","translated"
"send.details","Details","Détails","translated"
"send.enterBchForUsd","Enter a BCH amount to see the USD equivalent.","Saisissez un montant en BCH pour voir son équivalent en USD.","translated"
"send.enterUsdForBch","Enter a USD amount to see the BCH equivalent.","Saisissez un montant en USD pour voir son équivalent en BCH.","translated"
"send.fee","Fee","Frais","translated"
"send.fillMax","Fill the full spendable balance minus network fee","Remplir avec tout le solde disponible moins les frais réseau","translated"
"send.fillRequired","Fill the required fields first","Remplissez d’abord les champs obligatoires","translated"
"send.finalOutputs","Final outputs","Sorties finales","translated"
"send.guidedDescription","Send BCH, fungible tokens, or NFTs with one guided flow.","Envoyez des BCH, des tokens fongibles ou des NFT dans un parcours guidé unique.","translated"
"send.height","Height","Hauteur","translated"
"send.hide","Hide","Masquer","translated"
"send.inputs","Inputs","Entrées","translated"
"send.inputsUsed","Inputs used","Entrées utilisées","translated"
"send.insufficientFunds","Not enough funds. Check your balance or reduce the amount.","Fonds insuffisants. Vérifiez votre solde ou réduisez le montant.","translated"
"send.integer","integer","entier","translated"
"send.invalidAddress","Invalid address—double-check for typos or try scanning a QR code.","Adresse invalide — vérifiez les fautes ou scannez un QR.","translated"
"send.keepTxid","Keep this txid as your reference and avoid sending it again.","Conservez ce txid comme référence et évitez de le renvoyer.","translated"
"send.leaveBlankNft","Leave blank to send the first available NFT in this category.","Laissez vide pour envoyer le premier NFT disponible dans cette catégorie.","translated"
"send.loading","Loading…","Chargement…","translated"
"send.max","Max","Max","stable-term"
"send.networkError","Network error. Check your connection and try again.","Erreur réseau. Vérifiez votre connexion et réessayez.","translated"
"send.nft","NFT","NFT","stable-term"
"send.nftCategory","NFT category","Catégorie du NFT","translated"
"send.nftCommitment","NFT commitment","Engagement NFT","translated"
"send.nfts","NFTs","NFT","stable-term"
"send.noInputs","No inputs selected yet (run Review).","Aucune entrée sélectionnée (lancez Vérifier).","translated"
"send.noOutputs","No outputs yet (run Review).","Aucune sortie (lancez Vérifier).","translated"
"send.noTxBuilt","(no tx built yet)","(aucune transaction créée)","translated"
"send.openAirdrops","Open Airdrops","Ouvrir les airdrops","translated"
"send.optionalHexCommitment","Optional hex commitment…","Engagement hexadécimal facultatif…","translated"
"send.outpoint","Outpoint","Outpoint","stable-term"
"send.outputsCreated","Outputs created","Sorties créées","translated"
"send.pending","Pending","En attente","translated"
"send.quantumrootApproval","approval key to Quantum Lock","clé d’approbation pour Quantum Lock","translated"
"send.quantumrootHint","Review the recipient and token category, then tap Review to build the transaction.","Vérifiez le destinataire et la catégorie du token, puis touchez Vérifier pour créer la transaction.","translated"
"send.quantumrootNftHint","If there are multiple NFT entries, choose the one that matches the approval key.","S’il existe plusieurs entrées NFT, choisissez celle qui correspond à la clé d’approbation.","translated"
"send.quantumrootPrefilled","Prefilled to send the {label}","Prérempli pour envoyer {label}","translated"
"send.quantumrootReceive","matching receive coin to the vault receive address","coin reçu correspondant à l’adresse de réception du coffre","translated"
"send.quantumrootShortcut","Quantumroot shortcut","Raccourci Quantumroot","translated"
"send.rawTransaction","Raw transaction","Transaction brute","translated"
"send.recipient","Recipient","Destinataire","translated"
"send.recipientAmountLoaded","Recipient and amount loaded from QR.","Destinataire et montant chargés depuis le QR.","translated"
"send.recipientLoaded","Recipient loaded from QR.","Destinataire chargé depuis le QR.","translated"
"send.releaseToSend","Release to send","Libérer pour envoyer","translated"
"send.reset","Reset","Réinitialiser","translated"
"send.review","Review","Vérifier","translated"
"send.reviewTitle","Review Transaction","Vérifier la transaction","translated"
"send.sats","Sats","Sats","stable-term"
"send.scanQr","Scan QR","Scanner un QR","translated"
"send.selectCategory","Select category…","Sélectionner une catégorie…","translated"
"send.selectedInputs","Selected inputs","Entrées sélectionnées","translated"
"send.send","Send","Envoyer","translated"
"send.sending","Sending…","Envoi…","translated"
"send.sent","Transaction sent","Transaction envoyée","translated"
"send.show","Show","Afficher","translated"
"send.slideToConfirm","Slide to confirm","Faire glisser pour confirmer","translated"
"send.submitted","Transaction submitted","Transaction soumise","translated"
"send.summary","Summary","Résumé","translated"
"send.switchToBch","Switch amount input to BCH","Saisir le montant en BCH","translated"
"send.switchToUsd","Switch amount input to USD","Saisir le montant en USD","translated"
"send.technicalDetails","Technical details","Détails techniques","translated"
"send.title","Simple Send","Envoi simple","translated"
"send.to","To","À","translated"
"send.token","Token","Token","stable-term"
"send.tokenAmount","Token amount","Montant du token","translated"
"send.tokenCategory","Token category","Catégorie du token","translated"
"send.tokenChange","Token change","Monnaie du token","translated"
"send.tokenInputs","Token inputs","Entrées de token","translated"
"send.tokenLabel","Token","Token","stable-term"
"send.totalBch","Total (BCH)","Total (BCH)","stable-term"
"send.transactionSize","Transaction size","Taille de la transaction","translated"
"send.transferMode","Transfer mode","Mode de transfert","translated"
"send.type","Type","Type","stable-term"
"send.unconfirmedInputs","Unconfirmed inputs","Entrées non confirmées","translated"
"send.usdUnavailable","USD conversion is unavailable right now.","La conversion USD est momentanément indisponible.","translated"
"send.verifyRecipient","QR scanned. Verify recipient before sending.","QR scanné. Vérifiez le destinataire avant l’envoi.","translated"
"send.verifySlide","Verify details and slide to send.","Vérifiez les détails, puis faites glisser pour envoyer.","translated"
"send.waitingSync","Waiting for sync","Synchronisation en attente","translated"
"send.waitPrevious","Wait for your previous outgoing transaction to sync first","Attendez d’abord la synchronisation de la transaction sortante précédente","translated"
"server.active","● active","● actif","translated"
"server.add","Add","Ajouter","translated"
"server.addDesktopPlaceholder","Add server — Fulcrum host:50002, or a node host:8333","Ajouter un serveur — host Fulcrum:50002 ou host de nœud:8333","translated"
"server.addMobilePlaceholder","Add WSS server — host:50004","Ajouter un serveur WSS — host:50004","translated"
"server.addressUrlPlaceholder","Address URL, e.g. https://example.com/address/{address}","URL d’adresse, ex. https://example.com/address/{address}","translated"
"server.auto","Auto","Automatique","translated"
"server.autoBackend","Auto — server pool, with failover","Automatique — pool de serveurs avec basculement","translated"
"server.automatic","Automatic","Automatiques","translated"
"server.backend","Backend","Backend","stable-term"
"server.blockExplorer","Block explorer","Explorateur de blocs","translated"
"server.connect","Connect","Connecter","translated"
"server.connected","Connected.","Connecté.","translated"
"server.connectedServer","Connected server","Serveur connecté","translated"
"server.connecting","Connecting…","Connexion…","translated"
"server.connectionFailed","Connection failed","Échec de la connexion","translated"
"server.connectTitle","Connect to this server","Se connecter à ce serveur","translated"
"server.custom","Custom…","Personnalisé…","translated"
"server.customFee","Custom","Personnalisés","translated"
"server.defaultPortHint","Default port: 50004 (WSS). Use wss:// prefix to force WSS, or ws:// for unencrypted.","Port par défaut : 50004 (WSS). Utilisez wss:// pour forcer WSS, ou ws:// pour une connexion non chiffrée.","translated"
"server.explorerDescription","Used for “open in explorer” links on transactions.","Utilisé pour les liens « ouvrir dans l’explorateur » des transactions.","translated"
"server.feeDescription","Fee rate for new transactions. Automatic uses the network minimum (~1 sat/byte, Electron Cash default).","Taux des nouvelles transactions. Le mode automatique utilise le minimum du réseau (~1 sat/byte, valeur par défaut d’Electron Cash).","translated"
"server.feeUnit","sat/byte — applies to your next transaction","sat/byte — pour la prochaine transaction","translated"
"server.invalidHost","Enter a valid host:port (e.g. 192.168.0.129:50002).","Saisissez un host:port valide (ex. 192.168.0.129:50002).","translated"
"server.manual","Manual","Manuel","stable-term"
"server.node","Node","Nœud","stable-term"
"server.notConnected","Not connected","Non connecté","translated"
"server.onlyBackend","Only this backend is used — pinning a node means Electrum servers aren't consulted.","Seul ce backend est utilisé — épingler un nœud ignore les serveurs Electrum.","translated"
"server.placeholderHelp","Use {txid} and {address} as placeholders.","Utilisez {txid} et {address} comme paramètres.","translated"
"server.pool","{network} server pool","Pool de serveurs {network}","translated"
"server.rawNodeMobileError","Raw BCH node connections are only available on desktop. Add an Electrum/Fulcrum WSS server instead.","Les connexions directes aux nœuds BCH sont réservées au bureau. Ajoutez un serveur Electrum/Fulcrum WSS.","translated"
"server.remove","Remove","Supprimer","translated"
"server.saveCustom","Save custom explorer","Enregistrer l’explorateur personnalisé","translated"
"server.server","Server","Serveur","translated"
"server.serverInputPlaceholder","host, host:50004, or wss://host:50004","host, host:50004 ou wss://host:50004","translated"
"server.transactionFee","Transaction fee","Frais de transaction","translated"
"server.trustless","trustless","sans confiance","translated"
"server.txUrlPlaceholder","Tx URL, e.g. https://example.com/tx/{txid}","URL de transaction, ex. https://example.com/tx/{txid}","translated"
"server.useAuto","Use Auto","Utiliser le mode automatique","translated"
"settings.about","About OPTN","À propos d’OPTN","translated"
"settings.aboutSupport","About & support","À propos et assistance","translated"
"settings.aboutSupportDescription","Help, contact, terms, and app information","Aide, contact, conditions et informations sur l’application","translated"
"settings.connectionsFeatures","Connections & features","Connexions et fonctionnalités","translated"
"settings.connectionsFeaturesDescription","Servers, integrations, privacy features, and advanced tools","Serveurs, intégrations, confidentialité et outils avancés","translated"
"settings.contact","Contact Us","Contact","translated"
"settings.language","Language","Langue","translated"
"settings.languageDescription","Choose the wallet interface language","Choisissez la langue de l’interface","translated"
"settings.network","Network","Réseau","translated"
"settings.recovery","Recovery Phrase","Phrase de récupération","translated"
"settings.terms","Terms of Use","Conditions d’utilisation","translated"
"settings.walletSecurity","Wallet & security","Portefeuille et sécurité","translated"
"settings.walletSecurityDescription","Recovery, derivation path, app lock, and wallet controls","Récupération, chemin de dérivation, verrouillage et contrôles du portefeuille","translated"
"settingsAppLock.autoLockAfter","Auto-lock after","Verrouillage automatique après","translated"
"settingsAppLock.biometricDescription","Use {label} to unlock instead of typing your password.","Utilisez {label} pour déverrouiller sans saisir votre mot de passe.","translated"
"settingsAppLock.biometricSetupFailed","Biometric setup failed: {message}","Échec de la configuration biométrique : {message}","translated"
"settingsAppLock.biometricUnlock","Biometric unlock","Déverrouillage biométrique","translated"
"settingsAppLock.cancel","Cancel","Annuler","translated"
"settingsAppLock.changePassword","Change Password","Modifier le mot de passe","translated"
"settingsAppLock.confirm","Confirm","Confirmer","translated"
"settingsAppLock.confirmNewPassword","Confirm new password","Confirmer le nouveau mot de passe","translated"
"settingsAppLock.currentPassword","Current password","Mot de passe actuel","translated"
"settingsAppLock.currentPasswordIncorrect","Current password is incorrect.","Le mot de passe actuel est incorrect.","translated"
"settingsAppLock.disabled","Disabled","Désactivé","translated"
"settingsAppLock.enabled","Enabled","Activé","translated"
"settingsAppLock.enabling","Enabling…","Activation…","translated"
"settingsAppLock.encryption","Encryption","Chiffrement","translated"
"settingsAppLock.encryptionDescription","Your wallet is encrypted with a password-derived key (PBKDF2 · 600k iterations · AES-256-GCM). The key is never stored — it is derived in memory each time you unlock.","Votre portefeuille est chiffré avec une clé dérivée du mot de passe (PBKDF2 · 600 000 itérations · AES-256-GCM). La clé n’est jamais stockée : elle est dérivée en mémoire à chaque déverrouillage.","translated"
"settingsAppLock.lockNow","Lock Now","Verrouiller maintenant","translated"
"settingsAppLock.minute","1 minute","1 minute","stable-term"
"settingsAppLock.minutes","{count} minutes","{count} minutes","stable-term"
"settingsAppLock.never","Never","Jamais","translated"
"settingsAppLock.newPassword","New password","Nouveau mot de passe","translated"
"settingsAppLock.noWalletOpen","No wallet is open.","Aucun portefeuille ouvert.","translated"
"settingsAppLock.passwordChanged","Password changed successfully.","Mot de passe modifié avec succès.","translated"
"settingsAppLock.passwordChangeFailed","Password change failed. Please try again.","Échec de la modification du mot de passe. Réessayez.","translated"
"settingsAppLock.passwordMismatch","New passwords do not match.","Les nouveaux mots de passe ne correspondent pas.","translated"
"settingsAppLock.updating","Updating…","Mise à jour…","translated"
"settingsDerivation.activePath","Active BIP44 account path","Chemin de compte BIP44 actif","translated"
"settingsDerivation.alreadyActive","This derivation path is already active.","Ce chemin de dérivation est déjà actif.","translated"
"settingsDerivation.changeResync","Change and resync","Modifier et resynchroniser","translated"
"settingsDerivation.completed","Derivation path changed and wallet resync completed.","Chemin modifié et resynchronisation terminée.","translated"
"settingsDerivation.confirm","Changing the derivation path clears the current address, history, and UTXO records. The wallet will then regenerate and resync only the new path. Continue?","Modifier le chemin efface les adresses, l’historique et les UTXO actuels. Le portefeuille régénérera et resynchronisera uniquement le nouveau chemin. Continuer ?","translated"
"settingsDerivation.currentMode","Current mode: {mode}.","Mode actuel : {mode}.","translated"
"settingsDerivation.custom","custom","personnalisé","translated"
"settingsDerivation.description","OPTN supports one active BIP44 account path at a time. Reconfiguring it removes the old derived records and performs a fresh receive/change discovery and resync.","OPTN prend en charge un seul chemin de compte BIP44 actif à la fois. Sa reconfiguration supprime les anciens enregistrements dérivés et relance la découverte et la synchronisation des adresses de réception et de monnaie.","translated"
"settingsDerivation.failed","Wallet reconfiguration failed.","Échec de reconfiguration du portefeuille.","translated"
"settingsDerivation.invalidPath","Invalid derivation path.","Chemin de dérivation invalide.","translated"
"settingsDerivation.networkDefault","network default","réseau par défaut","translated"
"settingsDerivation.reconfiguring","Reconfiguring…","Reconfiguration…","translated"
"settingsDerivation.useDefault","Use network default","Utiliser le réseau par défaut","translated"
"settingsNetwork.active","Active","Actif","translated"
"settingsNetwork.chipnet","Chipnet","Chipnet","stable-term"
"settingsNetwork.chipnetDescription","BCH testnet for upcoming CHIPs — test funds only","Réseau de test BCH pour les futurs CHIPs — fonds de test uniquement","translated"
"settingsNetwork.comingSoon","Coming soon","Bientôt disponible","translated"
"settingsNetwork.description","Switching networks clears the active network records, derives the network path, and resynchronizes receive/change addresses. Custom paths are preserved across network changes.","Changer de réseau efface les données du réseau actif, dérive le chemin réseau et resynchronise les adresses de réception et de change. Les chemins personnalisés sont conservés.","translated"
"settingsNetwork.mainnet","Mainnet","Mainnet","stable-term"
"settingsNetwork.mainnetDescription","Live BCH network — real funds","Réseau BCH réel — fonds réels","translated"
"settingsNetwork.regtest","Regtest","Regtest","stable-term"
"settingsNetwork.reload","Reload and resync current wallet","Recharger et resynchroniser le portefeuille","translated"
"settingsNetwork.reloading","Reloading wallet…","Rechargement du portefeuille…","translated"
"settingsNetwork.switching","Switching…","Changement…","translated"
"settingsNetwork.testnet3","Testnet3","Testnet3","stable-term"
"settingsNetwork.testnet4","Testnet4","Testnet4","stable-term"
"settingsPanels.addons","Addons","Extensions","translated"
"settingsPanels.appLock","App Lock","Verrouillage de l’application","translated"
"settingsPanels.cashfusion","CashFusion","CashFusion","stable-term"
"settingsPanels.console","Console","Console","stable-term"
"settingsPanels.contract","Contract Info","Informations du contrat","translated"
"settingsPanels.derivation","Derivation Path","Chemin de dérivation","translated"
"settingsPanels.experimental","Experimental Features","Fonctionnalités expérimentales","translated"
"settingsPanels.faucet","Chipnet Faucet","Faucet Chipnet","stable-term"
"settingsPanels.nostr","Nostr & Chat","Nostr et chat","translated"
"settingsPanels.server","Server","Serveur","stable-term"
"settingsPanels.walletConnect","WalletConnect","WalletConnect","stable-term"
"settingsPanels.wizardConnect","WizardConnect","WizardConnect","stable-term"
"settingsRows.about","About OPTN","À propos d’OPTN","translated"
"settingsRows.aboutDescription","Version info","Informations de version","translated"
"settingsRows.addons","Addons","Modules complémentaires","translated"
"settingsRows.addonsDescription","Install and manage third-party addons","Installer et gérer les modules tiers","translated"
"settingsRows.appLock","App Lock","Verrouillage de l’application","translated"
"settingsRows.appLockDescription","Auto-lock · Change password","Verrouillage automatique · Changer le mot de passe","translated"
"settingsRows.console","Console","Console","stable-term"
"settingsRows.consoleDescription","App log · Electrum RPC","Journal de l’application · Electrum RPC","translated"
"settingsRows.contact","Contact Us","Contact","translated"
"settingsRows.contactDescription","Get help and support","Obtenir de l’aide et du support","translated"
"settingsRows.contractInfo","Contract Info","Informations sur les contrats","translated"
"settingsRows.contractInfoDescription","View contract details","Voir les détails du contrat","translated"
"settingsRows.derivation","Derivation Path","Chemin de dérivation","translated"
"settingsRows.derivationDescription","Customize and resync the active BIP44 path","Personnaliser et resynchroniser le chemin BIP44 actif","translated"
"settingsRows.experimental","Experimental Features","Fonctionnalités expérimentales","translated"
"settingsRows.experimentalDescription","RPA · CashFusion","RPA · CashFusion","stable-term"
"settingsRows.faucet","Chipnet Faucet","Faucet Chipnet","stable-term"
"settingsRows.faucetDescription","Get test BCH on Chipnet","Obtenir des BCH de test sur Chipnet","translated"
"settingsRows.language","Language","Langue","translated"
"settingsRows.languageDescription","Choose the wallet interface language","Choisir la langue de l’interface","translated"
"settingsRows.network","Network","Réseau","translated"
"settingsRows.networkDescription","Switch between Mainnet and Chipnet","Basculer entre Mainnet et Chipnet","translated"
"settingsRows.nostr","Nostr & Chat","Nostr et discussion","translated"
"settingsRows.nostrDescription","Private messages · Identity · Relay pool","Messages privés · Identité · Relais","translated"
"settingsRows.pendingOutbox","Pending Tx Locks","Verrous de transactions en attente","translated"
"settingsRows.pendingOutboxDescription","Review outgoing transaction locks","Vérifier les verrous des transactions sortantes","translated"
"settingsRows.recovery","Recovery Phrase","Phrase de récupération","translated"
"settingsRows.recoveryDescription","Back up your wallet","Sauvegarder le portefeuille","translated"
"settingsRows.server","Servers","Serveurs","translated"
"settingsRows.serverDescription","Electrum · Block explorer · Transaction fees","Electrum · Explorateur de blocs · Frais de transaction","translated"
"settingsRows.terms","Terms of Use","Conditions d’utilisation","translated"
"settingsRows.termsDescription","Read our terms","Lire nos conditions","translated"
"settingsRows.walletConnect","WalletConnect","WalletConnect","stable-term"
"settingsRows.walletConnectDescription","Manage dApp connections","Gérer les connexions dApp","translated"
"settingsRows.wizardConnect","WizardConnect","WizardConnect","stable-term"
"settingsRows.wizardConnectDescription","Connect to token wizards","Se connecter aux token wizards","translated"
"terms.acceptance","1. Acceptance of Terms","1. Acceptation des conditions","translated"
"terms.acceptanceText","By accessing and using the OPTN Wallet App (“the App”), you agree to comply with and be bound by these Terms of Use. If you do not agree, please do not use the App.","En accédant à l’application OPTN Wallet (« l’Application ») et en l’utilisant, vous acceptez de respecter les présentes conditions d’utilisation. Si vous n’êtes pas d’accord, n’utilisez pas l’Application.","translated"
"terms.deviceSecurity","Ensuring the security of your device and the App.","La sécurité de votre appareil et de l’Application.","translated"
"terms.modifications","6. Modifications","6. Modifications","stable-term"
"terms.modificationsText","The developers may modify, suspend, or discontinue the App without prior notice and may update these Terms. You are responsible for reviewing them periodically.","Les développeurs peuvent modifier, suspendre ou arrêter l’Application sans préavis et mettre à jour ces conditions. Vous devez les consulter régulièrement.","translated"
"terms.noLiability","4. No Liability","4. Absence de responsabilité","translated"
"terms.noLiabilityText","The developers assume no liability for loss, damage, or unauthorized access arising from use of the App, including cryptocurrency loss, data breaches, or device malfunctions. You use the App at your own risk.","Les développeurs déclinent toute responsabilité concernant les pertes, dommages ou accès non autorisés liés à l’utilisation de l’Application, notamment les pertes de cryptomonnaies, les violations de données ou les défaillances de l’appareil. Vous l’utilisez à vos propres risques.","translated"
"terms.noWarranty","5. No Warranty","5. Absence de garantie","translated"
"terms.noWarrantyText","The App is provided “as is” without express or implied warranties. The developers do not guarantee reliability, accuracy, completeness, error-free operation, or uninterrupted service.","L’Application est fournie « en l’état », sans garantie expresse ou implicite. Les développeurs ne garantissent ni sa fiabilité, ni son exactitude, ni son exhaustivité, ni un fonctionnement sans erreur ou ininterrompu.","translated"
"terms.purpose","2. Purpose","2. Objet","translated"
"terms.purposeText","The OPTN Wallet App lets users securely store, send, and receive cryptocurrency. You are responsible for the security of your private keys and assets.","L’application OPTN Wallet permet de stocker, envoyer et recevoir des cryptomonnaies en toute sécurité. Vous êtes responsable de la sécurité de vos clés privées et de vos actifs.","translated"
"terms.responsibilities","3. User Responsibilities","3. Responsabilités de l’utilisateur","translated"
"terms.responsibilitiesIntro","The OPTN Wallet App handles real cryptocurrency. You are solely responsible for:","L’application OPTN Wallet traite de vraies cryptomonnaies. Vous êtes seul responsable de :","translated"
"terms.responsibilitiesText","The development team is not responsible for loss of assets or unauthorized access resulting from failure to follow these practices.","L’équipe de développement n’est pas responsable des pertes d’actifs ou des accès non autorisés résultant du non-respect de ces pratiques.","translated"
"terms.safeguard","Safeguarding your private keys and recovery phrases.","La protection de vos clés privées et phrases de récupération.","translated"
"terms.verify","Verifying transaction details before confirming any actions.","La vérification des détails d’une transaction avant toute confirmation.","translated"
"token.activeMinting","Active Minting","Émission active","translated"
"token.authHead","Auth Head","Tête d’autorité","translated"
"token.bcmr","BCMR","BCMR","stable-term"
"token.bcmrUnavailable","BCMR metadata unavailable","Métadonnées BCMR indisponibles","translated"
"token.category","Category","Catégorie","translated"
"token.chainStatsError","Unable to load token chain statistics right now.","Impossible de charger les statistiques du token pour le moment.","translated"
"token.decimals","Decimals","Décimales","translated"
"token.id","Token ID","ID du token","translated"
"token.loading","Loading token data…","Chargement des données du token…","translated"
"token.no","No","Non","translated"
"token.symbol","Symbol","Symbole","translated"
"token.totalNfts","Total NFTs","Total des NFT","translated"
"token.totalSupply","Total Supply","Offre totale","translated"
"token.unavailable","Unavailable","Indisponible","translated"
"token.yes","Yes","Oui","translated"
"tor.appRunsOwn","The app runs its own Tor — no Tor Browser needed","L’application utilise son propre Tor — Tor Browser est inutile","translated"
"tor.autoDetect","Auto-detect (9050 / 9150)","Détection automatique (9050 / 9150)","translated"
"tor.bootstrapping","Bootstrapping Tor… {percent}%","Initialisation de Tor… {percent} %","translated"
"tor.check","Check Tor","Vérifier Tor","translated"
"tor.checking","Checking…","Vérification…","translated"
"tor.desktopOnly","Desktop only","Ordinateur uniquement","translated"
"tor.disable","Disable","Désactiver","translated"
"tor.enable","Enable","Activer","translated"
"tor.externalOption","Or use a Tor you run yourself:","Ou utilisez un Tor que vous exécutez vous-même :","translated"
"tor.foundOnPort","Tor found on port {port} ✓","Tor trouvé sur le port {port} ✓","translated"
"tor.integrated","Integrated Tor","Tor intégré","translated"
"tor.manualPort","Manual port","Port manuel","translated"
"tor.noExternal","No external Tor found. Either press “Start integrated Tor” above (recommended), or start Tor Browser (9150) / a system Tor daemon (9050) and press “Check Tor”. Without Tor, remote CashFusion is blocked.","Aucun Tor externe trouvé. Démarrez Tor intégré ci-dessus (recommandé), ou Tor Browser (9150) / le daemon Tor système (9050), puis cliquez sur « Vérifier Tor ». Sans Tor, CashFusion distant est bloqué.","translated"
"tor.noProxy","No Tor proxy running ✗","Aucun proxy Tor actif ✗","translated"
"tor.remoteRequired","Required for remote CashFusion servers","Requis pour les serveurs CashFusion distants","translated"
"tor.runningOn","Running on port {port} ✓","Actif sur le port {port} ✓","translated"
"tor.starting","Starting…","Démarrage…","translated"
"tor.startIntegrated","Start integrated Tor","Démarrer Tor intégré","translated"
"tor.stop","Stop","Arrêter","translated"
"tor.title","Tor","Tor","stable-term"
"tor.usingManual","Using manual port {port}","Utilisation du port manuel {port}","translated"
"txDetails.bch","BCH","BCH","stable-term"
"txDetails.index","Index","Index","stable-term"
"txDetails.locktime","Locktime","Délai de verrouillage","translated"
"txDetails.txid","TXID","TXID","stable-term"
"txDetails.version","Version","Version","stable-term"
"txSummary.bch","BCH","BCH","stable-term"
"txSummary.bchInput","bch input","entrée BCH","translated"
"txSummary.bytes","bytes","octets","stable-term"
"txSummary.fee","Fee","Frais","translated"
"txSummary.feeRate","Fee rate","Taux de frais","translated"
"txSummary.inputs","Inputs","Entrées","translated"
"txSummary.outputs","Outputs","Sorties","translated"
"txSummary.sats","sats","sats","stable-term"
"txSummary.token","token","token","stable-term"
"txSummary.tokenInput","token input","entrée de token","translated"
"txSummary.txSize","Tx size","Taille de la transaction","translated"
"utxo.amount","Amount","Montant","translated"
"utxo.bitcoinCash","Bitcoin Cash","Bitcoin Cash","stable-term"
"utxo.ft","FT","FT","stable-term"
"utxo.height","Height","Hauteur","translated"
"utxo.loading","Loading UTXOs…","Chargement des UTXO…","translated"
"utxo.name","Name","Nom","translated"
"utxo.nft","NFT","NFT","stable-term"
"utxo.none","No UTXOs to display.","Aucun UTXO à afficher.","translated"
"utxo.pos","Pos","Position","translated"
"utxo.tokens","tokens","tokens","stable-term"
"utxo.txHash","Tx Hash","Hash de transaction","translated"
"walkthrough.label","Walkthrough","Guide pas à pas","translated"
"watchOnly.accountXpub","Account xPub","xPub du compte","translated"
"watchOnly.back","Back to wallets","Retour aux portefeuilles","translated"
"watchOnly.change","Change #{index}","Monnaie #{index}","translated"
"watchOnly.chipnet","Chipnet","Chipnet","stable-term"
"watchOnly.comingNext","Coming next","Bientôt disponible","translated"
"watchOnly.description","Inspect public BCH addresses without importing any private keys.","Inspectez des adresses BCH publiques sans importer de clés privées.","translated"
"watchOnly.mainnet","Mainnet","Mainnet","stable-term"
"watchOnly.multipleCosigners","Multiple cosigners","Plusieurs cosignataires","translated"
"watchOnly.multisign","Multisign","Multisignature","translated"
"watchOnly.network","Network","Réseau","translated"
"watchOnly.pathNote","Confirm that SeedCash exported this account at m/44'/145'/account'. A standalone BIP32 xPub cannot prove its parent purpose or coin path.","Confirmez que SeedCash a exporté ce compte à m/44’/145’/account’. Un xPub BIP32 autonome ne prouve pas son objectif parent ni son chemin de coin.","translated"
"watchOnly.previewPublic","Preview public addresses","Prévisualiser les adresses publiques","translated"
"watchOnly.previewTitle","Public address preview","Aperçu des adresses publiques","translated"
"watchOnly.receive","Receive #{index}","Réception #{index}","translated"
"watchOnly.scanCamera","Scan (camera)","Scanner (caméra)","translated"
"watchOnly.standard","Standard","Standard","stable-term"
"watchOnly.title","Watch-Only Wallet Preview","Aperçu du portefeuille en lecture seule","translated"
"watchOnly.type","Watch-only wallet type","Type de portefeuille en lecture seule","translated"
"watchOnly.uploadQr","Upload QR","Importer un QR","translated"
"watchOnly.warning","Public preview only: this screen does not save a watch-only wallet or create, sign, import, or broadcast PSBT transactions yet.","Aperçu public uniquement : cet écran n’enregistre pas encore de portefeuille en lecture seule et ne crée, signe, importe ou diffuse pas de transactions PSBT.","translated"
"watchOnly.xpubPlaceholder","Paste the xPub exported by SeedCash","Collez le xPub exporté par SeedCash","translated"
"wc.activeSessions","Active WalletConnect Sessions","Sessions WalletConnect actives","translated"
"wc.address","Address","Adresse","translated"
"wc.approvalFailedBody","Failed to approve the session request from {name}.","Impossible d’approuver la demande de session de {name}.","translated"
"wc.approvalFailedTitle","WalletConnect approval failed","Échec de l’approbation WalletConnect","translated"
"wc.approve","Approve","Approuver","translated"
"wc.approvedBody","Connected to {name}.","Connecté à {name}.","translated"
"wc.approvedTitle","WalletConnect session approved","Session WalletConnect approuvée","translated"
"wc.approveSession","Approve Session","Approuver la session","translated"
"wc.broadcast","Broadcast","Diffuser","translated"
"wc.broadcastLocked","Another outgoing transaction is still syncing. To avoid duplicates while you are offline, this wallet will only broadcast one unresolved transaction at a time.","Une autre transaction sortante est encore en cours de synchronisation. Pour éviter les doublons hors ligne, ce portefeuille ne diffuse qu’une transaction non résolue à la fois.","translated"
"wc.cancel","Cancel","Annuler","translated"
"wc.close","Close","Fermer","translated"
"wc.connect","Connect","Connecter","translated"
"wc.connectionUri","Connection URI","URI de connexion","translated"
"wc.dappName","DApp Name","Nom du dApp","translated"
"wc.disconnect","Disconnect","Déconnecter","translated"
"wc.disconnectsOn","Disconnects On","Déconnexion le","translated"
"wc.domain","Domain","Domaine","translated"
"wc.enterUri","Enter WalletConnect URI","Saisir l’URI WalletConnect","translated"
"wc.estimatedFee","Estimated Fee","Frais estimés","translated"
"wc.fungibleAmount","Fungible Amount","Montant fongible","translated"
"wc.index","Index","Index","stable-term"
"wc.inputs","Inputs ({count})","Entrées ({count})","translated"
"wc.invalidLockingBytecode","Invalid locking bytecode","Bytecode de verrouillage invalide","translated"
"wc.invalidQr","Not a valid WalletConnect URI.","URI WalletConnect invalide.","translated"
"wc.messageApprovedBody","Approved the WalletConnect message request.","Demande de message WalletConnect approuvée.","translated"
"wc.messageFailedBody","Failed to sign WalletConnect message request.","Impossible de signer la demande de message WalletConnect.","translated"
"wc.messageFailedTitle","WalletConnect message failed","Échec du message WalletConnect","translated"
"wc.messageRejectedBody","Rejected the WalletConnect message request.","Demande de message WalletConnect refusée.","translated"
"wc.messageRejectedTitle","WalletConnect message rejected","Message WalletConnect refusé","translated"
"wc.messageRejectFailedBody","Failed to reject WalletConnect message request.","Impossible de refuser la demande de message WalletConnect.","translated"
"wc.messageSignedBody","Approved request from {name}.","Demande de {name} approuvée.","translated"
"wc.messageSignedTitle","WalletConnect message signed","Message WalletConnect signé","translated"
"wc.messageToSign","Message to Sign","Message à signer","translated"
"wc.nftCapability","NFT Capability","Capacité du NFT","translated"
"wc.nftCommitment","NFT Commitment","Engagement NFT","translated"
"wc.no","No","Non","translated"
"wc.noActiveSessions","No active WalletConnect sessions yet.","Aucune session WalletConnect active pour le moment.","translated"
"wc.noQr","No QR code detected. Try again.","Aucun QR détecté. Réessayez.","translated"
"wc.noSessions","No active sessions.","Aucune session active.","translated"
"wc.opReturnOutput","OP_RETURN Output","Sortie OP_RETURN","translated"
"wc.outputs","Outputs ({count})","Sorties ({count})","translated"
"wc.pairingStarted","WalletConnect pairing started.","Appairage WalletConnect commencé.","translated"
"wc.pairingSuccessful","WalletConnect pairing successful via QR.","Appairage WalletConnect réussi via QR.","translated"
"wc.prompt","Prompt","Demande","translated"
"wc.reject","Reject","Refuser","translated"
"wc.rejectedBody","Rejected the session request from {name}.","Demande de session de {name} refusée.","translated"
"wc.rejectedTitle","WalletConnect session rejected","Session WalletConnect refusée","translated"
"wc.rejectionFailedBody","Failed to reject the session request from {name}.","Impossible de refuser la demande de session de {name}.","translated"
"wc.rejectionFailedTitle","WalletConnect rejection failed","Échec du refus WalletConnect","translated"
"wc.rejectionSentBody","Sent the rejection response to the dApp.","Réponse de refus envoyée au dApp.","translated"
"wc.rejectionStaleBody","The dApp disconnected before the rejection response could be delivered.","Le dApp s’est déconnecté avant la livraison de la réponse de refus.","translated"
"wc.requestExpiredBody","The dApp request expired before it could be completed.","La demande du dApp a expiré avant son achèvement.","translated"
"wc.requestExpiredTitle","WalletConnect request expired","Demande WalletConnect expirée","translated"
"wc.scanFailed","WalletConnect scan failed.","Échec du scan WalletConnect.","translated"
"wc.scanQr","Scan QR","Scanner un QR","translated"
"wc.sessionDisconnectedBody","A WalletConnect session was disconnected remotely.","Une session WalletConnect a été déconnectée à distance.","translated"
"wc.sessionDisconnectedFrom","Disconnected from {name}.","Déconnecté de {name}.","translated"
"wc.sessionDisconnectedTitle","WalletConnect session disconnected","Session WalletConnect déconnectée","translated"
"wc.sessionRequestExpiredBody","The WalletConnect session request timed out before approval.","La demande de session WalletConnect a expiré avant son approbation.","translated"
"wc.sessionRequestExpiredTitle","WalletConnect session request expired","Demande de session WalletConnect expirée","translated"
"wc.sessionRequestFrom","Session request from {name}.","Demande de session de {name}.","translated"
"wc.sessionRequestGeneric","A dApp requested a WalletConnect session.","Un dApp a demandé une session WalletConnect.","translated"
"wc.sessionRequestTitle","WalletConnect session request","Demande de session WalletConnect","translated"
"wc.settings","Settings","Paramètres","translated"
"wc.sign","Sign","Signer","translated"
"wc.signMessageRequest","Sign Message Request","Demande de signature de message","translated"
"wc.signTransactionRequest","Sign Transaction Request","Demande de signature de transaction","translated"
"wc.tokenCategory","Token Category","Catégorie du token","translated"
"wc.totalInput","Total Input","Entrée totale","translated"
"wc.totalOutput","Total Output","Sortie totale","translated"
"wc.transactionApprovedTitle","WalletConnect transaction approved","Transaction WalletConnect approuvée","translated"
"wc.transactionFailedBody","Failed to sign WalletConnect transaction request: {message}","Impossible de signer la demande de transaction WalletConnect : {message}","translated"
"wc.transactionFailedTitle","WalletConnect transaction failed","Échec de la transaction WalletConnect","translated"
"wc.transactionRejectedTitle","WalletConnect transaction rejected","Transaction WalletConnect refusée","translated"
"wc.transactionRejectionFailedBody","Failed to reject WalletConnect transaction request: {message}","Impossible de refuser la demande de transaction WalletConnect : {message}","translated"
"wc.transactionResponseSentBody","Sent the WalletConnect transaction response.","Réponse de transaction WalletConnect envoyée.","translated"
"wc.transactionSentBody","Sent the transaction response to {name}.","Réponse de transaction envoyée à {name}.","translated"
"wc.transactionStaleBody","The dApp disconnected before the transaction response could be delivered.","Le dApp s’est déconnecté avant la livraison de la réponse de transaction.","translated"
"wc.txid","TXID","TXID","stable-term"
"wc.unknownDapp","Unknown dApp","dApp inconnu","translated"
"wc.unsupportedTransaction","This request uses an unsupported transaction representation in the current OPTN Wallet integration.","Cette demande utilise une représentation de transaction non prise en charge par l’intégration OPTN Wallet actuelle.","translated"
"wc.validUri","Please provide a valid WalletConnect URI.","Veuillez fournir une URI WalletConnect valide.","translated"
"wc.waitingForSync","Waiting for sync","Synchronisation en attente","translated"
"wc.waitPrevious","Wait for the previous outgoing transaction to sync first","Attendez d’abord la synchronisation de la transaction sortante précédente","translated"
"wc.working","Working…","Traitement…","translated"
"wc.yes","Yes","Oui","translated"
"wizard.activeSessions","Active WizardConnect Sessions","Sessions WizardConnect actives","translated"
"wizard.address","Address","Adresse","translated"
"wizard.approve","Approve WizardConnect","Approuver WizardConnect","translated"
"wizard.approved","WizardConnect transaction approved and sent.","Transaction WizardConnect approuvée et envoyée.","translated"
"wizard.approveFailed","WizardConnect transaction failed: {message}","Échec de la transaction WizardConnect : {message}","translated"
"wizard.broadcast","Broadcast","Diffuser","translated"
"wizard.cancel","Cancel","Annuler","translated"
"wizard.close","Close","Fermer","translated"
"wizard.connect","Connect","Connecter","translated"
"wizard.connectedOn","Connected On","Connecté le","translated"
"wizard.connecting","Connecting…","Connexion…","translated"
"wizard.connectionUri","Connection URI","URI de connexion","translated"
"wizard.connectQuestion","Connect this wallet to the following WizardConnect request?","Connecter ce portefeuille à la demande WizardConnect suivante ?","translated"
"wizard.dapp","DApp","dApp","stable-term"
"wizard.disconnect","Disconnect","Déconnecter","translated"
"wizard.enterUri","Enter WizardConnect URI","Saisir l’URI WizardConnect","translated"
"wizard.errorPrefix","Error: {message}","Erreur : {message}","translated"
"wizard.estimatedFee","Estimated Fee","Frais estimés","translated"
"wizard.fungibleAmount","Fungible Amount","Montant fongible","translated"
"wizard.index","Index","Index","stable-term"
"wizard.invalidQr","Not a valid WizardConnect QR code.","QR WizardConnect invalide.","translated"
"wizard.no","No","Non","translated"
"wizard.noActiveSessions","No active WizardConnect sessions yet.","Aucune session WizardConnect active pour le moment.","translated"
"wizard.noQr","No QR code detected. Try again.","Aucun QR détecté. Réessayez.","translated"
"wizard.noWallet","No active wallet is available for WizardConnect.","Aucun portefeuille actif n’est disponible pour WizardConnect.","translated"
"wizard.opReturnOutput","OP_RETURN Output","Sortie OP_RETURN","translated"
"wizard.pairingStarted","WizardConnect pairing started.","Appairage WizardConnect commencé.","translated"
"wizard.prompt","Prompt","Demande","translated"
"wizard.rejected","WizardConnect transaction rejected.","Transaction WizardConnect refusée.","translated"
"wizard.rejectFailed","WizardConnect rejection failed: {message}","Échec du refus WizardConnect : {message}","translated"
"wizard.scanFailed","WizardConnect scan failed.","Échec du scan WizardConnect.","translated"
"wizard.sessionDisconnectedOrExpired","A WizardConnect session disconnected or expired on the dApp side.","Une session WizardConnect s’est déconnectée ou a expiré côté dApp.","translated"
"wizard.settings","Settings","Paramètres","translated"
"wizard.sign","Sign","Signer","translated"
"wizard.signRequest","WizardConnect Sign Request","Demande de signature WizardConnect","translated"
"wizard.status","Status","État","stable-term"
"wizard.tokenCategory","Token Category","Catégorie du token","translated"
"wizard.totalInput","Total Input","Entrée totale","translated"
"wizard.totalOutput","Total Output","Sortie totale","translated"
"wizard.txid","TXID","TXID","stable-term"
"wizard.unknownDapp","Unknown dApp","dApp inconnu","translated"
"wizard.unsupportedTransaction","This request uses an unsupported transaction representation in the current OPTN Wallet integration.","Cette demande utilise une représentation de transaction non prise en charge par l’intégration OPTN Wallet actuelle.","translated"
"wizard.validUri","Please provide a valid WizardConnect URI.","Veuillez fournir une URI WizardConnect valide.","translated"
"wizard.yes","Yes","Oui","translated"
