"key","English (en)","Hausa (Nigeria) (ha-NG)","Status"
"about.building","Building and Sending Transactions","Gina da aika ciniki","translated"
"about.buildingText","Construct transactions with custom covenant conditions such as time locks, multisignature requirements, or allowlisted addresses.","Gina ciniki da sharuɗɗan covenant na musamman kamar time lock, sa hannun mutane da yawa ko adireshi da aka amince da su.","translated"
"about.cashscriptExamples","CashScript Covenant Examples","Misalan CashScript covenant","translated"
"about.cashscriptGuide","CashScript - Writing Covenants & Introspection","CashScript — rubuta covenants da introspection","translated"
"about.cointelegraph","Cointelegraph - What are Bitcoin covenants, and how do they work?","Cointelegraph — Menene Bitcoin covenants, kuma ta yaya suke aiki?","translated"
"about.community","Community Feedback","Ra’ayin al’umma","translated"
"about.communityText","Built with input from beta testers and real user needs.","An gina shi da ra’ayoyin beta testers da ainihin buƙatun masu amfani.","translated"
"about.creating","Creating and Importing Wallets","Ƙirƙira da shigo da wallets","translated"
"about.creatingText","Create new wallets or import existing ones using standard formats compatible with other Bitcoin wallets.","Ƙirƙiri sabon wallet ko shigo da wanda kake da shi ta tsarin da sauran Bitcoin wallets ke gane shi.","translated"
"about.feedback","Feedback and Support","Ra’ayi da taimako","translated"
"about.feedbackText","Your feedback helps us improve OPTN Wallet. For suggestions, issues, or support, contact us at","Ra’ayinka yana taimaka mana inganta OPTN Wallet. Don shawara, matsala ko taimako, tuntuɓe mu a","translated"
"about.flexibility","Flexibility","Sauƙin daidaitawa","translated"
"about.flexibilityText","Tailor your wallet experience with custom transaction conditions.","Daidaita amfani da wallet da sharuɗɗan ciniki na musamman.","translated"
"about.intended","Intended Use","Amfanin da aka nufa","translated"
"about.intendedText","OPTN is ready to help you manage digital assets with advanced covenant features, whether you are handling personal funds or exploring Bitcoin covenants.","OPTN na taimaka maka sarrafa kadarorin dijital da covenant na ci gaba, ko kana kula da kuɗinka ko kana koyon Bitcoin covenants.","translated"
"about.intuitive","Intuitive Design","Tsari mai sauƙin fahimta","translated"
"about.intuitiveText","A user-friendly interface that makes asset management approachable for beginners.","Fuska mai sauƙin amfani da ke taimaka wa sababbin masu amfani sarrafa kadarori.","translated"
"about.keyFeatures","Key Features","Muhimman fasaloli","translated"
"about.learn","Learn More About Bitcoin Covenants","Ƙara koyo game da Bitcoin covenants","translated"
"about.learnText","Explore these resources to deepen your understanding of Bitcoin covenants:","Binciki waɗannan albarkatu don ƙara fahimtar Bitcoin covenants:","translated"
"about.overview","Overview","Bayani gaba ɗaya","translated"
"about.overviewText","The OPTN Wallet App gives you direct control and security over your digital assets. Bitcoin covenants let you set custom rules for how funds can be spent, so your wallet can match your preferences.","Manhajar OPTN Wallet tana ba ka iko kai tsaye da tsaron kadarorin dijital. Bitcoin covenants suna ba ka damar saita ƙa’idodin kashe kuɗi na musamman.","translated"
"about.security","Security","Tsaro","translated"
"about.securityText","Bitcoin covenant features help protect assets from unauthorized transactions.","Fasalolin Bitcoin covenant suna taimakawa kare kadarori daga ciniki marar izini.","translated"
"about.unmatched","Unmatched Security","Tsaro na musamman","translated"
"about.unmatchedText","Define exactly how funds can be spent with Bitcoin covenants.","Ƙayyade ainihin yadda za a kashe kuɗi ta Bitcoin covenants.","translated"
"about.viewing","Viewing Covenants","Duba covenants","translated"
"about.viewingText","Review the rules that govern transactions so you can understand how your funds are protected.","Duba ƙa’idodin ciniki domin fahimtar yadda ake kare kuɗinka.","translated"
"about.why","Why Choose OPTN Wallet?","Me ya sa za ka zaɓi OPTN Wallet?","translated"
"about.wiki","Bitcoin Covenants Wiki","Wiki na Bitcoin covenants","translated"
"actions.advanced","Advanced","Na ci gaba","translated"
"actions.advancedActions","Advanced Actions","Ayyukan ci gaba","translated"
"actions.basic","Basic","Asali","translated"
"actions.basicActions","Basic Actions","Ayyukan asali","translated"
"actions.cashTokens","CashTokens","CashTokens","stable-term"
"actions.cashTokensDescription","Manage token families","Sarrafa rukunin token","translated"
"actions.commonWalletTasks","Common wallet tasks","Ayyukan walat da aka saba yi","translated"
"actions.contracts","Contracts","Kwangiloli","translated"
"actions.contractsDescription","Manage contract instances","Sarrafa misalan kwangila","translated"
"actions.deeperTools","Deeper tools and workflows","Kayan aiki da hanyoyin aiki na ci gaba","translated"
"actions.newAddress","New Address","Sabon adireshi","translated"
"actions.newAddressDescription","Generate a new address","Ƙirƙiri sabon adireshi","translated"
"actions.quantumroot","Quantumroot","Quantumroot","stable-term"
"actions.quantumrootBadge","Beta production","Beta mai aiki","translated"
"actions.quantumrootDescription","Quantum-ready vaults","Taskokin da aka tanada don zamanin quantum","translated"
"actions.receive","Receive","Karɓa","translated"
"actions.receiveDescription","Receive BCH or CashTokens","Karɓi BCH ko CashTokens","translated"
"actions.scanQr","Scan QR","Duba QR","translated"
"actions.scanQrDescription","Sweep paper wallets","Kwato walat ɗin takarda","translated"
"actions.send","Send","Aika","translated"
"actions.sendDescription","Send BCH or CashTokens","Aika BCH ko CashTokens","translated"
"actions.subtitle","Simple wallet actions for everyday use","Sauƙaƙan ayyukan walat don amfanin yau da kullum","translated"
"actions.taskMode","Task mode","Yanayin aiki","translated"
"actions.taskModeDescription","Basic tasks first, advanced tools one step deeper","Ayyukan asali da farko, kayan aiki na ci gaba a mataki na gaba","translated"
"actions.title","Actions","Ayyuka","stable-term"
"actions.transactionBuilder","Transaction Builder","Mai gina ma’amala","translated"
"actions.transactionBuilderDescription","Build custom transactions","Gina ma’amaloli na musamman","translated"
"actions.walletConnect","WalletConnect","WalletConnect","stable-term"
"actions.walletConnectDescription","Manage dApp sessions","Sarrafa zaman dApp","translated"
"actions.wizardConnect","WizardConnect","WizardConnect","stable-term"
"actions.wizardConnectDescription","XPub-key-enabled dApp sessions","Zaman dApp masu amfani da makullin XPub","translated"
"addons.description","Addons run in a sandboxed frame with no access to your wallet's keys or memory — they can only do what the permissions you approve allow.","Add-ons suna aiki a frame mai sandbox ba tare da damar maɓallan ko ƙwaƙwalwar wallet ba — suna yin abin da izinin da ka amince da shi kawai.","translated"
"addons.desktopOnly","Installing addons from a folder is only available on desktop.","Girka add-ons daga babban fayil yana samuwa a kwamfuta kawai.","translated"
"addons.installed","Installed addons","Add-ons da aka girka","translated"
"addons.installedStatus","Installed “{name}”. Restart the app to load it.","An girka “{name}”. Sake kunna manhaja don lodawa.","translated"
"addons.installFolder","Install from folder…","Girka daga babban fayil…","translated"
"addons.installing","Installing…","Ana girkawa…","translated"
"addons.none","No addons installed.","Babu add-on da aka girka.","translated"
"addons.uninstall","Uninstall","Cire girka","translated"
"addons.uninstalledStatus","Uninstalled. Restart the app for it to fully disappear.","An cire girka. Sake kunna manhaja don ya ɓace gaba ɗaya.","translated"
"app.back","Back","Koma","translated"
"app.close","Close","Rufe","translated"
"app.confirmLogout","Confirm Logout","Tabbatar da fita","translated"
"app.confirmLogoutDescription","Confirm logout to remove this wallet from the device.","Tabbatar da fita don cire wannan walat daga na’urar.","translated"
"app.help","Help","Taimako","translated"
"app.language","Language","Harshe","translated"
"app.languageDescription","Choose the wallet interface language","Zaɓi harshen fuskar walat ɗin ku","translated"
"app.logOut","Log Out","Fita","translated"
"app.quickAccess","Quick access","Samun sauri","translated"
"app.settings","Settings","Saituna","translated"
"app.toggleTheme","Toggle theme","Canza salo","translated"
"appLock.cancel","Cancel","Soke","translated"
"appLock.checking","Checking…","Ana dubawa…","translated"
"appLock.confirm","Confirm","Tabbatar","translated"
"appLock.confirmPassword","Confirm password","Tabbatar da kalmar sirri","translated"
"appLock.incorrect","Incorrect passphrase. Try again.","Jumlar ba daidai ba ce. Sake gwadawa.","translated"
"appLock.password","Password","Kalmar sirri","translated"
"appLock.revealBackup","Enter your password to reveal the backup phrase.","Shigar da kalmar sirri don nuna jumlar ajiya.","translated"
"appLock.verificationFailed","Verification failed. Please try again.","Tabbatarwa ta gaza. Sake gwadawa.","translated"
"apps.addonLoadFailed","Addon failed to load","Add-on ya kasa loda","translated"
"apps.advanced","Advanced","Na ci gaba","translated"
"apps.all","All","Duka","translated"
"apps.allowCapabilities","Allow {name} capabilities?","A ba {name} damar amfani da waɗannan iko?","translated"
"apps.allowOnce","Allow once","Bada sau ɗaya","translated"
"apps.allowSensitiveAction","Allow sensitive action?","A ba da izinin aiki mai muhimmanci?","translated"
"apps.alwaysAllow","Always allow","Bada koyaushe","translated"
"apps.appDefinition","App definition","Ma’anar manhaja","translated"
"apps.approveCapabilities","Approve required capabilities to continue.","Amince da ikon da ake buƙata don ci gaba.","translated"
"apps.back","Back","Koma","translated"
"apps.browse","Browse apps","Duba manhajoji","translated"
"apps.browseSubtitle","Wallet first, then tokens, utils, and advanced platforms","Wallet da farko, sai tokens, kayan amfani da dandamali na ci gaba","translated"
"apps.capabilitiesMessage","This addon app is requesting wallet capabilities before launch.","Wannan add-on yana neman ikon wallet kafin farawa.","translated"
"apps.capability","Capability:","Iko:","translated"
"apps.capability.addOutputs","Construct transaction outputs","Gina fitarwar ciniki","translated"
"apps.capability.addressUtxosRead","Read UTXOs for wallet addresses","Karanta UTXO na adireshin wallet","translated"
"apps.capability.addressUtxosRefresh","Refresh and store UTXOs for wallet addresses","Sabunta da adana UTXO na adireshin wallet","translated"
"apps.capability.broadcastTransactions","Broadcast transactions","Watsa ciniki","translated"
"apps.capability.buildTransactions","Build transactions","Gina ciniki","translated"
"apps.capability.fetchJson","Fetch JSON over HTTP","Samo JSON ta HTTP","translated"
"apps.capability.signatureTemplates","Create signature templates","Ƙirƙiri samfuran sa hannu","translated"
"apps.capability.signMessages","Sign messages with wallet keys","Sa hannu kan saƙonni da maɓallan wallet","translated"
"apps.capability.tokenHoldersRead","Read TokenIndex holder lists","Karanta jerin masu TokenIndex","translated"
"apps.capability.tokenMetadataRead","Read CashToken metadata","Karanta bayanan CashToken","translated"
"apps.capability.walletAddressesRead","Read wallet addresses","Karanta adireshin wallet","translated"
"apps.capability.walletContextRead","Read wallet context","Karanta mahallin wallet","translated"
"apps.capability.walletUtxosRead","Read wallet UTXOs","Karanta UTXO na wallet","translated"
"apps.capabilityRequested","{name} requested: {capability}.","{name} ya nema: {capability}.","translated"
"apps.cashFusionDescription","Private CoinJoin — server or P2P over Nostr + Tor","CoinJoin na sirri — server ko P2P ta Nostr + Tor","translated"
"apps.chatDescription","Private end-to-end encrypted Nostr messaging","Saƙon Nostr na sirri mai rufin sirri daga ƙarshe zuwa ƙarshe","translated"
"apps.comingSoon","Coming soon","Zai zo nan gaba","translated"
"apps.contractsDescription","Browse artifacts and manage deployed instances","Duba artifacts da sarrafa abubuwan da aka tura","translated"
"apps.deny","Deny","Ƙi","translated"
"apps.empty","No apps in this category.","Babu manhaja a wannan rukunin.","translated"
"apps.expectedScreen","Expected config.screen (or app.id) to map to a built-in app implementation.","config.screen (ko app.id) ya kamata ya nuna ga manhajar da aka gina a ciki.","translated"
"apps.failedToLoad","Failed to load app","An kasa loda manhaja","translated"
"apps.goToLanding","Go to Landing","Je shafin farko","translated"
"apps.loadFailed","Failed to load addon apps","An kasa loda manhajojin add-on","translated"
"apps.loadingAddon","Loading addon…","Ana loda add-on…","translated"
"apps.loadingApp","Loading app…","Ana loda manhaja…","translated"
"apps.noWallet","No wallet selected","Ba a zaɓi wallet ba","translated"
"apps.permissionDenied","Permission denied. App launch was blocked.","An ƙi izini. An toshe farawar manhaja.","translated"
"apps.quantumrootDescription","Receive and recovery tools for advanced vaults","Kayan karɓa da dawo da vault na ci gaba","translated"
"apps.resolvedScreenId","Resolved screen ID","ID ɗin allo da aka warware","translated"
"apps.subtitle","Extend your wallet with tools","Faɗaɗa wallet da kayan aiki","translated"
"apps.title","Apps","Manhajoji","translated"
"apps.token","Token","Token","stable-term"
"apps.unsupportedAppKind","Unsupported app kind:","Nau’in manhaja da ba a goyan baya:","translated"
"apps.unsupportedDeclarativeApp","Unsupported declarative app:","Manhajar bayani da ba a goyan baya:","translated"
"apps.utils","Utils","Kayan amfani","translated"
"apps.waitingPermission","Waiting for app permission","Ana jiran izinin manhaja","translated"
"apps.wallet","Wallet","Wallet","stable-term"
"assets.advancedVaultDescription","Receive and recovery tools for advanced vaults","Kayan karɓa da dawo da vaults masu ci gaba","translated"
"assets.advancedVaultWorkspace","Advanced vault workspace","Wurin aiki na vault mai ci gaba","translated"
"assets.bitcoinCash","Bitcoin Cash","Bitcoin Cash","stable-term"
"assets.cashTokenHoldings","CashToken holdings","CashTokens da ke cikin wallet","translated"
"assets.cashTokens","CashTokens","CashTokens","stable-term"
"assets.categories","categories","rukuni","translated"
"assets.chipnet","Chipnet","Chipnet","stable-term"
"assets.fungible","fungible","masu musanyawa","translated"
"assets.fungibleHoldings","Fungible token holdings","Token masu musanyawa da ke cikin wallet","translated"
"assets.mintingNfts","Minting NFTs","NFT na fitarwa","translated"
"assets.mintingNftsDescription","Authority to mint additional NFTs in this category","Ikon fitar da ƙarin NFT a wannan rukuni","translated"
"assets.mintTokens","Mint Tokens","Fitar da tokens","translated"
"assets.mutableNfts","Mutable NFTs","NFT masu canzawa","translated"
"assets.mutableNftsDescription","Commitment may be changed by the holder","Mai riƙewa zai iya canja alƙawarin","translated"
"assets.nfts","NFTs","NFT","stable-term"
"assets.noFungibleTokens","No fungible CashTokens found.","Ba a sami CashToken mai musanyawa ba.","translated"
"assets.noNfts","No NFTs found.","Ba a sami NFT ba.","translated"
"assets.nonFungibleHoldings","Non-fungible holdings","Kadarorin da ba sa musanyawa","translated"
"assets.openVaults","Open vaults","Buɗe vaults","translated"
"assets.plainNfts","Plain NFTs","NFT na yau da kullum","translated"
"assets.plainNftsDescription","Fixed commitment; cannot be changed or used to mint","Alƙawari tabbatacce; ba za a iya canja shi ko amfani da shi wajen fitarwa ba","translated"
"assets.primaryBalance","Primary wallet balance","Babban ma’aunin walat","translated"
"assets.quantumroot","Quantumroot","Quantumroot","stable-term"
"assets.quickInventory","Quick view of your wallet inventory","Saurin duba kadarorin wallet","translated"
"assets.tabBch","BCH","BCH","stable-term"
"assets.tabNfts","NFTs","NFT","stable-term"
"assets.tabTokens","Tokens","Token","stable-term"
"assets.title","Assets","Kadarori","translated"
"assets.toggleBalance","Toggle BCH and USD balance","Canja tsakanin ma’aunin BCH da USD","translated"
"assets.units","units","raka’a","translated"
"assets.usdPriceUnavailable","USD price unavailable","Farashin USD ba ya samuwa","translated"
"assets.usdUnavailable","USD unavailable","USD ba ya samuwa","translated"
"assets.vaultWorkspace","Vault workspace","Wurin aiki na vault","translated"
"bip37.addressesWithCoins","address(es) with coins","adireshi masu kuɗi","translated"
"bip37.blocks","blocks","blocks","stable-term"
"bip37.fromNode","BCH from the node ✓","BCH daga node ✓","translated"
"bip37.height","height","tsawo","translated"
"bip37.inUse","● in use","● ana amfani da shi","translated"
"bip37.node","Node","Node","stable-term"
"bip37.notServes","Does not serve BIP37 ✗ (bloom filtering off)","Ba ya hidimar BIP37 ✗ (an kashe bloom filtering)","translated"
"bip37.probe","Probe","Bincika","translated"
"bip37.probing","Probing…","Ana bincika…","translated"
"bip37.protocol","protocol","yarjejeniya","translated"
"bip37.remove","Remove","Cire","translated"
"bip37.scanned","scanned","an bincika","translated"
"bip37.serves","Serves BIP37 ✓","Yana hidimar BIP37 ✓","translated"
"bip37.sync","Sync","Daidaita","translated"
"bip37.syncing","Syncing…","Ana daidaitawa…","translated"
"bip37.syncingDetails","Syncing headers + scanning blocks via the node…","Ana daidaita headers da binciken blocks ta node…","translated"
"bip37.use","Use","Yi amfani","translated"
"bip37.useBalanceTitle","Derive this wallet's balance directly from the node (trustless SPV)","Fitar da ma’aunin wallet kai tsaye daga node (SPV marar dogaro)","translated"
"bip37.useNodeTitle","Use ONLY this node for wallet data (trustless; Electrum servers are not consulted)","Yi amfani da wannan node KAWAI don bayanan wallet (ba tare da dogaro ba; ba a tuntubar servers na Electrum)","translated"
"bip37.verified","Verified trustlessly: every matched tx proven by its block's merkle proof.","An tabbatar ba tare da dogaro ba: an tabbatar da kowace ciniki da ta dace ta merkle proof na block ɗinta.","translated"
"bip37.watching","watching","ana sa ido","translated"
"builder.addFirstRecipient","Add your first recipient","Ƙara mai karɓa na farko","translated"
"builder.addOpReturnOutput","Add OP_RETURN Output","Add OP_RETURN Output","needs-review"
"builder.addOutput","Add Output","Ƙara fitarwa","translated"
"builder.addRecipient","Add recipient","Ƙara mai karɓa","translated"
"builder.addRecipients","Add recipients","Ƙara masu karɓa","translated"
"builder.addRecipientsDescription","Add BCH recipients, token transfers, collectibles, or an optional message output.","Ƙara masu karɓar BCH, canja wurin token, abubuwan tarawa ko fitar da saƙo na zaɓi.","translated"
"builder.address","Address","Address","needs-review"
"builder.amount","Amount","Amount","needs-review"
"builder.amountToSend","Amount to send","Adadin da za a aika","translated"
"builder.attachMessage","Attach message","Haɗa saƙo","translated"
"builder.back","Back","Koma","translated"
"builder.bchAddress","BCH address","Adireshin BCH","translated"
"builder.bchAmountSats","BCH amount (sats)","BCH amount (sats)","needs-review"
"builder.bchFunds","BCH funds","BCH funds","needs-review"
"builder.broadcastedSuccess","Your transaction was broadcast successfully!","An watsa cinikinka cikin nasara!","translated"
"builder.buildTransaction","Build Transaction","Gina ciniki","translated"
"builder.buildTx","Build TX","Build TX","needs-review"
"builder.capability","Capability","Capability","needs-review"
"builder.category","Category","Category","needs-review"
"builder.chooseSource","Choose a source","Zaɓi tushe","translated"
"builder.chooseSourceDescription","Pick wallet addresses for normal sends, or contracts for script spends.","Zaɓi adireshin wallet don aikawa na yau da kullum, ko kwangila don kashe script.","translated"
"builder.chooseSourceHelp","Choose source","Zaɓi tushe","translated"
"builder.close","Close","Rufe","translated"
"builder.collectibleAmount","Collectible amount","Collectible amount","needs-review"
"builder.commitment","Commitment","Commitment","needs-review"
"builder.configureCollectible","Configure collectible","Configure collectible","needs-review"
"builder.confirmAndSend","Confirm and Send Transaction","Tabbatar ka aika ciniki","translated"
"builder.confirmTransaction","Confirm Transaction","Tabbatar da ciniki","translated"
"builder.contract","Contract","Contract","needs-review"
"builder.contractAddress","Contract address","Adireshin kwangila","translated"
"builder.contractAssets","Contract assets","Contract assets","needs-review"
"builder.contractFunction","Contract Function","Contract Function","needs-review"
"builder.contractFunds","Contract funds","Contract funds","needs-review"
"builder.contracts","Contracts","Kwangiloli","translated"
"builder.contractSourceCount","{count} contract source(s)","{count} contract source(s)","needs-review"
"builder.contractSourcePlural","{count} contract sources","{count} contract sources","needs-review"
"builder.contractSources","Contract sources","Tushen kwangila","translated"
"builder.contractSourceSingular","{count} contract source","{count} contract source","needs-review"
"builder.copyToClipboard","Copy to clipboard","Kwafi zuwa clipboard","translated"
"builder.createCollectible","Create collectible","Ƙirƙiri abin tarawa","translated"
"builder.createToken","Create token","Ƙirƙiri token","translated"
"builder.customSend","Custom Send","Aika na musamman","translated"
"builder.decodeFailed","Unable to decode transaction. Showing raw hex:","An kasa fassara ciniki. Ana nuna raw hex:","translated"
"builder.dragToConfirm","Drag to Confirm","Jawo don tabbatarwa","translated"
"builder.enterTokenAmount","Enter amount (max {amount})","Enter amount (max {amount})","needs-review"
"builder.estimatedNetworkFee","Estimated network fee","Kiyasin kuɗin hanyar sadarwa","translated"
"builder.feeReserve","Leaving a {count} sat fee reserve.","Ana barin ajiyar fee na {count} sat.","translated"
"builder.flow","Flow","Tsari","translated"
"builder.flowDescription","Pick a source, choose funds, add recipients, then preview the final transaction before sending.","Zaɓi tushe, zaɓi kuɗi, ƙara masu karɓa, sannan ka duba cinikin ƙarshe kafin aikawa.","translated"
"builder.fundsSelected","Funds selected","An zaɓi kuɗi","translated"
"builder.fungibleAmount","Fungible Amount","Fungible Amount","needs-review"
"builder.fungibleTokens","Fungible Tokens","Fungible Tokens","needs-review"
"builder.genesisCollectible","Genesis input for this collectible","Genesis input for this collectible","needs-review"
"builder.genesisInput","Genesis input for this token","Genesis input for this token","needs-review"
"builder.help","Help","Taimako","translated"
"builder.howWorks","How this works","Yadda yake aiki","translated"
"builder.inputs","Inputs","Inputs","needs-review"
"builder.leftoverBchPlaceholder","Wallet address for leftover BCH","Adireshin wallet don ragowar BCH","translated"
"builder.max","Max","Mafi yawa","translated"
"builder.maxSpendable","Set to maximum spendable (leaves 2000 sats for fees)","Saita mafi yawan da za a kashe (bar 2000 sats don fee)","translated"
"builder.missingUnlocker","Missing unlocker!","Unlocker ya ɓace!","translated"
"builder.next","Next","Na gaba","translated"
"builder.nftCapability","NFT Capability","NFT Capability","needs-review"
"builder.nftCommitment","NFT Commitment","NFT Commitment","needs-review"
"builder.noContractAddresses","No contract addresses available.","Babu adireshin kwangila da ke samuwa.","translated"
"builder.noFundsSelected","No funds selected yet.","Ba a zaɓi kuɗi tukuna ba.","translated"
"builder.none","None","None","needs-review"
"builder.nonFungibleTokens","Non-Fungible Tokens","Non-Fungible Tokens","needs-review"
"builder.noOutputs","No outputs added yet.","Ba a ƙara fitarwa tukuna ba.","translated"
"builder.noQrCode","No QR code detected. Please try again.","No QR code detected. Please try again.","needs-review"
"builder.noSpendableBalance","No spendable balance after fee reserve","Babu ma’aunin da za a kashe bayan ajiyar kuɗin fee","translated"
"builder.noUtxosSelected","No UTXOs selected.","Ba a zaɓi UTXO ba.","translated"
"builder.noWalletAddresses","No wallet addresses available.","Babu adireshin wallet da ke samuwa.","translated"
"builder.opReturnData","OP_RETURN Data","OP_RETURN Data","needs-review"
"builder.opReturnEmpty","OP_RETURN data cannot be empty.","OP_RETURN data cannot be empty.","needs-review"
"builder.opReturnOutput","OP_RETURN Output","OP_RETURN Output","needs-review"
"builder.opReturnPlaceholder","Enter space-separated ASCII words","Enter space-separated ASCII words","needs-review"
"builder.outputs","Outputs","Outputs","needs-review"
"builder.paperWallet","Paper Wallet","Paper Wallet","needs-review"
"builder.paperWalletUtxos","Paper Wallet UTXOs","Paper Wallet UTXOs","needs-review"
"builder.pickFunds","Pick funds","Zaɓi kuɗi","translated"
"builder.pickFundsDescription","Select the BCH, tokens, or collectibles that will fund this transaction.","Zaɓi BCH, tokens ko abubuwan tarawa da za su ba wannan ciniki kuɗi.","translated"
"builder.rawTransactionDetails","Raw Transaction Details","Cikakkun bayanan ciniki na asali","translated"
"builder.ready","Ready","A shirye","translated"
"builder.recipient","{count} recipient","{count} recipient","needs-review"
"builder.recipientAddress","Recipient Address","Adireshin mai karɓa","translated"
"builder.recipientCount","{count} recipients","{count} recipients","needs-review"
"builder.recipients","Recipients","Masu karɓa","translated"
"builder.recipientsAdded","Recipients added","An ƙara masu karɓa","translated"
"builder.remove","Remove","Cire","translated"
"builder.removeAllRecipients","Remove all recipients","Cire duk masu karɓa","translated"
"builder.returnLeftover","Return leftover funds to","Mayar da ragowar kuɗi zuwa","translated"
"builder.reviewAndSend","Review and send","Duba ka aika","translated"
"builder.reviewAndSendDescription","Preview first, then send only when the summary looks right.","Duba farko, sannan ka aika kawai idan taƙaitaccen bayani ya yi daidai.","translated"
"builder.reviewFunds","Review funds","Duba kuɗi","translated"
"builder.reviewRecipients","Review recipients","Duba masu karɓa","translated"
"builder.scanQrCode","Scan QR Code","Duba QR code","translated"
"builder.selectedFunds","Selected funds","Kuɗin da aka zaɓa","translated"
"builder.selectedItem","{count} selected item","{count} selected item","needs-review"
"builder.selectedItems","{count} selected items","{count} selected items","needs-review"
"builder.selectGenesisInput","Select genesis input","Select genesis input","needs-review"
"builder.selectSource","Select a source to continue.","Zaɓi tushe don ci gaba.","translated"
"builder.sendBch","Send BCH","Aika BCH","translated"
"builder.sendTx","Send TX","Send TX","needs-review"
"builder.sendWarning","You are about to send a transaction. Please confirm that all details are correct. This action cannot be undone.","Kana gab da aika ciniki. Tabbatar da duk bayanai sun yi daidai. Ba za a iya mayar da wannan aikin ba.","translated"
"builder.sourcesChosen","Sources chosen","An zaɓi tushe","translated"
"builder.step","Step {number}","Mataki na {number}","translated"
"builder.token","Token","Token","needs-review"
"builder.tokenAddress","Token address","Adireshin token","translated"
"builder.tokenAmount","Token Amount","Token Amount","needs-review"
"builder.tokenCategory","Token Category","Token Category","needs-review"
"builder.tokenCategoryLabel","Token Category","Token Category","needs-review"
"builder.tokensCollectibles","Tokens & collectibles","Tokens & collectibles","needs-review"
"builder.transactionError","Transaction Error","Kuskuren ciniki","translated"
"builder.transactionSubmitted","Transaction Submitted","An aika ciniki","translated"
"builder.transactionSubmittedDescription","Your transaction has been submitted. Use this txid as the reference and avoid sending it again.","An aika cinikinka. Yi amfani da wannan txid a matsayin tunani kuma kada ka sake aikawa.","translated"
"builder.transactionSuccessful","Transaction Successful","Ciniki ya yi nasara","translated"
"builder.transferMinimum","Transfer amount must be at least {count}.","Transfer amount must be at least {count}.","needs-review"
"builder.tryAgain","Try Again","Sake gwadawa","translated"
"builder.txHash","Tx Hash","Tx Hash","needs-review"
"builder.txId","TX ID","TX ID","needs-review"
"builder.viewExplorer","View on Explorer","Duba a explorer","translated"
"builder.wallet","Wallet","Wallet","needs-review"
"builder.walletAssets","Wallet assets","Wallet assets","needs-review"
"builder.walletFunds","Wallet funds","Kuɗin wallet","translated"
"builder.walletSourceCount","{count} wallet source(s)","{count} wallet source(s)","needs-review"
"builder.walletSourcePlural","{count} wallet sources","{count} wallet sources","needs-review"
"builder.walletSources","Wallet sources","Tushen wallet","translated"
"builder.walletSourceSingular","{count} wallet source","{count} wallet source","needs-review"
"builder.warning","⚠️ Warning","⚠️ Gargaɗi","translated"
"camera.cancel","Cancel","Soke","translated"
"camera.scan","Scan QR with camera","Duba QR da kyamara","translated"
"camera.unavailable","Camera unavailable: {error}. Use Upload instead.","Kyamara ba ta samuwa: {error}. Yi amfani da Upload.","translated"
"cauldron.active","active","masu aiki","translated"
"cauldron.description","Detected from the active wallet receive/change/DeFi address set through the Cauldron indexer.","Indexer na Cauldron ya gano su daga rukunin adireshin karɓa, canji da DeFi na wallet mai aiki.","translated"
"cauldron.positions","Cauldron positions","Matsayi na Cauldron","translated"
"cauldron.tokenCategories","token categories","rukunan token","translated"
"chat.back","Back to conversations","Koma hirarraki","translated"
"chat.choosePhoto","Choose photo","Zaɓi hoto","translated"
"chat.copyNpub","Copy npub","Kwafi npub","translated"
"chat.displayName","Display name","Sunan nuni","translated"
"chat.emptyDescription","Pick a conversation, or tap + to message someone by their npub. Messages are end-to-end encrypted over Nostr.","Zaɓi hira, ko danna + don aika saƙo ga wani ta npub. Saƙonni suna da rufin sirri daga ƙarshe zuwa ƙarshe ta Nostr.","translated"
"chat.encrypted","End-to-end encrypted","An rufe daga ƙarshe zuwa ƙarshe","translated"
"chat.messagePlaceholder","Message…","Saƙo…","stable-term"
"chat.newChat","New chat","Sabuwar hira","translated"
"chat.newConversation","New conversation","Sabuwar hira","translated"
"chat.noConversations","No conversations yet. Tap + to start one.","Babu hira tukuna. Danna + don farawa.","translated"
"chat.noMessages","No messages yet. Say hi — messages are end-to-end encrypted.","Babu saƙo tukuna. Yi gaisuwa — saƙonni suna da rufin sirri daga ƙarshe zuwa ƙarshe.","translated"
"chat.open","Open","Buɗe","translated"
"chat.privateConversations","Your private conversations","Hirarrakinka na sirri","translated"
"chat.privateMessaging","Private Nostr messaging","Saƙon Nostr na sirri","translated"
"chat.profile","Profile","Bayanan kai","translated"
"chat.profilePublished","Profile published ✓","An buga bayanan kai ✓","translated"
"chat.publishProfile","Publish profile","Buga bayanan kai","translated"
"chat.recipient","Recipient npub…","npub na mai karɓa…","translated"
"chat.searchConversations","Search conversations","Nemi hirarraki","translated"
"chat.send","Send","Aika","translated"
"chat.setup","Nostr setup","Saitin Nostr","translated"
"chat.title","Chat","Hira","translated"
"chat.youPrefix","You: ","Kai: ","translated"
"chat.yourNpub","Your npub","npub ɗinka","translated"
"confirm.action","Confirm action","Tabbatar da aiki","translated"
"confirm.cancel","Cancel","Soke","translated"
"confirm.ok","OK","To","stable-term"
"console.appLog","App Log","Littafin ayyukan manhaja","translated"
"console.clear","Clear","Share","translated"
"console.noEntries","No log entries yet.","Babu shigarwa a littafin ayyuka tukuna.","translated"
"console.placeholder","method [params…]","method [params…]","stable-term"
"console.rpc","Electrum RPC","Electrum RPC","stable-term"
"console.send","Send","Aika","translated"
"console.sending","…","…","stable-term"
"console.typeHint","Type: method param1 param2 — e.g. server.version or blockchain.headers.subscribe","Rubuta: hanya siga1 siga2 — misali server.version ko blockchain.headers.subscribe","translated"
"contract.arbiter","Arbiter: A trusted party who authorizes release of funds.","Arbiter: amintaccen ɓangare da ke ba da izinin sakin kuɗi.","translated"
"contract.available","Available Contracts","Kwangilolin da ke samuwa","translated"
"contract.bip38","BIP38 (Password-Protected Private Keys)","BIP38 (Private keys masu kariyar kalmar sirri)","translated"
"contract.bip38Desc","The BIP38 contract secures private keys with a password. Its UTXOs require both the correct password and a valid signature.","Kwangilar BIP38 tana kare private keys da kalmar sirri. UTXO ɗinta na buƙatar kalmar sirri madaidaiciya da sa hannu mai inganci.","translated"
"contract.bip38Spending","Spending Requirements: Provide a valid owner signature and a data signature verifying the password.","Sharuɗɗan kashewa: samar da sa hannun mai shi mai inganci da sa hannun data da ke tabbatar da kalmar sirri.","translated"
"contract.bip38UseCase","Use Case: Ideal for protecting private keys against theft or unauthorized access, especially for long-term storage.","Amfani: ya dace don kare private keys daga sata ko shiga ba tare da izini ba, musamman wajen dogon ajiya.","translated"
"contract.enhancedTrust","Enhanced Trust: Useful for transactions requiring multiple trusted parties.","Ƙarin amincewa: ya dace da cinikin da ke buƙatar ɓangarori amintattu da yawa.","translated"
"contract.escrow","Escrow","Escrow","stable-term"
"contract.escrowDesc","The Escrow contract supports secure transactions between a buyer and seller with a trusted arbiter. Funds are released only with the arbiter’s approval.","Kwangilar Escrow tana taimakawa amintaccen ciniki tsakanin mai siya da mai sayarwa tare da amintaccen arbiter. Ana sakin kuɗi ne kawai da amincewar arbiter.","translated"
"contract.escrowMS2","EscrowMS2 (Multi-Party Escrow)","EscrowMS2 (Escrow na ɓangarori da yawa)","stable-term"
"contract.escrowMS2Desc","EscrowMS2 extends escrow with two arbiters. Funds can be released with one arbiter’s approval or both arbiters’ combined approval.","EscrowMS2 yana faɗaɗa escrow da arbiter biyu. Ana iya sakin kuɗi da amincewar arbiter ɗaya ko amincewar su biyun tare.","translated"
"contract.escrowMS2Spending","Spending Requirements: One arbiter or both arbiters provide valid signatures, and the full amount goes to the buyer or seller.","Sharuɗɗan kashewa: arbiter ɗaya ko su biyun suna samar da sa hannu mai inganci, kuma dukan adadin yana zuwa mai siya ko mai sayarwa.","translated"
"contract.escrowSecurity","Security: Funds remain locked until the arbiter approves, helping prevent fraud or disputes.","Tsaro: kuɗi suna nan a kulle har sai arbiter ya amince, wanda ke taimakawa hana zamba ko jayayya.","translated"
"contract.escrowSpending","Spending Requirements: The arbiter provides a valid signature and the full amount goes to the buyer’s or seller’s public-key-hash address.","Sharuɗɗan kashewa: arbiter yana samar da sa hannu mai inganci, kuma dukan adadin yana zuwa adireshin public-key-hash na mai siya ko mai sayarwa.","translated"
"contract.howToUse","How to Use Covenant Contracts","Yadda ake amfani da covenant contracts","translated"
"contract.howToUseText","Open the Contracts section, choose a contract type, configure its conditions, and deploy it. To spend from contract UTXOs, meet the specific spending requirements above. Detailed instructions and examples are available in the app documentation.","Buɗe sashen Kwangiloli, zaɓi nau’in kwangila, tsara sharuɗɗanta sannan ka tura ta. Don kashe daga UTXO na kwangila, cika takamaiman sharuɗɗan kashewa da ke sama. Ana samun cikakkun umarni da misalai a takardun manhaja.","translated"
"contract.intro","Covenant contracts in the OPTN Wallet are smart contracts that enforce rules for spending digital assets. Each contract locks funds in UTXOs that can only be spent by meeting predefined conditions.","Covenant contracts a OPTN Wallet smart contracts ne da ke tilasta dokokin kashe kadarorin dijital. Kowace kwangila tana kulle kuɗi a UTXO, kuma za a iya kashe su ne kawai idan an cika sharuɗɗan da aka riga aka tsara.","translated"
"contract.msvault","MSVault (Multi-Signature Vault)","MSVault (Vault mai sa hannu da yawa)","stable-term"
"contract.msvaultDesc","MSVault creates a secure shared or long-term vault requiring multiple signatures and a password. It enforces a minimum balance and time lock.","MSVault yana ƙirƙirar vault na haɗin gwiwa ko dogon lokaci da ke buƙatar sa hannu da yawa da kalmar sirri. Yana tilasta ƙaramin ma’auni da kulle na lokaci.","translated"
"contract.msvaultSpending","Spending Requirements: Provide a valid signature and password-verified data signature while maintaining at least 4000 satoshis, or use a valid signature after the time lock expires.","Sharuɗɗan kashewa: samar da sa hannu mai inganci da sa hannun data da kalmar sirri ta tabbatar, kana riƙe aƙalla satoshis 4000, ko amfani da ingantaccen sa hannu bayan kulle na lokaci ya ƙare.","translated"
"contract.msvaultUseCase","Use Case: Suitable for shared ownership or long-term storage with strict access controls.","Amfani: ya dace da mallakar haɗin gwiwa ko dogon ajiya mai tsauraran ikon shiga.","translated"
"contract.multipleArbiters","Multiple Arbiters: Two arbiters can authorize release of funds.","Arbiters da yawa: arbiter biyu na iya ba da izinin sakin kuɗi.","translated"
"contract.multiSignature","Multi-Signature: Requires signatures from multiple authorized parties.","Sa hannu da yawa: yana buƙatar sa hannun ɓangarori masu izini da yawa.","translated"
"contract.p2pkh","P2PKH (Pay-to-Public-Key-Hash)","P2PKH (Pay-to-Public-Key-Hash)","stable-term"
"contract.p2pkhDesc","P2PKH is a standard Bitcoin script that protects UTXOs by requiring a signature from the owner of a specified public-key hash.","P2PKH Bitcoin script ne na yau da kullum da ke kare UTXO ta hanyar buƙatar sa hannun mai hash na public key da aka nuna.","translated"
"contract.p2pkhSecurity","Security: A proven and reliable method for protecting digital assets.","Tsaro: ingantacciyar hanya mai aminci don kare kadarorin dijital.","translated"
"contract.p2pkhSpending","Spending Requirements: Provide a valid signature matching the public-key hash in the contract.","Sharuɗɗan kashewa: samar da sa hannu mai inganci da ya dace da public-key-hash na kwangila.","translated"
"contract.passwordProtection","Password Protection: Encrypts your private key with a user-defined password.","Kariyar kalmar sirri: tana ɓoye private key da kalmar sirrin da mai amfani ya saita.","translated"
"contract.simplicity","Simplicity: Easy to use and compatible with most Bitcoin wallets.","Sauƙi: mai sauƙin amfani kuma ya dace da yawancin Bitcoin wallets.","translated"
"contract.timeControl","Time-Based Control: Sets a deadline for the recipient to claim funds.","Ikon lokaci: yana saita wa’adin da mai karɓa zai karɓi kuɗi.","translated"
"contract.transfer","TransferWithTimeout","TransferWithTimeout","stable-term"
"contract.transferDesc","TransferWithTimeout enables conditional transfers with a deadline. The recipient can claim funds before the timeout; the sender can reclaim them afterward.","TransferWithTimeout yana ba da damar canja wuri mai sharaɗi tare da wa’adi. Mai karɓa zai iya karɓar kuɗi kafin wa’adin; daga baya mai aikawa zai iya dawo da su.","translated"
"contract.transferSpending","Spending Requirements: The recipient signs before the timeout; afterward, the sender can reclaim funds with a valid signature.","Sharuɗɗan kashewa: mai karɓa ya sa hannu kafin wa’adi; daga baya mai aikawa zai iya dawo da kuɗi da sa hannu mai inganci.","translated"
"contract.transferUseCase","Use Cases: Useful for subscriptions, conditional payments, or escrow-like scenarios.","Amfani: yana da amfani ga biyan kuɗin rajista, biyan kuɗi mai sharaɗi ko yanayin kama da escrow.","translated"
"contractPopup.back","Back","Koma","translated"
"contractPopup.chooseFunction","Select a function","Zaɓi aiki","translated"
"contractPopup.enterData","Please enter data to generate the message.","Shigar da bayanai don ƙirƙirar saƙo.","translated"
"contractPopup.enterMessage","Enter message for {name}","Shigar da saƙo don {name}","translated"
"contractPopup.enterValue","Enter {name}","Shigar da {name}","translated"
"contractPopup.fetchFailed","Failed to fetch keys.","Samo maɓalli ya gaza.","translated"
"contractPopup.generated","Message generated successfully!","An ƙirƙiri saƙo cikin nasara!","translated"
"contractPopup.generateMessage","Generate Message","Ƙirƙiri saƙo","translated"
"contractPopup.generationFailed","Failed to generate message.","Ƙirƙirar saƙo ya gaza.","translated"
"contractPopup.invalidFormat","Invalid {type} format. Please scan a valid QR code.","Tsarin {type} ba daidai ba. Duba ingantaccen QR.","translated"
"contractPopup.message","Message","Saƙo","stable-term"
"contractPopup.messageForCheck","message for checkdatasig","saƙo don checkdatasig","translated"
"contractPopup.noKeys","No keys found for address: {address}","Ba a sami maɓalli don adireshi ba: {address}","translated"
"contractPopup.noQr","No QR code detected. Please try again.","Ba a gano lambar QR ba. Sake gwadawa.","translated"
"contractPopup.scanFor","Scan QR Code for {name}","Duba QR don {name}","translated"
"contractPopup.select","Select","Zaɓi","translated"
"contractPopup.selectAddress","Select Address","Zaɓi adireshi","translated"
"contractPopup.selected","Selected {type}","An zaɓi {type}","translated"
"contractPopup.title","Select a Function","Zaɓi aiki","translated"
"contractView.address","Address","Adireshi","translated"
"contractView.addressCopied","Address copied to clipboard!","An kwafi adireshi zuwa clipboard!","translated"
"contractView.argumentTypeInfo","Argument type info","Bayanan nau’in argument","translated"
"contractView.back","Back","Koma","translated"
"contractView.balance","Balance","Ma’auni","translated"
"contractView.blockHeight","Current Block Height","Tsayin block na yanzu","translated"
"contractView.blockHeightInfo","Blocks increment on an average interval of 10 minutes.","Blocks suna ƙaruwa a matsakaicin tazarar mintuna 10.","translated"
"contractView.constructorArgs","Constructor Arguments","Muhawarar constructor","translated"
"contractView.copyFailed","Failed to copy address.","An kasa kwafin adireshi.","translated"
"contractView.create","Create Contract","Ƙirƙiri kwangila","translated"
"contractView.created","Contract created successfully!","An ƙirƙiri kwangila cikin nasara!","translated"
"contractView.createFailed","Failed to create contract: {message}","An kasa ƙirƙirar kwangila: {message}","translated"
"contractView.createStep","3. Create the contract","3. Ƙirƙiri kwangilar","translated"
"contractView.datasigInfo","Data signature info","Bayanan sa hannun data","translated"
"contractView.delete","Delete","Share","translated"
"contractView.deleted","Contract deleted successfully!","An share kwangila cikin nasara!","translated"
"contractView.deleteFailed","Failed to delete contract.","An kasa share kwangila.","translated"
"contractView.deleteFailedFallback","Failed to delete contract.","An kasa share kwangila.","translated"
"contractView.enterMessage","Enter message for {name}","Shigar da saƙo don {name}","translated"
"contractView.enterType","Enter a value matching type: {type}.","Shigar da darajar da ta dace da nau’in: {type}.","translated"
"contractView.error","Error","Kuskure","translated"
"contractView.errorPrefix","Error: {message}","Kuskure: {message}","translated"
"contractView.fillInputs","2. Fill constructor inputs","2. Cika abubuwan shigar da constructor","translated"
"contractView.fillRequired","Fill in each required value before creating the contract.","Cika kowace darajar da ake buƙata kafin ƙirƙirar kwangila.","translated"
"contractView.hashInfo","20-byte hash (hex) of an address/public key. Use “Select Address”.","Hash na bytes 20 (hex) na adireshi/public key. Yi amfani da “Zaɓi adireshi”.","translated"
"contractView.howWorks","How this works","Yadda yake aiki","translated"
"contractView.instantiated","Instantiated Contracts","Kwangilolin da aka ƙirƙira","translated"
"contractView.loadContractsFailed","Failed to load available contracts.","An kasa loda kwangilolin da ke samuwa.","translated"
"contractView.loadDetailsFailed","Failed to load contract details.","An kasa loda bayanan kwangila.","translated"
"contractView.loadInstancesFailed","Failed to load contract instances.","An kasa loda kwangilolin da aka ƙirƙira.","translated"
"contractView.noInputs","This contract template has no constructor inputs.","Wannan samfurin kwangila ba shi da abubuwan shigar constructor.","translated"
"contractView.noInstances","No contract instances yet.","Babu kwangila da aka ƙirƙira tukuna.","translated"
"contractView.noQr","No QR code detected. Please try again.","Ba a gano QR code ba. Sake gwadawa.","translated"
"contractView.pickTemplate","1. Pick a template","1. Zaɓi samfurin","translated"
"contractView.privateKeyUnavailable","Private key unavailable for this address.","Private key ba ya samuwa ga wannan adireshin.","translated"
"contractView.publicKeyInfo","Public key in hex. Use “Select Address” to fill automatically.","Public key a hex. Yi amfani da “Zaɓi adireshi” don cikawa kai tsaye.","translated"
"contractView.scanQr","Scan QR Code for {name}","Duba QR code na {name}","translated"
"contractView.selectAddress","Select Address","Zaɓi adireshi","translated"
"contractView.selectContract","Select a contract","Zaɓi kwangila","translated"
"contractView.selectData","Please select an address and enter data to sign.","Da fatan zaɓi adireshi ka shigar da data don sa hannu.","translated"
"contractView.selected","Selected {type}","An zaɓi {type}","translated"
"contractView.signature","Signature","Sa hannu","stable-term"
"contractView.signatureFailed","Failed to generate signature.","An kasa samar da sa hannu.","translated"
"contractView.signatureGenerated","Signature generated successfully!","An samar da sa hannu cikin nasara!","translated"
"contractView.signingAddress","Signing address","Adireshin sa hannu","translated"
"contractView.signMessage","Sign Message","Sa hannu kan saƙo","translated"
"contractView.title","Contracts","Kwangiloli","translated"
"contractView.tokenAddress","Token address","Adireshin token","translated"
"contractView.unavailable","Unavailable","Ba ya samuwa","translated"
"contractView.unknownError","Unknown error","Kuskuren da ba a sani ba","translated"
"contractView.update","Update","Sabunta","translated"
"contractView.updated","Contract updated successfully!","An sabunta kwangila cikin nasara!","translated"
"contractView.updateFailed","Failed to update contract.","An kasa sabunta kwangila.","translated"
"contractView.updateFailedFallback","Failed to update contract.","An kasa sabunta kwangila.","translated"
"derivation.accountIndex","Account index","Fihirisar account","translated"
"derivation.addressDerivation","Address derivation","Samo adireshi","translated"
"derivation.addressDerivationDescription","BIP44 account path used to derive this wallet.","Hanyar account na BIP44 da ake amfani da ita wajen samo wannan wallet.","translated"
"derivation.bip44AccountIndex","BIP44 account index","Fihirisar account na BIP44","translated"
"derivation.bip44CoinType","BIP44 coin type","Nau’in coin na BIP44","translated"
"derivation.branchDescription","Hardened markers are fixed. Receive and change addresses are derived automatically from the /0/index and /1/index branches.","Alamomin hardened a kulle suke. Ana samo adireshin karɓa da canji kai tsaye daga rassan /0/index da /1/index.","translated"
"derivation.coinType","Coin type","Nau’in coin","translated"
"derivation.customize","Customize","Keɓance","translated"
"derivation.invalidActive","The active derivation path is invalid.","Hanyar derivation mai aiki ba daidai ba ce.","translated"
"derivation.invalidValues","Invalid BIP44 path values.","Ƙimomin hanyar BIP44 ba daidai ba ne.","translated"
"derivation.networkDefault","Network default: {value}","Tsohon ƙimar hanyar sadarwa: {value}","translated"
"derivation.pathDescription","The fixed BIP44 account path used by this wallet.","Kafaffen hanyar account na BIP44 da wannan wallet ke amfani da ita.","translated"
"derivation.pathPreview","Path preview","Samfotin hanya","translated"
"derivation.range","Enter whole numbers from 0 to {max}.","Shigar da cikakkun lambobi daga 0 zuwa {max}.","translated"
"derivation.required","{field} is required.","Ana buƙatar {field}.","translated"
"derivation.usuallyZero","Usually 0","Yawanci 0","translated"
"derivation.walletNetwork","Wallet network","Hanyar sadarwar wallet","translated"
"derivation.walletNetworkDescription","Choose whether this wallet connects to live funds on Mainnet or test funds on Chipnet.","Zaɓi kuɗin gaske a Mainnet ko kuɗin gwaji a Chipnet.","translated"
"desktopMenu.about","About OPTN Wallet","Game da OPTN Wallet","translated"
"desktopMenu.cannotExport","This wallet cannot be exported.","Ba za a iya fitar da wannan walat ba.","translated"
"desktopMenu.exported","Wallet exported.","An fitar da walat.","translated"
"desktopMenu.exportFailed","Could not export the wallet.","An kasa fitar da walat.","translated"
"desktopMenu.exportWallet","Export Wallet…","Fitar da walat…","translated"
"desktopMenu.file","File","Fayil","translated"
"desktopMenu.help","Help","Taimako","translated"
"desktopMenu.history","Transaction History","Tarihin ma’amaloli","translated"
"desktopMenu.importNewWallet","Import New Wallet","Shigo da sabon walat","translated"
"desktopMenu.invalidWalletFile","That is not a valid OPTN wallet file.","Wannan ba ingantaccen fayil ɗin walat na OPTN ba ne.","translated"
"desktopMenu.lockWallet","Lock Wallet","Kulle walat","translated"
"desktopMenu.noSavedWallets","No saved wallets","Babu walat da aka ajiye","translated"
"desktopMenu.openWallet","Open Wallet","Buɗe walat","translated"
"desktopMenu.openWalletFile","Open Wallet File…","Buɗe fayil ɗin walat…","translated"
"desktopMenu.quit","Quit","Fita","translated"
"desktopMenu.receive","Receive","Karɓa","translated"
"desktopMenu.refreshWallet","Refresh Wallet","Sabunta walat","translated"
"desktopMenu.send","Send","Aika","translated"
"desktopMenu.settings","Settings","Saituna","translated"
"desktopMenu.toggleTheme","Toggle Theme","Canza jigo","translated"
"desktopMenu.view","View","Duba","translated"
"desktopMenu.wallet","Wallet","Walat","translated"
"desktopSecurity.authenticating","Authenticating…","Ana tantancewa…","translated"
"desktopSecurity.biometricFailed","Biometric unlock failed. Use your password.","Buɗewar biometric ta kasa. Yi amfani da kalmar sirri.","translated"
"desktopSecurity.confirmPassword","Confirm password","Tabbatar da kalmar sirri","translated"
"desktopSecurity.continue","Continue","Ci gaba","translated"
"desktopSecurity.enterPassword","Enter your password to unlock.","Shigar da kalmar sirri don buɗewa.","translated"
"desktopSecurity.forgotPassword","Forgot your password? Remove the wallet and re-import your seed phrase.","Ka manta kalmar sirri? Cire walat sannan ka sake shigo da jumlar dawo da walat.","translated"
"desktopSecurity.incorrect","Incorrect passphrase. Please try again.","Kalmar sirri ba daidai ba ce. Sake gwadawa.","translated"
"desktopSecurity.loading","Loading wallet…","Ana loda walat…","translated"
"desktopSecurity.mismatch","Passphrases do not match.","Kalmomin sirri ba su yi daidai ba.","translated"
"desktopSecurity.password","Password","Kalmar sirri","translated"
"desktopSecurity.passwordNeverStored","Your password is never stored — it derives your encryption key locally.","Ba a taɓa ajiye kalmar sirri ba — ana samar da maɓallin ɓoyewa a gida.","translated"
"desktopSecurity.passwordPlaceholder","Password (or leave blank)","Kalmar sirri (ko bar ta a sarari)","translated"
"desktopSecurity.saveFailed","Failed to save passphrase. Please try again.","Ajiye kalmar sirri ya kasa. Sake gwadawa.","translated"
"desktopSecurity.secureWallet","Secure your wallet","Kare walat ɗinka","translated"
"desktopSecurity.securing","Securing…","Ana karewa…","translated"
"desktopSecurity.setupDescription","Set a password to encrypt your wallet. You'll need it every time you open the app. Leave blank to use OS-account protection only.","Saita kalmar sirri don ɓoye walat. Za ka buƙace ta duk lokacin da ka buɗe manhajar. Bar ta a sarari don amfani da kariyar asusun OS kawai.","translated"
"desktopSecurity.unlock","Unlock","Buɗe","translated"
"desktopSecurity.unlockFailed","Unlock failed. Please try again.","Buɗewa ta kasa. Sake gwadawa.","translated"
"desktopSecurity.unlocking","Unlocking…","Ana buɗewa…","translated"
"desktopSecurity.useBiometric","Use {label}","Yi amfani da {label}","translated"
"desktopSecurity.walletLocked","Wallet locked","An kulle walat","translated"
"desktopWallet.addAnother","Add another wallet","Ƙara wani wallet","translated"
"desktopWallet.alreadyOpen","That wallet is already open in another window.","An riga an buɗe wannan wallet a wata taga.","translated"
"desktopWallet.backToWallets","Back to wallets","Koma wallets","translated"
"desktopWallet.biometricFailed","Biometric unlock failed: {message}","Buɗewar biometric ta gaza: {message}","translated"
"desktopWallet.biometricUnlock","Biometric unlock","Buɗewar biometric","translated"
"desktopWallet.cancel","Cancel","Soke","translated"
"desktopWallet.delete","Delete","Share","translated"
"desktopWallet.deleteConfirm","Delete “{name}” ({network}, #{id})? Its saved .optn file is kept, so you can re-import it later.","Share “{name}” ({network}, #{id})? Za a riƙe fayil ɗin .optn da aka ajiye domin ka sake shigo da shi daga baya.","translated"
"desktopWallet.deleteLabel","Delete {name}","Share {name}","translated"
"desktopWallet.deleting","Deleting…","Ana sharewa…","translated"
"desktopWallet.device","Device","Na’ura","translated"
"desktopWallet.filePasswordDescription","Enter this wallet file's password.","Shigar da kalmar sirrin wannan fayil ɗin wallet.","translated"
"desktopWallet.hardwareDescription","It will be used automatically to sign sends from software wallets while connected. Standalone hardware-only wallets with their own receive addresses are not supported yet.","Za a yi amfani da ita kai tsaye wajen sa hannu kan aikawa daga software wallets idan an haɗa ta. Hardware-only wallets masu adireshin karɓa nasu ba su goyan baya tukuna.","translated"
"desktopWallet.hardwareTitle","Connect Hardware Wallet","Haɗa hardware wallet","translated"
"desktopWallet.importFailed","Could not import this wallet file.","An kasa shigo da wannan fayil ɗin wallet.","translated"
"desktopWallet.incorrectFilePassword","Incorrect password for this wallet file.","Kalmar sirrin wannan fayil ɗin wallet ba daidai ba ce.","translated"
"desktopWallet.open","Open","Buɗe","translated"
"desktopWallet.openButton","Open","Buɗe","translated"
"desktopWallet.openFailed","Could not open this wallet. Please try again.","An kasa buɗe wannan wallet. Sake gwadawa.","translated"
"desktopWallet.openFile","Open “{name}”","Buɗe “{name}”","translated"
"desktopWallet.opening","Opening…","Ana buɗewa…","translated"
"desktopWallet.password","Password","Kalmar sirri","translated"
"desktopWallet.unlock","Unlock","Buɗe kulle","translated"
"desktopWallet.unlocking","Unlocking…","Ana buɗe kulle…","translated"
"desktopWallet.useBiometric","Use {label}","Yi amfani da {label}","translated"
"desktopWallet.walletNumber","Wallet #{id}","Wallet #{id}","stable-term"
"desktopWallet.yourWallets","Your wallets","Wallets ɗinka","translated"
"error.somethingWrong","Something went wrong.","Wani abu ya faru ba daidai ba.","translated"
"experimental.cashFusionDescription","CashFusion is a non-custodial privacy protocol that combines your UTXOs with those of other users in a way that breaks transaction history linkage. Connect to a CashFusion server to participate. Your funds are never at risk — the protocol is trustless.","CashFusion yarjejeniya ce ta sirri marar riƙon kuɗi wadda ke haɗa UTXO ɗinka da na wasu don karya alaƙar tarihin ciniki. Haɗa CashFusion server don shiga. Kuɗinka ba sa cikin haɗari — yarjejeniyar ba ta buƙatar amincewa.","translated"
"experimental.cashFusionWarning","Requires an active CashFusion server connection. Coming soon — toggle currently reserved.","Ana buƙatar haɗin CashFusion server mai aiki. Zai zo nan gaba — an ajiye wannan sauyawa a yanzu.","translated"
"experimental.description","These features are under active development. Enable them to test new capabilities — they may change or be incomplete in future updates.","Ana ci gaba da haɓaka waɗannan fasaloli. Kunna su don gwada sabbin iko — za su iya canja ko su kasance ba su cika ba a sabuntawa na gaba.","translated"
"experimental.disable","Disable","Kashe","translated"
"experimental.enable","Enable","Kunna","translated"
"experimental.features","Experimental Features","Fasalolin gwaji","translated"
"experimental.privacy","Privacy","Sirri","translated"
"experimental.quantumDescription","Quantumroot vaults protect funds with a quantum-resistant Schnorr LM-OTS scheme. Enabled by default. Turn off to hide Quantumroot from the wallet if you don't use it.","Quantumroot vaults suna kare kuɗi da tsarin Schnorr LM-OTS mai jure quantum. A kunne ta tsohuwa. Kashe don ɓoye Quantumroot idan ba ka amfani da shi.","translated"
"experimental.quantumSafe","Quantum-safe","Amintacce ga quantum","translated"
"experimental.rpaBadge","BCH RPA","BCH RPA","stable-term"
"experimental.rpaDescription","Generates a static paycode (paycode:q...) that you can share publicly. Senders derive a unique one-time address for each payment via ECDH — no notification transaction, no chain bloat. Received stealth funds appear separately as 'Stealth BCH'. Scanning requires a Fulcrum-RPA capable server.","Yana ƙirƙirar Paycode na dindindin (paycode:q...) da za ka iya raba a fili. Masu aikawa suna samo adireshi na sau ɗaya na musamman ga kowane biyan kuɗi ta ECDH — babu cinikin sanarwa ko kumburin sarka. Kuɗin ɓoye da aka karɓa suna bayyana daban a matsayin “BCH na ɓoye”. Dubawa na buƙatar server mai Fulcrum-RPA.","translated"
"experimental.rpaTitle","Reusable Payment Addresses (RPA)","Adireshin biyan kuɗi da za a sake amfani (RPA)","translated"
"experimental.rpaWarning","Sending to paycodes requires signature grinding (not yet implemented). Receiving and scanning are available.","Aika zuwa Paycode yana buƙatar signature grinding (ba a aiwatar ba tukuna). Karɓa da dubawa suna samuwa.","translated"
"faucet.captcha","Answer the captcha question","Amsa tambayar captcha","translated"
"faucet.clickLink","Click the Chipnet Faucet link","Danna hanyar Chipnet Faucet","translated"
"faucet.copyAddress","Copy a BCH Chipnet address","Kwafi adireshin BCH na Chipnet","translated"
"faucet.getCoins","Press ""Get Coins""","Danna “Get Coins”","translated"
"faucet.instructions","Instructions","Umurni","stable-term"
"faucet.name","Chipnet Faucet","Chipnet Faucet","stable-term"
"faucet.pasteAddress","Paste your address","Manna adireshinka","translated"
"faucet.selectNetwork","Select ""chipnet"" in the NETWORK box","Zaɓi “chipnet” a akwatin NETWORK","translated"
"faucet.tooltip","Get Chipnet BCH","Samo BCH na Chipnet","translated"
"fusion.addPlaceholder","Add server — host:port (e.g. fusion.example.com:8789)","Ƙara server — host:port (misali fusion.example.com:8789)","translated"
"fusion.autoTry","Auto — try each until one responds","Kai tsaye — gwada kowane ɗaya har sai ya amsa","translated"
"fusion.busy","A fusion round is already running for this wallet.","Akwai zagayen Fusion da ke gudana tuni ga wannan wallet.","translated"
"fusion.choose","Choose how to fuse:","Zaɓi yadda za a haɗa:","translated"
"fusion.coinjoinAnyNetwork","Both the server path and P2P Fusion run real CoinJoins on any network. Some wallet-hardening items are still pending, but each round verifies your own outputs before signing, so it fails safely.","Hanyar server da P2P Fusion duk suna gudanar da CoinJoin na gaske a kowace hanyar sadarwa. Wasu abubuwan ƙarfafa wallet har yanzu ana jira, amma kowane zagaye yana tabbatar da fitarwarka kafin sa hannu, don haka yana ƙare lafiya idan akwai kuskure.","translated"
"fusion.coinjoinBoth","Both run a real CoinJoin.","Dukansu suna gudanar da CoinJoin na gaske.","translated"
"fusion.componentFeeRate","Component fee rate","Adadin kuɗin abu","translated"
"fusion.componentsPlayer","Components / player","Abubuwa / ɗan wasa","translated"
"fusion.connectingTor","Connecting via Tor{port}.","Ana haɗawa ta Tor{port}.","translated"
"fusion.cooldown","Waiting for the auto-fusion cooldown.","Ana jiran lokacin hutun haɗawa kai tsaye.","translated"
"fusion.disable","Disable","Kashe","translated"
"fusion.donation","Donation","Gudummawa","translated"
"fusion.enable","Enable","Kunna","translated"
"fusion.enabled","CashFusion Enabled","CashFusion yana kunne","translated"
"fusion.enableP2p","Enable P2P Fusion","Kunna P2P Fusion","translated"
"fusion.enableServer","Enable Server Fusion","Kunna Fusion ta server","translated"
"fusion.excessFeeRange","Excess fee range","Rangwamen ƙarin kuɗi","translated"
"fusion.experimentalPending","Experimental — still pending: {items}.","Na gwaji — har yanzu ana jira: {items}.","translated"
"fusion.failed","Failed ✗","Ya gaza ✗","translated"
"fusion.fewServers","CashFusion intentionally has few public servers — a larger anonymity set on fewer servers is better than being spread thin. Add your own or a community server above.","CashFusion yana da ƴan public servers da gangan — babban rukunin ɓoyewa a kan ƴan servers ya fi rarrabawa sosai. Ƙara server ɗinka ko na al’umma a sama.","translated"
"fusion.fused","Fused ✓ — txid {txid}","An haɗa ✓ — txid {txid}","translated"
"fusion.fusing","Fusing…","Ana haɗawa…","translated"
"fusion.handshakeOk","Handshake OK ✓","An kulla haɗi ✓","translated"
"fusion.handshaking","Handshaking…","Ana kulla haɗi…","translated"
"fusion.hide","Hide","Ɓoye","translated"
"fusion.howWorks","How does it work?","Yaya yake aiki?","translated"
"fusion.mobileUnsupported","CashFusion needs a raw TCP connection, which a mobile/web browser cannot open. Available in the desktop app.","CashFusion yana buƙatar haɗin TCP na asali wanda mobile/web browser ba zai iya buɗewa ba. Yana samuwa a manhajar kwamfuta.","translated"
"fusion.more","more","ƙari","translated"
"fusion.noEligibleCoins","No coins are eligible to fuse right now.","Babu tsabar da ta dace da haɗawa yanzu.","translated"
"fusion.now","Fuse Now","Haɗa yanzu","translated"
"fusion.nowDescription","CoinJoin via the server configured in Servers. Needs Tor + at least 2 players in a tier.","CoinJoin ta server da aka saita a Servers. Yana buƙatar Tor da aƙalla masu wasa 2 a rukuni ɗaya.","translated"
"fusion.openWallet","Open a wallet to run a P2P round.","Buɗe wallet don gudanar da zagayen P2P.","translated"
"fusion.or","or","ko","translated"
"fusion.p2pMode","P2P Fusion","P2P Fusion","stable-term"
"fusion.p2pModeDescription","Serverless — peers over Nostr + Tor. Auto-fuses when on. Turning this on turns Server Fusion off.","Babu server — peers ta Nostr + Tor. Yana haɗawa kai tsaye idan yana kunne. Kunna wannan yana kashe Fusion ta server.","translated"
"fusion.p2pModeLabel","P2P Fusion","P2P Fusion","stable-term"
"fusion.poolTiers","Pool tiers","Matakan pool","translated"
"fusion.privacy","Privacy","Sirri","translated"
"fusion.protocolNote","Steps 1–4 run end-to-end on the server path: the wallet joins a pool, exchanges blind signatures, submits over Tor, and broadcasts the assembled CoinJoin. P2P Fusion runs the same round without a server over Nostr and Tor. Experimental wallet-hardening items are still pending, but your own outputs are verified before signing, so an invalid round fails safely.","Matakai 1–4 suna gudana gaba ɗaya ta hanyar server: wallet yana shiga pool, yana musanya sa hannun ɓoye, yana aika ta Tor sannan ya watsa CoinJoin da aka haɗa. P2P Fusion yana gudanar da zagaye ɗaya ba tare da server ba ta Nostr da Tor. Wasu abubuwan ƙarfafa wallet na gwaji har yanzu ana jira, amma ana tabbatar da fitarwarka kafin sa hannu, don haka zagaye mara inganci yana ƙare lafiya.","translated"
"fusion.queryAuto","Query (Auto)","Tambaya (kai tsaye)","translated"
"fusion.queryServer","Query Server","Tambayi server","translated"
"fusion.remoteTorRequired","This is a remote server, so Tor is required — but no Tor proxy was found. Start Tor above, or the query will be refused.","Wannan server ne na nesa, don haka ana buƙatar Tor — amma ba a sami Tor proxy ba. Fara Tor a sama, ko za a ƙi tambayar.","translated"
"fusion.selected","● selected","● an zaɓa","translated"
"fusion.serverMode","Fuse Now using CashFusion server","Haɗa yanzu ta amfani da CashFusion server","translated"
"fusion.serverModeDescription","Fuse via a CashFusion server. Auto-fuses when on.","Haɗa ta CashFusion server. Yana haɗawa kai tsaye idan yana kunne.","translated"
"fusion.serverModeLabel","Server Fusion","Fusion ta server","translated"
"fusion.serverParameters","Server parameters (live)","Ma’aunin server (kai tsaye)","translated"
"fusion.servers","Fusion servers","Fusion servers","stable-term"
"fusion.step1","1. Pool joining.","1. Shiga pool.","translated"
"fusion.step1Text","Your wallet announces UTXOs it wants to fuse to the server.","Wallet ɗinka yana sanar da server UTXO ɗin da yake son haɗawa.","translated"
"fusion.step2","2. Blind signing.","2. Sa hannu a ɓoye.","translated"
"fusion.step2Text","Participants generate blinded output addresses and exchange blind signatures — nobody learns the input-to-output mapping.","Masu shiga suna ƙirƙirar adireshin fitarwa a ɓoye kuma su musanya sa hannun ɓoye — babu wanda ya san alaƙar shigarwa da fitarwa.","translated"
"fusion.step3","3. Covert submission.","3. Aika a ɓoye.","translated"
"fusion.step3Text","Each participant submits the transaction via Tor or direct connection. The server assembles the final transaction.","Kowane mai shiga yana aika ciniki ta Tor ko haɗin kai tsaye. Server yana haɗa cinikin ƙarshe.","translated"
"fusion.step4","4. Broadcast.","4. Watsawa.","translated"
"fusion.step4Text","All participants broadcast the jointly constructed transaction.","Dukkan masu shiga suna watsa cinikin da aka gina tare.","translated"
"fusion.summary","CashFusion combines UTXOs from many participants into a single transaction, breaking blockchain history links between inputs and outputs. It is non-custodial — your funds never leave your control.","CashFusion yana haɗa UTXO na masu shiga da yawa zuwa ciniki guda, yana karya alaƙar tarihin blockchain tsakanin shigarwa da fitarwa. Ba ya riƙe kuɗinka — kuɗinka suna ƙarƙashin ikonka koyaushe.","translated"
"fusion.syncingCoins","Syncing wallet coins — try again in a moment.","Ana daidaita tsabar wallet — sake gwadawa nan da ɗan lokaci.","translated"
"fusion.tiers","Tiers","Matakai","translated"
"fusion.torOff","Tor is off. Remote fusion queries will be refused — enable Tor above, or use a localhost server.","Tor a kashe yake. Za a ƙi tambayoyin Fusion na nesa — kunna Tor a sama ko yi amfani da localhost server.","translated"
"hardware.active","active","mai aiki","translated"
"hardware.advanced","Advanced (derivation path)","Na gaba (hanyar derivation)","translated"
"hardware.airGap","air-gap","rabu da network","translated"
"hardware.beforeConnecting","Before connecting","Kafin haɗawa","translated"
"hardware.bip44Path","BIP44 path","Hanyar BIP44","translated"
"hardware.comingSoon","Coming soon","Nan ba da jimawa ba","translated"
"hardware.connect","Connect {device}","Haɗa {device}","translated"
"hardware.connecting","Connecting…","Ana haɗawa…","translated"
"hardware.connectionType","Connection type","Nau’in haɗi","translated"
"hardware.description","The device holds your private keys. The wallet is the bridge. Keys never leave the hardware.","Na’urar tana riƙe da maɓallan sirrinka. Maɓallan ba sa barin na’urar.","translated"
"hardware.disconnect","Disconnect","Cire haɗi","translated"
"hardware.enableKeystone","Enable Keystone (QR mode)","Kunna Keystone (yanayin QR)","translated"
"hardware.howItWorks","How it works","Yadda yake aiki","translated"
"hardware.keystoneHow","Keystone's air-gapped QR signing isn't finished yet — the app can't build or read the QR codes it would need to in this build. Support is planned but not ready for real funds.","Sa hannun QR mai rabuwa na Keystone bai shirya da kuɗi na gaske ba.","translated"
"hardware.keystoneSubtitle","Air-gapped QR signing — not yet supported","Sa hannun QR mai rabuwa — ba ya aiki tukuna","translated"
"hardware.ledgerStep1","USB: plug in → enter PIN → open Bitcoin Cash app","USB: haɗa → shigar da PIN → buɗe Bitcoin Cash","translated"
"hardware.ledgerStep2","Bluetooth (Nano X): enable BLE on device → open Bitcoin Cash app","Bluetooth (Nano X): kunna BLE → buɗe Bitcoin Cash","translated"
"hardware.ledgerStep3","The browser will show a device picker prompt","Browser zai nuna mai zaɓar na’ura","translated"
"hardware.ledgerSubtitle","USB (WebHID) or Bluetooth (Nano X)","USB (WebHID) ko Bluetooth (Nano X)","translated"
"hardware.notSupported","{device} support isn't finished yet — it can't connect or sign in this build. Pick another device, or use the software wallet.","Ba a kammala tallafin {device} ba. Zaɓi wata na’ura ko yi amfani da walat na manhaja.","translated"
"hardware.onekeyStep1","Install OneKey Bridge if not already installed","Sanya OneKey Bridge idan ana buƙata","translated"
"hardware.onekeyStep2","Plug in your OneKey device or pair via Bluetooth","Haɗa OneKey da USB ko Bluetooth","translated"
"hardware.onekeyStep3","Unlock your device with your PIN","Buɗe na’urar da PIN","translated"
"hardware.onekeyStep4","Allow the connection when requested","Bada izinin haɗi idan an nema","translated"
"hardware.onekeySubtitle","USB or Bluetooth via OneKey Bridge","USB ko Bluetooth ta OneKey Bridge","translated"
"hardware.path","Path","Hanya","translated"
"hardware.softwareHow","Your private keys never leave the device. The wallet builds an unsigned transaction, the device shows the details on its screen, you physically confirm, and the device sends back only the signature. Like Electron Cash's hardware wallet mode.","Walat tana gina ma’amala mara sa hannu; na’urar tana nuna bayanai kuma ta mayar da sa hannu bayan ka tabbatar.","translated"
"hardware.softwareLabel","Software Wallet","Walat na manhaja","translated"
"hardware.softwareSubtitle","Encrypted keys stored on this device","Maɓallan da aka ɓoye a wannan na’ura","translated"
"hardware.title","Hardware Wallet","Walat na na’ura","translated"
"hardware.trezorStep1","Install Trezor Suite — it includes the Bridge daemon","Sanya Trezor Suite — yana ɗauke da Bridge daemon","translated"
"hardware.trezorStep2","Plug in your Trezor (USB) or pair via Bluetooth (newer models)","Haɗa Trezor da USB ko Bluetooth","translated"
"hardware.trezorStep3","Unlock your device with your PIN","Buɗe na’urar da PIN","translated"
"hardware.trezorStep4","Allow the connection popup when it appears","Bada izinin popup na haɗi idan ya bayyana","translated"
"hardware.trezorSubtitle","USB or Bluetooth via Trezor Bridge","USB ko Bluetooth ta Trezor Bridge","translated"
"history.awaitingConfirmation","Awaiting confirmation","Ana jiran tabbatarwa","translated"
"history.block","Block","Toshe","translated"
"history.closeDetails","Close details","Rufe bayanai","translated"
"history.confirmations","{count} confirmations","tabbatarwa {count}","stable-term"
"history.confirmed","Confirmed","An tabbatar","translated"
"history.detailsUnavailable","Transaction details are not available from Electrum right now.","Bayanan ciniki ba sa samuwa daga Electrum a yanzu.","translated"
"history.fee","Fee","Kuɗin aiki","translated"
"history.first","First","Na farko","translated"
"history.last","Last","Na ƙarshe","translated"
"history.loadDetailsFailed","Failed to load transaction details.","An kasa loda bayanan ciniki.","translated"
"history.loadingDetails","Loading transaction details…","Ana loda bayanan ciniki…","translated"
"history.newestFirst","Newest first","Sabbi da farko","translated"
"history.noActivity","No activity yet","Babu aiki","translated"
"history.noData","No data available.","Babu bayanai","translated"
"history.noTransactions","No transactions available yet.","Babu ma’amaloli","translated"
"history.oldestFirst","Oldest first","Tsoffi da farko","translated"
"history.openExplorer","Open in explorer","Buɗe a explorer","translated"
"history.output","Output","Fitarwa","translated"
"history.pending","Pending","Ana jira","translated"
"history.perPage","{count} per page","{count} a kowane shafi","translated"
"history.recipients","Recipients","Masu karɓa","translated"
"history.recorded","{count} recorded","An rubuta {count}","translated"
"history.senders","Senders","Masu aikawa","translated"
"history.status","Status","Matsayi","stable-term"
"history.sync","Sync","Daidaita","translated"
"history.timestamp","Timestamp","Lokaci","translated"
"history.title","Transaction History","Tarihi","translated"
"history.transaction","Transaction","Ma’amala","stable-term"
"history.transactionHash","Transaction Hash","Hash na ma’amala","translated"
"history.unavailable","Unavailable","Ba ya samuwa","translated"
"history.unconfirmed","Unconfirmed","Ba a tabbatar ba","translated"
"history.unknown","Unknown","Ba a sani ba","translated"
"history.yourWallet","Your wallet","Wallet ɗinka","translated"
"home.block","Block","Toshe","translated"
"home.confirmed","Confirmed","An tabbatar","translated"
"home.latestActivity","Latest wallet activity","Sabon aikin walat","translated"
"home.noQrCode","No QR code detected. Try again.","Ba a sami lambar QR ba. Sake gwadawa.","translated"
"home.noRecentActivity","No recent activity yet.","Babu sabon aiki tukuna.","translated"
"home.pending","Pending","Ana jira","translated"
"home.pendingConfirmation","Pending confirmation","Ana jiran tabbaci","translated"
"home.portfolio","Portfolio","Tarin kadarori","translated"
"home.quickActions","Quick Actions","Ayyuka masu sauri","translated"
"home.receive","Receive","Karɓa","translated"
"home.recentActivity","Recent Activity","Ayyukan baya-bayan nan","translated"
"home.scanQr","Scan QR","Duba QR","translated"
"home.send","Send","Aika","translated"
"home.sync","Sync","Daidaita","translated"
"home.syncing","Syncing…","Ana daidaitawa…","translated"
"home.title","Home","Gida","translated"
"home.toggleBalance","Toggle BCH and USD balance","Canza ma’aunin BCH da USD","translated"
"home.unsupportedQr","QR scanned, but it is not a supported wallet payload.","An duba QR, amma ba bayanan walat da ake tallafawa ba ne.","translated"
"home.usdPriceUnavailable","USD price unavailable","Farashin USD ba ya samuwa","translated"
"home.usdUnavailable","USD unavailable","USD ba ya samuwa","translated"
"home.viewAll","View all","Duba duka","translated"
"home.walletOverview","Wallet overview","Bayanin walat","translated"
"nav.actions","Actions","Ayyuka","stable-term"
"nav.apps","Apps","Manhajoji","translated"
"nav.assets","Assets","Kadarori","translated"
"nav.home","Home","Gida","translated"
"nav.settings","Settings","Saituna","translated"
"network.chipnet","Chipnet","Chipnet","stable-term"
"network.mainnet","Mainnet","Mainnet","stable-term"
"network.switch","Switch network. Current: {network}","Canza hanyar sadarwa. Yanzu: {network}","translated"
"nftConfig.capability","NFT Capability","Iko na NFT","translated"
"nftConfig.commitment","NFT Commitment","Commitment na NFT","translated"
"nftConfig.done","Done","An gama","translated"
"nftConfig.minting","minting","samarwa","translated"
"nftConfig.mintingDescription","one NFT authority that can create multiple next NFTs.","Iko na NFT guda da zai iya ƙirƙirar NFT na gaba da yawa.","translated"
"nftConfig.mutable","mutable","mai canzawa","translated"
"nftConfig.mutableDescription","one NFT that may update its commitment when spent.","NFT guda da zai iya sabunta commitment idan an kashe shi.","translated"
"nftConfig.none","none","babu","translated"
"nftConfig.noneDescription","one immutable NFT, best for approvals or receipts.","NFT guda marar canji, ya dace da amincewa ko rasit.","translated"
"nftConfig.placeholder","Up to 40 bytes","Har zuwa bytes 40","translated"
"nftConfig.title","NFT Configuration","Tsarin NFT","translated"
"nostr.active","{active}/{total} active","{active}/{total} masu aiki","translated"
"nostr.add","Add","Ƙara","translated"
"nostr.chat","Nostr chat","Hirar Nostr","translated"
"nostr.checking","Checking…","Ana dubawa…","translated"
"nostr.checkRelayStatus","Check relay status","Duba matsayin relay","translated"
"nostr.connected","connected","an haɗa","translated"
"nostr.deriving","Deriving…","Ana samo…","translated"
"nostr.disable","Disable","Kashe","translated"
"nostr.dmDescription","End-to-end encrypted DMs using NIP-17.","Saƙonnin kai tsaye masu rufin sirri daga ƙarshe zuwa ƙarshe ta NIP-17.","translated"
"nostr.enable","Enable","Kunna","translated"
"nostr.identity","Nostr identity","Asalin Nostr","translated"
"nostr.identityDescription","Derived from your seed via NIP-06 (a separate path) — your spending keys are never reused.","An samo shi daga seed ɗinka ta NIP-06 (hanya dabam); ba a sake amfani da maɓallan kashe kuɗi ba.","translated"
"nostr.invalidRelay","Enter a secure relay URL beginning with wss://","Shigar da amintaccen URL relay da ya fara da wss://","translated"
"nostr.privacyWarning","Relay operators can still observe connection metadata, timing, and recipient tags. Encrypted content is not the same as network anonymity.","Masu gudanar da relay har yanzu suna iya ganin bayanan haɗi, lokaci da tags na mai karɓa. Abin da aka rufe ba ya nufin rashin sanin sunan hanyar sadarwa.","translated"
"nostr.relays","Relays","Relays","stable-term"
"nostr.relaysDescription","WSS relays used for chat and the P2P-fusion transport. Add your own or use the defaults.","WSS relays da ake amfani da su don hira da jigilar P2P-Fusion. Ƙara naka ko yi amfani da tsofaffi.","translated"
"nostr.remove","Remove","Cire","translated"
"nostr.unknown","unknown","ba a sani ba","translated"
"nostr.unreachable","unreachable","ba a iya isa","translated"
"notifications.dismiss","Dismiss","Rufe","translated"
"notifications.fundsReceived","Funds received","An karɓi kuɗi","translated"
"notifications.fundsReceivedBody","{amount} sats to {address} • {txid}","{amount} sats zuwa {address} • {txid}","translated"
"notifications.incomingBch","Incoming BCH","An karɓi BCH","translated"
"notifications.incomingToken","Incoming token","An karɓi token","translated"
"notifications.transactionConfirmed","Transaction confirmed","An tabbatar da ma’amala","translated"
"notifications.unknownAddress","unknown address","adireshin da ba a sani ba","translated"
"onboarding.back","Back","Koma","translated"
"onboarding.closeHelp","Close help","Rufe taimako","translated"
"onboarding.confirm","Confirm","Tabbatar","translated"
"onboarding.confirmError","Those don't match your seed phrase. Check the words and try again.","Kalmomin ba su dace da kalmar iri ba. Duba su ka sake gwadawa.","translated"
"onboarding.confirmInstruction","Type the requested words to prove you saved them correctly.","Shigar da kalmomin da aka nema don tabbatar da ka adana su daidai.","translated"
"onboarding.confirmPasswordPlaceholder","Confirm password","Tabbatar da kalmar sirri","translated"
"onboarding.confirmSeed","Confirm Your Seed Phrase","Tabbatar da kalmomin farawa","translated"
"onboarding.connectHardware","Connect Hardware Wallet","Haɗa walat na na’ura","translated"
"onboarding.continue","Continue","Ci gaba","translated"
"onboarding.createNewWallet","Create New Wallet","Ƙirƙiri sabon walat","translated"
"onboarding.createWallet","Create Wallet","Ƙirƙiri walat","translated"
"onboarding.createWatchOnly","Create Watch-Only Wallet","Ƙirƙiri walat na kallo kawai","translated"
"onboarding.creating","Creating Wallet…","Ana ƙirƙira…","translated"
"onboarding.creationFailed","Wallet creation failed. Please try again.","Ƙirƙirar walat ta kasa. Sake gwadawa.","translated"
"onboarding.databasePreparationFailed","Could not prepare the wallet on this device.","An kasa shirya wallet a wannan na’ura.","translated"
"onboarding.generatedMnemonic","Generated Mnemonic:","Kalmomin tunawa da aka ƙirƙira:","translated"
"onboarding.generatingSeed","Generating seed phrase…","Ana ƙirƙirar kalmar farawa…","translated"
"onboarding.helpCreateDescription","Use this if you want a new wallet with a fresh seed phrase on this device.","Yi amfani da wannan idan kana son ƙirƙirar sabon wallet da sabuwar kalmar iri a wannan na’ura.","translated"
"onboarding.helpCreateTitle","Create Wallet","Ƙirƙiri walat","translated"
"onboarding.helpDescription","Create a wallet for the first time or restore one you already have.","Ƙirƙiri sabon walat ko dawo da wanda kuke da shi.","translated"
"onboarding.helpImportDescription","Use this if you already have a 12-word recovery phrase and want access to an existing wallet.","Yi amfani da wannan idan kana da kalmomin dawo da 12 kuma kana son samun damar wallet da ke akwai.","translated"
"onboarding.helpImportTitle","Import Wallet","Shigo da walat","translated"
"onboarding.helpNetworkDescription","Select Mainnet for real funds or CHIPNET for test funds before you proceed.","Zaɓi Mainnet don kuɗi na gaske ko CHIPNET don kuɗin gwaji kafin ka ci gaba.","translated"
"onboarding.helpNetworkTitle","Choose a network","Zaɓi hanyar sadarwa","translated"
"onboarding.helpTitle","Getting started","Fara amfani","translated"
"onboarding.importFailed","Wallet import failed. Please try again.","Shigo da walat ya kasa. Sake gwadawa.","translated"
"onboarding.importing","Importing Wallet…","Ana shigowa…","translated"
"onboarding.importWallet","Import Wallet","Shigo da walat","translated"
"onboarding.invalidMnemonic","Enter a valid English BIP39 recovery phrase with 12, 15, 18, 21, or 24 words.","Shigar da ingantacciyar jumlar dawo da BIP39 ta Turanci mai kalmomi 12, 15, 18, 21 ko 24.","translated"
"onboarding.missingWord","Word {number} is missing.","Kalma ta {number} ta ɓace.","translated"
"onboarding.mnemonicLoading","The recovery phrase is still loading. Please wait a moment.","Har yanzu ana loda kalmomin dawo da wallet. Jira kaɗan.","translated"
"onboarding.mnemonicWarning","Your recovery phrase is the master key to your wallet. Store it securely and never share it.","Kalmomin dawo da wallet su ne babban mabuɗin wallet ɗinka. Ajiye su lafiya kuma kada ka taɓa raba su.","translated"
"onboarding.nameRequired","Give this wallet a name.","Sanya wa walat suna.","translated"
"onboarding.nameWallet","Name This Wallet","Sanya wa walat suna","translated"
"onboarding.nameWalletDescription","Give this wallet a name and a password. Each wallet on this device has its own independent password.","Ba wa wannan wallet suna da kalmar sirri. Kowane wallet a wannan na’ura yana da kalmar sirri mai zaman kanta.","translated"
"onboarding.passwordMismatch","Passwords do not match.","Kalmomin sirri ba su dace ba.","translated"
"onboarding.passwordPlaceholder","Password (or leave blank)","Kalmar sirri (ko bar ta babu komai)","translated"
"onboarding.poweredBy","Powered with Bitcoin Covenants for Bitcoin Cash","Bitcoin Covenants ne ke ƙarfafa shi don Bitcoin Cash","translated"
"onboarding.recoveryDescription","Enter your BIP39 recovery phrase (12, 15, 18, 21, or 24 words). Each box corresponds to the word order.","Shigar da kalmomin dawo da BIP39 na Turanci (12, 15, 18, 21 ko 24). Kowane akwati yana wakiltar tsarin kalma.","translated"
"onboarding.recoveryPhrase","Recovery Phrase","Jumlar dawo da walat","translated"
"onboarding.seedInstruction","Write these 12 words down in order and keep them somewhere safe. Anyone with this phrase can spend your funds — never share it or store it digitally.","Rubuta waɗannan kalmomi 12 bisa tsari kuma ajiye su a wuri mai aminci. Duk wanda ya mallaki wannan jimla zai iya kashe kuɗinka — kada ka taɓa raba ta ko adana ta a na’ura.","translated"
"onboarding.seedTitle","Your Seed Phrase","Kalmomin farawar ku","translated"
"onboarding.toggleTheme","Toggle theme","Canza salo","translated"
"onboarding.walletAlreadyAvailable","This wallet is already available on this device.","Wannan wallet ya riga ya kasance a kan na’urar.","translated"
"onboarding.walletAlreadyExists","This wallet may already exist on this device.","Wataƙila wannan wallet ya riga ya kasance a wannan na’ura.","translated"
"onboarding.walletNamePlaceholder","Wallet name","Sunan walat","translated"
"onboarding.walletSavedIdFailed","Wallet was saved, but its wallet ID could not be resolved.","An adana wallet, amma ba a iya gano ID ɗinsa ba.","translated"
"onboarding.walletSetup","Wallet Setup","Saita walat","translated"
"onboarding.walletSetupDescription","Choose the network and address path this wallet will use.","Zaɓi hanyar sadarwa da hanyar adireshi da wannan wallet zai yi amfani da su.","translated"
"onboarding.welcomeAlt","OPTN Wallet","OPTN Wallet","stable-term"
"onboarding.word","Word","Kalma","translated"
"onboarding.wordCountLabel","Phrase length","Tsawon jimla","translated"
"onboarding.wordPlaceholder","word","kalma","translated"
"onboarding.words","words","kalmomi","translated"
"onboarding.wroteItDown","I've written it down","Na rubuta su","translated"
"outbox.amount","Amount","Adadi","translated"
"outbox.clearPending","Clear pending lock","Share makullin jira","translated"
"outbox.clearPendingTitle","Clear this pending lock if the transaction was not actually sent","Share wannan makulli idan ba a aika ma’amalar da gaske ba","translated"
"outbox.copyTxid","Copy txid","Kwafi txid","translated"
"outbox.daysAgo","{count}d ago","kwanaki {count} da suka wuce","translated"
"outbox.description","Offline-first protection keeps new sends paused until these transactions are seen or safely released.","Kariyar offline-first tana dakatar da sabbin aikawa har sai an ga waɗannan ma’amaloli ko an sake su lafiya.","translated"
"outbox.destination","Destination","Inda za a aika","stable-term"
"outbox.dismiss","Dismiss","Rufe","translated"
"outbox.dismissPending","Dismiss pending transactions popup","Rufe popup na ma’amaloli masu jira","translated"
"outbox.finalizing","Finalizing transaction","Ana kammala ma’amala","translated"
"outbox.finalizingMultiple","Finalizing {count} transactions","Ana kammala ma’amaloli {count}","translated"
"outbox.historyUpdate","Your wallet history will update automatically. This usually takes a moment.","Tarihin walat zai sabunta kansa. Yawanci zai ɗauki ɗan lokaci kaɗan.","translated"
"outbox.hoursAgo","{count}h ago","awa {count} da suka wuce","translated"
"outbox.justNow","just now","yanzu-yanzu","translated"
"outbox.lastNetworkIssue","Last network issue","Matsalar network ta ƙarshe","translated"
"outbox.minutesAgo","{count}m ago","minti {count} da suka wuce","translated"
"outbox.noPending","No pending outgoing transactions.","Babu ma’amalar fita mai jira.","translated"
"outbox.pendingOutgoing","Pending outgoing transactions","Ma’amalolin fita masu jira","translated"
"outbox.prompt","Prompt","Buƙata","translated"
"outbox.releaseSendLock","Release send lock","Sake makullin aikawa","translated"
"outbox.releaseStale","Release if stale","Sake idan ya tsufa","translated"
"outbox.releaseStaleTitle","Available after {minutes} minutes if the transaction is still unresolved","Zai kasance bayan minti {minutes} idan har ba a warware ma’amalar ba","translated"
"outbox.requestedBy","Requested by","Wanda ya nema","translated"
"outbox.title","Outbox","Akwatin fita","translated"
"outbox.txid","Txid","Txid","stable-term"
"outbox.updated","Updated {age}","An sabunta {age}","translated"
"outbox.walletSend","Wallet send","Aika daga walat","translated"
"p2p.description","No server: peers meet on Nostr relays over Tor, deterministically elect a coordinator, and run the CoinJoin peer-to-peer. Outputs are unlinkable; you sign only your own inputs after verifying your own outputs.","Babu server: peers suna haɗuwa a Nostr relays ta Tor, suna zaɓar coordinator mai ƙaddara, sannan su gudanar da CoinJoin tsakanin juna. Ba za a iya haɗa fitarwa ba; kana sa hannu kan abubuwan shigarwarka kawai bayan ka tabbatar da fitarwarka.","translated"
"p2p.phase.announce","Announcing & finding peers","Sanarwa da neman peers","translated"
"p2p.phase.assemble","Assembling & verifying","Haɗawa da tabbatarwa","translated"
"p2p.phase.broadcast","Broadcasting","Watsawa","translated"
"p2p.phase.register","Registering inputs & outputs","Rijistar shigarwa da fitarwa","translated"
"p2p.phase.sign","Signing","Sa hannu","translated"
"p2p.requiresPeers","Requires Tor + at least 2 peers in the same tier.","Yana buƙatar Tor da peers aƙalla 2 a rukuni ɗaya.","translated"
"p2p.running","Running P2P round…","Ana gudanar da zagayen P2P…","translated"
"p2p.start","Start P2P round","Fara zagayen P2P","translated"
"p2p.title","P2P Fusion over Nostr","Fusion P2P ta Nostr","translated"
"paper.addressConversionError","Address conversion error","Kuskuren sauya adireshi","translated"
"paper.addressDerivationFailed","Unable to derive a valid paper wallet address from the scanned key.","An kasa samo ingantaccen adireshin wallet na takarda daga maɓallin da aka duba.","translated"
"paper.back","Back","Koma","translated"
"paper.bchOutputs","BCH outputs","Fitarwar BCH","translated"
"paper.buildFailed","Failed to build sweep transaction.","Gina cinikin kwashewa ya gaza.","translated"
"paper.confirmDescription","Slide to confirm the one-transaction paper wallet sweep.","Ja don tabbatar da kwashe wallet na takarda a ciniki guda.","translated"
"paper.confirmTitle","Confirm sweep","Tabbatar da kwashewa","translated"
"paper.decodingError","Decoding error","Kuskuren fassara bayanai","translated"
"paper.description","Scan a WIF paper wallet and sweep BCH + CashTokens in one transaction.","Duba wallet na takarda WIF kuma ka kwashe BCH + CashTokens a ciniki guda.","translated"
"paper.label","Paper wallet","Wallet na takarda","translated"
"paper.noCashTokens","No CashTokens detected.","Ba a gano CashToken ba.","translated"
"paper.noDestination","No destination wallet address is available.","Babu adireshin wallet na inda za a aika.","translated"
"paper.noQrCode","No QR code detected. Please try again.","Ba a gano lambar QR ba. Sake gwadawa.","translated"
"paper.notScanned","No paper wallet scanned yet.","Ba a duba wallet na takarda ba tukuna.","translated"
"paper.noUtxos","No UTXOs found for this paper wallet. If this is a mainnet wallet and you are on chipnet, try switching networks.","Ba a sami UTXO na wannan wallet na takarda ba. Idan wallet na mainnet ne kana kan chipnet, sauya hanyar sadarwa.","translated"
"paper.oneTransaction","One transaction only.","Ciniki guda kawai.","translated"
"paper.paperInputs","Paper wallet inputs","Shigarwar wallet na takarda","translated"
"paper.scan","Scan","Duba","translated"
"paper.scanBeforeSweep","Scan a paper wallet before sweeping.","Duba wallet na takarda kafin kwashewa.","translated"
"paper.spendableOutputPlural","spendable outputs","fitarwa da za a iya kashewa","translated"
"paper.spendableOutputSingular","spendable output","fitarwa da za a iya kashewa","translated"
"paper.sweep","Sweep","Kwasa","translated"
"paper.sweepBroadcast","Sweep broadcast","An watsa kwashewa","translated"
"paper.title","Paper Wallet","Wallet na takarda","translated"
"paper.tokenBacking","Token outputs are backed with 1000 sats.","Fitarwar token tana da goyon bayan sats 1000.","translated"
"paper.tokenGroups","Token groups","Rukunin token","translated"
"paper.tokenOutputs","Token outputs","Fitarwar token","translated"
"paper.unexpected","An unexpected error occurred.","An sami kuskure da ba a zata ba.","translated"
"paper.unexpectedTryAgain","An unexpected error occurred. Please try again.","An sami kuskure da ba a zata ba. Sake gwadawa.","translated"
"paper.utxosTitle","Paper wallet UTXOs","UTXO na wallet na takarda","translated"
"paper.walletFeeInputs","Wallet fee inputs","Shigarwar kuɗin wallet","translated"
"priceFeed.loading","Loading…","Ana lodawa…","translated"
"qr.animatedTransfer","Animated QR transfer","Canja wurin QR mai motsi","translated"
"qr.blocksRecovered","blocks recovered","tubalan da aka dawo da su","translated"
"qr.cameraActive","Camera active — point at animated QR","Kyamara tana aiki — nuna mata QR mai motsi","translated"
"qr.cameraError","Camera unavailable","Kyamara ba ta samuwa","translated"
"qr.cameraUnavailable","Camera access is unavailable","Ba a samun damar kyamara","translated"
"qr.cancel","Cancel","Soke","translated"
"qr.duplicates","duplicates","maimaitattu","translated"
"qr.holdSteady","Hold the phone steady and fill the frame with the QR code.","Riƙe waya ba tare da motsi ba kuma cika frame da lambar QR.","translated"
"qr.receivingStream","Receiving QR stream","Ana karɓar rafi na QR","translated"
"qr.scan","Scan QR","Duba QR","translated"
"qr.scanning","Scanning…","Ana dubawa…","translated"
"qr.streaming","Streaming frame {frame} · {blocks} blocks · {bytes} bytes","Ana aika frame {frame} · tubali {blocks} · bytes {bytes}","translated"
"qr.unableToDecode","Unable to decode QR stream","An kasa warware rafin QR","translated"
"qr.uniqueFrames","unique frames","frames na musamman","translated"
"qr.walletUpdateProgress","Wallet update progress","Ci gaban sabunta walat","translated"
"qrSigning.approvedBy","Approved by {name}","{name} ya amince","translated"
"qrSigning.approveDemo","Approve demo request","Amince da buƙatar gwaji","translated"
"qrSigning.approveReturn","2. Approve and return","2. Amince ka dawo","translated"
"qrSigning.close","Close","Rufe","translated"
"qrSigning.collectResponse","2. Collect response","2. Tattara amsa","translated"
"qrSigning.fingerprint","Fingerprint","Alamar yatsa","translated"
"qrSigning.invalidRequest","Invalid signing request","Buƙatar sa hannu ba daidai ba","translated"
"qrSigning.invalidResponse","Invalid signing response","Amsar sa hannu ba daidai ba","translated"
"qrSigning.mismatch","Signing response does not match this request","Amsar sa hannu ba ta dace da wannan buƙata ba","translated"
"qrSigning.network","Network","Hanyar sadarwa","translated"
"qrSigning.payload","Payload","Abin da aka ɗora","translated"
"qrSigning.placeholderWarning","This demo returns a placeholder signature and never broadcasts.","Wannan gwaji yana mayar da sa hannun wucin gadi kuma ba ya watsa ciniki.","translated"
"qrSigning.prepareFailed","Unable to prepare mocknet fixture","An kasa shirya fixture na mocknet","translated"
"qrSigning.preparing","Preparing mocknet fixture…","Ana shirya fixture na mocknet…","translated"
"qrSigning.purpose","Purpose","Manufa","translated"
"qrSigning.rejectedBy","Rejected by {name}","{name} ya ƙi","translated"
"qrSigning.requestReceived","Request received","An karɓi buƙata","translated"
"qrSigning.requestSignature","Request signature","Nemi sa hannu","translated"
"qrSigning.scanAnother","Scan another request","Duba wata buƙata","translated"
"qrSigning.scanApproval","Scan approval response","Duba amsar amincewa","translated"
"qrSigning.scanRequest","1. Scan request","1. Duba buƙata","translated"
"qrSigning.showRequest","1. Show request","1. Nuna buƙata","translated"
"qrSigning.showRequestHelp","On the other wallet, choose “Sign request” and scan this stream.","A ɗayan wallet, zaɓi “Sa hannu kan buƙata” sannan ka duba wannan rafin.","translated"
"qrSigning.signRequest","Sign request","Sa hannu kan buƙata","translated"
"qrSigning.subtitle","Exchange a partially signed transaction between two OPTN wallet screens.","Musanya ciniki da aka sa hannu a wani ɓangare tsakanin allon OPTN Wallet biyu.","translated"
"qrSigning.title","QR signing demo","Gwajin sa hannun QR","translated"
"quantumroot.activeNetwork","Quantumroot is active on this network. Use the vault workspace below to manage a normal spend lane and a quantum-safe recovery lane.","Quantumroot yana aiki a wannan hanyar sadarwa. Yi amfani da wurin aiki da ke ƙasa don sarrafa hanyar kashe kuɗi ta yau da kullum da hanyar dawo da kuɗi mai jure quantum.","translated"
"quantumroot.activeWorkspace","Active workspace for the beta-production Quantumroot flow.","Wurin aiki mai aiki don tsarin Quantumroot na beta production.","translated"
"quantumroot.back","Back","Koma","translated"
"quantumroot.betaProduction","Beta production","Beta production","needs-review"
"quantumroot.betaTitle","Quantumroot Beta Production","Quantumroot Beta Production","needs-review"
"quantumroot.checkingBalances","Checking balances…","Ana duba ma’auni…","translated"
"quantumroot.close","Close","Rufe","translated"
"quantumroot.funded","{count} funded","{count} an ba su kuɗi","translated"
"quantumroot.fundedStatus","Funded","An ba da kuɗi","translated"
"quantumroot.guidedNow","Guided now: choose one approval key, lock it in Quantum Lock, then spend the matching coin.","Yana da jagora: zaɓi approval key guda, kulle shi a Quantum Lock, sannan ka kashe coin ɗin da ya dace.","translated"
"quantumroot.liveNow","Live now: normal spending, balance tracking, and Quantum Lock BCH recovery.","Yana samuwa yanzu: kashe kuɗi na yau da kullum, sa ido kan ma’auni da dawo da BCH ta Quantum Lock.","translated"
"quantumroot.livePreview","Live preview","Dubawa kai tsaye","translated"
"quantumroot.mainnetAhead","Quantumroot is visible on mainnet ahead of activation. The layout stays available, but key actions remain disabled until {date}.","Quantumroot yana bayyana a Mainnet kafin kunnawa. Tsarin yana samuwa, amma manyan ayyuka za su kasance a kashe har zuwa {date}.","translated"
"quantumroot.mainnetPreview","Mainnet preview stays visible before activation.","Dubawar Mainnet tana nan kafin kunnawa.","translated"
"quantumroot.noFundsYet","No funds yet","Babu kuɗi tukuna","translated"
"quantumroot.noVaults","No Quantumroot vaults derived yet. Sync vaults to provision them for existing wallet address indexes.","Har yanzu ba a samo Quantumroot vault ba. Daidaita vaults don samar da su ga index na adireshin wallet da ke akwai.","translated"
"quantumroot.openVaults","Open Vaults","Buɗe vaults","translated"
"quantumroot.popup.action.chooseCoinLabel","Choose coin to spend","Choose coin to spend","needs-review"
"quantumroot.popup.action.chooseDescription","Choose one approval key for this vault.","Choose one approval key for this vault.","needs-review"
"quantumroot.popup.action.chooseLabel","Choose approval key","Choose approval key","needs-review"
"quantumroot.popup.action.chooseTitle","Choose an approval key","Choose an approval key","needs-review"
"quantumroot.popup.action.createDescription","Create or receive a plain NFT first, then use it as the approval key.","Create or receive a plain NFT first, then use it as the approval key.","needs-review"
"quantumroot.popup.action.createTitle","Create an approval key","Create an approval key","needs-review"
"quantumroot.popup.action.destinationDescription","Choose where the coin should go, then open the spend list.","Choose where the coin should go, then open the spend list.","needs-review"
"quantumroot.popup.action.destinationLabel","Set destination","Set destination","needs-review"
"quantumroot.popup.action.destinationTitle","Choose a destination","Choose a destination","needs-review"
"quantumroot.popup.action.disabledDescription","The spend list is ready, but spending is disabled on this network.","The spend list is ready, but spending is disabled on this network.","needs-review"
"quantumroot.popup.action.readyDescription","Tap a ready coin to spend it.","Tap a ready coin to spend it.","needs-review"
"quantumroot.popup.action.readyTitle","Ready to spend","Ready to spend","needs-review"
"quantumroot.popup.action.receiveDescription","Send the matching receive coin to the normal lane.","Send the matching receive coin to the normal lane.","needs-review"
"quantumroot.popup.action.receiveLabel","Add receive coin","Add receive coin","needs-review"
"quantumroot.popup.action.receiveTitle","Add the matching receive coin","Add the matching receive coin","needs-review"
"quantumroot.popup.action.refreshDescription","Refresh the wallet scan or choose another approval key.","Refresh the wallet scan or choose another approval key.","needs-review"
"quantumroot.popup.action.refreshLabel","Refresh vault","Refresh vault","needs-review"
"quantumroot.popup.action.refreshTitle","Refresh the vault","Refresh the vault","needs-review"
"quantumroot.popup.action.reviewLabel","Review spend","Review spend","needs-review"
"quantumroot.popup.action.sendDescription","Send the approval key to Quantum Lock.","Send the approval key to Quantum Lock.","needs-review"
"quantumroot.popup.action.sendLabel","Send approval key","Send approval key","needs-review"
"quantumroot.popup.action.sendTitle","Send the approval key","Send the approval key","needs-review"
"quantumroot.popup.addDestinationReview","Add a destination, then review spend.","Add a destination, then review spend.","needs-review"
"quantumroot.popup.addMatchingCoin","Add the matching coin to unlock spend.","Add the matching coin to unlock spend.","needs-review"
"quantumroot.popup.advanced","Advanced","Advanced","needs-review"
"quantumroot.popup.advancedRecovery","Advanced recovery","Advanced recovery","needs-review"
"quantumroot.popup.advancedRecoveryDescription","Recover regular BCH, recover Quantum Lock funds, or refresh vault status.","Recover regular BCH, recover Quantum Lock funds, or refresh vault status.","needs-review"
"quantumroot.popup.approvalKey","Approval key","Approval key","needs-review"
"quantumroot.popup.approvalKeyCapability","Approval key","Approval key","needs-review"
"quantumroot.popup.approvalKeyChanged","Approval key changed on chain","Approval key changed on chain","needs-review"
"quantumroot.popup.approvalKeyInLock","Approval key is in Quantum Lock.","Approval key is in Quantum Lock.","needs-review"
"quantumroot.popup.approvalKeyInQuantumLock","Your approval key is in Quantum Lock.","Your approval key is in Quantum Lock.","needs-review"
"quantumroot.popup.approvalKeyPicked","Approval key picked.","Approval key picked.","needs-review"
"quantumroot.popup.approvalKeySelected","Approval key selected","Approval key selected","needs-review"
"quantumroot.popup.approvalLane","Approval lane","Approval lane","needs-review"
"quantumroot.popup.approvalLaneDescription","Your approval key goes to Quantum Lock.","Your approval key goes to Quantum Lock.","needs-review"
"quantumroot.popup.available","{count} available","{count} available","needs-review"
"quantumroot.popup.availableApprovalKeys","Available approval keys","Available approval keys","needs-review"
"quantumroot.popup.bchRecoveryDescription","BCH recovery sends back to the matching standard wallet address for this vault index when available.","BCH recovery sends back to the matching standard wallet address for this vault index when available.","needs-review"
"quantumroot.popup.bchRecoveryDisabled","BCH recovery is temporarily disabled until the on-chain receive-script validation issue is resolved.","BCH recovery is temporarily disabled until the on-chain receive-script validation issue is resolved.","needs-review"
"quantumroot.popup.block.approvalPending","Send one approval key to Quantum Lock.","Send one approval key to Quantum Lock.","needs-review"
"quantumroot.popup.block.inactiveNetwork","Quantumroot spending is disabled on this network.","Quantumroot spending is disabled on this network.","needs-review"
"quantumroot.popup.block.noDestination","Choose a destination address before spending.","Choose a destination address before spending.","needs-review"
"quantumroot.popup.block.noFamily","Create or receive a plain NFT first. It becomes your approval key.","Create or receive a plain NFT first. It becomes your approval key.","needs-review"
"quantumroot.popup.block.pickFamily","Choose one plain NFT to use as the approval key.","Choose one plain NFT to use as the approval key.","needs-review"
"quantumroot.popup.block.receivePending","Send the matching receive coin to the normal lane.","Send the matching receive coin to the normal lane.","needs-review"
"quantumroot.popup.block.staleInventory","Your selected approval key is not visible right now. Refresh the vault or choose another key.","Your selected approval key is not visible right now. Refresh the vault or choose another key.","needs-review"
"quantumroot.popup.broadcastWarning","This will broadcast after confirmation.","This will broadcast after confirmation.","needs-review"
"quantumroot.popup.category","Category:","Category:","needs-review"
"quantumroot.popup.chooseApprovalKey","Choose approval key","Choose approval key","needs-review"
"quantumroot.popup.chooseApprovalKeyDescription","Quantumroot uses one plain NFT as the approval key. Advanced token tools live in CashTokens.","Quantumroot uses one plain NFT as the approval key. Advanced token tools live in CashTokens.","needs-review"
"quantumroot.popup.chooseOneApproval","Choose one approval key to continue.","Choose one approval key to continue.","needs-review"
"quantumroot.popup.commitment","Commitment:","Commitment:","needs-review"
"quantumroot.popup.completeSteps","Complete the approval key and matching receive coin steps before spending.","Complete the approval key and matching receive coin steps before spending.","needs-review"
"quantumroot.popup.confirmed","Confirmed","Confirmed","needs-review"
"quantumroot.popup.copyDestination","Copy destination","Copy destination","needs-review"
"quantumroot.popup.copyOrScanFund","Copy or scan to fund this vault.","Copy or scan to fund this vault.","needs-review"
"quantumroot.popup.copyQuantumLock","Copy Quantum Lock","Copy Quantum Lock","needs-review"
"quantumroot.popup.copyReceiveAddress","Copy receive address","Copy receive address","needs-review"
"quantumroot.popup.copyRecoveryAddress","Copy recovery address","Copy recovery address","needs-review"
"quantumroot.popup.createOrReceive","Create or receive a plain NFT first, then it will appear here as an approval key you can choose.","Create or receive a plain NFT first, then it will appear here as an approval key you can choose.","needs-review"
"quantumroot.popup.destination","Destination","Destination","needs-review"
"quantumroot.popup.destinationAddress","Destination address","Destination address","needs-review"
"quantumroot.popup.done","Done","Done","needs-review"
"quantumroot.popup.empty","empty","empty","needs-review"
"quantumroot.popup.found","{count} found","{count} found","needs-review"
"quantumroot.popup.fundMatchingReceive","Fund matching receive coin","Fund matching receive coin","needs-review"
"quantumroot.popup.fundMatchingReceiveDescription","Open the send screen prefilled to the vault receive address with the same approval key.","Open the send screen prefilled to the vault receive address with the same approval key.","needs-review"
"quantumroot.popup.helpShortcuts","Help and shortcuts","Help and shortcuts","needs-review"
"quantumroot.popup.inQuantumLock","{count} in Quantum Lock","{count} in Quantum Lock","needs-review"
"quantumroot.popup.inWallet","{count} in wallet","{count} in wallet","needs-review"
"quantumroot.popup.locked","{count} locked","{count} locked","needs-review"
"quantumroot.popup.mainnetDisabled","Mainnet Quantumroot uses the same UI as Chipnet, but the spend, recovery, and token-configuration actions remain disabled until activation on {date}.","Mainnet Quantumroot uses the same UI as Chipnet, but the spend, recovery, and token-configuration actions remain disabled until activation on {date}.","needs-review"
"quantumroot.popup.mintingNft","Minting NFT","Minting NFT","needs-review"
"quantumroot.popup.missing","Missing","Missing","needs-review"
"quantumroot.popup.mutableNft","Mutable NFT","Mutable NFT","needs-review"
"quantumroot.popup.needed","Needed","Needed","needs-review"
"quantumroot.popup.neededLater","Needed later","Needed later","needs-review"
"quantumroot.popup.nextStep","Next step","Next step","needs-review"
"quantumroot.popup.noApprovalKey","No approval key","No approval key","needs-review"
"quantumroot.popup.noDestination","No destination set","No destination set","needs-review"
"quantumroot.popup.noReadyCoin","No ready coin is available yet. After the approval key and the matching receive coin are present, spendable coins appear here.","No ready coin is available yet. After the approval key and the matching receive coin are present, spendable coins appear here.","needs-review"
"quantumroot.popup.normalLane","Normal vault lane","Normal vault lane","needs-review"
"quantumroot.popup.normalLaneDescription","Your BCH and matching receive coin go here.","Your BCH and matching receive coin go here.","needs-review"
"quantumroot.popup.normalLanePending","Add the matching receive coin after the approval key is in Quantum Lock.","Add the matching receive coin after the approval key is in Quantum Lock.","needs-review"
"quantumroot.popup.normalLaneReady","Your normal lane is ready.","Your normal lane is ready.","needs-review"
"quantumroot.popup.noStandardAddress","No standard wallet address available","No standard wallet address available","needs-review"
"quantumroot.popup.openCashTokens","Open CashTokens","Open CashTokens","needs-review"
"quantumroot.popup.openReceiveScreen","Open receive screen","Open receive screen","needs-review"
"quantumroot.popup.otherNft","Other NFT","Other NFT","needs-review"
"quantumroot.popup.otherNftDescription","It sits in Quantum Lock, but it is not the selected approval key. No direct withdrawal path exists yet.","It sits in Quantum Lock, but it is not the selected approval key. No direct withdrawal path exists yet.","needs-review"
"quantumroot.popup.otherNftInQuantumLock","Other NFT in Quantum Lock","Other NFT in Quantum Lock","needs-review"
"quantumroot.popup.otherNfts","{count} other NFT(s)","{count} other NFT(s)","needs-review"
"quantumroot.popup.outpoint","Outpoint","Outpoint","stable-term"
"quantumroot.popup.pending","Pending","Pending","needs-review"
"quantumroot.popup.pendingCoin","Pending coin","Pending coin","needs-review"
"quantumroot.popup.pickApprovalKey","Pick one approval key.","Pick one approval key.","needs-review"
"quantumroot.popup.plainBchCoins","{count} plain BCH coin(s)","{count} plain BCH coin(s)","needs-review"
"quantumroot.popup.plainBchDescription","Use this for plain BCH coins. Protected coins stay in the lanes above.","Use this for plain BCH coins. Protected coins stay in the lanes above.","needs-review"
"quantumroot.popup.previewOnly","Preview only on mainnet until activation.","Preview only on mainnet until activation.","needs-review"
"quantumroot.popup.protectedReceiveCount","Coins already handled by Protected spend: {count}","Coins already handled by Protected spend: {count}","needs-review"
"quantumroot.popup.protectedSpend","Protected spend","Protected spend","needs-review"
"quantumroot.popup.protectedSpendDescription","When the approval key and matching receive coin are present, spending opens here.","When the approval key and matching receive coin are present, spending opens here.","needs-review"
"quantumroot.popup.quantumLock","Quantum Lock","Quantum Lock","stable-term"
"quantumroot.popup.quantumLockBch","Quantum Lock BCH","Quantum Lock BCH","needs-review"
"quantumroot.popup.quantumLockRecovery","Quantum Lock recovery","Quantum Lock recovery","needs-review"
"quantumroot.popup.quantumLockRecoveryCount","Quantum Lock recovery coins: {count}","Quantum Lock recovery coins: {count}","needs-review"
"quantumroot.popup.quantumrootOpens","Quantumroot opens once the approval key sits in Quantum Lock and the matching receive coin sits in the normal lane.","Quantumroot opens once the approval key sits in Quantum Lock and the matching receive coin sits in the normal lane.","needs-review"
"quantumroot.popup.ready","Ready","Ready","needs-review"
"quantumroot.popup.readyCoin","Ready coin","Ready coin","needs-review"
"quantumroot.popup.readyCoinAvailable","Ready coin available.","Ready coin available.","needs-review"
"quantumroot.popup.readyCoins","{count} ready coin(s)","{count} ready coin(s)","needs-review"
"quantumroot.popup.receiveAddress","Receive address","Receive address","needs-review"
"quantumroot.popup.receiveBch","Receive BCH","Receive BCH","needs-review"
"quantumroot.popup.recover","Recover","Recover","needs-review"
"quantumroot.popup.recoverableBchCoins","Recoverable BCH coins","Recoverable BCH coins","needs-review"
"quantumroot.popup.recoverableBchCount","Recoverable BCH coins: {count}","Recoverable BCH coins: {count}","needs-review"
"quantumroot.popup.recovering","Recovering…","Recovering…","needs-review"
"quantumroot.popup.recoverRegularBch","Recover regular BCH","Recover regular BCH","needs-review"
"quantumroot.popup.refresh","Refresh","Refresh","needs-review"
"quantumroot.popup.refreshChooseAnother","Refresh the vault or choose another approval key.","Refresh the vault or choose another approval key.","needs-review"
"quantumroot.popup.refreshVault","Refresh vault","Refresh vault","needs-review"
"quantumroot.popup.refreshVaultStatus","Refresh vault status","Refresh vault status","needs-review"
"quantumroot.popup.reviewDestination","Review the destination before broadcasting.","Review the destination before broadcasting.","needs-review"
"quantumroot.popup.reviewSpend","Review spend","Review spend","needs-review"
"quantumroot.popup.reviewSpendSubtitle","Check the destination, approval key, and ready coin before you broadcast.","Check the destination, approval key, and ready coin before you broadcast.","needs-review"
"quantumroot.popup.reviewSpendTitle","Review spend","Review spend","needs-review"
"quantumroot.popup.saveApprovalKey","Save approval key","Save approval key","needs-review"
"quantumroot.popup.saving","Saving…","Saving…","needs-review"
"quantumroot.popup.selectedApprovalKey","Selected approval key","Selected approval key","needs-review"
"quantumroot.popup.selectedAsApproval","Selected as approval key","Selected as approval key","needs-review"
"quantumroot.popup.sendApprovalHere","Send the approval key here.","Send the approval key here.","needs-review"
"quantumroot.popup.sendApprovalKey","Send approval key","Send approval key","needs-review"
"quantumroot.popup.sendApprovalKeyDescription","Open the send screen prefilled to Quantum Lock with the selected approval key.","Open the send screen prefilled to Quantum Lock with the selected approval key.","needs-review"
"quantumroot.popup.sendApprovalKeyToLock","Send the approval key to Quantum Lock.","Send the approval key to Quantum Lock.","needs-review"
"quantumroot.popup.sendSelectedApprovalKey","Send the selected approval key to Quantum Lock.","Send the selected approval key to Quantum Lock.","needs-review"
"quantumroot.popup.spend","Spend","Spend","needs-review"
"quantumroot.popup.spendDestination","Spend destination","Spend destination","needs-review"
"quantumroot.popup.spending","Spending…","Spending…","needs-review"
"quantumroot.popup.sweepBch","Sweep BCH coins ({count})","Sweep BCH coins ({count})","needs-review"
"quantumroot.popup.sweeping","Sweeping…","Sweeping…","needs-review"
"quantumroot.popup.tapToOpen","Tap to open","Tap to open","needs-review"
"quantumroot.popup.unsupportedQuantumLock","Coins in Quantum Lock that belong to Protected spend are handled above; this recovery list only includes plain BCH coins.","Coins in Quantum Lock that belong to Protected spend are handled above; this recovery list only includes plain BCH coins.","needs-review"
"quantumroot.popup.unsupportedReceive","Coins with an approval key stay in Protected spend; this recovery list only includes plain BCH coins.","Coins with an approval key stay in Protected spend; this recovery list only includes plain BCH coins.","needs-review"
"quantumroot.popup.useRecoveryAddress","Use wallet recovery address","Use wallet recovery address","needs-review"
"quantumroot.popup.vaultSetup","Vault setup","Vault setup","needs-review"
"quantumroot.popup.vaultSetupDescription","Copy addresses and choose the approval key.","Copy addresses and choose the approval key.","needs-review"
"quantumroot.popup.waiting","Waiting","Waiting","needs-review"
"quantumroot.popup.walletRecoveryAddress","Wallet recovery address","Wallet recovery address","needs-review"
"quantumroot.readyToRecover","{count} ready to recover","{count} suna shirye don dawo da su","translated"
"quantumroot.refreshing","Refreshing balances and UTXO status. Vaults remain available while sync completes.","Ana sabunta ma’auni da yanayin UTXO. Vaults za su kasance a amfani yayin da daidaitawa ke ƙarewa.","translated"
"quantumroot.subtitle","Two spending lanes in one vault","Hanyoyin kashe kuɗi biyu a vault guda","translated"
"quantumroot.syncingVaults","Syncing Vaults…","Ana daidaita vaults…","translated"
"quantumroot.syncVaults","Sync Vaults","Daidaita vaults","translated"
"quantumroot.toast.approvalKeyMissing","This approval key is no longer visible. Refresh the vault or choose another key.","This approval key is no longer visible. Refresh the vault or choose another key.","needs-review"
"quantumroot.toast.authorizedBroadcast","Quantumroot authorized spend broadcast: {txid}","Quantumroot authorized spend broadcast: {txid}","needs-review"
"quantumroot.toast.authorizedFailed","Quantumroot authorized spend failed: {message}","Quantumroot authorized spend failed: {message}","needs-review"
"quantumroot.toast.broadcastAuthorizedFailed","Failed to broadcast Quantumroot authorized spend.","Failed to broadcast Quantumroot authorized spend.","needs-review"
"quantumroot.toast.broadcastLockRecoveryFailed","Failed to broadcast Quantum Lock recovery.","Failed to broadcast Quantum Lock recovery.","needs-review"
"quantumroot.toast.broadcastSpendFailed","Failed to broadcast Quantumroot spend.","Failed to broadcast Quantumroot spend.","needs-review"
"quantumroot.toast.broadcastSweepFailed","Failed to broadcast Quantumroot sweep.","Failed to broadcast Quantumroot sweep.","needs-review"
"quantumroot.toast.configureFailed","Failed to configure vault: {message}","Failed to configure vault: {message}","needs-review"
"quantumroot.toast.destinationRequired","Destination address is required.","Destination address is required.","needs-review"
"quantumroot.toast.ineligibleReceiveUtxo","That receive UTXO is not eligible for authorized spend.","That receive UTXO is not eligible for authorized spend.","needs-review"
"quantumroot.toast.invalidTokenCategory","Token category must be 64 hexadecimal characters.","Token category must be 64 hexadecimal characters.","needs-review"
"quantumroot.toast.lockRecoveryBroadcast","Quantum Lock recovery broadcast: {txid}","Quantum Lock recovery broadcast: {txid}","needs-review"
"quantumroot.toast.lockRecoveryFailed","Quantum Lock recovery failed: {message}","Quantum Lock recovery failed: {message}","needs-review"
"quantumroot.toast.noBchUtxos","No BCH-only receive UTXOs available to sweep.","No BCH-only receive UTXOs available to sweep.","needs-review"
"quantumroot.toast.noControlToken","No matching Quantum Lock control token is available yet.","No matching Quantum Lock control token is available yet.","needs-review"
"quantumroot.toast.previewActive","Quantumroot mainnet preview is active until activation.","Quantumroot mainnet preview is active until activation.","needs-review"
"quantumroot.toast.reconfigured","Quantumroot vault reconfigured.","Quantumroot vault reconfigured.","needs-review"
"quantumroot.toast.spendBroadcast","Quantumroot spend broadcast: {txid}","Quantumroot spend broadcast: {txid}","needs-review"
"quantumroot.toast.spendFailed","Quantumroot spend failed: {message}","Quantumroot spend failed: {message}","needs-review"
"quantumroot.toast.sweepBroadcast","Quantumroot sweep broadcast: {txid}","Quantumroot sweep broadcast: {txid}","needs-review"
"quantumroot.toast.sweepFailed","Quantumroot sweep failed: {message}","Quantumroot sweep failed: {message}","needs-review"
"quantumroot.toast.unavailable","Quantumroot vault unavailable.","Quantumroot vault unavailable.","needs-review"
"quantumroot.trackedBalance","Tracked Balance","Ma’aunin da ake sa ido","translated"
"quantumroot.vaultNumber","Vault #{id}","Vault #{id}","needs-review"
"quantumroot.vaults","Vaults","Vaults","needs-review"
"quantumroot.workspaceRefreshFailed","Workspace Refresh Failed","An kasa sabunta wurin aiki","translated"
"receive.addressesNotReady","Receive addresses not ready","Adireshin karɓa bai shirya ba","translated"
"receive.amountBch","Amount (BCH)","Adadi (BCH)","translated"
"receive.back","Back","Koma","translated"
"receive.bip21Active","Request details are active and the QR is now encoding the BIP21 URI.","Bayanan buƙata suna aiki kuma QR yanzu yana ɗauke da URI na BIP21.","translated"
"receive.bip21Description","Encode amount, label, and message into the QR payload.","Sanya adadi, lakabi da saƙo cikin payload na QR.","translated"
"receive.bip21Help","When enabled, the QR and copied payload use a BIP21-style `bitcoincash:` URI so compatible wallets can autofill request details.","Idan an kunna, QR da payload da aka kwafa suna amfani da URI irin na BIP21 `bitcoincash:` domin wallets masu jituwa su cika bayanan buƙata kai tsaye.","translated"
"receive.bip21Title","BIP21 payment request","Buƙatar biyan BIP21","translated"
"receive.cashToken","CashToken","CashToken","stable-term"
"receive.change","Change","Canji","translated"
"receive.changeAddressCount","{count} change addresses","Adireshin canji {count}","translated"
"receive.clear","Clear","Share","translated"
"receive.close","Close","Rufe","translated"
"receive.copied","Copied to clipboard!","An kwafa zuwa allo!","translated"
"receive.copyBip21","Copy BIP21 URI","Kwafi URI na BIP21","translated"
"receive.copyFailed","Failed to copy.","Kwafi ya gaza.","translated"
"receive.copyQrPayload","Copy receive QR payload","Kwafi payload na QR na karɓa","translated"
"receive.dismiss","Dismiss","Rufe","translated"
"receive.dismissUnlockAlert","Dismiss unlock alert","Rufe sanarwar buɗewa","translated"
"receive.label","Label","Lakabi","translated"
"receive.main","Main","Farko","translated"
"receive.mainAddressCount","{count} main addresses","Adireshin farko {count}","translated"
"receive.message","Message","Saƙo","stable-term"
"receive.noAddressesLoaded","This wallet does not have receive addresses loaded yet.","Wannan wallet ɗin bai ɗora adireshin karɓa ba tukuna.","translated"
"receive.noBranchAddresses","No addresses found in this branch yet.","Ba a sami adireshi a wannan reshe ba tukuna.","translated"
"receive.noVaultFunds","No Quantumroot vault funds detected yet.","Ba a gano kuɗin vault na Quantumroot ba tukuna.","translated"
"receive.openQrPreview","Open larger QR code preview","Buɗe babban samfotin QR","translated"
"receive.optional","Optional","Na zaɓi","translated"
"receive.optionalExample","Optional, e.g. 0.0105","Na zaɓi, misali 0.0105","translated"
"receive.prepareAddresses","Prepare receive addresses","Shirya adireshin karɓa","translated"
"receive.prepareAddressesDescription","Prepare addresses to show your receive QR and address list.","Shirya adireshi don nuna QR na karɓa da jerin adireshi.","translated"
"receive.privKeyReady","Private key view unlocked","An buɗe kallon maɓallin sirri","translated"
"receive.privKeyUnlock","Private key unlock in {count} taps","Buɗe maɓallin sirri bayan taɓawa {count}","translated"
"receive.pubKeyTapProgress","PubKey pressed {count}/{total} times","An danna PubKey sau {count}/{total}","translated"
"receive.qrCopyDescription","Tap the QR to copy the current payload. Close to return.","Danna QR don kwafe payload na yanzu. Rufe don komawa.","translated"
"receive.quantumLock","Quantum Lock","Quantum Lock","stable-term"
"receive.quantumLockAddress","Quantum Lock Address","Adireshin Quantum Lock","translated"
"receive.quantumrootStatus","Quantumroot Status","Matsayin Quantumroot","translated"
"receive.readOnlyStatus","This view is read-only. It shows vault status and key receive data, but no spending or recovery actions.","Wannan kallo na karatu ne kawai. Yana nuna matsayin vault da bayanan karɓa, amma ba shi da aikin kashe kuɗi ko dawo da wallet.","translated"
"receive.receiveAddress","Receive Address","Adireshin karɓa","translated"
"receive.receiveBalance","Receive Balance","Ragowar karɓa","translated"
"receive.receiveQr","Receive QR","QR na karɓa","translated"
"receive.regular","Regular","Na yau da kullum","translated"
"receive.seeAllAddresses","See all addresses","Duba duk adireshi","translated"
"receive.switch","Switch","Sauya","translated"
"receive.switchAddress","Switch address","Sauya adireshi","translated"
"receive.syncing","Syncing…","Ana daidaitawa…","translated"
"receive.tapPubKey","Tap PubKey to reveal the private key view.","Danna PubKey don nuna kallon maɓallin sirri.","translated"
"receive.title","Receive","Karɓa","translated"
"receive.toggleAddressType","Toggle receive address type","Sauya nau’in adireshin karɓa","translated"
"receive.unavailable","Unavailable","Ba ya samuwa","translated"
"reconfiguration.changingPath","Changing derivation path","Ana canja hanyar derivation","translated"
"reconfiguration.clearing","Clearing old wallet data","Ana share tsoffin bayanan wallet","translated"
"reconfiguration.clearingDetail","Removing the previous address, history, and UTXO records.","Ana cire tsoffin adireshi, tarihi da bayanan UTXO.","translated"
"reconfiguration.deriving","Generating wallet addresses","Ana ƙirƙirar adireshin wallet","translated"
"reconfiguration.derivingDetail","Creating the receive and change addresses for this wallet path.","Ana ƙirƙirar adireshin karɓa da canji don wannan hanyar wallet.","translated"
"reconfiguration.dismiss","Dismiss","Rufe","translated"
"reconfiguration.failed","Wallet update failed","Sabunta wallet ya gaza","translated"
"reconfiguration.failedDetail","The wallet could not be reconfigured.","An kasa sake tsara wallet.","translated"
"reconfiguration.keepOpen","Please keep OPTN Wallet open. Navigation is temporarily disabled while wallet data is rebuilt.","Ka bar OPTN Wallet a buɗe. An kashe zirga-zirga na ɗan lokaci yayin sake gina bayanan wallet.","translated"
"reconfiguration.movingTo","Moving to {network}","Ana matsawa zuwa {network}","translated"
"reconfiguration.preparing","Preparing wallet","Ana shirya wallet","translated"
"reconfiguration.preparingDetail","Stopping background sync and reconnecting to the selected network.","Ana dakatar da daidaitawar baya kuma ana sake haɗawa da hanyar sadarwar da aka zaɓa.","translated"
"reconfiguration.progress","Wallet update progress","Ci gaban sabunta wallet","translated"
"reconfiguration.reloading","Reloading wallet","Ana sake loda wallet","translated"
"reconfiguration.stepOf","Step {current} of {total}","Mataki {current} cikin {total}","translated"
"reconfiguration.switchingNetwork","Switching network","Ana sauya hanyar sadarwa","translated"
"reconfiguration.syncing","Synchronizing wallet","Ana daidaita wallet","translated"
"reconfiguration.syncingDetail","Fetching balances, UTXOs, and transaction history. This can take 15–20 seconds.","Ana samo ragowar kuɗi, UTXO da tarihin ciniki. Wannan na iya ɗaukar sakan 15–20.","translated"
"reconfiguration.updating","Updating wallet","Ana sabunta wallet","translated"
"reconfiguration.working","Working…","Ana aiki…","translated"
"recovery.hide","Hide Backup Phrase","Ɓoye jumlar ajiya","translated"
"recovery.reveal","Reveal Backup Phrase","Nuna jumlar ajiya","translated"
"recovery.warning","Warning","Gargaɗi","translated"
"recovery.warningDescription","Displaying your mnemonic backup phrase can compromise your funds. Ensure you keep it secure.","Nuna jumlar mnemonic na iya jefa kuɗinka cikin haɗari. Ajiye ta lafiya.","translated"
"rpa.confirmedPayment","confirmed stealth payment","biyan kuɗi na ɓoye da aka tabbatar","translated"
"rpa.confirmedPayments","{count} confirmed stealth payment(s) found","An sami biyan kuɗi na ɓoye da aka tabbatar {count}","translated"
"rpa.copyFailed","Copy failed.","Kwafi ya gaza.","translated"
"rpa.copySuccess","Paycode copied!","An kwafi Paycode!","translated"
"rpa.derivationFailed","Paycode derivation failed. Unlock your wallet and try again.","Samo Paycode ya gaza. Buɗe wallet ka sake gwadawa.","translated"
"rpa.derivationPaths","Derivation paths","Hanyoyin samo","translated"
"rpa.deriving","Deriving paycode…","Ana samo Paycode…","translated"
"rpa.found","found","an samu","translated"
"rpa.howWorks","How it works","Yadda yake aiki","translated"
"rpa.lastScanned","Last scanned","Dubawa na ƙarshe","translated"
"rpa.noNotification","No notification tx.","Babu cinikin sanarwa.","translated"
"rpa.noNotificationText","The sender grinds their signature nonce until the input hash prefix matches your scan key — detectability is embedded in the signature itself.","Mai aikawa yana canja nonce na sa hannu har sai farkon hash ɗin shigarwa ya dace da maɓallin dubawa; gano yana cikin sa hannun kansa.","translated"
"rpa.paycode","Paycode","Paycode","stable-term"
"rpa.prefixFilter","Prefix filter","Matatar prefix","translated"
"rpa.scanDescription","Scans a Fulcrum-RPA server for transactions whose input signature prefix matches your scan key. Uses ECDH to verify each candidate and detect your stealth outputs.","Yana duba server Fulcrum-RPA don cinikayen da farkon sa hannun shigarwa ya dace da maɓallin dubawa. Yana amfani da ECDH don tabbatar da masu yiwuwa da gano fitarwar ɓoye.","translated"
"rpa.scanKey","Scan key","Maɓallin dubawa","translated"
"rpa.scanning","Scanning…","Ana dubawa…","translated"
"rpa.serverUnsupported","This server does not support RPA scanning.","Wannan server ba ya goyan bayan duban RPA.","translated"
"rpa.shareDescription","Share this paycode with senders. Each payment creates a unique stealth address — no link between payments on-chain.","Raba wannan Paycode da masu aikawa. Kowace biyan kuɗi tana ƙirƙirar adireshin ɓoye na musamman; babu haɗin biyan kuɗi a sarka.","translated"
"rpa.spendKey","Spend key","Maɓallin kashe kuɗi","translated"
"rpa.stealthBalance","Stealth BCH","BCH na ɓoye","translated"
"rpa.sync","Sync","Daidaita","translated"
"rpa.title","RPA Paycode","RPA Paycode","stable-term"
"rpa.walletUnavailable","Wallet not available","Wallet ba ya samuwa","translated"
"send.address","Address","Adireshi","translated"
"send.advanced","Advanced","Na ci gaba","translated"
"send.advancedBuilder","Open Advanced Builder","Buɗe maginin na ci gaba","translated"
"send.airdrops","Airdrops","Rarrabawa","translated"
"send.amount","Amount","Adadi","translated"
"send.amountBch","Amount (BCH)","Adadi (BCH)","translated"
"send.amountUsd","Amount (USD)","Adadi (USD)","translated"
"send.asset","Asset","Kadara","translated"
"send.assetControl","Asset control","Sarrafa kadarori","translated"
"send.back","Back","Koma","translated"
"send.balance","Balance","Ragowa","translated"
"send.bcmrMetadata","Parsed using BCMR metadata from the selected category.","An fassara ta amfani da bayanan BCMR daga rukunin da aka zaɓa.","translated"
"send.bytes","bytes","bytes","stable-term"
"send.changeAddress","Change address","Adireshin canji","translated"
"send.clearForm","Clear form","Share fom","translated"
"send.confirmed","Confirmed","An tabbatar","translated"
"send.contract","Contract","Kwangila","translated"
"send.contractInputs","Contract inputs","Shigarwar kwangila","translated"
"send.copy","Copy","Kwafi","translated"
"send.debug","Debug","Gyaran kuskure","translated"
"send.decimals","{count} decimals","ƙananan lambobi {count}","translated"
"send.details","Details","Bayanai","translated"
"send.enterBchForUsd","Enter a BCH amount to see the USD equivalent.","Shigar da adadin BCH don ganin kimarsa a USD.","translated"
"send.enterUsdForBch","Enter a USD amount to see the BCH equivalent.","Shigar da adadin USD don ganin kimarsa a BCH.","translated"
"send.fee","Fee","Kuɗin aiki","translated"
"send.fillMax","Fill the full spendable balance minus network fee","Cika dukkan ragowar kuɗin da za a iya kashewa bayan kuɗin hanyar sadarwa","translated"
"send.fillRequired","Fill the required fields first","Cika filayen da ake buƙata da farko","translated"
"send.finalOutputs","Final outputs","Fitowar ƙarshe","translated"
"send.guidedDescription","Send BCH, fungible tokens, or NFTs with one guided flow.","Aika BCH, fungible tokens ko NFTs ta hanya mai jagora guda.","translated"
"send.height","Height","Tsawo","translated"
"send.hide","Hide","Ɓoye","translated"
"send.inputs","Inputs","Abubuwan shigarwa","translated"
"send.inputsUsed","Inputs used","Shigarwar da aka yi amfani da su","translated"
"send.insufficientFunds","Not enough funds. Check your balance or reduce the amount.","Kuɗi ba su isa ba. Duba ragowar kuɗi ko rage adadin.","translated"
"send.integer","integer","cikakken lamba","translated"
"send.invalidAddress","Invalid address—double-check for typos or try scanning a QR code.","Adireshi ba daidai ba ne — duba rubutu ko gwada duba QR.","translated"
"send.keepTxid","Keep this txid as your reference and avoid sending it again.","Ajiye wannan txid a matsayin tunani, kada a sake aikawa.","translated"
"send.leaveBlankNft","Leave blank to send the first available NFT in this category.","Bar shi babu komai don aika NFT na farko da ke cikin wannan rukuni.","translated"
"send.loading","Loading…","Ana lodawa…","translated"
"send.max","Max","Mafi yawa","stable-term"
"send.networkError","Network error. Check your connection and try again.","Kuskuren hanyar sadarwa. Duba haɗin ka kuma sake gwadawa.","translated"
"send.nft","NFT","NFT","stable-term"
"send.nftCategory","NFT category","Rukunin NFT","translated"
"send.nftCommitment","NFT commitment","Alƙawarin NFT","translated"
"send.nfts","NFTs","NFTs","stable-term"
"send.noInputs","No inputs selected yet (run Review).","Ba a zaɓi abin shigarwa ba tukuna (yi Bita).","translated"
"send.noOutputs","No outputs yet (run Review).","Babu fitarwa tukuna (yi Bita).","translated"
"send.noTxBuilt","(no tx built yet)","(ba a gina ciniki ba tukuna)","translated"
"send.openAirdrops","Open Airdrops","Buɗe Airdrops","translated"
"send.optionalHexCommitment","Optional hex commitment…","Alƙawarin hex na zaɓi…","translated"
"send.outpoint","Outpoint","Outpoint","stable-term"
"send.outputsCreated","Outputs created","Fitowar da aka ƙirƙira","translated"
"send.pending","Pending","Ana jira","translated"
"send.quantumrootApproval","approval key to Quantum Lock","maɓallin amincewa zuwa Quantum Lock","translated"
"send.quantumrootHint","Review the recipient and token category, then tap Review to build the transaction.","Duba mai karɓa da rukunin token, sannan danna Bita don gina ciniki.","translated"
"send.quantumrootNftHint","If there are multiple NFT entries, choose the one that matches the approval key.","Idan akwai shigarwar NFT da yawa, zaɓi wadda ta dace da maɓallin amincewa.","translated"
"send.quantumrootPrefilled","Prefilled to send the {label}","An cika domin aika {label}","translated"
"send.quantumrootReceive","matching receive coin to the vault receive address","tsabar karɓa da ta dace da adireshin karɓar vault","translated"
"send.quantumrootShortcut","Quantumroot shortcut","Gajerar hanyar Quantumroot","translated"
"send.rawTransaction","Raw transaction","Ciniki na asali","translated"
"send.recipient","Recipient","Mai karɓa","translated"
"send.recipientAmountLoaded","Recipient and amount loaded from QR.","An ɗora mai karɓa da adadin daga QR.","translated"
"send.recipientLoaded","Recipient loaded from QR.","An ɗora mai karɓa daga QR.","translated"
"send.releaseToSend","Release to send","Saki don aikawa","translated"
"send.reset","Reset","Sake saita","translated"
"send.review","Review","Bita","translated"
"send.reviewTitle","Review Transaction","Duba ciniki","translated"
"send.sats","Sats","Sats","stable-term"
"send.scanQr","Scan QR","Duba QR","translated"
"send.selectCategory","Select category…","Zaɓi rukuni…","translated"
"send.selectedInputs","Selected inputs","Abubuwan shigarwa da aka zaɓa","translated"
"send.send","Send","Aika","translated"
"send.sending","Sending…","Ana aikawa…","translated"
"send.sent","Transaction sent","An aika ciniki","translated"
"send.show","Show","Nuna","translated"
"send.slideToConfirm","Slide to confirm","Ja don tabbatarwa","translated"
"send.submitted","Transaction submitted","An gabatar da ciniki","translated"
"send.summary","Summary","Taƙaice","translated"
"send.switchToBch","Switch amount input to BCH","Sauya shigar adadi zuwa BCH","translated"
"send.switchToUsd","Switch amount input to USD","Sauya shigar adadi zuwa USD","translated"
"send.technicalDetails","Technical details","Bayanan fasaha","translated"
"send.title","Simple Send","Aika mai sauƙi","translated"
"send.to","To","Zuwa","translated"
"send.token","Token","Token","stable-term"
"send.tokenAmount","Token amount","Adadin token","translated"
"send.tokenCategory","Token category","Rukunin token","translated"
"send.tokenChange","Token change","Canjin token","translated"
"send.tokenInputs","Token inputs","Shigarwar token","translated"
"send.tokenLabel","Token","Token","stable-term"
"send.totalBch","Total (BCH)","Jimla (BCH)","stable-term"
"send.transactionSize","Transaction size","Girman ciniki","translated"
"send.transferMode","Transfer mode","Yanayin canja wuri","translated"
"send.type","Type","Nau’i","stable-term"
"send.unconfirmedInputs","Unconfirmed inputs","Shigarwar da ba a tabbatar ba","translated"
"send.usdUnavailable","USD conversion is unavailable right now.","Canjin USD ba ya samuwa yanzu.","translated"
"send.verifyRecipient","QR scanned. Verify recipient before sending.","An duba QR. Tabbatar da mai karɓa kafin aikawa.","translated"
"send.verifySlide","Verify details and slide to send.","Tabbatar da bayanai sannan ja don aikawa.","translated"
"send.waitingSync","Waiting for sync","Ana jiran daidaitawa","translated"
"send.waitPrevious","Wait for your previous outgoing transaction to sync first","Jira a fara daidaita cinikin fita na baya","translated"
"server.active","● active","● mai aiki","translated"
"server.add","Add","Ƙara","translated"
"server.addDesktopPlaceholder","Add server — Fulcrum host:50002, or a node host:8333","Ƙara uwar garke — Fulcrum host:50002, ko node host:8333","translated"
"server.addMobilePlaceholder","Add WSS server — host:50004","Ƙara uwar garken WSS — host:50004","translated"
"server.addressUrlPlaceholder","Address URL, e.g. https://example.com/address/{address}","URL na adireshi, misali https://example.com/address/{address}","translated"
"server.auto","Auto","Atomatik","translated"
"server.autoBackend","Auto — server pool, with failover","Na atomatik — tarin sabobi mai failover","translated"
"server.automatic","Automatic","Atomatik","translated"
"server.backend","Backend","Backend","stable-term"
"server.blockExplorer","Block explorer","Mai binciken tubalan","translated"
"server.connect","Connect","Haɗa","translated"
"server.connected","Connected.","An haɗa.","translated"
"server.connectedServer","Connected server","Uwar garken da aka haɗa","translated"
"server.connecting","Connecting…","Ana haɗawa…","translated"
"server.connectionFailed","Connection failed","Haɗi ya kasa","translated"
"server.connectTitle","Connect to this server","Haɗa da wannan uwar garke","translated"
"server.custom","Custom…","Na musamman…","translated"
"server.customFee","Custom","Na musamman","translated"
"server.defaultPortHint","Default port: 50004 (WSS). Use wss:// prefix to force WSS, or ws:// for unencrypted.","Tsohuwar tashar: 50004 (WSS). Yi amfani da wss:// don tilasta WSS, ko ws:// don haɗin da ba a ɓoye ba.","translated"
"server.explorerDescription","Used for “open in explorer” links on transactions.","Ana amfani da shi wajen hanyoyin “buɗe a mai bincike” na ma’amaloli.","translated"
"server.feeDescription","Fee rate for new transactions. Automatic uses the network minimum (~1 sat/byte, Electron Cash default).","Matsayin kuɗi don sabbin ma’amaloli. Atomatik yana amfani da mafi ƙarancin network (~1 sat/byte, tsohon Electron Cash).","translated"
"server.feeUnit","sat/byte — applies to your next transaction","sat/byte — ga ma’amala ta gaba","translated"
"server.invalidHost","Enter a valid host:port (e.g. 192.168.0.129:50002).","Shigar ingantaccen host:port (misali 192.168.0.129:50002).","translated"
"server.manual","Manual","Da hannu","stable-term"
"server.node","Node","Node","stable-term"
"server.notConnected","Not connected","Ba a haɗa ba","translated"
"server.onlyBackend","Only this backend is used — pinning a node means Electrum servers aren't consulted.","Ana amfani da wannan backend kaɗai — kulle node yana hana amfani da sabobin Electrum.","translated"
"server.placeholderHelp","Use {txid} and {address} as placeholders.","Yi amfani da {txid} da {address} a matsayin gurabe.","translated"
"server.pool","{network} server pool","Tarin sabobin {network}","translated"
"server.rawNodeMobileError","Raw BCH node connections are only available on desktop. Add an Electrum/Fulcrum WSS server instead.","Haɗin raw BCH node yana kan kwamfuta kawai. Ƙara uwar garken Electrum/Fulcrum WSS.","translated"
"server.remove","Remove","Cire","translated"
"server.saveCustom","Save custom explorer","Ajiye mai bincike na musamman","translated"
"server.server","Server","Uwar garke","translated"
"server.serverInputPlaceholder","host, host:50004, or wss://host:50004","host, host:50004, ko wss://host:50004","translated"
"server.transactionFee","Transaction fee","Kuɗin ma’amala","translated"
"server.trustless","trustless","ba tare da amincewa ba","translated"
"server.txUrlPlaceholder","Tx URL, e.g. https://example.com/tx/{txid}","URL na ma’amala, misali https://example.com/tx/{txid}","translated"
"server.useAuto","Use Auto","Yi amfani da atomatik","translated"
"settings.about","About OPTN","Game da OPTN","translated"
"settings.aboutSupport","About & support","Game da taimako","translated"
"settings.aboutSupportDescription","Help, contact, terms, and app information","Taimako, tuntuɓa, sharuɗɗa da bayanan manhaja","translated"
"settings.connectionsFeatures","Connections & features","Haɗi da fasaloli","translated"
"settings.connectionsFeaturesDescription","Servers, integrations, privacy features, and advanced tools","Sabar, haɗe-haɗe, sirri da kayan aikin ci gaba","translated"
"settings.contact","Contact Us","Tuntuɓe mu","translated"
"settings.language","Language","Harshe","translated"
"settings.languageDescription","Choose the wallet interface language","Zaɓi harshen fuskar walat ɗin ku","translated"
"settings.network","Network","Hanyar sadarwa","translated"
"settings.recovery","Recovery Phrase","Jumlar dawo da walat","translated"
"settings.terms","Terms of Use","Sharuɗɗan amfani","translated"
"settings.walletSecurity","Wallet & security","Walat da tsaro","translated"
"settings.walletSecurityDescription","Recovery, derivation path, app lock, and wallet controls","Dawo da walat, hanyar ƙirƙira adireshi, kulle manhaja da sarrafa walat","translated"
"settingsAppLock.autoLockAfter","Auto-lock after","Kulle kai tsaye bayan","translated"
"settingsAppLock.biometricDescription","Use {label} to unlock instead of typing your password.","Yi amfani da {label} don buɗewa ba tare da shigar da kalmar sirri ba.","translated"
"settingsAppLock.biometricSetupFailed","Biometric setup failed: {message}","Saita biometric ya gaza: {message}","translated"
"settingsAppLock.biometricUnlock","Biometric unlock","Buɗewar biometric","translated"
"settingsAppLock.cancel","Cancel","Soke","translated"
"settingsAppLock.changePassword","Change Password","Canja kalmar sirri","translated"
"settingsAppLock.confirm","Confirm","Tabbatar","translated"
"settingsAppLock.confirmNewPassword","Confirm new password","Tabbatar da sabuwar kalmar sirri","translated"
"settingsAppLock.currentPassword","Current password","Kalmar sirri ta yanzu","translated"
"settingsAppLock.currentPasswordIncorrect","Current password is incorrect.","Kalmar sirri ta yanzu ba daidai ba ce.","translated"
"settingsAppLock.disabled","Disabled","An kashe","translated"
"settingsAppLock.enabled","Enabled","An kunna","translated"
"settingsAppLock.enabling","Enabling…","Ana kunnawa…","translated"
"settingsAppLock.encryption","Encryption","Rufewa da sirri","translated"
"settingsAppLock.encryptionDescription","Your wallet is encrypted with a password-derived key (PBKDF2 · 600k iterations · AES-256-GCM). The key is never stored — it is derived in memory each time you unlock.","An rufe wallet ɗinka da maɓalli da aka samo daga kalmar sirri (PBKDF2 · zagaye 600,000 · AES-256-GCM). Ba a ajiye maɓallin ba; ana samo shi a ƙwaƙwalwa duk lokacin buɗewa.","translated"
"settingsAppLock.lockNow","Lock Now","Kulle yanzu","translated"
"settingsAppLock.minute","1 minute","minti 1","stable-term"
"settingsAppLock.minutes","{count} minutes","minti {count}","stable-term"
"settingsAppLock.never","Never","Ba taɓa ba","translated"
"settingsAppLock.newPassword","New password","Sabuwar kalmar sirri","translated"
"settingsAppLock.noWalletOpen","No wallet is open.","Babu wallet da aka buɗe.","translated"
"settingsAppLock.passwordChanged","Password changed successfully.","An canja kalmar sirri cikin nasara.","translated"
"settingsAppLock.passwordChangeFailed","Password change failed. Please try again.","Canja kalmar sirri ya gaza. Sake gwadawa.","translated"
"settingsAppLock.passwordMismatch","New passwords do not match.","Sabbin kalmomin sirri ba su dace ba.","translated"
"settingsAppLock.updating","Updating…","Ana sabuntawa…","translated"
"settingsDerivation.activePath","Active BIP44 account path","Hanyar account ta BIP44 mai aiki","translated"
"settingsDerivation.alreadyActive","This derivation path is already active.","Wannan hanyar derivation tana aiki tuni.","translated"
"settingsDerivation.changeResync","Change and resync","Canja kuma sake daidaitawa","translated"
"settingsDerivation.completed","Derivation path changed and wallet resync completed.","An canja hanyar derivation kuma an kammala daidaita wallet.","translated"
"settingsDerivation.confirm","Changing the derivation path clears the current address, history, and UTXO records. The wallet will then regenerate and resync only the new path. Continue?","Canja hanyar derivation zai share adireshi, tarihi da UTXO na yanzu. Wallet zai sake ƙirƙira da daidaita sabuwar hanya kawai. A ci gaba?","translated"
"settingsDerivation.currentMode","Current mode: {mode}.","Yanayin yanzu: {mode}.","translated"
"settingsDerivation.custom","custom","na musamman","translated"
"settingsDerivation.description","OPTN supports one active BIP44 account path at a time. Reconfiguring it removes the old derived records and performs a fresh receive/change discovery and resync.","OPTN tana goyan bayan hanyar account ta BIP44 guda ɗaya mai aiki a lokaci guda. Sake tsara ta yana cire tsoffin bayanan derivation kuma ya sake gano adireshin karɓa/canji ya daidaita.","translated"
"settingsDerivation.failed","Wallet reconfiguration failed.","Sake tsara wallet ya gaza.","translated"
"settingsDerivation.invalidPath","Invalid derivation path.","Hanyar derivation ba daidai ba ce.","translated"
"settingsDerivation.networkDefault","network default","tsohuwar hanyar sadarwa","translated"
"settingsDerivation.reconfiguring","Reconfiguring…","Ana sake tsarawa…","translated"
"settingsDerivation.useDefault","Use network default","Yi amfani da tsohuwar hanyar sadarwa","translated"
"settingsNetwork.active","Active","Mai aiki","translated"
"settingsNetwork.chipnet","Chipnet","Chipnet","stable-term"
"settingsNetwork.chipnetDescription","BCH testnet for upcoming CHIPs — test funds only","Hanyar gwajin BCH don CHIPs masu zuwa — kuɗin gwaji kawai","translated"
"settingsNetwork.comingSoon","Coming soon","Nan ba da jimawa ba","translated"
"settingsNetwork.description","Switching networks clears the active network records, derives the network path, and resynchronizes receive/change addresses. Custom paths are preserved across network changes.","Canza hanyar sadarwa zai share bayanan hanyar yanzu, ya samar da hanyar network, kuma ya sake daidaita adiresoshin karɓa da canji. Hanyoyin da aka keɓance za su ci gaba da kasancewa.","translated"
"settingsNetwork.mainnet","Mainnet","Mainnet","stable-term"
"settingsNetwork.mainnetDescription","Live BCH network — real funds","Hanyar BCH ta gaske — kuɗi na gaske","translated"
"settingsNetwork.regtest","Regtest","Regtest","stable-term"
"settingsNetwork.reload","Reload and resync current wallet","Sake loda kuma daidaita walat","translated"
"settingsNetwork.reloading","Reloading wallet…","Ana sake loda walat…","translated"
"settingsNetwork.switching","Switching…","Ana canzawa…","translated"
"settingsNetwork.testnet3","Testnet3","Testnet3","stable-term"
"settingsNetwork.testnet4","Testnet4","Testnet4","stable-term"
"settingsPanels.addons","Addons","Add-ons","translated"
"settingsPanels.appLock","App Lock","Kulle manhaja","translated"
"settingsPanels.cashfusion","CashFusion","CashFusion","stable-term"
"settingsPanels.console","Console","Console","stable-term"
"settingsPanels.contract","Contract Info","Bayanan kwangila","translated"
"settingsPanels.derivation","Derivation Path","Hanyar derivation","translated"
"settingsPanels.experimental","Experimental Features","Fasalolin gwaji","translated"
"settingsPanels.faucet","Chipnet Faucet","Chipnet Faucet","stable-term"
"settingsPanels.nostr","Nostr & Chat","Nostr da hira","translated"
"settingsPanels.server","Server","Server","stable-term"
"settingsPanels.walletConnect","WalletConnect","WalletConnect","stable-term"
"settingsPanels.wizardConnect","WizardConnect","WizardConnect","stable-term"
"settingsRows.about","About OPTN","Game da OPTN","translated"
"settingsRows.aboutDescription","Version info","Bayanin sigar manhaja","translated"
"settingsRows.addons","Addons","Ƙarin manhajoji","translated"
"settingsRows.addonsDescription","Install and manage third-party addons","Sanya da sarrafa ƙarin manhajojin ɓangare na uku","translated"
"settingsRows.appLock","App Lock","Kulle manhaja","translated"
"settingsRows.appLockDescription","Auto-lock · Change password","Kulle kai-tsaye · Canza kalmar sirri","translated"
"settingsRows.console","Console","Console","stable-term"
"settingsRows.consoleDescription","App log · Electrum RPC","Log na manhaja · Electrum RPC","translated"
"settingsRows.contact","Contact Us","Tuntuɓe mu","translated"
"settingsRows.contactDescription","Get help and support","Samu taimako da tallafi","translated"
"settingsRows.contractInfo","Contract Info","Bayanin kwangila","translated"
"settingsRows.contractInfoDescription","View contract details","Duba bayanan kwangila","translated"
"settingsRows.derivation","Derivation Path","Hanyar derivation","translated"
"settingsRows.derivationDescription","Customize and resync the active BIP44 path","Keɓance kuma sake daidaita hanyar BIP44 mai aiki","translated"
"settingsRows.experimental","Experimental Features","Abubuwan gwaji","translated"
"settingsRows.experimentalDescription","RPA · CashFusion","RPA · CashFusion","stable-term"
"settingsRows.faucet","Chipnet Faucet","Chipnet Faucet","stable-term"
"settingsRows.faucetDescription","Get test BCH on Chipnet","Samu BCH na gwaji a Chipnet","translated"
"settingsRows.language","Language","Harshe","translated"
"settingsRows.languageDescription","Choose the wallet interface language","Zaɓi harshen fuskar walat","translated"
"settingsRows.network","Network","Hanyar sadarwa","translated"
"settingsRows.networkDescription","Switch between Mainnet and Chipnet","Canza tsakanin Mainnet da Chipnet","translated"
"settingsRows.nostr","Nostr & Chat","Nostr da hira","translated"
"settingsRows.nostrDescription","Private messages · Identity · Relay pool","Saƙonni na sirri · Shaida · Relays","translated"
"settingsRows.pendingOutbox","Pending Tx Locks","Makullan ma’amaloli masu jira","translated"
"settingsRows.pendingOutboxDescription","Review outgoing transaction locks","Duba makullan ma’amalolin fita","translated"
"settingsRows.recovery","Recovery Phrase","Jumlar dawo da walat","translated"
"settingsRows.recoveryDescription","Back up your wallet","Ajiye kwafin walat","translated"
"settingsRows.server","Servers","Sabobin sadarwa","translated"
"settingsRows.serverDescription","Electrum · Block explorer · Transaction fees","Electrum · Mai duba tubalan · Kuɗin ma’amala","translated"
"settingsRows.terms","Terms of Use","Sharuɗɗan amfani","translated"
"settingsRows.termsDescription","Read our terms","Karanta sharuɗɗanmu","translated"
"settingsRows.walletConnect","WalletConnect","WalletConnect","stable-term"
"settingsRows.walletConnectDescription","Manage dApp connections","Sarrafa haɗin dApp","translated"
"settingsRows.wizardConnect","WizardConnect","WizardConnect","stable-term"
"settingsRows.wizardConnectDescription","Connect to token wizards","Haɗa da token wizard","translated"
"terms.acceptance","1. Acceptance of Terms","1. Karɓar sharuɗɗa","translated"
"terms.acceptanceText","By accessing and using the OPTN Wallet App (“the App”), you agree to comply with and be bound by these Terms of Use. If you do not agree, please do not use the App.","Ta hanyar shiga da amfani da OPTN Wallet (“Manhajar”), ka yarda ka bi waɗannan Sharuɗɗan Amfani. Idan ba ka yarda ba, kada ka yi amfani da Manhajar.","translated"
"terms.deviceSecurity","Ensuring the security of your device and the App.","Tabbatar da tsaron na’urarka da Manhajar.","translated"
"terms.modifications","6. Modifications","6. Sauye-sauye","stable-term"
"terms.modificationsText","The developers may modify, suspend, or discontinue the App without prior notice and may update these Terms. You are responsible for reviewing them periodically.","Masu haɓakawa na iya gyara, dakatar ko rufe Manhajar ba tare da sanarwa ba, kuma su sabunta waɗannan sharuɗɗa. Kai ne ke da alhakin duba su lokaci-lokaci.","translated"
"terms.noLiability","4. No Liability","4. Babu alhaki","translated"
"terms.noLiabilityText","The developers assume no liability for loss, damage, or unauthorized access arising from use of the App, including cryptocurrency loss, data breaches, or device malfunctions. You use the App at your own risk.","Masu haɓakawa ba su da alhakin asara, lahani ko shiga marar izini da ya taso daga amfani da Manhajar, ciki har da asarar cryptocurrency, keta bayanai ko lalacewar na’ura. Kana amfani da ita da kanka cikin haɗari.","translated"
"terms.noWarranty","5. No Warranty","5. Babu garanti","translated"
"terms.noWarrantyText","The App is provided “as is” without express or implied warranties. The developers do not guarantee reliability, accuracy, completeness, error-free operation, or uninterrupted service.","Ana bayar da Manhajar “kamar yadda take” ba tare da garanti bayyananne ko na ɓoye ba. Masu haɓakawa ba sa tabbatar da dogaro, daidaito, cikawa, aiki marar kuskure ko sabis marar yankewa.","translated"
"terms.purpose","2. Purpose","2. Manufa","translated"
"terms.purposeText","The OPTN Wallet App lets users securely store, send, and receive cryptocurrency. You are responsible for the security of your private keys and assets.","OPTN Wallet tana ba masu amfani damar adana, aika da karɓar cryptocurrency cikin aminci. Kai ne ke da alhakin tsaron maɓallan sirri da kadarorinka.","translated"
"terms.responsibilities","3. User Responsibilities","3. Alhakin mai amfani","translated"
"terms.responsibilitiesIntro","The OPTN Wallet App handles real cryptocurrency. You are solely responsible for:","OPTN Wallet tana sarrafa cryptocurrency na gaske. Kai kaɗai ne ke da alhakin:","translated"
"terms.responsibilitiesText","The development team is not responsible for loss of assets or unauthorized access resulting from failure to follow these practices.","Ƙungiyar ci gaba ba ta da alhakin asarar kadara ko shiga marar izini saboda rashin bin waɗannan matakai.","translated"
"terms.safeguard","Safeguarding your private keys and recovery phrases.","Kare maɓallan sirri da jimlolin dawo da wallet.","translated"
"terms.verify","Verifying transaction details before confirming any actions.","Tabbatar da bayanan ciniki kafin tabbatar da wani aiki.","translated"
"token.activeMinting","Active Minting","Samarwa mai aiki","translated"
"token.authHead","Auth Head","Shugaban iko","translated"
"token.bcmr","BCMR","BCMR","stable-term"
"token.bcmrUnavailable","BCMR metadata unavailable","Bayanan BCMR ba su samuwa","translated"
"token.category","Category","Rukuni","translated"
"token.chainStatsError","Unable to load token chain statistics right now.","An kasa loda ƙididdigar token na sarka yanzu.","translated"
"token.decimals","Decimals","Wuraren goma","translated"
"token.id","Token ID","ID na token","translated"
"token.loading","Loading token data…","Ana loda bayanan token…","translated"
"token.no","No","A’a","translated"
"token.symbol","Symbol","Alama","translated"
"token.totalNfts","Total NFTs","Jimillar NFT","translated"
"token.totalSupply","Total Supply","Jimillar samarwa","translated"
"token.unavailable","Unavailable","Ba ya samuwa","translated"
"token.yes","Yes","Eh","translated"
"tor.appRunsOwn","The app runs its own Tor — no Tor Browser needed","Manhajar tana gudanar da Tor nata — ba a buƙatar Tor Browser","translated"
"tor.autoDetect","Auto-detect (9050 / 9150)","Gano kai tsaye (9050 / 9150)","translated"
"tor.bootstrapping","Bootstrapping Tor… {percent}%","Ana fara Tor… {percent}%","translated"
"tor.check","Check Tor","Duba Tor","translated"
"tor.checking","Checking…","Ana dubawa…","translated"
"tor.desktopOnly","Desktop only","Kwamfuta kawai","translated"
"tor.disable","Disable","Kashe","translated"
"tor.enable","Enable","Kunna","translated"
"tor.externalOption","Or use a Tor you run yourself:","Ko amfani da Tor da ka gudanar da kanka:","translated"
"tor.foundOnPort","Tor found on port {port} ✓","An sami Tor a tashar {port} ✓","translated"
"tor.integrated","Integrated Tor","Tor da aka haɗa","translated"
"tor.manualPort","Manual port","Tashar hannu","translated"
"tor.noExternal","No external Tor found. Either press “Start integrated Tor” above (recommended), or start Tor Browser (9150) / a system Tor daemon (9050) and press “Check Tor”. Without Tor, remote CashFusion is blocked.","Ba a sami Tor na waje ba. Fara Tor da aka haɗa a sama (shawara), ko fara Tor Browser (9150) / tsarin Tor daemon (9050), sannan danna “Duba Tor”. Ba tare da Tor ba, ana toshe CashFusion na nesa.","translated"
"tor.noProxy","No Tor proxy running ✗","Babu proxy Tor mai aiki ✗","translated"
"tor.remoteRequired","Required for remote CashFusion servers","Ana buƙata don servers na CashFusion na nesa","translated"
"tor.runningOn","Running on port {port} ✓","Yana aiki a tashar {port} ✓","translated"
"tor.starting","Starting…","Ana farawa…","translated"
"tor.startIntegrated","Start integrated Tor","Fara Tor da aka haɗa","translated"
"tor.stop","Stop","Tsaya","translated"
"tor.title","Tor","Tor","stable-term"
"tor.usingManual","Using manual port {port}","Ana amfani da tashar hannu {port}","translated"
"txDetails.bch","BCH","BCH","stable-term"
"txDetails.index","Index","Fihirisa","stable-term"
"txDetails.locktime","Locktime","Lokacin kullewa","translated"
"txDetails.txid","TXID","TXID","stable-term"
"txDetails.version","Version","Sigar","stable-term"
"txSummary.bch","BCH","BCH","stable-term"
"txSummary.bchInput","bch input","shigar BCH","translated"
"txSummary.bytes","bytes","bytes","stable-term"
"txSummary.fee","Fee","Kuɗin aiki","translated"
"txSummary.feeRate","Fee rate","Matsayin kuɗin aiki","translated"
"txSummary.inputs","Inputs","Abubuwan shigarwa","translated"
"txSummary.outputs","Outputs","Abubuwan fitarwa","translated"
"txSummary.sats","sats","sats","stable-term"
"txSummary.token","token","token","stable-term"
"txSummary.tokenInput","token input","shigar token","translated"
"txSummary.txSize","Tx size","Girman ma’amala","translated"
"utxo.amount","Amount","Adadi","translated"
"utxo.bitcoinCash","Bitcoin Cash","Bitcoin Cash","stable-term"
"utxo.ft","FT","FT","stable-term"
"utxo.height","Height","Tsawo","translated"
"utxo.loading","Loading UTXOs…","Ana loda UTXO…","translated"
"utxo.name","Name","Suna","translated"
"utxo.nft","NFT","NFT","stable-term"
"utxo.none","No UTXOs to display.","Babu UTXO da za a nuna.","translated"
"utxo.pos","Pos","Matsayi","translated"
"utxo.tokens","tokens","tokens","stable-term"
"utxo.txHash","Tx Hash","Hash na ma’amala","translated"
"walkthrough.label","Walkthrough","Jagorar mataki-mataki","translated"
"watchOnly.accountXpub","Account xPub","xPub na account","translated"
"watchOnly.back","Back to wallets","Koma wallets","translated"
"watchOnly.change","Change #{index}","Canji #{index}","translated"
"watchOnly.chipnet","Chipnet","Chipnet","stable-term"
"watchOnly.comingNext","Coming next","Zai zo nan gaba","translated"
"watchOnly.description","Inspect public BCH addresses without importing any private keys.","Duba adireshin BCH na jama’a ba tare da shigo da maɓallan sirri ba.","translated"
"watchOnly.mainnet","Mainnet","Mainnet","stable-term"
"watchOnly.multipleCosigners","Multiple cosigners","Masu sa hannu da yawa","translated"
"watchOnly.multisign","Multisign","Sa hannu da yawa","translated"
"watchOnly.network","Network","Hanyar sadarwa","translated"
"watchOnly.pathNote","Confirm that SeedCash exported this account at m/44'/145'/account'. A standalone BIP32 xPub cannot prove its parent purpose or coin path.","Tabbatar SeedCash ya fitar da wannan account a m/44’/145’/account’. xPub na BIP32 shi kaɗai ba zai tabbatar da manufar mahaifi ko hanyar coin ba.","translated"
"watchOnly.previewPublic","Preview public addresses","Samfotin adireshin jama’a","translated"
"watchOnly.previewTitle","Public address preview","Samfotin adireshin jama’a","translated"
"watchOnly.receive","Receive #{index}","Karɓa #{index}","translated"
"watchOnly.scanCamera","Scan (camera)","Duba (kamara)","translated"
"watchOnly.standard","Standard","Na yau da kullum","stable-term"
"watchOnly.title","Watch-Only Wallet Preview","Samfotin wallet na kallo kawai","translated"
"watchOnly.type","Watch-only wallet type","Nau’in wallet na kallo kawai","translated"
"watchOnly.uploadQr","Upload QR","Loda QR","translated"
"watchOnly.warning","Public preview only: this screen does not save a watch-only wallet or create, sign, import, or broadcast PSBT transactions yet.","Samfotin jama’a kawai: wannan allo bai adana wallet na kallo kawai ko ƙirƙira, sa hannu, shigo da ko watsa cinikin PSBT ba tukuna.","translated"
"watchOnly.xpubPlaceholder","Paste the xPub exported by SeedCash","Manna xPub da SeedCash ya fitar","translated"
"wc.activeSessions","Active WalletConnect Sessions","Zaman WalletConnect masu aiki","translated"
"wc.address","Address","Adireshi","translated"
"wc.approvalFailedBody","Failed to approve the session request from {name}.","An kasa amincewa da buƙatar zaman daga {name}.","translated"
"wc.approvalFailedTitle","WalletConnect approval failed","Amincewar WalletConnect ta gaza","translated"
"wc.approve","Approve","Amince","translated"
"wc.approvedBody","Connected to {name}.","An haɗa da {name}.","translated"
"wc.approvedTitle","WalletConnect session approved","An amince da zaman WalletConnect","translated"
"wc.approveSession","Approve Session","Amince da zaman","translated"
"wc.broadcast","Broadcast","Watsa","translated"
"wc.broadcastLocked","Another outgoing transaction is still syncing. To avoid duplicates while you are offline, this wallet will only broadcast one unresolved transaction at a time.","Wani cinikin fita yana daidaitawa. Don hana maimaitawa yayin da ba ka kan layi, wallet ɗin zai watsa ciniki guda ɗaya da ba a warware ba a lokaci guda.","translated"
"wc.cancel","Cancel","Soke","translated"
"wc.close","Close","Rufe","translated"
"wc.connect","Connect","Haɗa","translated"
"wc.connectionUri","Connection URI","URI na haɗi","translated"
"wc.dappName","DApp Name","Sunan dApp","translated"
"wc.disconnect","Disconnect","Cire haɗi","translated"
"wc.disconnectsOn","Disconnects On","Cire haɗi a","translated"
"wc.domain","Domain","Yanki","translated"
"wc.enterUri","Enter WalletConnect URI","Shigar da URI na WalletConnect","translated"
"wc.estimatedFee","Estimated Fee","Kiyasin kuɗin aiki","translated"
"wc.fungibleAmount","Fungible Amount","Adadin fungible","translated"
"wc.index","Index","Fihirisa","stable-term"
"wc.inputs","Inputs ({count})","Shigarwa ({count})","translated"
"wc.invalidLockingBytecode","Invalid locking bytecode","Locking bytecode ba daidai ba","translated"
"wc.invalidQr","Not a valid WalletConnect URI.","Ba ingantaccen URI na WalletConnect ba ne.","translated"
"wc.messageApprovedBody","Approved the WalletConnect message request.","An amince da buƙatar saƙon WalletConnect.","translated"
"wc.messageFailedBody","Failed to sign WalletConnect message request.","An kasa sa hannu kan buƙatar saƙon WalletConnect.","translated"
"wc.messageFailedTitle","WalletConnect message failed","Saƙon WalletConnect ya gaza","translated"
"wc.messageRejectedBody","Rejected the WalletConnect message request.","An ƙi buƙatar saƙon WalletConnect.","translated"
"wc.messageRejectedTitle","WalletConnect message rejected","An ƙi saƙon WalletConnect","translated"
"wc.messageRejectFailedBody","Failed to reject WalletConnect message request.","An kasa ƙin buƙatar saƙon WalletConnect.","translated"
"wc.messageSignedBody","Approved request from {name}.","An amince da buƙatar daga {name}.","translated"
"wc.messageSignedTitle","WalletConnect message signed","An sa hannu kan saƙon WalletConnect","translated"
"wc.messageToSign","Message to Sign","Saƙon da za a sa hannu","translated"
"wc.nftCapability","NFT Capability","Iwar NFT","translated"
"wc.nftCommitment","NFT Commitment","Alƙawarin NFT","translated"
"wc.no","No","A’a","translated"
"wc.noActiveSessions","No active WalletConnect sessions yet.","Babu zaman WalletConnect mai aiki tukuna.","translated"
"wc.noQr","No QR code detected. Try again.","Ba a gano lambar QR ba. Sake gwadawa.","translated"
"wc.noSessions","No active sessions.","Babu zaman mai aiki.","translated"
"wc.opReturnOutput","OP_RETURN Output","Fitarwar OP_RETURN","translated"
"wc.outputs","Outputs ({count})","Fitarwa ({count})","translated"
"wc.pairingStarted","WalletConnect pairing started.","An fara haɗa WalletConnect.","translated"
"wc.pairingSuccessful","WalletConnect pairing successful via QR.","An haɗa WalletConnect ta QR cikin nasara.","translated"
"wc.prompt","Prompt","Buƙata","translated"
"wc.reject","Reject","Ƙi","translated"
"wc.rejectedBody","Rejected the session request from {name}.","An ƙi buƙatar zaman daga {name}.","translated"
"wc.rejectedTitle","WalletConnect session rejected","An ƙi zaman WalletConnect","translated"
"wc.rejectionFailedBody","Failed to reject the session request from {name}.","An kasa ƙin buƙatar zaman daga {name}.","translated"
"wc.rejectionFailedTitle","WalletConnect rejection failed","Kin WalletConnect ya gaza","translated"
"wc.rejectionSentBody","Sent the rejection response to the dApp.","An aika amsar kin zuwa dApp.","translated"
"wc.rejectionStaleBody","The dApp disconnected before the rejection response could be delivered.","dApp ya cire haɗi kafin a isar da amsar kin.","translated"
"wc.requestExpiredBody","The dApp request expired before it could be completed.","Buƙatar dApp ta ƙare kafin a kammala ta.","translated"
"wc.requestExpiredTitle","WalletConnect request expired","Buƙatar WalletConnect ta ƙare","translated"
"wc.scanFailed","WalletConnect scan failed.","Duba WalletConnect ya gaza.","translated"
"wc.scanQr","Scan QR","Duba QR","translated"
"wc.sessionDisconnectedBody","A WalletConnect session was disconnected remotely.","An cire wani zaman WalletConnect daga nesa.","translated"
"wc.sessionDisconnectedFrom","Disconnected from {name}.","An cire haɗi daga {name}.","translated"
"wc.sessionDisconnectedTitle","WalletConnect session disconnected","An cire zaman WalletConnect","translated"
"wc.sessionRequestExpiredBody","The WalletConnect session request timed out before approval.","Buƙatar zaman WalletConnect ta ƙare kafin amincewa.","translated"
"wc.sessionRequestExpiredTitle","WalletConnect session request expired","Buƙatar zaman WalletConnect ta ƙare","translated"
"wc.sessionRequestFrom","Session request from {name}.","Buƙatar zaman daga {name}.","translated"
"wc.sessionRequestGeneric","A dApp requested a WalletConnect session.","Wani dApp ya nemi zaman WalletConnect.","translated"
"wc.sessionRequestTitle","WalletConnect session request","Buƙatar zaman WalletConnect","translated"
"wc.settings","Settings","Saituna","translated"
"wc.sign","Sign","Sa hannu","translated"
"wc.signMessageRequest","Sign Message Request","Buƙatar sa hannun saƙo","translated"
"wc.signTransactionRequest","Sign Transaction Request","Buƙatar sa hannun ciniki","translated"
"wc.tokenCategory","Token Category","Rukunin token","translated"
"wc.totalInput","Total Input","Jimlar shigarwa","translated"
"wc.totalOutput","Total Output","Jimlar fitarwa","translated"
"wc.transactionApprovedTitle","WalletConnect transaction approved","An amince da cinikin WalletConnect","translated"
"wc.transactionFailedBody","Failed to sign WalletConnect transaction request: {message}","An kasa sa hannu kan buƙatar cinikin WalletConnect: {message}","translated"
"wc.transactionFailedTitle","WalletConnect transaction failed","Cinikin WalletConnect ya gaza","translated"
"wc.transactionRejectedTitle","WalletConnect transaction rejected","An ƙi cinikin WalletConnect","translated"
"wc.transactionRejectionFailedBody","Failed to reject WalletConnect transaction request: {message}","An kasa ƙin buƙatar cinikin WalletConnect: {message}","translated"
"wc.transactionResponseSentBody","Sent the WalletConnect transaction response.","An aika amsar cinikin WalletConnect.","translated"
"wc.transactionSentBody","Sent the transaction response to {name}.","An aika amsar ciniki zuwa {name}.","translated"
"wc.transactionStaleBody","The dApp disconnected before the transaction response could be delivered.","dApp ya cire haɗi kafin a isar da amsar ciniki.","translated"
"wc.txid","TXID","TXID","stable-term"
"wc.unknownDapp","Unknown dApp","dApp da ba a sani ba","translated"
"wc.unsupportedTransaction","This request uses an unsupported transaction representation in the current OPTN Wallet integration.","Wannan buƙatar tana amfani da tsarin ciniki da haɗin OPTN Wallet na yanzu ba ya goyan baya.","translated"
"wc.validUri","Please provide a valid WalletConnect URI.","Bayar da ingantaccen URI na WalletConnect.","translated"
"wc.waitingForSync","Waiting for sync","Ana jiran daidaitawa","translated"
"wc.waitPrevious","Wait for the previous outgoing transaction to sync first","Jira a fara daidaita cinikin fita na baya","translated"
"wc.working","Working…","Ana aiki…","translated"
"wc.yes","Yes","Eh","translated"
"wizard.activeSessions","Active WizardConnect Sessions","Zaman WizardConnect masu aiki","translated"
"wizard.address","Address","Adireshi","translated"
"wizard.approve","Approve WizardConnect","Amince da WizardConnect","translated"
"wizard.approved","WizardConnect transaction approved and sent.","An amince da cinikin WizardConnect kuma an aika shi.","translated"
"wizard.approveFailed","WizardConnect transaction failed: {message}","Cinikin WizardConnect ya gaza: {message}","translated"
"wizard.broadcast","Broadcast","Watsa","translated"
"wizard.cancel","Cancel","Soke","translated"
"wizard.close","Close","Rufe","translated"
"wizard.connect","Connect","Haɗa","translated"
"wizard.connectedOn","Connected On","An haɗa a","translated"
"wizard.connecting","Connecting…","Ana haɗawa…","translated"
"wizard.connectionUri","Connection URI","URI na haɗi","translated"
"wizard.connectQuestion","Connect this wallet to the following WizardConnect request?","Haɗa wannan wallet da wannan buƙatar WizardConnect?","translated"
"wizard.dapp","DApp","dApp","stable-term"
"wizard.disconnect","Disconnect","Cire haɗi","translated"
"wizard.enterUri","Enter WizardConnect URI","Shigar da URI na WizardConnect","translated"
"wizard.errorPrefix","Error: {message}","Kuskure: {message}","translated"
"wizard.estimatedFee","Estimated Fee","Kiyasin kuɗin aiki","translated"
"wizard.fungibleAmount","Fungible Amount","Adadin fungible","translated"
"wizard.index","Index","Fihirisa","stable-term"
"wizard.invalidQr","Not a valid WizardConnect QR code.","Ba ingantaccen QR na WizardConnect ba ne.","translated"
"wizard.no","No","A’a","translated"
"wizard.noActiveSessions","No active WizardConnect sessions yet.","Babu zaman WizardConnect mai aiki tukuna.","translated"
"wizard.noQr","No QR code detected. Try again.","Ba a gano lambar QR ba. Sake gwadawa.","translated"
"wizard.noWallet","No active wallet is available for WizardConnect.","Babu wallet mai aiki da za a yi amfani da shi da WizardConnect.","translated"
"wizard.opReturnOutput","OP_RETURN Output","Fitarwar OP_RETURN","translated"
"wizard.pairingStarted","WizardConnect pairing started.","An fara haɗa WizardConnect.","translated"
"wizard.prompt","Prompt","Buƙata","translated"
"wizard.rejected","WizardConnect transaction rejected.","An ƙi cinikin WizardConnect.","translated"
"wizard.rejectFailed","WizardConnect rejection failed: {message}","Kin WizardConnect ya gaza: {message}","translated"
"wizard.scanFailed","WizardConnect scan failed.","Duba WizardConnect ya gaza.","translated"
"wizard.sessionDisconnectedOrExpired","A WizardConnect session disconnected or expired on the dApp side.","An cire zaman WizardConnect ko ya ƙare a ɓangaren dApp.","translated"
"wizard.settings","Settings","Saituna","translated"
"wizard.sign","Sign","Sa hannu","translated"
"wizard.signRequest","WizardConnect Sign Request","Buƙatar sa hannun WizardConnect","translated"
"wizard.status","Status","Matsayi","stable-term"
"wizard.tokenCategory","Token Category","Rukunin token","translated"
"wizard.totalInput","Total Input","Jimlar shigarwa","translated"
"wizard.totalOutput","Total Output","Jimlar fitarwa","translated"
"wizard.txid","TXID","TXID","stable-term"
"wizard.unknownDapp","Unknown dApp","dApp da ba a sani ba","translated"
"wizard.unsupportedTransaction","This request uses an unsupported transaction representation in the current OPTN Wallet integration.","Wannan buƙatar tana amfani da tsarin ciniki da haɗin OPTN Wallet na yanzu ba ya goyan baya.","translated"
"wizard.validUri","Please provide a valid WizardConnect URI.","Bayar da ingantaccen URI na WizardConnect.","translated"
"wizard.yes","Yes","Eh","translated"
