"key","English (en)","Japanese (ja)","Status"
"about.building","Building and Sending Transactions","トランザクションの作成と送信","translated"
"about.buildingText","Construct transactions with custom covenant conditions such as time locks, multisignature requirements, or allowlisted addresses.","タイムロック、マルチシグ要件、許可アドレスなどのカスタム covenant 条件でトランザクションを作成します。","translated"
"about.cashscriptExamples","CashScript Covenant Examples","CashScript covenant の例","translated"
"about.cashscriptGuide","CashScript - Writing Covenants & Introspection","CashScript — covenant と introspection の作成","translated"
"about.cointelegraph","Cointelegraph - What are Bitcoin covenants, and how do they work?","Cointelegraph — Bitcoin covenant とは何か、どう機能するか","translated"
"about.community","Community Feedback","コミュニティからのフィードバック","translated"
"about.communityText","Built with input from beta testers and real user needs.","ベータテスターの意見と実際のユーザーのニーズを取り入れて作られています。","translated"
"about.creating","Creating and Importing Wallets","ウォレットの作成とインポート","translated"
"about.creatingText","Create new wallets or import existing ones using standard formats compatible with other Bitcoin wallets.","他の Bitcoin ウォレットと互換性のある標準形式で、新しいウォレットを作成または既存のウォレットをインポートします。","translated"
"about.feedback","Feedback and Support","フィードバックとサポート","translated"
"about.feedbackText","Your feedback helps us improve OPTN Wallet. For suggestions, issues, or support, contact us at","フィードバックは OPTN Wallet の改善に役立ちます。提案、問題、サポートについては次の連絡先までお知らせください：","translated"
"about.flexibility","Flexibility","柔軟性","translated"
"about.flexibilityText","Tailor your wallet experience with custom transaction conditions.","カスタム取引条件でウォレット体験を調整できます。","translated"
"about.intended","Intended Use","想定用途","translated"
"about.intendedText","OPTN is ready to help you manage digital assets with advanced covenant features, whether you are handling personal funds or exploring Bitcoin covenants.","個人資金の管理にも Bitcoin covenant の探索にも、OPTN は高度な機能でデジタル資産の管理を支援します。","translated"
"about.intuitive","Intuitive Design","直感的なデザイン","translated"
"about.intuitiveText","A user-friendly interface that makes asset management approachable for beginners.","初心者にも資産管理が分かりやすい使いやすいインターフェースです。","translated"
"about.keyFeatures","Key Features","主な機能","translated"
"about.learn","Learn More About Bitcoin Covenants","Bitcoin covenant を詳しく知る","translated"
"about.learnText","Explore these resources to deepen your understanding of Bitcoin covenants:","Bitcoin covenant の理解を深めるには、次の資料をご覧ください。","translated"
"about.overview","Overview","概要","translated"
"about.overviewText","The OPTN Wallet App gives you direct control and security over your digital assets. Bitcoin covenants let you set custom rules for how funds can be spent, so your wallet can match your preferences.","OPTN Wallet アプリはデジタル資産を直接管理し、安全に保護できます。Bitcoin covenant で資金の使用ルールを設定し、好みに合わせたウォレットを作れます。","translated"
"about.security","Security","セキュリティ","translated"
"about.securityText","Bitcoin covenant features help protect assets from unauthorized transactions.","Bitcoin covenant 機能は不正な取引から資産を保護します。","translated"
"about.unmatched","Unmatched Security","優れたセキュリティ","translated"
"about.unmatchedText","Define exactly how funds can be spent with Bitcoin covenants.","Bitcoin covenant で資金の使用方法を正確に定義できます。","translated"
"about.viewing","Viewing Covenants","Covenant の表示","translated"
"about.viewingText","Review the rules that govern transactions so you can understand how your funds are protected.","取引を管理するルールを確認し、資金が保護される仕組みを理解できます。","translated"
"about.why","Why Choose OPTN Wallet?","OPTN Wallet を選ぶ理由","translated"
"about.wiki","Bitcoin Covenants Wiki","Bitcoin covenant Wiki","translated"
"actions.advanced","Advanced","詳細","translated"
"actions.advancedActions","Advanced Actions","詳細操作","translated"
"actions.basic","Basic","基本","translated"
"actions.basicActions","Basic Actions","基本操作","translated"
"actions.cashTokens","CashTokens","CashTokens","stable-term"
"actions.cashTokensDescription","Manage token families","トークンファミリーを管理","translated"
"actions.commonWalletTasks","Common wallet tasks","よく使うウォレット操作","translated"
"actions.contracts","Contracts","コントラクト","translated"
"actions.contractsDescription","Manage contract instances","コントラクトインスタンスを管理","translated"
"actions.deeperTools","Deeper tools and workflows","詳細ツールとワークフロー","translated"
"actions.newAddress","New Address","新しいアドレス","translated"
"actions.newAddressDescription","Generate a new address","新しいアドレスを生成","translated"
"actions.quantumroot","Quantumroot","Quantumroot","stable-term"
"actions.quantumrootBadge","Beta production","ベータ運用版","translated"
"actions.quantumrootDescription","Quantum-ready vaults","量子対応ボールト","translated"
"actions.receive","Receive","受け取る","translated"
"actions.receiveDescription","Receive BCH or CashTokens","BCH または CashTokens を受け取る","translated"
"actions.scanQr","Scan QR","QR をスキャン","translated"
"actions.scanQrDescription","Sweep paper wallets","ペーパーウォレットをスイープ","translated"
"actions.send","Send","送る","translated"
"actions.sendDescription","Send BCH or CashTokens","BCH または CashTokens を送る","translated"
"actions.subtitle","Simple wallet actions for everyday use","日常的に使うためのシンプルなウォレット操作","translated"
"actions.taskMode","Task mode","タスクモード","translated"
"actions.taskModeDescription","Basic tasks first, advanced tools one step deeper","基本タスクを先に、詳細ツールは一段深い場所に","translated"
"actions.title","Actions","操作","stable-term"
"actions.transactionBuilder","Transaction Builder","トランザクションビルダー","translated"
"actions.transactionBuilderDescription","Build custom transactions","カスタムトランザクションを作成","translated"
"actions.walletConnect","WalletConnect","WalletConnect","stable-term"
"actions.walletConnectDescription","Manage dApp sessions","dApp セッションを管理","translated"
"actions.wizardConnect","WizardConnect","WizardConnect","stable-term"
"actions.wizardConnectDescription","XPub-key-enabled dApp sessions","XPub キー対応 dApp セッション","translated"
"addons.description","Addons run in a sandboxed frame with no access to your wallet's keys or memory — they can only do what the permissions you approve allow.","アドオンはウォレットのキーやメモリにアクセスできないサンドボックスフレームで実行され、承認した権限の範囲でのみ動作します。","translated"
"addons.desktopOnly","Installing addons from a folder is only available on desktop.","フォルダーからのアドオンインストールはデスクトップでのみ利用できます。","translated"
"addons.installed","Installed addons","インストール済みアドオン","translated"
"addons.installedStatus","Installed “{name}”. Restart the app to load it.","「{name}」をインストールしました。読み込むにはアプリを再起動してください。","translated"
"addons.installFolder","Install from folder…","フォルダーからインストール…","translated"
"addons.installing","Installing…","インストール中…","translated"
"addons.none","No addons installed.","インストール済みアドオンはありません。","translated"
"addons.uninstall","Uninstall","アンインストール","translated"
"addons.uninstalledStatus","Uninstalled. Restart the app for it to fully disappear.","アンインストールしました。完全に消すにはアプリを再起動してください。","translated"
"app.back","Back","戻る","translated"
"app.close","Close","閉じる","translated"
"app.confirmLogout","Confirm Logout","ログアウトを確認","translated"
"app.confirmLogoutDescription","Confirm logout to remove this wallet from the device.","ログアウトすると、このウォレットが端末から削除されます。","translated"
"app.help","Help","ヘルプ","translated"
"app.language","Language","言語","translated"
"app.languageDescription","Choose the wallet interface language","ウォレットのインターフェース言語を選択","translated"
"app.logOut","Log Out","ログアウト","translated"
"app.quickAccess","Quick access","クイックアクセス","translated"
"app.settings","Settings","設定","translated"
"app.toggleTheme","Toggle theme","テーマを切り替え","translated"
"appLock.cancel","Cancel","キャンセル","translated"
"appLock.checking","Checking…","確認中…","translated"
"appLock.confirm","Confirm","確認","translated"
"appLock.confirmPassword","Confirm password","パスワードを確認","translated"
"appLock.incorrect","Incorrect passphrase. Try again.","フレーズが正しくありません。もう一度お試しください。","translated"
"appLock.password","Password","パスワード","translated"
"appLock.revealBackup","Enter your password to reveal the backup phrase.","バックアップフレーズを表示するにはパスワードを入力してください。","translated"
"appLock.verificationFailed","Verification failed. Please try again.","確認できませんでした。もう一度お試しください。","translated"
"apps.addonLoadFailed","Addon failed to load","アドオンの読み込みに失敗しました","translated"
"apps.advanced","Advanced","詳細","translated"
"apps.all","All","すべて","translated"
"apps.allowCapabilities","Allow {name} capabilities?","{name} の権限を許可しますか？","translated"
"apps.allowOnce","Allow once","一度だけ許可","translated"
"apps.allowSensitiveAction","Allow sensitive action?","機密性の高い操作を許可しますか？","translated"
"apps.alwaysAllow","Always allow","常に許可","translated"
"apps.appDefinition","App definition","アプリ定義","translated"
"apps.approveCapabilities","Approve required capabilities to continue.","続行するには必要な権限を承認してください。","translated"
"apps.back","Back","戻る","translated"
"apps.browse","Browse apps","アプリを参照","translated"
"apps.browseSubtitle","Wallet first, then tokens, utils, and advanced platforms","まずウォレット、次にトークン、ユーティリティ、詳細プラットフォーム","translated"
"apps.capabilitiesMessage","This addon app is requesting wallet capabilities before launch.","このアドオンアプリは起動前にウォレットの権限を要求しています。","translated"
"apps.capability","Capability:","権限：","translated"
"apps.capability.addOutputs","Construct transaction outputs","トランザクション出力を構成","translated"
"apps.capability.addressUtxosRead","Read UTXOs for wallet addresses","ウォレットアドレスの UTXO を読む","translated"
"apps.capability.addressUtxosRefresh","Refresh and store UTXOs for wallet addresses","ウォレットアドレスの UTXO を更新して保存","translated"
"apps.capability.broadcastTransactions","Broadcast transactions","トランザクションをブロードキャスト","translated"
"apps.capability.buildTransactions","Build transactions","トランザクションを作成","translated"
"apps.capability.fetchJson","Fetch JSON over HTTP","HTTP 経由で JSON を取得","translated"
"apps.capability.signatureTemplates","Create signature templates","署名テンプレートを作成","translated"
"apps.capability.signMessages","Sign messages with wallet keys","ウォレットキーでメッセージに署名","translated"
"apps.capability.tokenHoldersRead","Read TokenIndex holder lists","TokenIndex 保有者一覧を読む","translated"
"apps.capability.tokenMetadataRead","Read CashToken metadata","CashToken メタデータを読む","translated"
"apps.capability.walletAddressesRead","Read wallet addresses","ウォレットアドレスを読む","translated"
"apps.capability.walletContextRead","Read wallet context","ウォレットコンテキストを読む","translated"
"apps.capability.walletUtxosRead","Read wallet UTXOs","ウォレット UTXO を読む","translated"
"apps.capabilityRequested","{name} requested: {capability}.","{name} が要求：{capability}。","translated"
"apps.cashFusionDescription","Private CoinJoin — server or P2P over Nostr + Tor","プライベート CoinJoin — Nostr + Tor によるサーバーまたは P2P","translated"
"apps.chatDescription","Private end-to-end encrypted Nostr messaging","エンドツーエンド暗号化された Nostr プライベートメッセージ","translated"
"apps.comingSoon","Coming soon","近日公開","translated"
"apps.contractsDescription","Browse artifacts and manage deployed instances","アーティファクトを参照し、デプロイ済みインスタンスを管理","translated"
"apps.deny","Deny","拒否","translated"
"apps.empty","No apps in this category.","このカテゴリにアプリはありません。","translated"
"apps.expectedScreen","Expected config.screen (or app.id) to map to a built-in app implementation.","config.screen（または app.id）は組み込みアプリ実装に対応している必要があります。","translated"
"apps.failedToLoad","Failed to load app","アプリの読み込みに失敗しました","translated"
"apps.goToLanding","Go to Landing","ランディングへ","translated"
"apps.loadFailed","Failed to load addon apps","アドオンアプリの読み込みに失敗しました","translated"
"apps.loadingAddon","Loading addon…","アドオンを読み込み中…","translated"
"apps.loadingApp","Loading app…","アプリを読み込み中…","translated"
"apps.noWallet","No wallet selected","ウォレットが選択されていません","translated"
"apps.permissionDenied","Permission denied. App launch was blocked.","権限が拒否されました。アプリの起動をブロックしました。","translated"
"apps.quantumrootDescription","Receive and recovery tools for advanced vaults","高度な保管庫の受取と復元ツール","translated"
"apps.resolvedScreenId","Resolved screen ID","解決された画面 ID","translated"
"apps.subtitle","Extend your wallet with tools","ツールでウォレットを拡張","translated"
"apps.title","Apps","アプリ","translated"
"apps.token","Token","トークン","stable-term"
"apps.unsupportedAppKind","Unsupported app kind:","サポートされないアプリ種別：","translated"
"apps.unsupportedDeclarativeApp","Unsupported declarative app:","サポートされない宣言型アプリ：","translated"
"apps.utils","Utils","ユーティリティ","translated"
"apps.waitingPermission","Waiting for app permission","アプリの権限を待っています","translated"
"apps.wallet","Wallet","ウォレット","stable-term"
"assets.advancedVaultDescription","Receive and recovery tools for advanced vaults","高度な保管庫の受取・復元ツール","translated"
"assets.advancedVaultWorkspace","Advanced vault workspace","高度な保管庫ワークスペース","translated"
"assets.bitcoinCash","Bitcoin Cash","Bitcoin Cash","stable-term"
"assets.cashTokenHoldings","CashToken holdings","CashTokens の保有量","translated"
"assets.cashTokens","CashTokens","CashTokens","stable-term"
"assets.categories","categories","カテゴリー","translated"
"assets.chipnet","Chipnet","Chipnet","stable-term"
"assets.fungible","fungible","代替可能","translated"
"assets.fungibleHoldings","Fungible token holdings","代替可能トークンの保有量","translated"
"assets.mintingNfts","Minting NFTs","発行用 NFT","translated"
"assets.mintingNftsDescription","Authority to mint additional NFTs in this category","このカテゴリーで追加の NFT を発行する権限","translated"
"assets.mintTokens","Mint Tokens","トークンを発行","translated"
"assets.mutableNfts","Mutable NFTs","変更可能な NFT","translated"
"assets.mutableNftsDescription","Commitment may be changed by the holder","保有者がコミットメントを変更できます","translated"
"assets.nfts","NFTs","NFT","stable-term"
"assets.noFungibleTokens","No fungible CashTokens found.","代替可能な CashToken はありません。","translated"
"assets.noNfts","No NFTs found.","NFT はありません。","translated"
"assets.nonFungibleHoldings","Non-fungible holdings","代替不可能資産の保有量","translated"
"assets.openVaults","Open vaults","保管庫を開く","translated"
"assets.plainNfts","Plain NFTs","通常の NFT","translated"
"assets.plainNftsDescription","Fixed commitment; cannot be changed or used to mint","固定コミットメント。変更や発行への利用はできません","translated"
"assets.primaryBalance","Primary wallet balance","ウォレットのメイン残高","translated"
"assets.quantumroot","Quantumroot","Quantumroot","stable-term"
"assets.quickInventory","Quick view of your wallet inventory","ウォレット資産のクイック表示","translated"
"assets.tabBch","BCH","BCH","stable-term"
"assets.tabNfts","NFTs","NFT","stable-term"
"assets.tabTokens","Tokens","トークン","stable-term"
"assets.title","Assets","資産","translated"
"assets.toggleBalance","Toggle BCH and USD balance","BCH と USD の残高を切り替え","translated"
"assets.units","units","単位","translated"
"assets.usdPriceUnavailable","USD price unavailable","USD 価格を取得できません","translated"
"assets.usdUnavailable","USD unavailable","USD は利用できません","translated"
"assets.vaultWorkspace","Vault workspace","保管庫ワークスペース","translated"
"bip37.addressesWithCoins","address(es) with coins","残高のあるアドレス","translated"
"bip37.blocks","blocks","ブロック","stable-term"
"bip37.fromNode","BCH from the node ✓","ノードからの BCH ✓","translated"
"bip37.height","height","高さ","translated"
"bip37.inUse","● in use","● 使用中","translated"
"bip37.node","Node","ノード","stable-term"
"bip37.notServes","Does not serve BIP37 ✗ (bloom filtering off)","BIP37 を提供しません ✗（ブルームフィルター無効）","translated"
"bip37.probe","Probe","確認","translated"
"bip37.probing","Probing…","確認中…","translated"
"bip37.protocol","protocol","プロトコル","translated"
"bip37.remove","Remove","削除","translated"
"bip37.scanned","scanned","スキャン済み","translated"
"bip37.serves","Serves BIP37 ✓","BIP37 を提供 ✓","translated"
"bip37.sync","Sync","同期","translated"
"bip37.syncing","Syncing…","同期中…","translated"
"bip37.syncingDetails","Syncing headers + scanning blocks via the node…","ノード経由でヘッダーを同期し、ブロックをスキャン中…","translated"
"bip37.use","Use","使用","translated"
"bip37.useBalanceTitle","Derive this wallet's balance directly from the node (trustless SPV)","このノードからウォレット残高を直接導出（トラストレス SPV）","translated"
"bip37.useNodeTitle","Use ONLY this node for wallet data (trustless; Electrum servers are not consulted)","ウォレットデータにはこのノードだけを使用（トラストレス。Electrum サーバーは使用しません）","translated"
"bip37.verified","Verified trustlessly: every matched tx proven by its block's merkle proof.","トラストレスで確認済み。一致したすべての取引がブロックのマークル証明で検証されています。","translated"
"bip37.watching","watching","監視中","translated"
"builder.addFirstRecipient","Add your first recipient","最初の受取人を追加","translated"
"builder.addOpReturnOutput","Add OP_RETURN Output","Add OP_RETURN Output","needs-review"
"builder.addOutput","Add Output","出力を追加","translated"
"builder.addRecipient","Add recipient","受取人を追加","translated"
"builder.addRecipients","Add recipients","受取人を追加","translated"
"builder.addRecipientsDescription","Add BCH recipients, token transfers, collectibles, or an optional message output.","BCH の受取人、トークン転送、コレクティブル、または任意のメッセージ出力を追加します。","translated"
"builder.address","Address","Address","needs-review"
"builder.amount","Amount","Amount","needs-review"
"builder.amountToSend","Amount to send","送信金額","translated"
"builder.attachMessage","Attach message","メッセージを添付","translated"
"builder.back","Back","戻る","translated"
"builder.bchAddress","BCH address","BCH アドレス","translated"
"builder.bchAmountSats","BCH amount (sats)","BCH amount (sats)","needs-review"
"builder.bchFunds","BCH funds","BCH funds","needs-review"
"builder.broadcastedSuccess","Your transaction was broadcast successfully!","取引を正常にブロードキャストしました！","translated"
"builder.buildTransaction","Build Transaction","取引を作成","translated"
"builder.buildTx","Build TX","Build TX","needs-review"
"builder.capability","Capability","Capability","needs-review"
"builder.category","Category","Category","needs-review"
"builder.chooseSource","Choose a source","送信元を選択","translated"
"builder.chooseSourceDescription","Pick wallet addresses for normal sends, or contracts for script spends.","通常の送信にはウォレットアドレスを、スクリプト支出にはコントラクトを選択します。","translated"
"builder.chooseSourceHelp","Choose source","送信元を選択","translated"
"builder.close","Close","閉じる","translated"
"builder.collectibleAmount","Collectible amount","Collectible amount","needs-review"
"builder.commitment","Commitment","Commitment","needs-review"
"builder.configureCollectible","Configure collectible","Configure collectible","needs-review"
"builder.confirmAndSend","Confirm and Send Transaction","取引を確認して送信","translated"
"builder.confirmTransaction","Confirm Transaction","取引を確認","translated"
"builder.contract","Contract","Contract","needs-review"
"builder.contractAddress","Contract address","コントラクトアドレス","translated"
"builder.contractAssets","Contract assets","Contract assets","needs-review"
"builder.contractFunction","Contract Function","Contract Function","needs-review"
"builder.contractFunds","Contract funds","Contract funds","needs-review"
"builder.contracts","Contracts","コントラクト","translated"
"builder.contractSourceCount","{count} contract source(s)","{count} contract source(s)","needs-review"
"builder.contractSourcePlural","{count} contract sources","{count} contract sources","needs-review"
"builder.contractSources","Contract sources","コントラクトの送信元","translated"
"builder.contractSourceSingular","{count} contract source","{count} contract source","needs-review"
"builder.copyToClipboard","Copy to clipboard","クリップボードにコピー","translated"
"builder.createCollectible","Create collectible","コレクティブルを作成","translated"
"builder.createToken","Create token","トークンを作成","translated"
"builder.customSend","Custom Send","カスタム送信","translated"
"builder.decodeFailed","Unable to decode transaction. Showing raw hex:","取引をデコードできません。生の 16 進数を表示します：","translated"
"builder.dragToConfirm","Drag to Confirm","ドラッグして確認","translated"
"builder.enterTokenAmount","Enter amount (max {amount})","Enter amount (max {amount})","needs-review"
"builder.estimatedNetworkFee","Estimated network fee","推定ネットワーク手数料","translated"
"builder.feeReserve","Leaving a {count} sat fee reserve.","{count} sat の手数料を確保します。","translated"
"builder.flow","Flow","フロー","translated"
"builder.flowDescription","Pick a source, choose funds, add recipients, then preview the final transaction before sending.","送信元を選び、資金を選択し、受取人を追加してから、送信前に最終取引をプレビューします。","translated"
"builder.fundsSelected","Funds selected","資金を選択済み","translated"
"builder.fungibleAmount","Fungible Amount","Fungible Amount","needs-review"
"builder.fungibleTokens","Fungible Tokens","Fungible Tokens","needs-review"
"builder.genesisCollectible","Genesis input for this collectible","Genesis input for this collectible","needs-review"
"builder.genesisInput","Genesis input for this token","Genesis input for this token","needs-review"
"builder.help","Help","ヘルプ","translated"
"builder.howWorks","How this works","仕組み","translated"
"builder.inputs","Inputs","Inputs","needs-review"
"builder.leftoverBchPlaceholder","Wallet address for leftover BCH","残りの BCH を受け取るウォレットアドレス","translated"
"builder.max","Max","最大","translated"
"builder.maxSpendable","Set to maximum spendable (leaves 2000 sats for fees)","利用可能な最大額に設定（手数料として 2000 sats を残します）","translated"
"builder.missingUnlocker","Missing unlocker!","Unlocker がありません！","translated"
"builder.next","Next","次へ","translated"
"builder.nftCapability","NFT Capability","NFT Capability","needs-review"
"builder.nftCommitment","NFT Commitment","NFT Commitment","needs-review"
"builder.noContractAddresses","No contract addresses available.","利用可能なコントラクトアドレスがありません。","translated"
"builder.noFundsSelected","No funds selected yet.","資金はまだ選択されていません。","translated"
"builder.none","None","None","needs-review"
"builder.nonFungibleTokens","Non-Fungible Tokens","Non-Fungible Tokens","needs-review"
"builder.noOutputs","No outputs added yet.","出力はまだ追加されていません。","translated"
"builder.noQrCode","No QR code detected. Please try again.","No QR code detected. Please try again.","needs-review"
"builder.noSpendableBalance","No spendable balance after fee reserve","手数料を確保すると利用可能な残高がありません","translated"
"builder.noUtxosSelected","No UTXOs selected.","UTXO は選択されていません。","translated"
"builder.noWalletAddresses","No wallet addresses available.","利用可能なウォレットアドレスがありません。","translated"
"builder.opReturnData","OP_RETURN Data","OP_RETURN Data","needs-review"
"builder.opReturnEmpty","OP_RETURN data cannot be empty.","OP_RETURN data cannot be empty.","needs-review"
"builder.opReturnOutput","OP_RETURN Output","OP_RETURN Output","needs-review"
"builder.opReturnPlaceholder","Enter space-separated ASCII words","Enter space-separated ASCII words","needs-review"
"builder.outputs","Outputs","Outputs","needs-review"
"builder.paperWallet","Paper Wallet","Paper Wallet","needs-review"
"builder.paperWalletUtxos","Paper Wallet UTXOs","Paper Wallet UTXOs","needs-review"
"builder.pickFunds","Pick funds","資金を選択","translated"
"builder.pickFundsDescription","Select the BCH, tokens, or collectibles that will fund this transaction.","この取引に使う BCH、トークン、コレクティブルを選択します。","translated"
"builder.rawTransactionDetails","Raw Transaction Details","生の取引詳細","translated"
"builder.ready","Ready","準備完了","translated"
"builder.recipient","{count} recipient","{count} recipient","needs-review"
"builder.recipientAddress","Recipient Address","受取人アドレス","translated"
"builder.recipientCount","{count} recipients","{count} recipients","needs-review"
"builder.recipients","Recipients","受取人","translated"
"builder.recipientsAdded","Recipients added","受取人を追加済み","translated"
"builder.remove","Remove","削除","translated"
"builder.removeAllRecipients","Remove all recipients","すべての受取人を削除","translated"
"builder.returnLeftover","Return leftover funds to","残りの資金の返金先","translated"
"builder.reviewAndSend","Review and send","確認して送信","translated"
"builder.reviewAndSendDescription","Preview first, then send only when the summary looks right.","まずプレビューし、概要が正しい場合だけ送信してください。","translated"
"builder.reviewFunds","Review funds","資金を確認","translated"
"builder.reviewRecipients","Review recipients","受取人を確認","translated"
"builder.scanQrCode","Scan QR Code","QR コードをスキャン","translated"
"builder.selectedFunds","Selected funds","選択した資金","translated"
"builder.selectedItem","{count} selected item","{count} selected item","needs-review"
"builder.selectedItems","{count} selected items","{count} selected items","needs-review"
"builder.selectGenesisInput","Select genesis input","Select genesis input","needs-review"
"builder.selectSource","Select a source to continue.","続行するには送信元を選択してください。","translated"
"builder.sendBch","Send BCH","BCH を送信","translated"
"builder.sendTx","Send TX","Send TX","needs-review"
"builder.sendWarning","You are about to send a transaction. Please confirm that all details are correct. This action cannot be undone.","取引を送信しようとしています。すべての詳細が正しいことを確認してください。この操作は元に戻せません。","translated"
"builder.sourcesChosen","Sources chosen","送信元を選択済み","translated"
"builder.step","Step {number}","ステップ {number}","translated"
"builder.token","Token","Token","needs-review"
"builder.tokenAddress","Token address","トークンアドレス","translated"
"builder.tokenAmount","Token Amount","Token Amount","needs-review"
"builder.tokenCategory","Token Category","Token Category","needs-review"
"builder.tokenCategoryLabel","Token Category","Token Category","needs-review"
"builder.tokensCollectibles","Tokens & collectibles","Tokens & collectibles","needs-review"
"builder.transactionError","Transaction Error","取引エラー","translated"
"builder.transactionSubmitted","Transaction Submitted","取引を送信済み","translated"
"builder.transactionSubmittedDescription","Your transaction has been submitted. Use this txid as the reference and avoid sending it again.","取引を送信しました。この txid を参照として保管し、再送信しないでください。","translated"
"builder.transactionSuccessful","Transaction Successful","取引に成功","translated"
"builder.transferMinimum","Transfer amount must be at least {count}.","Transfer amount must be at least {count}.","needs-review"
"builder.tryAgain","Try Again","再試行","translated"
"builder.txHash","Tx Hash","Tx Hash","needs-review"
"builder.txId","TX ID","TX ID","needs-review"
"builder.viewExplorer","View on Explorer","エクスプローラーで表示","translated"
"builder.wallet","Wallet","Wallet","needs-review"
"builder.walletAssets","Wallet assets","Wallet assets","needs-review"
"builder.walletFunds","Wallet funds","ウォレットの資金","translated"
"builder.walletSourceCount","{count} wallet source(s)","{count} wallet source(s)","needs-review"
"builder.walletSourcePlural","{count} wallet sources","{count} wallet sources","needs-review"
"builder.walletSources","Wallet sources","ウォレットの送信元","translated"
"builder.walletSourceSingular","{count} wallet source","{count} wallet source","needs-review"
"builder.warning","⚠️ Warning","⚠️ 警告","translated"
"camera.cancel","Cancel","キャンセル","translated"
"camera.scan","Scan QR with camera","カメラで QR をスキャン","translated"
"camera.unavailable","Camera unavailable: {error}. Use Upload instead.","カメラを利用できません: {error}。アップロードを使用してください。","translated"
"cauldron.active","active","有効","translated"
"cauldron.description","Detected from the active wallet receive/change/DeFi address set through the Cauldron indexer.","Cauldron インデクサーが、ウォレットで有効な受取・おつり・DeFi アドレスから検出しました。","translated"
"cauldron.positions","Cauldron positions","Cauldron ポジション","translated"
"cauldron.tokenCategories","token categories","トークンカテゴリー","translated"
"chat.back","Back to conversations","会話に戻る","translated"
"chat.choosePhoto","Choose photo","写真を選択","translated"
"chat.copyNpub","Copy npub","npub をコピー","translated"
"chat.displayName","Display name","表示名","translated"
"chat.emptyDescription","Pick a conversation, or tap + to message someone by their npub. Messages are end-to-end encrypted over Nostr.","会話を選ぶか、+ をタップして npub で誰かにメッセージを送ります。メッセージは Nostr 上でエンドツーエンド暗号化されます。","translated"
"chat.encrypted","End-to-end encrypted","エンドツーエンド暗号化","translated"
"chat.messagePlaceholder","Message…","メッセージ…","stable-term"
"chat.newChat","New chat","新しいチャット","translated"
"chat.newConversation","New conversation","新しい会話","translated"
"chat.noConversations","No conversations yet. Tap + to start one.","会話はまだありません。+ をタップして開始します。","translated"
"chat.noMessages","No messages yet. Say hi — messages are end-to-end encrypted.","メッセージはまだありません。挨拶してみましょう。メッセージはエンドツーエンドで暗号化されます。","translated"
"chat.open","Open","開く","translated"
"chat.privateConversations","Your private conversations","自分のプライベート会話","translated"
"chat.privateMessaging","Private Nostr messaging","Nostr プライベートメッセージ","translated"
"chat.profile","Profile","プロフィール","translated"
"chat.profilePublished","Profile published ✓","プロフィールを公開しました ✓","translated"
"chat.publishProfile","Publish profile","プロフィールを公開","translated"
"chat.recipient","Recipient npub…","受取人の npub…","translated"
"chat.searchConversations","Search conversations","会話を検索","translated"
"chat.send","Send","送信","translated"
"chat.setup","Nostr setup","Nostr 設定","translated"
"chat.title","Chat","チャット","translated"
"chat.youPrefix","You: ","自分：","translated"
"chat.yourNpub","Your npub","自分の npub","translated"
"confirm.action","Confirm action","操作を確認","translated"
"confirm.cancel","Cancel","キャンセル","translated"
"confirm.ok","OK","OK","stable-term"
"console.appLog","App Log","アプリログ","translated"
"console.clear","Clear","クリア","translated"
"console.noEntries","No log entries yet.","ログ項目はまだありません。","translated"
"console.placeholder","method [params…]","method [params…]","stable-term"
"console.rpc","Electrum RPC","Electrum RPC","stable-term"
"console.send","Send","送信","translated"
"console.sending","…","…","stable-term"
"console.typeHint","Type: method param1 param2 — e.g. server.version or blockchain.headers.subscribe","入力：メソッド パラメーター1 パラメーター2 — 例：server.version または blockchain.headers.subscribe","translated"
"contract.arbiter","Arbiter: A trusted party who authorizes release of funds.","仲裁者：資金の解放を承認する信頼できる当事者。","translated"
"contract.available","Available Contracts","利用可能なコントラクト","translated"
"contract.bip38","BIP38 (Password-Protected Private Keys)","BIP38（パスワードで保護された秘密鍵）","translated"
"contract.bip38Desc","The BIP38 contract secures private keys with a password. Its UTXOs require both the correct password and a valid signature.","BIP38 コントラクトはパスワードで秘密鍵を保護します。UTXO の使用には正しいパスワードと有効な署名が必要です。","translated"
"contract.bip38Spending","Spending Requirements: Provide a valid owner signature and a data signature verifying the password.","使用条件：有効な所有者署名と、パスワードを検証するデータ署名を提供します。","translated"
"contract.bip38UseCase","Use Case: Ideal for protecting private keys against theft or unauthorized access, especially for long-term storage.","用途：特に長期保管で、秘密鍵を盗難や不正アクセスから守るのに適しています。","translated"
"contract.enhancedTrust","Enhanced Trust: Useful for transactions requiring multiple trusted parties.","信頼性の向上：複数の信頼できる当事者が必要な取引に便利です。","translated"
"contract.escrow","Escrow","Escrow","stable-term"
"contract.escrowDesc","The Escrow contract supports secure transactions between a buyer and seller with a trusted arbiter. Funds are released only with the arbiter’s approval.","Escrow コントラクトは、信頼できる仲裁者を介して買い手と売り手の安全な取引を支援します。資金は仲裁者の承認がある場合のみ解放されます。","translated"
"contract.escrowMS2","EscrowMS2 (Multi-Party Escrow)","EscrowMS2（マルチパーティーエスクロー）","stable-term"
"contract.escrowMS2Desc","EscrowMS2 extends escrow with two arbiters. Funds can be released with one arbiter’s approval or both arbiters’ combined approval.","EscrowMS2 は 2 人の仲裁者に対応します。1 人の承認、または 2 人の共同承認で資金を解放できます。","translated"
"contract.escrowMS2Spending","Spending Requirements: One arbiter or both arbiters provide valid signatures, and the full amount goes to the buyer or seller.","使用条件：1 人または 2 人の仲裁者が有効な署名を提供し、全額が買い手または売り手に送られます。","translated"
"contract.escrowSecurity","Security: Funds remain locked until the arbiter approves, helping prevent fraud or disputes.","安全性：仲裁者が承認するまで資金をロックし、詐欺や紛争の防止に役立ちます。","translated"
"contract.escrowSpending","Spending Requirements: The arbiter provides a valid signature and the full amount goes to the buyer’s or seller’s public-key-hash address.","使用条件：仲裁者が有効な署名を提供し、全額が買い手または売り手の公開鍵ハッシュアドレスに送られます。","translated"
"contract.howToUse","How to Use Covenant Contracts","Covenant コントラクトの使い方","translated"
"contract.howToUseText","Open the Contracts section, choose a contract type, configure its conditions, and deploy it. To spend from contract UTXOs, meet the specific spending requirements above. Detailed instructions and examples are available in the app documentation.","「コントラクト」を開き、種類を選び、条件を設定してデプロイします。コントラクト UTXO を使用するには、上記の使用条件を満たしてください。詳しい手順と例はアプリのドキュメントにあります。","translated"
"contract.intro","Covenant contracts in the OPTN Wallet are smart contracts that enforce rules for spending digital assets. Each contract locks funds in UTXOs that can only be spent by meeting predefined conditions.","OPTN Wallet の covenant コントラクトは、デジタル資産の支出ルールを強制するスマートコントラクトです。各コントラクトは UTXO に資金をロックし、あらかじめ定めた条件を満たした場合のみ使用できます。","translated"
"contract.msvault","MSVault (Multi-Signature Vault)","MSVault（マルチシグ保管庫）","stable-term"
"contract.msvaultDesc","MSVault creates a secure shared or long-term vault requiring multiple signatures and a password. It enforces a minimum balance and time lock.","MSVault は複数の署名とパスワードを必要とする共有または長期保管用の保管庫を作成します。最低残高とタイムロックを適用します。","translated"
"contract.msvaultSpending","Spending Requirements: Provide a valid signature and password-verified data signature while maintaining at least 4000 satoshis, or use a valid signature after the time lock expires.","使用条件：有効な署名とパスワードで検証したデータ署名を提供し、少なくとも 4000 satoshis を維持するか、タイムロック後に有効な署名を使用します。","translated"
"contract.msvaultUseCase","Use Case: Suitable for shared ownership or long-term storage with strict access controls.","用途：厳格なアクセス制御が必要な共有所有や長期保管に適しています。","translated"
"contract.multipleArbiters","Multiple Arbiters: Two arbiters can authorize release of funds.","複数の仲裁者：2 人の仲裁者が資金の解放を承認できます。","translated"
"contract.multiSignature","Multi-Signature: Requires signatures from multiple authorized parties.","マルチシグ：複数の承認済み当事者の署名が必要です。","translated"
"contract.p2pkh","P2PKH (Pay-to-Public-Key-Hash)","P2PKH（Pay-to-Public-Key-Hash）","stable-term"
"contract.p2pkhDesc","P2PKH is a standard Bitcoin script that protects UTXOs by requiring a signature from the owner of a specified public-key hash.","P2PKH は、指定された公開鍵ハッシュの所有者による署名を要求して UTXO を保護する標準 Bitcoin スクリプトです。","translated"
"contract.p2pkhSecurity","Security: A proven and reliable method for protecting digital assets.","安全性：デジタル資産を保護する実績のある信頼性の高い方法です。","translated"
"contract.p2pkhSpending","Spending Requirements: Provide a valid signature matching the public-key hash in the contract.","使用条件：コントラクト内の公開鍵ハッシュに一致する有効な署名を提供します。","translated"
"contract.passwordProtection","Password Protection: Encrypts your private key with a user-defined password.","パスワード保護：ユーザーが設定したパスワードで秘密鍵を暗号化します。","translated"
"contract.simplicity","Simplicity: Easy to use and compatible with most Bitcoin wallets.","シンプル：使いやすく、ほとんどの Bitcoin ウォレットと互換性があります。","translated"
"contract.timeControl","Time-Based Control: Sets a deadline for the recipient to claim funds.","時間制御：受取人が資金を請求できる期限を設定します。","translated"
"contract.transfer","TransferWithTimeout","TransferWithTimeout","stable-term"
"contract.transferDesc","TransferWithTimeout enables conditional transfers with a deadline. The recipient can claim funds before the timeout; the sender can reclaim them afterward.","TransferWithTimeout は期限付きの条件付き送金を可能にします。受取人は期限前に資金を請求でき、期限後は送信者が取り戻せます。","translated"
"contract.transferSpending","Spending Requirements: The recipient signs before the timeout; afterward, the sender can reclaim funds with a valid signature.","使用条件：受取人が期限前に署名し、期限後は送信者が有効な署名で取り戻せます。","translated"
"contract.transferUseCase","Use Cases: Useful for subscriptions, conditional payments, or escrow-like scenarios.","用途：サブスクリプション、条件付き支払い、エスクローに似た場面に便利です。","translated"
"contractPopup.back","Back","戻る","translated"
"contractPopup.chooseFunction","Select a function","関数を選択","translated"
"contractPopup.enterData","Please enter data to generate the message.","メッセージを生成するデータを入力してください。","translated"
"contractPopup.enterMessage","Enter message for {name}","{name} のメッセージを入力","translated"
"contractPopup.enterValue","Enter {name}","{name} を入力","translated"
"contractPopup.fetchFailed","Failed to fetch keys.","キーの取得に失敗しました。","translated"
"contractPopup.generated","Message generated successfully!","メッセージを生成しました！","translated"
"contractPopup.generateMessage","Generate Message","メッセージを生成","translated"
"contractPopup.generationFailed","Failed to generate message.","メッセージの生成に失敗しました。","translated"
"contractPopup.invalidFormat","Invalid {type} format. Please scan a valid QR code.","{type} の形式が無効です。有効な QR をスキャンしてください。","translated"
"contractPopup.message","Message","メッセージ","stable-term"
"contractPopup.messageForCheck","message for checkdatasig","checkdatasig のメッセージ","translated"
"contractPopup.noKeys","No keys found for address: {address}","アドレスのキーが見つかりません：{address}","translated"
"contractPopup.noQr","No QR code detected. Please try again.","QR コードを検出できません。もう一度お試しください。","translated"
"contractPopup.scanFor","Scan QR Code for {name}","{name} の QR をスキャン","translated"
"contractPopup.select","Select","選択","translated"
"contractPopup.selectAddress","Select Address","アドレスを選択","translated"
"contractPopup.selected","Selected {type}","{type} を選択しました","translated"
"contractPopup.title","Select a Function","関数を選択","translated"
"contractView.address","Address","アドレス","translated"
"contractView.addressCopied","Address copied to clipboard!","アドレスをクリップボードにコピーしました！","translated"
"contractView.argumentTypeInfo","Argument type info","引数型情報","translated"
"contractView.back","Back","戻る","translated"
"contractView.balance","Balance","残高","translated"
"contractView.blockHeight","Current Block Height","現在のブロック高","translated"
"contractView.blockHeightInfo","Blocks increment on an average interval of 10 minutes.","ブロックは平均 10 分間隔で増加します。","translated"
"contractView.constructorArgs","Constructor Arguments","コンストラクター引数","translated"
"contractView.copyFailed","Failed to copy address.","アドレスをコピーできませんでした。","translated"
"contractView.create","Create Contract","コントラクトを作成","translated"
"contractView.created","Contract created successfully!","コントラクトを作成しました！","translated"
"contractView.createFailed","Failed to create contract: {message}","コントラクトを作成できませんでした：{message}","translated"
"contractView.createStep","3. Create the contract","3. コントラクトを作成","translated"
"contractView.datasigInfo","Data signature info","データ署名情報","translated"
"contractView.delete","Delete","削除","translated"
"contractView.deleted","Contract deleted successfully!","コントラクトを削除しました！","translated"
"contractView.deleteFailed","Failed to delete contract.","コントラクトを削除できませんでした。","translated"
"contractView.deleteFailedFallback","Failed to delete contract.","コントラクトを削除できませんでした。","translated"
"contractView.enterMessage","Enter message for {name}","{name} のメッセージを入力","translated"
"contractView.enterType","Enter a value matching type: {type}.","型に合う値を入力してください：{type}。","translated"
"contractView.error","Error","エラー","translated"
"contractView.errorPrefix","Error: {message}","エラー：{message}","translated"
"contractView.fillInputs","2. Fill constructor inputs","2. コンストラクター入力を入力","translated"
"contractView.fillRequired","Fill in each required value before creating the contract.","コントラクトを作成する前に、必須項目をすべて入力してください。","translated"
"contractView.hashInfo","20-byte hash (hex) of an address/public key. Use “Select Address”.","アドレス／公開鍵の 20 バイトハッシュ（16 進数）。「アドレスを選択」を使用してください。","translated"
"contractView.howWorks","How this works","仕組み","translated"
"contractView.instantiated","Instantiated Contracts","インスタンス化されたコントラクト","translated"
"contractView.loadContractsFailed","Failed to load available contracts.","利用可能なコントラクトを読み込めませんでした。","translated"
"contractView.loadDetailsFailed","Failed to load contract details.","コントラクトの詳細を読み込めませんでした。","translated"
"contractView.loadInstancesFailed","Failed to load contract instances.","コントラクトのインスタンスを読み込めませんでした。","translated"
"contractView.noInputs","This contract template has no constructor inputs.","このコントラクトテンプレートにはコンストラクター入力がありません。","translated"
"contractView.noInstances","No contract instances yet.","コントラクトのインスタンスはまだありません。","translated"
"contractView.noQr","No QR code detected. Please try again.","QR コードを検出できませんでした。もう一度お試しください。","translated"
"contractView.pickTemplate","1. Pick a template","1. テンプレートを選択","translated"
"contractView.privateKeyUnavailable","Private key unavailable for this address.","このアドレスでは秘密鍵を利用できません。","translated"
"contractView.publicKeyInfo","Public key in hex. Use “Select Address” to fill automatically.","16 進数の公開鍵。「アドレスを選択」で自動入力できます。","translated"
"contractView.scanQr","Scan QR Code for {name}","{name} の QR コードをスキャン","translated"
"contractView.selectAddress","Select Address","アドレスを選択","translated"
"contractView.selectContract","Select a contract","コントラクトを選択","translated"
"contractView.selectData","Please select an address and enter data to sign.","アドレスを選択し、署名するデータを入力してください。","translated"
"contractView.selected","Selected {type}","{type} を選択済み","translated"
"contractView.signature","Signature","署名","stable-term"
"contractView.signatureFailed","Failed to generate signature.","署名を生成できませんでした。","translated"
"contractView.signatureGenerated","Signature generated successfully!","署名を生成しました！","translated"
"contractView.signingAddress","Signing address","署名アドレス","translated"
"contractView.signMessage","Sign Message","メッセージに署名","translated"
"contractView.title","Contracts","コントラクト","translated"
"contractView.tokenAddress","Token address","トークンアドレス","translated"
"contractView.unavailable","Unavailable","利用できません","translated"
"contractView.unknownError","Unknown error","不明なエラー","translated"
"contractView.update","Update","更新","translated"
"contractView.updated","Contract updated successfully!","コントラクトを更新しました！","translated"
"contractView.updateFailed","Failed to update contract.","コントラクトを更新できませんでした。","translated"
"contractView.updateFailedFallback","Failed to update contract.","コントラクトを更新できませんでした。","translated"
"derivation.accountIndex","Account index","アカウントインデックス","translated"
"derivation.addressDerivation","Address derivation","アドレス導出","translated"
"derivation.addressDerivationDescription","BIP44 account path used to derive this wallet.","このウォレットの導出に使う BIP44 アカウントパスです。","translated"
"derivation.bip44AccountIndex","BIP44 account index","BIP44 アカウントインデックス","translated"
"derivation.bip44CoinType","BIP44 coin type","BIP44 コイン種別","translated"
"derivation.branchDescription","Hardened markers are fixed. Receive and change addresses are derived automatically from the /0/index and /1/index branches.","hardened マーカーは固定です。受取アドレスとおつりアドレスは /0/index と /1/index ブランチから自動的に導出されます。","translated"
"derivation.coinType","Coin type","コイン種別","translated"
"derivation.customize","Customize","カスタマイズ","translated"
"derivation.invalidActive","The active derivation path is invalid.","アクティブな導出パスが無効です。","translated"
"derivation.invalidValues","Invalid BIP44 path values.","無効な BIP44 パス値です。","translated"
"derivation.networkDefault","Network default: {value}","ネットワークの既定値：{value}","translated"
"derivation.pathDescription","The fixed BIP44 account path used by this wallet.","このウォレットで使用する固定 BIP44 アカウントパスです。","translated"
"derivation.pathPreview","Path preview","パスのプレビュー","translated"
"derivation.range","Enter whole numbers from 0 to {max}.","0 から {max} までの整数を入力してください。","translated"
"derivation.required","{field} is required.","{field} は必須です。","translated"
"derivation.usuallyZero","Usually 0","通常は 0","translated"
"derivation.walletNetwork","Wallet network","ウォレットネットワーク","translated"
"derivation.walletNetworkDescription","Choose whether this wallet connects to live funds on Mainnet or test funds on Chipnet.","Mainnet の実資金と Chipnet のテスト資金のどちらに接続するか選択します。","translated"
"desktopMenu.about","About OPTN Wallet","OPTN Wallet について","translated"
"desktopMenu.cannotExport","This wallet cannot be exported.","このウォレットはエクスポートできません。","translated"
"desktopMenu.exported","Wallet exported.","ウォレットをエクスポートしました。","translated"
"desktopMenu.exportFailed","Could not export the wallet.","ウォレットをエクスポートできませんでした。","translated"
"desktopMenu.exportWallet","Export Wallet…","ウォレットをエクスポート…","translated"
"desktopMenu.file","File","ファイル","translated"
"desktopMenu.help","Help","ヘルプ","translated"
"desktopMenu.history","Transaction History","取引履歴","translated"
"desktopMenu.importNewWallet","Import New Wallet","新しいウォレットをインポート","translated"
"desktopMenu.invalidWalletFile","That is not a valid OPTN wallet file.","有効な OPTN ウォレットファイルではありません。","translated"
"desktopMenu.lockWallet","Lock Wallet","ウォレットをロック","translated"
"desktopMenu.noSavedWallets","No saved wallets","保存されたウォレットはありません","translated"
"desktopMenu.openWallet","Open Wallet","ウォレットを開く","translated"
"desktopMenu.openWalletFile","Open Wallet File…","ウォレットファイルを開く…","translated"
"desktopMenu.quit","Quit","終了","translated"
"desktopMenu.receive","Receive","受け取る","translated"
"desktopMenu.refreshWallet","Refresh Wallet","ウォレットを更新","translated"
"desktopMenu.send","Send","送る","translated"
"desktopMenu.settings","Settings","設定","translated"
"desktopMenu.toggleTheme","Toggle Theme","テーマを切り替え","translated"
"desktopMenu.view","View","表示","translated"
"desktopMenu.wallet","Wallet","ウォレット","translated"
"desktopSecurity.authenticating","Authenticating…","認証中…","translated"
"desktopSecurity.biometricFailed","Biometric unlock failed. Use your password.","生体認証によるロック解除に失敗しました。パスワードを使用してください。","translated"
"desktopSecurity.confirmPassword","Confirm password","パスワードを確認","translated"
"desktopSecurity.continue","Continue","続ける","translated"
"desktopSecurity.enterPassword","Enter your password to unlock.","ロック解除のパスワードを入力してください。","translated"
"desktopSecurity.forgotPassword","Forgot your password? Remove the wallet and re-import your seed phrase.","パスワードを忘れましたか？ウォレットを削除し、リカバリーフレーズを再インポートしてください。","translated"
"desktopSecurity.incorrect","Incorrect passphrase. Please try again.","パスワードが正しくありません。もう一度お試しください。","translated"
"desktopSecurity.loading","Loading wallet…","ウォレットを読み込み中…","translated"
"desktopSecurity.mismatch","Passphrases do not match.","パスワードが一致しません。","translated"
"desktopSecurity.password","Password","パスワード","translated"
"desktopSecurity.passwordNeverStored","Your password is never stored — it derives your encryption key locally.","パスワードは保存されず、暗号化キーはローカルで導出されます。","translated"
"desktopSecurity.passwordPlaceholder","Password (or leave blank)","パスワード（空欄可）","translated"
"desktopSecurity.saveFailed","Failed to save passphrase. Please try again.","パスワードの保存に失敗しました。もう一度お試しください。","translated"
"desktopSecurity.secureWallet","Secure your wallet","ウォレットを保護","translated"
"desktopSecurity.securing","Securing…","保護中…","translated"
"desktopSecurity.setupDescription","Set a password to encrypt your wallet. You'll need it every time you open the app. Leave blank to use OS-account protection only.","ウォレットを暗号化するパスワードを設定します。アプリを開くたびに必要です。空欄にすると OS アカウント保護のみを使用します。","translated"
"desktopSecurity.unlock","Unlock","ロック解除","translated"
"desktopSecurity.unlockFailed","Unlock failed. Please try again.","ロック解除に失敗しました。もう一度お試しください。","translated"
"desktopSecurity.unlocking","Unlocking…","ロック解除中…","translated"
"desktopSecurity.useBiometric","Use {label}","{label}を使用","translated"
"desktopSecurity.walletLocked","Wallet locked","ウォレットはロックされています","translated"
"desktopWallet.addAnother","Add another wallet","別のウォレットを追加","translated"
"desktopWallet.alreadyOpen","That wallet is already open in another window.","このウォレットは別のウィンドウですでに開いています。","translated"
"desktopWallet.backToWallets","Back to wallets","ウォレットに戻る","translated"
"desktopWallet.biometricFailed","Biometric unlock failed: {message}","生体認証のロック解除に失敗しました：{message}","translated"
"desktopWallet.biometricUnlock","Biometric unlock","生体認証でロック解除","translated"
"desktopWallet.cancel","Cancel","キャンセル","translated"
"desktopWallet.delete","Delete","削除","translated"
"desktopWallet.deleteConfirm","Delete “{name}” ({network}, #{id})? Its saved .optn file is kept, so you can re-import it later.","「{name}」（{network}、#{id}）を削除しますか？保存済みの .optn ファイルは残るため、後で再インポートできます。","translated"
"desktopWallet.deleteLabel","Delete {name}","{name} を削除","translated"
"desktopWallet.deleting","Deleting…","削除中…","translated"
"desktopWallet.device","Device","デバイス","translated"
"desktopWallet.filePasswordDescription","Enter this wallet file's password.","このウォレットファイルのパスワードを入力してください。","translated"
"desktopWallet.hardwareDescription","It will be used automatically to sign sends from software wallets while connected. Standalone hardware-only wallets with their own receive addresses are not supported yet.","接続中はソフトウェアウォレットの送信に自動的に署名します。独自の受取アドレスを持つハードウェア専用ウォレットはまだサポートされていません。","translated"
"desktopWallet.hardwareTitle","Connect Hardware Wallet","ハードウェアウォレットを接続","translated"
"desktopWallet.importFailed","Could not import this wallet file.","このウォレットファイルをインポートできませんでした。","translated"
"desktopWallet.incorrectFilePassword","Incorrect password for this wallet file.","このウォレットファイルのパスワードが正しくありません。","translated"
"desktopWallet.open","Open","開く","translated"
"desktopWallet.openButton","Open","開く","translated"
"desktopWallet.openFailed","Could not open this wallet. Please try again.","ウォレットを開けませんでした。もう一度お試しください。","translated"
"desktopWallet.openFile","Open “{name}”","「{name}」を開く","translated"
"desktopWallet.opening","Opening…","開いています…","translated"
"desktopWallet.password","Password","パスワード","translated"
"desktopWallet.unlock","Unlock","ロック解除","translated"
"desktopWallet.unlocking","Unlocking…","ロック解除中…","translated"
"desktopWallet.useBiometric","Use {label}","{label} を使用","translated"
"desktopWallet.walletNumber","Wallet #{id}","ウォレット #{id}","stable-term"
"desktopWallet.yourWallets","Your wallets","自分のウォレット","translated"
"error.somethingWrong","Something went wrong.","問題が発生しました。","translated"
"experimental.cashFusionDescription","CashFusion is a non-custodial privacy protocol that combines your UTXOs with those of other users in a way that breaks transaction history linkage. Connect to a CashFusion server to participate. Your funds are never at risk — the protocol is trustless.","CashFusion は、他のユーザーの UTXO と組み合わせて取引履歴のリンクを切る非カストディアルなプライバシープロトコルです。参加するには CashFusion サーバーに接続します。信頼不要のプロトコルなので資金が危険にさらされることはありません。","translated"
"experimental.cashFusionWarning","Requires an active CashFusion server connection. Coming soon — toggle currently reserved.","有効な CashFusion サーバー接続が必要です。近日公開で、現在このトグルは予約されています。","translated"
"experimental.description","These features are under active development. Enable them to test new capabilities — they may change or be incomplete in future updates.","これらの機能は開発中です。有効にすると新しい機能を試せますが、今後の更新で変更または未完成のままになる場合があります。","translated"
"experimental.disable","Disable","無効化","translated"
"experimental.enable","Enable","有効化","translated"
"experimental.features","Experimental Features","実験的な機能","translated"
"experimental.privacy","Privacy","プライバシー","translated"
"experimental.quantumDescription","Quantumroot vaults protect funds with a quantum-resistant Schnorr LM-OTS scheme. Enabled by default. Turn off to hide Quantumroot from the wallet if you don't use it.","Quantumroot 保管庫は量子耐性のある Schnorr LM-OTS 方式で資金を保護します。既定で有効です。使用しない場合は無効にして Quantumroot を隠せます。","translated"
"experimental.quantumSafe","Quantum-safe","量子安全","translated"
"experimental.rpaBadge","BCH RPA","BCH RPA","stable-term"
"experimental.rpaDescription","Generates a static paycode (paycode:q...) that you can share publicly. Senders derive a unique one-time address for each payment via ECDH — no notification transaction, no chain bloat. Received stealth funds appear separately as 'Stealth BCH'. Scanning requires a Fulcrum-RPA capable server.","公開共有できる静的 Paycode（paycode:q...）を生成します。送信者は ECDH で支払いごとの固有の使い捨てアドレスを導出します。通知トランザクションもチェーンの肥大化もありません。受け取ったステルス資金は「ステルス BCH」として別に表示されます。スキャンには Fulcrum-RPA 対応サーバーが必要です。","translated"
"experimental.rpaTitle","Reusable Payment Addresses (RPA)","再利用可能な支払いアドレス（RPA）","translated"
"experimental.rpaWarning","Sending to paycodes requires signature grinding (not yet implemented). Receiving and scanning are available.","Paycode への送信には署名 grinding が必要ですが、まだ実装されていません。受取とスキャンは利用できます。","translated"
"faucet.captcha","Answer the captcha question","captcha の質問に回答","translated"
"faucet.clickLink","Click the Chipnet Faucet link","Chipnet Faucet リンクをクリック","translated"
"faucet.copyAddress","Copy a BCH Chipnet address","BCH Chipnet アドレスをコピー","translated"
"faucet.getCoins","Press ""Get Coins""","「Get Coins」を押す","translated"
"faucet.instructions","Instructions","手順","stable-term"
"faucet.name","Chipnet Faucet","Chipnet Faucet","stable-term"
"faucet.pasteAddress","Paste your address","アドレスを貼り付け","translated"
"faucet.selectNetwork","Select ""chipnet"" in the NETWORK box","NETWORK ボックスで「chipnet」を選択","translated"
"faucet.tooltip","Get Chipnet BCH","Chipnet BCH を取得","translated"
"fusion.addPlaceholder","Add server — host:port (e.g. fusion.example.com:8789)","サーバーを追加 — ホスト:ポート（例 fusion.example.com:8789）","translated"
"fusion.autoTry","Auto — try each until one responds","自動 — 応答するまで順番に試す","translated"
"fusion.busy","A fusion round is already running for this wallet.","このウォレットでは Fusion ラウンドがすでに実行中です。","translated"
"fusion.choose","Choose how to fuse:","融合方法を選択：","translated"
"fusion.coinjoinAnyNetwork","Both the server path and P2P Fusion run real CoinJoins on any network. Some wallet-hardening items are still pending, but each round verifies your own outputs before signing, so it fails safely.","サーバー経路と P2P Fusion は、どのネットワークでも本物の CoinJoin を実行します。一部のウォレット強化項目は保留中ですが、各ラウンドで署名前に自分の出力を確認するため、安全に失敗します。","translated"
"fusion.coinjoinBoth","Both run a real CoinJoin.","どちらも本物の CoinJoin を実行します。","translated"
"fusion.componentFeeRate","Component fee rate","コンポーネント手数料率","translated"
"fusion.componentsPlayer","Components / player","コンポーネント／参加者","translated"
"fusion.connectingTor","Connecting via Tor{port}.","Tor{port} 経由で接続中。","translated"
"fusion.cooldown","Waiting for the auto-fusion cooldown.","自動融合のクールダウンを待っています。","translated"
"fusion.disable","Disable","無効化","translated"
"fusion.donation","Donation","寄付","translated"
"fusion.enable","Enable","有効化","translated"
"fusion.enabled","CashFusion Enabled","CashFusion 有効","translated"
"fusion.enableP2p","Enable P2P Fusion","P2P Fusion を有効化","translated"
"fusion.enableServer","Enable Server Fusion","サーバー Fusion を有効化","translated"
"fusion.excessFeeRange","Excess fee range","超過手数料の範囲","translated"
"fusion.experimentalPending","Experimental — still pending: {items}.","実験的 — まだ保留中：{items}。","translated"
"fusion.failed","Failed ✗","失敗 ✗","translated"
"fusion.fewServers","CashFusion intentionally has few public servers — a larger anonymity set on fewer servers is better than being spread thin. Add your own or a community server above.","CashFusion は意図的に公開サーバーを少数にしています。少数のサーバーで大きな匿名集合を作る方が、薄く分散するより優れています。上で自分のサーバーまたはコミュニティサーバーを追加してください。","translated"
"fusion.fused","Fused ✓ — txid {txid}","融合済み ✓ — txid {txid}","translated"
"fusion.fusing","Fusing…","融合中…","translated"
"fusion.handshakeOk","Handshake OK ✓","ハンドシェイク成功 ✓","translated"
"fusion.handshaking","Handshaking…","ハンドシェイク中…","translated"
"fusion.hide","Hide","隠す","translated"
"fusion.howWorks","How does it work?","どのように動作しますか？","translated"
"fusion.mobileUnsupported","CashFusion needs a raw TCP connection, which a mobile/web browser cannot open. Available in the desktop app.","CashFusion にはモバイル／ウェブブラウザーでは開けない生の TCP 接続が必要です。デスクトップアプリで利用できます。","translated"
"fusion.more","more","さらに表示","translated"
"fusion.noEligibleCoins","No coins are eligible to fuse right now.","現在、融合できるコインはありません。","translated"
"fusion.now","Fuse Now","今すぐ融合","translated"
"fusion.nowDescription","CoinJoin via the server configured in Servers. Needs Tor + at least 2 players in a tier.","「サーバー」で設定したサーバー経由の CoinJoin。同じティアに Tor と 2 人以上の参加者が必要です。","translated"
"fusion.openWallet","Open a wallet to run a P2P round.","P2P ラウンドを実行するにはウォレットを開いてください。","translated"
"fusion.or","or","または","translated"
"fusion.p2pMode","P2P Fusion","P2P Fusion","stable-term"
"fusion.p2pModeDescription","Serverless — peers over Nostr + Tor. Auto-fuses when on. Turning this on turns Server Fusion off.","サーバーなし — Nostr + Tor 経由でピア接続。有効時は自動で融合し、これを有効にするとサーバー Fusion は無効になります。","translated"
"fusion.p2pModeLabel","P2P Fusion","P2P Fusion","stable-term"
"fusion.poolTiers","Pool tiers","プールのティア","translated"
"fusion.privacy","Privacy","プライバシー","translated"
"fusion.protocolNote","Steps 1–4 run end-to-end on the server path: the wallet joins a pool, exchanges blind signatures, submits over Tor, and broadcasts the assembled CoinJoin. P2P Fusion runs the same round without a server over Nostr and Tor. Experimental wallet-hardening items are still pending, but your own outputs are verified before signing, so an invalid round fails safely.","ステップ 1〜4 はサーバー経路で最後まで実行されます。ウォレットがプールに参加し、ブラインド署名を交換し、Tor 経由で送信して組み立てた CoinJoin をブロードキャストします。P2P Fusion は Nostr と Tor を使い、サーバーなしで同じラウンドを実行します。一部の実験的なウォレット強化項目は保留中ですが、署名前に自分の出力を確認するため、無効なラウンドは安全に失敗します。","translated"
"fusion.queryAuto","Query (Auto)","クエリ（自動）","translated"
"fusion.queryServer","Query Server","サーバーにクエリ","translated"
"fusion.remoteTorRequired","This is a remote server, so Tor is required — but no Tor proxy was found. Start Tor above, or the query will be refused.","リモートサーバーなので Tor が必要ですが、Tor プロキシが見つかりません。上で Tor を起動しないとクエリは拒否されます。","translated"
"fusion.selected","● selected","● 選択済み","translated"
"fusion.serverMode","Fuse Now using CashFusion server","CashFusion サーバーで今すぐ融合","translated"
"fusion.serverModeDescription","Fuse via a CashFusion server. Auto-fuses when on.","CashFusion サーバー経由で融合します。有効時は自動で融合します。","translated"
"fusion.serverModeLabel","Server Fusion","サーバー Fusion","translated"
"fusion.serverParameters","Server parameters (live)","サーバーパラメーター（ライブ）","translated"
"fusion.servers","Fusion servers","Fusion サーバー","stable-term"
"fusion.step1","1. Pool joining.","1. プールに参加。","translated"
"fusion.step1Text","Your wallet announces UTXOs it wants to fuse to the server.","ウォレットが融合したい UTXO をサーバーに通知します。","translated"
"fusion.step2","2. Blind signing.","2. ブラインド署名。","translated"
"fusion.step2Text","Participants generate blinded output addresses and exchange blind signatures — nobody learns the input-to-output mapping.","参加者がブラインド出力アドレスを生成してブラインド署名を交換するため、誰も入力と出力の対応を知りません。","translated"
"fusion.step3","3. Covert submission.","3. 非公開の送信。","translated"
"fusion.step3Text","Each participant submits the transaction via Tor or direct connection. The server assembles the final transaction.","各参加者が Tor または直接接続で取引を送信し、サーバーが最終取引を組み立てます。","translated"
"fusion.step4","4. Broadcast.","4. ブロードキャスト。","translated"
"fusion.step4Text","All participants broadcast the jointly constructed transaction.","すべての参加者が共同で作成した取引をブロードキャストします。","translated"
"fusion.summary","CashFusion combines UTXOs from many participants into a single transaction, breaking blockchain history links between inputs and outputs. It is non-custodial — your funds never leave your control.","CashFusion は複数参加者の UTXO を 1 つの取引に結合し、ブロックチェーン履歴で入力と出力のつながりを切ります。非カストディアルなので、資金は常にあなたの管理下にあります。","translated"
"fusion.syncingCoins","Syncing wallet coins — try again in a moment.","ウォレットのコインを同期中です。少し待ってから再試行してください。","translated"
"fusion.tiers","Tiers","ティア","translated"
"fusion.torOff","Tor is off. Remote fusion queries will be refused — enable Tor above, or use a localhost server.","Tor がオフです。リモート Fusion クエリは拒否されます。上で Tor を有効にするか localhost サーバーを使用してください。","translated"
"hardware.active","active","有効","translated"
"hardware.advanced","Advanced (derivation path)","詳細（派生パス）","translated"
"hardware.airGap","air-gap","エアギャップ","translated"
"hardware.beforeConnecting","Before connecting","接続する前に","translated"
"hardware.bip44Path","BIP44 path","BIP44 パス","translated"
"hardware.comingSoon","Coming soon","近日公開","translated"
"hardware.connect","Connect {device}","{device} を接続","translated"
"hardware.connecting","Connecting…","接続中…","translated"
"hardware.connectionType","Connection type","接続タイプ","translated"
"hardware.description","The device holds your private keys. The wallet is the bridge. Keys never leave the hardware.","デバイスが秘密鍵を保持します。鍵がハードウェアから出ることはありません。","translated"
"hardware.disconnect","Disconnect","接続を解除","translated"
"hardware.enableKeystone","Enable Keystone (QR mode)","Keystone を有効化（QR モード）","translated"
"hardware.howItWorks","How it works","仕組み","translated"
"hardware.keystoneHow","Keystone's air-gapped QR signing isn't finished yet — the app can't build or read the QR codes it would need to in this build. Support is planned but not ready for real funds.","Keystone のエアギャップ QR 署名は実資金にはまだ使用できません。","translated"
"hardware.keystoneSubtitle","Air-gapped QR signing — not yet supported","エアギャップ QR 署名 — 未対応","translated"
"hardware.ledgerStep1","USB: plug in → enter PIN → open Bitcoin Cash app","USB: 接続 → PIN 入力 → Bitcoin Cash アプリを開く","translated"
"hardware.ledgerStep2","Bluetooth (Nano X): enable BLE on device → open Bitcoin Cash app","Bluetooth (Nano X): BLE を有効化 → Bitcoin Cash アプリを開く","translated"
"hardware.ledgerStep3","The browser will show a device picker prompt","ブラウザにデバイス選択画面が表示されます","translated"
"hardware.ledgerSubtitle","USB (WebHID) or Bluetooth (Nano X)","USB (WebHID) または Bluetooth (Nano X)","translated"
"hardware.notSupported","{device} support isn't finished yet — it can't connect or sign in this build. Pick another device, or use the software wallet.","{device} のサポートはまだ完成していません。別のデバイスを選ぶか、ソフトウェアウォレットを使用してください。","translated"
"hardware.onekeyStep1","Install OneKey Bridge if not already installed","必要なら OneKey Bridge をインストール","translated"
"hardware.onekeyStep2","Plug in your OneKey device or pair via Bluetooth","USB で OneKey を接続、または Bluetooth でペアリング","translated"
"hardware.onekeyStep3","Unlock your device with your PIN","PIN でデバイスのロックを解除","translated"
"hardware.onekeyStep4","Allow the connection when requested","要求されたら接続を許可","translated"
"hardware.onekeySubtitle","USB or Bluetooth via OneKey Bridge","OneKey Bridge 経由の USB または Bluetooth","translated"
"hardware.path","Path","パス","translated"
"hardware.softwareHow","Your private keys never leave the device. The wallet builds an unsigned transaction, the device shows the details on its screen, you physically confirm, and the device sends back only the signature. Like Electron Cash's hardware wallet mode.","ウォレットが未署名取引を作成し、デバイスが詳細を表示します。確認後、デバイスは署名だけを返します。","translated"
"hardware.softwareLabel","Software Wallet","ソフトウェアウォレット","translated"
"hardware.softwareSubtitle","Encrypted keys stored on this device","このデバイスに保存された暗号化キー","translated"
"hardware.title","Hardware Wallet","ハードウェアウォレット","translated"
"hardware.trezorStep1","Install Trezor Suite — it includes the Bridge daemon","Trezor Suite をインストール — Bridge デーモンを含みます","translated"
"hardware.trezorStep2","Plug in your Trezor (USB) or pair via Bluetooth (newer models)","USB で Trezor を接続、または Bluetooth でペアリング","translated"
"hardware.trezorStep3","Unlock your device with your PIN","PIN でデバイスのロックを解除","translated"
"hardware.trezorStep4","Allow the connection popup when it appears","接続ポップアップが表示されたら許可","translated"
"hardware.trezorSubtitle","USB or Bluetooth via Trezor Bridge","Trezor Bridge 経由の USB または Bluetooth","translated"
"history.awaitingConfirmation","Awaiting confirmation","確認待ち","translated"
"history.block","Block","ブロック","translated"
"history.closeDetails","Close details","詳細を閉じる","translated"
"history.confirmations","{count} confirmations","{count} 回の確認","stable-term"
"history.confirmed","Confirmed","承認済み","translated"
"history.detailsUnavailable","Transaction details are not available from Electrum right now.","現在 Electrum から取引の詳細を取得できません。","translated"
"history.fee","Fee","手数料","translated"
"history.first","First","最初","translated"
"history.last","Last","最後","translated"
"history.loadDetailsFailed","Failed to load transaction details.","取引の詳細を読み込めませんでした。","translated"
"history.loadingDetails","Loading transaction details…","取引の詳細を読み込み中…","translated"
"history.newestFirst","Newest first","新しい順","translated"
"history.noActivity","No activity yet","アクティビティなし","translated"
"history.noData","No data available.","データなし","translated"
"history.noTransactions","No transactions available yet.","取引はありません","translated"
"history.oldestFirst","Oldest first","古い順","translated"
"history.openExplorer","Open in explorer","エクスプローラーで開く","translated"
"history.output","Output","出力","translated"
"history.pending","Pending","保留中","translated"
"history.perPage","{count} per page","{count}件/ページ","translated"
"history.recipients","Recipients","送信先","translated"
"history.recorded","{count} recorded","{count}件を記録","translated"
"history.senders","Senders","送信元","translated"
"history.status","Status","状態","stable-term"
"history.sync","Sync","同期","translated"
"history.timestamp","Timestamp","タイムスタンプ","translated"
"history.title","Transaction History","取引履歴","translated"
"history.transaction","Transaction","トランザクション","stable-term"
"history.transactionHash","Transaction Hash","トランザクションハッシュ","translated"
"history.unavailable","Unavailable","利用できません","translated"
"history.unconfirmed","Unconfirmed","未確認","translated"
"history.unknown","Unknown","不明","translated"
"history.yourWallet","Your wallet","自分のウォレット","translated"
"home.block","Block","ブロック","translated"
"home.confirmed","Confirmed","承認済み","translated"
"home.latestActivity","Latest wallet activity","ウォレットの最新アクティビティ","translated"
"home.noQrCode","No QR code detected. Try again.","QR コードが見つかりません。もう一度お試しください。","translated"
"home.noRecentActivity","No recent activity yet.","最近のアクティビティはありません。","translated"
"home.pending","Pending","保留中","translated"
"home.pendingConfirmation","Pending confirmation","承認待ち","translated"
"home.portfolio","Portfolio","ポートフォリオ","translated"
"home.quickActions","Quick Actions","クイック操作","translated"
"home.receive","Receive","受け取る","translated"
"home.recentActivity","Recent Activity","最近のアクティビティ","translated"
"home.scanQr","Scan QR","QR をスキャン","translated"
"home.send","Send","送る","translated"
"home.sync","Sync","同期","translated"
"home.syncing","Syncing…","同期中…","translated"
"home.title","Home","ホーム","translated"
"home.toggleBalance","Toggle BCH and USD balance","BCH と USD の残高を切り替え","translated"
"home.unsupportedQr","QR scanned, but it is not a supported wallet payload.","QR を読み取りましたが、対応するウォレットデータではありません。","translated"
"home.usdPriceUnavailable","USD price unavailable","USD 価格は利用できません","translated"
"home.usdUnavailable","USD unavailable","USD は利用できません","translated"
"home.viewAll","View all","すべて表示","translated"
"home.walletOverview","Wallet overview","ウォレット概要","translated"
"nav.actions","Actions","操作","stable-term"
"nav.apps","Apps","アプリ","translated"
"nav.assets","Assets","資産","translated"
"nav.home","Home","ホーム","translated"
"nav.settings","Settings","設定","translated"
"network.chipnet","Chipnet","Chipnet","stable-term"
"network.mainnet","Mainnet","Mainnet","stable-term"
"network.switch","Switch network. Current: {network}","ネットワークを切り替え。現在: {network}","translated"
"nftConfig.capability","NFT Capability","NFT 権限","translated"
"nftConfig.commitment","NFT Commitment","NFT コミットメント","translated"
"nftConfig.done","Done","完了","translated"
"nftConfig.minting","minting","発行","translated"
"nftConfig.mintingDescription","one NFT authority that can create multiple next NFTs.","複数の後続 NFT を作成できる NFT 権限 1 個。","translated"
"nftConfig.mutable","mutable","可変","translated"
"nftConfig.mutableDescription","one NFT that may update its commitment when spent.","使用時に commitment を更新できる NFT 1 個。","translated"
"nftConfig.none","none","なし","translated"
"nftConfig.noneDescription","one immutable NFT, best for approvals or receipts.","承認や領収書に適した不変 NFT 1 個。","translated"
"nftConfig.placeholder","Up to 40 bytes","最大 40 バイト","translated"
"nftConfig.title","NFT Configuration","NFT 設定","translated"
"nostr.active","{active}/{total} active","{active}/{total} 件が有効","translated"
"nostr.add","Add","追加","translated"
"nostr.chat","Nostr chat","Nostr チャット","translated"
"nostr.checking","Checking…","確認中…","translated"
"nostr.checkRelayStatus","Check relay status","relay の状態を確認","translated"
"nostr.connected","connected","接続済み","translated"
"nostr.deriving","Deriving…","導出中…","translated"
"nostr.disable","Disable","無効化","translated"
"nostr.dmDescription","End-to-end encrypted DMs using NIP-17.","NIP-17 を使うエンドツーエンド暗号化 DM。","translated"
"nostr.enable","Enable","有効化","translated"
"nostr.identity","Nostr identity","Nostr アイデンティティ","translated"
"nostr.identityDescription","Derived from your seed via NIP-06 (a separate path) — your spending keys are never reused.","NIP-06 を通じて seed から導出される別パスです。支出キーは再利用されません。","translated"
"nostr.invalidRelay","Enter a secure relay URL beginning with wss://","wss:// で始まる安全な relay URL を入力してください","translated"
"nostr.privacyWarning","Relay operators can still observe connection metadata, timing, and recipient tags. Encrypted content is not the same as network anonymity.","relay の運営者は接続メタデータ、時刻、受取人タグを観測できます。暗号化された内容はネットワーク上の匿名性と同じではありません。","translated"
"nostr.relays","Relays","リレー","stable-term"
"nostr.relaysDescription","WSS relays used for chat and the P2P-fusion transport. Add your own or use the defaults.","チャットと P2P-Fusion 転送に使う WSS relay です。自分の relay を追加するか既定値を使います。","translated"
"nostr.remove","Remove","削除","translated"
"nostr.unknown","unknown","不明","translated"
"nostr.unreachable","unreachable","到達できません","translated"
"notifications.dismiss","Dismiss","閉じる","translated"
"notifications.fundsReceived","Funds received","資金を受信","translated"
"notifications.fundsReceivedBody","{amount} sats to {address} • {txid}","{amount} sats → {address} • {txid}","translated"
"notifications.incomingBch","Incoming BCH","BCH を受信","translated"
"notifications.incomingToken","Incoming token","トークンを受信","translated"
"notifications.transactionConfirmed","Transaction confirmed","取引を確認しました","translated"
"notifications.unknownAddress","unknown address","不明なアドレス","translated"
"onboarding.back","Back","戻る","translated"
"onboarding.closeHelp","Close help","ヘルプを閉じる","translated"
"onboarding.confirm","Confirm","確認","translated"
"onboarding.confirmError","Those don't match your seed phrase. Check the words and try again.","単語がシードフレーズと一致しません。確認してもう一度お試しください。","translated"
"onboarding.confirmInstruction","Type the requested words to prove you saved them correctly.","正しく保存したことを確認するため、指定された単語を入力してください。","translated"
"onboarding.confirmPasswordPlaceholder","Confirm password","パスワードを確認","translated"
"onboarding.confirmSeed","Confirm Your Seed Phrase","シードフレーズを確認","translated"
"onboarding.connectHardware","Connect Hardware Wallet","ハードウェアウォレットを接続","translated"
"onboarding.continue","Continue","続行","translated"
"onboarding.createNewWallet","Create New Wallet","新しいウォレットを作成","translated"
"onboarding.createWallet","Create Wallet","ウォレットを作成","translated"
"onboarding.createWatchOnly","Create Watch-Only Wallet","監視専用ウォレットを作成","translated"
"onboarding.creating","Creating Wallet…","作成中…","translated"
"onboarding.creationFailed","Wallet creation failed. Please try again.","ウォレットの作成に失敗しました。もう一度お試しください。","translated"
"onboarding.databasePreparationFailed","Could not prepare the wallet on this device.","この端末でウォレットを準備できませんでした。","translated"
"onboarding.generatedMnemonic","Generated Mnemonic:","生成されたニーモニック:","translated"
"onboarding.generatingSeed","Generating seed phrase…","シードフレーズを生成中…","translated"
"onboarding.helpCreateDescription","Use this if you want a new wallet with a fresh seed phrase on this device.","この端末で新しいシードフレーズを使ってウォレットを作成する場合に使用します。","translated"
"onboarding.helpCreateTitle","Create Wallet","ウォレットを作成","translated"
"onboarding.helpDescription","Create a wallet for the first time or restore one you already have.","初めてウォレットを作成するか、既存のウォレットを復元します。","translated"
"onboarding.helpImportDescription","Use this if you already have a 12-word recovery phrase and want access to an existing wallet.","12 語の復元フレーズを持っていて、既存のウォレットにアクセスする場合に使用します。","translated"
"onboarding.helpImportTitle","Import Wallet","ウォレットをインポート","translated"
"onboarding.helpNetworkDescription","Select Mainnet for real funds or CHIPNET for test funds before you proceed.","続行する前に、実際の資金には Mainnet、テスト資金には CHIPNET を選択してください。","translated"
"onboarding.helpNetworkTitle","Choose a network","ネットワークを選択","translated"
"onboarding.helpTitle","Getting started","はじめに","translated"
"onboarding.importFailed","Wallet import failed. Please try again.","ウォレットのインポートに失敗しました。もう一度お試しください。","translated"
"onboarding.importing","Importing Wallet…","インポート中…","translated"
"onboarding.importWallet","Import Wallet","ウォレットをインポート","translated"
"onboarding.invalidMnemonic","Enter a valid English BIP39 recovery phrase with 12, 15, 18, 21, or 24 words.","12、15、18、21、24語の有効な英語 BIP39 リカバリーフレーズを入力してください。","translated"
"onboarding.missingWord","Word {number} is missing.","{number} 番目の単語がありません。","translated"
"onboarding.mnemonicLoading","The recovery phrase is still loading. Please wait a moment.","復元フレーズを読み込んでいます。しばらくお待ちください。","translated"
"onboarding.mnemonicWarning","Your recovery phrase is the master key to your wallet. Store it securely and never share it.","復元フレーズはウォレットのマスターキーです。安全に保管し、絶対に共有しないでください。","translated"
"onboarding.nameRequired","Give this wallet a name.","ウォレット名を入力してください。","translated"
"onboarding.nameWallet","Name This Wallet","ウォレット名を設定","translated"
"onboarding.nameWalletDescription","Give this wallet a name and a password. Each wallet on this device has its own independent password.","このウォレットに名前とパスワードを設定してください。この端末の各ウォレットには個別のパスワードがあります。","translated"
"onboarding.passwordMismatch","Passwords do not match.","パスワードが一致しません。","translated"
"onboarding.passwordPlaceholder","Password (or leave blank)","パスワード（空欄可）","translated"
"onboarding.poweredBy","Powered with Bitcoin Covenants for Bitcoin Cash","Bitcoin Cash のための Bitcoin Covenant を採用","translated"
"onboarding.recoveryDescription","Enter your BIP39 recovery phrase (12, 15, 18, 21, or 24 words). Each box corresponds to the word order.","英語の BIP39 復元フレーズ（12、15、18、21、または 24 語）を入力してください。各欄は単語の順序に対応します。","translated"
"onboarding.recoveryPhrase","Recovery Phrase","リカバリーフレーズ","translated"
"onboarding.seedInstruction","Write these 12 words down in order and keep them somewhere safe. Anyone with this phrase can spend your funds — never share it or store it digitally.","この 12 語を順番どおりに書き留め、安全な場所に保管してください。このフレーズを知る人は誰でも資金を使えるため、絶対に共有したりデジタル保存したりしないでください。","translated"
"onboarding.seedTitle","Your Seed Phrase","シードフレーズ","translated"
"onboarding.toggleTheme","Toggle theme","テーマを切り替え","translated"
"onboarding.walletAlreadyAvailable","This wallet is already available on this device.","このウォレットはすでに端末で利用できます。","translated"
"onboarding.walletAlreadyExists","This wallet may already exist on this device.","このウォレットはすでに端末に存在する可能性があります。","translated"
"onboarding.walletNamePlaceholder","Wallet name","ウォレット名","translated"
"onboarding.walletSavedIdFailed","Wallet was saved, but its wallet ID could not be resolved.","ウォレットは保存されましたが、ウォレット ID を解決できませんでした。","translated"
"onboarding.walletSetup","Wallet Setup","ウォレット設定","translated"
"onboarding.walletSetupDescription","Choose the network and address path this wallet will use.","このウォレットで使用するネットワークとアドレスパスを選択してください。","translated"
"onboarding.welcomeAlt","OPTN Wallet","OPTN ウォレット","stable-term"
"onboarding.word","Word","単語","translated"
"onboarding.wordCountLabel","Phrase length","フレーズの長さ","translated"
"onboarding.wordPlaceholder","word","単語","translated"
"onboarding.words","words","語","translated"
"onboarding.wroteItDown","I've written it down","書き留めました","translated"
"outbox.amount","Amount","金額","translated"
"outbox.clearPending","Clear pending lock","保留ロックを消去","translated"
"outbox.clearPendingTitle","Clear this pending lock if the transaction was not actually sent","取引が実際には送信されていない場合、この保留ロックを消去します","translated"
"outbox.copyTxid","Copy txid","txid をコピー","translated"
"outbox.daysAgo","{count}d ago","{count}日前","translated"
"outbox.description","Offline-first protection keeps new sends paused until these transactions are seen or safely released.","オフライン優先保護により、これらの取引が確認されるか安全に解放されるまで新しい送信を一時停止します。","translated"
"outbox.destination","Destination","送信先","stable-term"
"outbox.dismiss","Dismiss","閉じる","translated"
"outbox.dismissPending","Dismiss pending transactions popup","保留中の取引ポップアップを閉じる","translated"
"outbox.finalizing","Finalizing transaction","取引を確定中","translated"
"outbox.finalizingMultiple","Finalizing {count} transactions","{count} 件の取引を確定中","translated"
"outbox.historyUpdate","Your wallet history will update automatically. This usually takes a moment.","ウォレット履歴は自動で更新されます。通常は少し待つだけです。","translated"
"outbox.hoursAgo","{count}h ago","{count}時間前","translated"
"outbox.justNow","just now","たった今","translated"
"outbox.lastNetworkIssue","Last network issue","最近のネットワーク問題","translated"
"outbox.minutesAgo","{count}m ago","{count}分前","translated"
"outbox.noPending","No pending outgoing transactions.","保留中の送信取引はありません。","translated"
"outbox.pendingOutgoing","Pending outgoing transactions","保留中の送信取引","translated"
"outbox.prompt","Prompt","要求","translated"
"outbox.releaseSendLock","Release send lock","送信ロックを解放","translated"
"outbox.releaseStale","Release if stale","古い場合に解放","translated"
"outbox.releaseStaleTitle","Available after {minutes} minutes if the transaction is still unresolved","取引が未解決のままなら {minutes} 分後に利用可能","translated"
"outbox.requestedBy","Requested by","要求元","translated"
"outbox.title","Outbox","送信ボックス","translated"
"outbox.txid","Txid","Txid","stable-term"
"outbox.updated","Updated {age}","{age}に更新","translated"
"outbox.walletSend","Wallet send","ウォレット送信","translated"
"p2p.description","No server: peers meet on Nostr relays over Tor, deterministically elect a coordinator, and run the CoinJoin peer-to-peer. Outputs are unlinkable; you sign only your own inputs after verifying your own outputs.","サーバーなしで、ピアが Tor 経由で Nostr relay に集まり、決定論的にコーディネーターを選び、P2P CoinJoin を実行します。出力はリンクできず、自分の出力を確認した後に自分の入力だけに署名します。","translated"
"p2p.phase.announce","Announcing & finding peers","通知してピアを検索","translated"
"p2p.phase.assemble","Assembling & verifying","組み立てて検証","translated"
"p2p.phase.broadcast","Broadcasting","ブロードキャスト中","translated"
"p2p.phase.register","Registering inputs & outputs","入力と出力を登録","translated"
"p2p.phase.sign","Signing","署名中","translated"
"p2p.requiresPeers","Requires Tor + at least 2 peers in the same tier.","Tor と同じティアの 2 ピア以上が必要です。","translated"
"p2p.running","Running P2P round…","P2P ラウンドを実行中…","translated"
"p2p.start","Start P2P round","P2P ラウンドを開始","translated"
"p2p.title","P2P Fusion over Nostr","Nostr 上の P2P Fusion","translated"
"paper.addressConversionError","Address conversion error","アドレス変換エラー","translated"
"paper.addressDerivationFailed","Unable to derive a valid paper wallet address from the scanned key.","スキャンしたキーから有効なペーパーウォレットアドレスを導出できませんでした。","translated"
"paper.back","Back","戻る","translated"
"paper.bchOutputs","BCH outputs","BCH 出力","translated"
"paper.buildFailed","Failed to build sweep transaction.","スイープトランザクションを作成できませんでした。","translated"
"paper.confirmDescription","Slide to confirm the one-transaction paper wallet sweep.","1 件のトランザクションでペーパーウォレットをスイープするにはスライドして確認します。","translated"
"paper.confirmTitle","Confirm sweep","スイープを確認","translated"
"paper.decodingError","Decoding error","デコードエラー","translated"
"paper.description","Scan a WIF paper wallet and sweep BCH + CashTokens in one transaction.","WIF ペーパーウォレットをスキャンし、1 件のトランザクションで BCH + CashTokens をスイープします。","translated"
"paper.label","Paper wallet","ペーパーウォレット","translated"
"paper.noCashTokens","No CashTokens detected.","CashToken が見つかりません。","translated"
"paper.noDestination","No destination wallet address is available.","利用できる送付先ウォレットアドレスがありません。","translated"
"paper.noQrCode","No QR code detected. Please try again.","QR コードを検出できません。もう一度お試しください。","translated"
"paper.notScanned","No paper wallet scanned yet.","ペーパーウォレットはまだスキャンされていません。","translated"
"paper.noUtxos","No UTXOs found for this paper wallet. If this is a mainnet wallet and you are on chipnet, try switching networks.","このペーパーウォレットの UTXO が見つかりません。mainnet ウォレットで chipnet を使用している場合はネットワークを切り替えてください。","translated"
"paper.oneTransaction","One transaction only.","トランザクションは 1 件のみです。","translated"
"paper.paperInputs","Paper wallet inputs","ペーパーウォレット入力","translated"
"paper.scan","Scan","スキャン","translated"
"paper.scanBeforeSweep","Scan a paper wallet before sweeping.","スイープする前にペーパーウォレットをスキャンしてください。","translated"
"paper.spendableOutputPlural","spendable outputs","使用可能な出力","translated"
"paper.spendableOutputSingular","spendable output","使用可能な出力","translated"
"paper.sweep","Sweep","スイープ","translated"
"paper.sweepBroadcast","Sweep broadcast","スイープをブロードキャストしました","translated"
"paper.title","Paper Wallet","ペーパーウォレット","translated"
"paper.tokenBacking","Token outputs are backed with 1000 sats.","トークン出力は 1000 sats で裏付けられます。","translated"
"paper.tokenGroups","Token groups","トークングループ","translated"
"paper.tokenOutputs","Token outputs","トークン出力","translated"
"paper.unexpected","An unexpected error occurred.","予期しないエラーが発生しました。","translated"
"paper.unexpectedTryAgain","An unexpected error occurred. Please try again.","予期しないエラーが発生しました。もう一度お試しください。","translated"
"paper.utxosTitle","Paper wallet UTXOs","ペーパーウォレットの UTXO","translated"
"paper.walletFeeInputs","Wallet fee inputs","ウォレット手数料入力","translated"
"priceFeed.loading","Loading…","読み込み中…","translated"
"qr.animatedTransfer","Animated QR transfer","アニメーション QR 転送","translated"
"qr.blocksRecovered","blocks recovered","復元ブロック","translated"
"qr.cameraActive","Camera active — point at animated QR","カメラ有効 — アニメーション QR に向けてください","translated"
"qr.cameraError","Camera unavailable","カメラを利用できません","translated"
"qr.cameraUnavailable","Camera access is unavailable","カメラにアクセスできません","translated"
"qr.cancel","Cancel","キャンセル","translated"
"qr.duplicates","duplicates","重複","translated"
"qr.holdSteady","Hold the phone steady and fill the frame with the QR code.","スマートフォンを動かさず、QR コードを画面いっぱいに映してください。","translated"
"qr.receivingStream","Receiving QR stream","QR ストリームを受信中","translated"
"qr.scan","Scan QR","QR をスキャン","translated"
"qr.scanning","Scanning…","スキャン中…","translated"
"qr.streaming","Streaming frame {frame} · {blocks} blocks · {bytes} bytes","フレーム {frame} を送信中 · {blocks} ブロック · {bytes} バイト","translated"
"qr.unableToDecode","Unable to decode QR stream","QR ストリームをデコードできません","translated"
"qr.uniqueFrames","unique frames","固有フレーム","translated"
"qr.walletUpdateProgress","Wallet update progress","ウォレット更新の進捗","translated"
"qrSigning.approvedBy","Approved by {name}","{name} により承認","translated"
"qrSigning.approveDemo","Approve demo request","デモリクエストを承認","translated"
"qrSigning.approveReturn","2. Approve and return","2. 承認して戻る","translated"
"qrSigning.close","Close","閉じる","translated"
"qrSigning.collectResponse","2. Collect response","2. 応答を収集","translated"
"qrSigning.fingerprint","Fingerprint","フィンガープリント","translated"
"qrSigning.invalidRequest","Invalid signing request","無効な署名リクエスト","translated"
"qrSigning.invalidResponse","Invalid signing response","無効な署名応答","translated"
"qrSigning.mismatch","Signing response does not match this request","署名応答がこのリクエストと一致しません","translated"
"qrSigning.network","Network","ネットワーク","translated"
"qrSigning.payload","Payload","ペイロード","translated"
"qrSigning.placeholderWarning","This demo returns a placeholder signature and never broadcasts.","このデモはプレースホルダー署名を返し、ブロードキャストは行いません。","translated"
"qrSigning.prepareFailed","Unable to prepare mocknet fixture","mocknet fixture を準備できませんでした","translated"
"qrSigning.preparing","Preparing mocknet fixture…","mocknet fixture を準備中…","translated"
"qrSigning.purpose","Purpose","目的","translated"
"qrSigning.rejectedBy","Rejected by {name}","{name} により拒否","translated"
"qrSigning.requestReceived","Request received","リクエストを受信しました","translated"
"qrSigning.requestSignature","Request signature","署名を要求","translated"
"qrSigning.scanAnother","Scan another request","別のリクエストをスキャン","translated"
"qrSigning.scanApproval","Scan approval response","承認応答をスキャン","translated"
"qrSigning.scanRequest","1. Scan request","1. リクエストをスキャン","translated"
"qrSigning.showRequest","1. Show request","1. リクエストを表示","translated"
"qrSigning.showRequestHelp","On the other wallet, choose “Sign request” and scan this stream.","もう一方のウォレットで「リクエストに署名」を選び、このストリームをスキャンします。","translated"
"qrSigning.signRequest","Sign request","リクエストに署名","translated"
"qrSigning.subtitle","Exchange a partially signed transaction between two OPTN wallet screens.","2 つの OPTN Wallet 画面で部分署名済みトランザクションを交換します。","translated"
"qrSigning.title","QR signing demo","QR 署名デモ","translated"
"quantumroot.activeNetwork","Quantumroot is active on this network. Use the vault workspace below to manage a normal spend lane and a quantum-safe recovery lane.","このネットワークでは Quantumroot が有効です。下のワークスペースで通常の支出レーンと量子安全な復元レーンを管理してください。","translated"
"quantumroot.activeWorkspace","Active workspace for the beta-production Quantumroot flow.","ベータプロダクション Quantumroot フローのアクティブなワークスペースです。","translated"
"quantumroot.back","Back","戻る","translated"
"quantumroot.betaProduction","Beta production","ベータプロダクション","translated"
"quantumroot.betaTitle","Quantumroot Beta Production","Quantumroot ベータプロダクション","translated"
"quantumroot.checkingBalances","Checking balances…","残高を確認中…","translated"
"quantumroot.close","Close","閉じる","translated"
"quantumroot.funded","{count} funded","{count} 件の入金済み","translated"
"quantumroot.fundedStatus","Funded","入金済み","translated"
"quantumroot.guidedNow","Guided now: choose one approval key, lock it in Quantum Lock, then spend the matching coin.","ガイド付き：承認キーを 1 つ選び、Quantum Lock にロックしてから対応するコインを支出します。","translated"
"quantumroot.liveNow","Live now: normal spending, balance tracking, and Quantum Lock BCH recovery.","現在利用可能：通常の支出、残高追跡、Quantum Lock BCH の復元。","translated"
"quantumroot.livePreview","Live preview","ライブプレビュー","translated"
"quantumroot.mainnetAhead","Quantumroot is visible on mainnet ahead of activation. The layout stays available, but key actions remain disabled until {date}.","Quantumroot は有効化前の Mainnet に表示されます。レイアウトは利用できますが、主な操作は {date} まで無効です。","translated"
"quantumroot.mainnetPreview","Mainnet preview stays visible before activation.","有効化前は Mainnet のプレビューが表示されます。","translated"
"quantumroot.noFundsYet","No funds yet","資金はまだありません","translated"
"quantumroot.noVaults","No Quantumroot vaults derived yet. Sync vaults to provision them for existing wallet address indexes.","導出された Quantumroot 保管庫はまだありません。保管庫を同期して、既存のウォレットアドレスインデックスに作成してください。","translated"
"quantumroot.openVaults","Open Vaults","保管庫を開く","translated"
"quantumroot.popup.action.chooseCoinLabel","Choose coin to spend","Choose coin to spend","needs-review"
"quantumroot.popup.action.chooseDescription","Choose one approval key for this vault.","Choose one approval key for this vault.","needs-review"
"quantumroot.popup.action.chooseLabel","Choose approval key","Choose approval key","needs-review"
"quantumroot.popup.action.chooseTitle","Choose an approval key","Choose an approval key","needs-review"
"quantumroot.popup.action.createDescription","Create or receive a plain NFT first, then use it as the approval key.","Create or receive a plain NFT first, then use it as the approval key.","needs-review"
"quantumroot.popup.action.createTitle","Create an approval key","Create an approval key","needs-review"
"quantumroot.popup.action.destinationDescription","Choose where the coin should go, then open the spend list.","Choose where the coin should go, then open the spend list.","needs-review"
"quantumroot.popup.action.destinationLabel","Set destination","Set destination","needs-review"
"quantumroot.popup.action.destinationTitle","Choose a destination","Choose a destination","needs-review"
"quantumroot.popup.action.disabledDescription","The spend list is ready, but spending is disabled on this network.","The spend list is ready, but spending is disabled on this network.","needs-review"
"quantumroot.popup.action.readyDescription","Tap a ready coin to spend it.","Tap a ready coin to spend it.","needs-review"
"quantumroot.popup.action.readyTitle","Ready to spend","Ready to spend","needs-review"
"quantumroot.popup.action.receiveDescription","Send the matching receive coin to the normal lane.","Send the matching receive coin to the normal lane.","needs-review"
"quantumroot.popup.action.receiveLabel","Add receive coin","Add receive coin","needs-review"
"quantumroot.popup.action.receiveTitle","Add the matching receive coin","Add the matching receive coin","needs-review"
"quantumroot.popup.action.refreshDescription","Refresh the wallet scan or choose another approval key.","Refresh the wallet scan or choose another approval key.","needs-review"
"quantumroot.popup.action.refreshLabel","Refresh vault","Refresh vault","needs-review"
"quantumroot.popup.action.refreshTitle","Refresh the vault","Refresh the vault","needs-review"
"quantumroot.popup.action.reviewLabel","Review spend","Review spend","needs-review"
"quantumroot.popup.action.sendDescription","Send the approval key to Quantum Lock.","Send the approval key to Quantum Lock.","needs-review"
"quantumroot.popup.action.sendLabel","Send approval key","Send approval key","needs-review"
"quantumroot.popup.action.sendTitle","Send the approval key","Send the approval key","needs-review"
"quantumroot.popup.addDestinationReview","Add a destination, then review spend.","Add a destination, then review spend.","needs-review"
"quantumroot.popup.addMatchingCoin","Add the matching coin to unlock spend.","Add the matching coin to unlock spend.","needs-review"
"quantumroot.popup.advanced","Advanced","Advanced","needs-review"
"quantumroot.popup.advancedRecovery","Advanced recovery","Advanced recovery","needs-review"
"quantumroot.popup.advancedRecoveryDescription","Recover regular BCH, recover Quantum Lock funds, or refresh vault status.","Recover regular BCH, recover Quantum Lock funds, or refresh vault status.","needs-review"
"quantumroot.popup.approvalKey","Approval key","Approval key","needs-review"
"quantumroot.popup.approvalKeyCapability","Approval key","Approval key","needs-review"
"quantumroot.popup.approvalKeyChanged","Approval key changed on chain","Approval key changed on chain","needs-review"
"quantumroot.popup.approvalKeyInLock","Approval key is in Quantum Lock.","Approval key is in Quantum Lock.","needs-review"
"quantumroot.popup.approvalKeyInQuantumLock","Your approval key is in Quantum Lock.","Your approval key is in Quantum Lock.","needs-review"
"quantumroot.popup.approvalKeyPicked","Approval key picked.","Approval key picked.","needs-review"
"quantumroot.popup.approvalKeySelected","Approval key selected","Approval key selected","needs-review"
"quantumroot.popup.approvalLane","Approval lane","Approval lane","needs-review"
"quantumroot.popup.approvalLaneDescription","Your approval key goes to Quantum Lock.","Your approval key goes to Quantum Lock.","needs-review"
"quantumroot.popup.available","{count} available","{count} available","needs-review"
"quantumroot.popup.availableApprovalKeys","Available approval keys","Available approval keys","needs-review"
"quantumroot.popup.bchRecoveryDescription","BCH recovery sends back to the matching standard wallet address for this vault index when available.","BCH recovery sends back to the matching standard wallet address for this vault index when available.","needs-review"
"quantumroot.popup.bchRecoveryDisabled","BCH recovery is temporarily disabled until the on-chain receive-script validation issue is resolved.","BCH recovery is temporarily disabled until the on-chain receive-script validation issue is resolved.","needs-review"
"quantumroot.popup.block.approvalPending","Send one approval key to Quantum Lock.","Send one approval key to Quantum Lock.","needs-review"
"quantumroot.popup.block.inactiveNetwork","Quantumroot spending is disabled on this network.","Quantumroot spending is disabled on this network.","needs-review"
"quantumroot.popup.block.noDestination","Choose a destination address before spending.","Choose a destination address before spending.","needs-review"
"quantumroot.popup.block.noFamily","Create or receive a plain NFT first. It becomes your approval key.","Create or receive a plain NFT first. It becomes your approval key.","needs-review"
"quantumroot.popup.block.pickFamily","Choose one plain NFT to use as the approval key.","Choose one plain NFT to use as the approval key.","needs-review"
"quantumroot.popup.block.receivePending","Send the matching receive coin to the normal lane.","Send the matching receive coin to the normal lane.","needs-review"
"quantumroot.popup.block.staleInventory","Your selected approval key is not visible right now. Refresh the vault or choose another key.","Your selected approval key is not visible right now. Refresh the vault or choose another key.","needs-review"
"quantumroot.popup.broadcastWarning","This will broadcast after confirmation.","This will broadcast after confirmation.","needs-review"
"quantumroot.popup.category","Category:","Category:","needs-review"
"quantumroot.popup.chooseApprovalKey","Choose approval key","Choose approval key","needs-review"
"quantumroot.popup.chooseApprovalKeyDescription","Quantumroot uses one plain NFT as the approval key. Advanced token tools live in CashTokens.","Quantumroot uses one plain NFT as the approval key. Advanced token tools live in CashTokens.","needs-review"
"quantumroot.popup.chooseOneApproval","Choose one approval key to continue.","Choose one approval key to continue.","needs-review"
"quantumroot.popup.commitment","Commitment:","Commitment:","needs-review"
"quantumroot.popup.completeSteps","Complete the approval key and matching receive coin steps before spending.","Complete the approval key and matching receive coin steps before spending.","needs-review"
"quantumroot.popup.confirmed","Confirmed","Confirmed","needs-review"
"quantumroot.popup.copyDestination","Copy destination","Copy destination","needs-review"
"quantumroot.popup.copyOrScanFund","Copy or scan to fund this vault.","Copy or scan to fund this vault.","needs-review"
"quantumroot.popup.copyQuantumLock","Copy Quantum Lock","Copy Quantum Lock","needs-review"
"quantumroot.popup.copyReceiveAddress","Copy receive address","Copy receive address","needs-review"
"quantumroot.popup.copyRecoveryAddress","Copy recovery address","Copy recovery address","needs-review"
"quantumroot.popup.createOrReceive","Create or receive a plain NFT first, then it will appear here as an approval key you can choose.","Create or receive a plain NFT first, then it will appear here as an approval key you can choose.","needs-review"
"quantumroot.popup.destination","Destination","Destination","needs-review"
"quantumroot.popup.destinationAddress","Destination address","Destination address","needs-review"
"quantumroot.popup.done","Done","Done","needs-review"
"quantumroot.popup.empty","empty","empty","needs-review"
"quantumroot.popup.found","{count} found","{count} found","needs-review"
"quantumroot.popup.fundMatchingReceive","Fund matching receive coin","Fund matching receive coin","needs-review"
"quantumroot.popup.fundMatchingReceiveDescription","Open the send screen prefilled to the vault receive address with the same approval key.","Open the send screen prefilled to the vault receive address with the same approval key.","needs-review"
"quantumroot.popup.helpShortcuts","Help and shortcuts","Help and shortcuts","needs-review"
"quantumroot.popup.inQuantumLock","{count} in Quantum Lock","{count} in Quantum Lock","needs-review"
"quantumroot.popup.inWallet","{count} in wallet","{count} in wallet","needs-review"
"quantumroot.popup.locked","{count} locked","{count} locked","needs-review"
"quantumroot.popup.mainnetDisabled","Mainnet Quantumroot uses the same UI as Chipnet, but the spend, recovery, and token-configuration actions remain disabled until activation on {date}.","Mainnet Quantumroot uses the same UI as Chipnet, but the spend, recovery, and token-configuration actions remain disabled until activation on {date}.","needs-review"
"quantumroot.popup.mintingNft","Minting NFT","Minting NFT","needs-review"
"quantumroot.popup.missing","Missing","Missing","needs-review"
"quantumroot.popup.mutableNft","Mutable NFT","Mutable NFT","needs-review"
"quantumroot.popup.needed","Needed","Needed","needs-review"
"quantumroot.popup.neededLater","Needed later","Needed later","needs-review"
"quantumroot.popup.nextStep","Next step","Next step","needs-review"
"quantumroot.popup.noApprovalKey","No approval key","No approval key","needs-review"
"quantumroot.popup.noDestination","No destination set","No destination set","needs-review"
"quantumroot.popup.noReadyCoin","No ready coin is available yet. After the approval key and the matching receive coin are present, spendable coins appear here.","No ready coin is available yet. After the approval key and the matching receive coin are present, spendable coins appear here.","needs-review"
"quantumroot.popup.normalLane","Normal vault lane","Normal vault lane","needs-review"
"quantumroot.popup.normalLaneDescription","Your BCH and matching receive coin go here.","Your BCH and matching receive coin go here.","needs-review"
"quantumroot.popup.normalLanePending","Add the matching receive coin after the approval key is in Quantum Lock.","Add the matching receive coin after the approval key is in Quantum Lock.","needs-review"
"quantumroot.popup.normalLaneReady","Your normal lane is ready.","Your normal lane is ready.","needs-review"
"quantumroot.popup.noStandardAddress","No standard wallet address available","No standard wallet address available","needs-review"
"quantumroot.popup.openCashTokens","Open CashTokens","Open CashTokens","needs-review"
"quantumroot.popup.openReceiveScreen","Open receive screen","Open receive screen","needs-review"
"quantumroot.popup.otherNft","Other NFT","Other NFT","needs-review"
"quantumroot.popup.otherNftDescription","It sits in Quantum Lock, but it is not the selected approval key. No direct withdrawal path exists yet.","It sits in Quantum Lock, but it is not the selected approval key. No direct withdrawal path exists yet.","needs-review"
"quantumroot.popup.otherNftInQuantumLock","Other NFT in Quantum Lock","Other NFT in Quantum Lock","needs-review"
"quantumroot.popup.otherNfts","{count} other NFT(s)","{count} other NFT(s)","needs-review"
"quantumroot.popup.outpoint","Outpoint","Outpoint","stable-term"
"quantumroot.popup.pending","Pending","Pending","needs-review"
"quantumroot.popup.pendingCoin","Pending coin","Pending coin","needs-review"
"quantumroot.popup.pickApprovalKey","Pick one approval key.","Pick one approval key.","needs-review"
"quantumroot.popup.plainBchCoins","{count} plain BCH coin(s)","{count} plain BCH coin(s)","needs-review"
"quantumroot.popup.plainBchDescription","Use this for plain BCH coins. Protected coins stay in the lanes above.","Use this for plain BCH coins. Protected coins stay in the lanes above.","needs-review"
"quantumroot.popup.previewOnly","Preview only on mainnet until activation.","Preview only on mainnet until activation.","needs-review"
"quantumroot.popup.protectedReceiveCount","Coins already handled by Protected spend: {count}","Coins already handled by Protected spend: {count}","needs-review"
"quantumroot.popup.protectedSpend","Protected spend","Protected spend","needs-review"
"quantumroot.popup.protectedSpendDescription","When the approval key and matching receive coin are present, spending opens here.","When the approval key and matching receive coin are present, spending opens here.","needs-review"
"quantumroot.popup.quantumLock","Quantum Lock","Quantum Lock","stable-term"
"quantumroot.popup.quantumLockBch","Quantum Lock BCH","Quantum Lock BCH","needs-review"
"quantumroot.popup.quantumLockRecovery","Quantum Lock recovery","Quantum Lock recovery","needs-review"
"quantumroot.popup.quantumLockRecoveryCount","Quantum Lock recovery coins: {count}","Quantum Lock recovery coins: {count}","needs-review"
"quantumroot.popup.quantumrootOpens","Quantumroot opens once the approval key sits in Quantum Lock and the matching receive coin sits in the normal lane.","Quantumroot opens once the approval key sits in Quantum Lock and the matching receive coin sits in the normal lane.","needs-review"
"quantumroot.popup.ready","Ready","Ready","needs-review"
"quantumroot.popup.readyCoin","Ready coin","Ready coin","needs-review"
"quantumroot.popup.readyCoinAvailable","Ready coin available.","Ready coin available.","needs-review"
"quantumroot.popup.readyCoins","{count} ready coin(s)","{count} ready coin(s)","needs-review"
"quantumroot.popup.receiveAddress","Receive address","Receive address","needs-review"
"quantumroot.popup.receiveBch","Receive BCH","Receive BCH","needs-review"
"quantumroot.popup.recover","Recover","Recover","needs-review"
"quantumroot.popup.recoverableBchCoins","Recoverable BCH coins","Recoverable BCH coins","needs-review"
"quantumroot.popup.recoverableBchCount","Recoverable BCH coins: {count}","Recoverable BCH coins: {count}","needs-review"
"quantumroot.popup.recovering","Recovering…","Recovering…","needs-review"
"quantumroot.popup.recoverRegularBch","Recover regular BCH","Recover regular BCH","needs-review"
"quantumroot.popup.refresh","Refresh","Refresh","needs-review"
"quantumroot.popup.refreshChooseAnother","Refresh the vault or choose another approval key.","Refresh the vault or choose another approval key.","needs-review"
"quantumroot.popup.refreshVault","Refresh vault","Refresh vault","needs-review"
"quantumroot.popup.refreshVaultStatus","Refresh vault status","Refresh vault status","needs-review"
"quantumroot.popup.reviewDestination","Review the destination before broadcasting.","Review the destination before broadcasting.","needs-review"
"quantumroot.popup.reviewSpend","Review spend","Review spend","needs-review"
"quantumroot.popup.reviewSpendSubtitle","Check the destination, approval key, and ready coin before you broadcast.","Check the destination, approval key, and ready coin before you broadcast.","needs-review"
"quantumroot.popup.reviewSpendTitle","Review spend","Review spend","needs-review"
"quantumroot.popup.saveApprovalKey","Save approval key","Save approval key","needs-review"
"quantumroot.popup.saving","Saving…","Saving…","needs-review"
"quantumroot.popup.selectedApprovalKey","Selected approval key","Selected approval key","needs-review"
"quantumroot.popup.selectedAsApproval","Selected as approval key","Selected as approval key","needs-review"
"quantumroot.popup.sendApprovalHere","Send the approval key here.","Send the approval key here.","needs-review"
"quantumroot.popup.sendApprovalKey","Send approval key","Send approval key","needs-review"
"quantumroot.popup.sendApprovalKeyDescription","Open the send screen prefilled to Quantum Lock with the selected approval key.","Open the send screen prefilled to Quantum Lock with the selected approval key.","needs-review"
"quantumroot.popup.sendApprovalKeyToLock","Send the approval key to Quantum Lock.","Send the approval key to Quantum Lock.","needs-review"
"quantumroot.popup.sendSelectedApprovalKey","Send the selected approval key to Quantum Lock.","Send the selected approval key to Quantum Lock.","needs-review"
"quantumroot.popup.spend","Spend","Spend","needs-review"
"quantumroot.popup.spendDestination","Spend destination","Spend destination","needs-review"
"quantumroot.popup.spending","Spending…","Spending…","needs-review"
"quantumroot.popup.sweepBch","Sweep BCH coins ({count})","Sweep BCH coins ({count})","needs-review"
"quantumroot.popup.sweeping","Sweeping…","Sweeping…","needs-review"
"quantumroot.popup.tapToOpen","Tap to open","Tap to open","needs-review"
"quantumroot.popup.unsupportedQuantumLock","Coins in Quantum Lock that belong to Protected spend are handled above; this recovery list only includes plain BCH coins.","Coins in Quantum Lock that belong to Protected spend are handled above; this recovery list only includes plain BCH coins.","needs-review"
"quantumroot.popup.unsupportedReceive","Coins with an approval key stay in Protected spend; this recovery list only includes plain BCH coins.","Coins with an approval key stay in Protected spend; this recovery list only includes plain BCH coins.","needs-review"
"quantumroot.popup.useRecoveryAddress","Use wallet recovery address","Use wallet recovery address","needs-review"
"quantumroot.popup.vaultSetup","Vault setup","Vault setup","needs-review"
"quantumroot.popup.vaultSetupDescription","Copy addresses and choose the approval key.","Copy addresses and choose the approval key.","needs-review"
"quantumroot.popup.waiting","Waiting","Waiting","needs-review"
"quantumroot.popup.walletRecoveryAddress","Wallet recovery address","Wallet recovery address","needs-review"
"quantumroot.readyToRecover","{count} ready to recover","{count} 件が復元可能","translated"
"quantumroot.refreshing","Refreshing balances and UTXO status. Vaults remain available while sync completes.","残高と UTXO 状態を更新中です。同期が完了するまで保管庫は利用できます。","translated"
"quantumroot.subtitle","Two spending lanes in one vault","1 つの保管庫に 2 つの支出レーン","translated"
"quantumroot.syncingVaults","Syncing Vaults…","保管庫を同期中…","translated"
"quantumroot.syncVaults","Sync Vaults","保管庫を同期","translated"
"quantumroot.toast.approvalKeyMissing","This approval key is no longer visible. Refresh the vault or choose another key.","This approval key is no longer visible. Refresh the vault or choose another key.","needs-review"
"quantumroot.toast.authorizedBroadcast","Quantumroot authorized spend broadcast: {txid}","Quantumroot authorized spend broadcast: {txid}","needs-review"
"quantumroot.toast.authorizedFailed","Quantumroot authorized spend failed: {message}","Quantumroot authorized spend failed: {message}","needs-review"
"quantumroot.toast.broadcastAuthorizedFailed","Failed to broadcast Quantumroot authorized spend.","Failed to broadcast Quantumroot authorized spend.","needs-review"
"quantumroot.toast.broadcastLockRecoveryFailed","Failed to broadcast Quantum Lock recovery.","Failed to broadcast Quantum Lock recovery.","needs-review"
"quantumroot.toast.broadcastSpendFailed","Failed to broadcast Quantumroot spend.","Failed to broadcast Quantumroot spend.","needs-review"
"quantumroot.toast.broadcastSweepFailed","Failed to broadcast Quantumroot sweep.","Failed to broadcast Quantumroot sweep.","needs-review"
"quantumroot.toast.configureFailed","Failed to configure vault: {message}","Failed to configure vault: {message}","needs-review"
"quantumroot.toast.destinationRequired","Destination address is required.","Destination address is required.","needs-review"
"quantumroot.toast.ineligibleReceiveUtxo","That receive UTXO is not eligible for authorized spend.","That receive UTXO is not eligible for authorized spend.","needs-review"
"quantumroot.toast.invalidTokenCategory","Token category must be 64 hexadecimal characters.","Token category must be 64 hexadecimal characters.","needs-review"
"quantumroot.toast.lockRecoveryBroadcast","Quantum Lock recovery broadcast: {txid}","Quantum Lock recovery broadcast: {txid}","needs-review"
"quantumroot.toast.lockRecoveryFailed","Quantum Lock recovery failed: {message}","Quantum Lock recovery failed: {message}","needs-review"
"quantumroot.toast.noBchUtxos","No BCH-only receive UTXOs available to sweep.","No BCH-only receive UTXOs available to sweep.","needs-review"
"quantumroot.toast.noControlToken","No matching Quantum Lock control token is available yet.","No matching Quantum Lock control token is available yet.","needs-review"
"quantumroot.toast.previewActive","Quantumroot mainnet preview is active until activation.","Quantumroot mainnet preview is active until activation.","needs-review"
"quantumroot.toast.reconfigured","Quantumroot vault reconfigured.","Quantumroot vault reconfigured.","needs-review"
"quantumroot.toast.spendBroadcast","Quantumroot spend broadcast: {txid}","Quantumroot spend broadcast: {txid}","needs-review"
"quantumroot.toast.spendFailed","Quantumroot spend failed: {message}","Quantumroot spend failed: {message}","needs-review"
"quantumroot.toast.sweepBroadcast","Quantumroot sweep broadcast: {txid}","Quantumroot sweep broadcast: {txid}","needs-review"
"quantumroot.toast.sweepFailed","Quantumroot sweep failed: {message}","Quantumroot sweep failed: {message}","needs-review"
"quantumroot.toast.unavailable","Quantumroot vault unavailable.","Quantumroot vault unavailable.","needs-review"
"quantumroot.trackedBalance","Tracked Balance","追跡残高","translated"
"quantumroot.vaultNumber","Vault #{id}","保管庫 #{id}","translated"
"quantumroot.vaults","Vaults","保管庫","translated"
"quantumroot.workspaceRefreshFailed","Workspace Refresh Failed","ワークスペースを更新できませんでした","translated"
"receive.addressesNotReady","Receive addresses not ready","受取アドレスの準備ができていません","translated"
"receive.amountBch","Amount (BCH)","金額（BCH）","translated"
"receive.back","Back","戻る","translated"
"receive.bip21Active","Request details are active and the QR is now encoding the BIP21 URI.","リクエスト情報が有効になり、QR は BIP21 URI をエンコードしています。","translated"
"receive.bip21Description","Encode amount, label, and message into the QR payload.","金額、ラベル、メッセージを QR payload にエンコードします。","translated"
"receive.bip21Help","When enabled, the QR and copied payload use a BIP21-style `bitcoincash:` URI so compatible wallets can autofill request details.","有効にすると、QR とコピーした payload は BIP21 形式の `bitcoincash:` URI を使い、対応ウォレットでリクエスト情報を自動入力できます。","translated"
"receive.bip21Title","BIP21 payment request","BIP21 支払いリクエスト","translated"
"receive.cashToken","CashToken","CashToken","stable-term"
"receive.change","Change","おつり","translated"
"receive.changeAddressCount","{count} change addresses","おつりアドレス {count} 件","translated"
"receive.clear","Clear","クリア","translated"
"receive.close","Close","閉じる","translated"
"receive.copied","Copied to clipboard!","クリップボードにコピーしました！","translated"
"receive.copyBip21","Copy BIP21 URI","BIP21 URI をコピー","translated"
"receive.copyFailed","Failed to copy.","コピーに失敗しました。","translated"
"receive.copyQrPayload","Copy receive QR payload","受取 QR payload をコピー","translated"
"receive.dismiss","Dismiss","閉じる","translated"
"receive.dismissUnlockAlert","Dismiss unlock alert","ロック解除アラートを閉じる","translated"
"receive.label","Label","ラベル","translated"
"receive.main","Main","メイン","translated"
"receive.mainAddressCount","{count} main addresses","メインアドレス {count} 件","translated"
"receive.message","Message","メッセージ","stable-term"
"receive.noAddressesLoaded","This wallet does not have receive addresses loaded yet.","このウォレットには受取アドレスがまだ読み込まれていません。","translated"
"receive.noBranchAddresses","No addresses found in this branch yet.","このブランチにアドレスが見つかりません。","translated"
"receive.noVaultFunds","No Quantumroot vault funds detected yet.","Quantumroot 保管庫の資金はまだ検出されていません。","translated"
"receive.openQrPreview","Open larger QR code preview","大きな QR プレビューを開く","translated"
"receive.optional","Optional","任意","translated"
"receive.optionalExample","Optional, e.g. 0.0105","任意、例：0.0105","translated"
"receive.prepareAddresses","Prepare receive addresses","受取アドレスを準備","translated"
"receive.prepareAddressesDescription","Prepare addresses to show your receive QR and address list.","受取 QR とアドレス一覧を表示するためのアドレスを準備します。","translated"
"receive.privKeyReady","Private key view unlocked","秘密鍵表示のロックを解除しました","translated"
"receive.privKeyUnlock","Private key unlock in {count} taps","{count} 回タップすると秘密鍵の表示を解除","translated"
"receive.pubKeyTapProgress","PubKey pressed {count}/{total} times","PubKey のタップ {count}/{total} 回","translated"
"receive.qrCopyDescription","Tap the QR to copy the current payload. Close to return.","QR をタップして現在の payload をコピーします。閉じると戻ります。","translated"
"receive.quantumLock","Quantum Lock","Quantum Lock","stable-term"
"receive.quantumLockAddress","Quantum Lock Address","Quantum Lock アドレス","translated"
"receive.quantumrootStatus","Quantumroot Status","Quantumroot の状態","translated"
"receive.readOnlyStatus","This view is read-only. It shows vault status and key receive data, but no spending or recovery actions.","この画面は読み取り専用です。保管庫の状態と受取データを表示しますが、支出や復元の操作はありません。","translated"
"receive.receiveAddress","Receive Address","受取アドレス","translated"
"receive.receiveBalance","Receive Balance","受取残高","translated"
"receive.receiveQr","Receive QR","受取 QR","translated"
"receive.regular","Regular","通常","translated"
"receive.seeAllAddresses","See all addresses","すべてのアドレスを見る","translated"
"receive.switch","Switch","切り替え","translated"
"receive.switchAddress","Switch address","アドレスを切り替え","translated"
"receive.syncing","Syncing…","同期中…","translated"
"receive.tapPubKey","Tap PubKey to reveal the private key view.","秘密鍵表示を開くには PubKey をタップしてください。","translated"
"receive.title","Receive","受け取る","translated"
"receive.toggleAddressType","Toggle receive address type","受取アドレスの種類を切り替え","translated"
"receive.unavailable","Unavailable","利用できません","translated"
"reconfiguration.changingPath","Changing derivation path","導出パスを変更中","translated"
"reconfiguration.clearing","Clearing old wallet data","古いウォレットデータを消去中","translated"
"reconfiguration.clearingDetail","Removing the previous address, history, and UTXO records.","以前のアドレス、履歴、UTXO レコードを削除しています。","translated"
"reconfiguration.deriving","Generating wallet addresses","ウォレットアドレスを生成中","translated"
"reconfiguration.derivingDetail","Creating the receive and change addresses for this wallet path.","このウォレットパスの受取アドレスとおつりアドレスを作成しています。","translated"
"reconfiguration.dismiss","Dismiss","閉じる","translated"
"reconfiguration.failed","Wallet update failed","ウォレットの更新に失敗しました","translated"
"reconfiguration.failedDetail","The wallet could not be reconfigured.","ウォレットを再構成できませんでした。","translated"
"reconfiguration.keepOpen","Please keep OPTN Wallet open. Navigation is temporarily disabled while wallet data is rebuilt.","OPTN Wallet を開いたままにしてください。ウォレットデータの再構築中はナビゲーションが一時的に無効になります。","translated"
"reconfiguration.movingTo","Moving to {network}","{network} に移動中","translated"
"reconfiguration.preparing","Preparing wallet","ウォレットを準備中","translated"
"reconfiguration.preparingDetail","Stopping background sync and reconnecting to the selected network.","バックグラウンド同期を停止し、選択したネットワークに再接続しています。","translated"
"reconfiguration.progress","Wallet update progress","ウォレット更新の進行状況","translated"
"reconfiguration.reloading","Reloading wallet","ウォレットを再読み込み中","translated"
"reconfiguration.stepOf","Step {current} of {total}","{total} 段階中 {current} 段階","translated"
"reconfiguration.switchingNetwork","Switching network","ネットワークを切り替え中","translated"
"reconfiguration.syncing","Synchronizing wallet","ウォレットを同期中","translated"
"reconfiguration.syncingDetail","Fetching balances, UTXOs, and transaction history. This can take 15–20 seconds.","残高、UTXO、取引履歴を取得しています。15～20 秒かかることがあります。","translated"
"reconfiguration.updating","Updating wallet","ウォレットを更新中","translated"
"reconfiguration.working","Working…","処理中…","translated"
"recovery.hide","Hide Backup Phrase","バックアップフレーズを隠す","translated"
"recovery.reveal","Reveal Backup Phrase","バックアップフレーズを表示","translated"
"recovery.warning","Warning","警告","translated"
"recovery.warningDescription","Displaying your mnemonic backup phrase can compromise your funds. Ensure you keep it secure.","ニーモニックのバックアップフレーズを表示すると資金が危険にさらされる可能性があります。安全に保管してください。","translated"
"rpa.confirmedPayment","confirmed stealth payment","確認済みステルス支払い","translated"
"rpa.confirmedPayments","{count} confirmed stealth payment(s) found","確認済みステルス支払い {count} 件が見つかりました","translated"
"rpa.copyFailed","Copy failed.","コピーに失敗しました。","translated"
"rpa.copySuccess","Paycode copied!","Paycode をコピーしました！","translated"
"rpa.derivationFailed","Paycode derivation failed. Unlock your wallet and try again.","Paycode の導出に失敗しました。ウォレットのロックを解除してもう一度お試しください。","translated"
"rpa.derivationPaths","Derivation paths","導出パス","translated"
"rpa.deriving","Deriving paycode…","Paycode を導出中…","translated"
"rpa.found","found","見つかりました","translated"
"rpa.howWorks","How it works","仕組み","translated"
"rpa.lastScanned","Last scanned","最終スキャン","translated"
"rpa.noNotification","No notification tx.","通知トランザクションはありません。","translated"
"rpa.noNotificationText","The sender grinds their signature nonce until the input hash prefix matches your scan key — detectability is embedded in the signature itself.","送信者は入力ハッシュのプレフィックスがスキャンキーと一致するまで署名 nonce を変化させます。検出可能性は署名自体に組み込まれています。","translated"
"rpa.paycode","Paycode","Paycode","stable-term"
"rpa.prefixFilter","Prefix filter","プレフィックスフィルター","translated"
"rpa.scanDescription","Scans a Fulcrum-RPA server for transactions whose input signature prefix matches your scan key. Uses ECDH to verify each candidate and detect your stealth outputs.","入力署名プレフィックスがスキャンキーと一致するトランザクションを Fulcrum-RPA サーバーから検索します。ECDH で候補を検証し、ステルス出力を検出します。","translated"
"rpa.scanKey","Scan key","スキャンキー","translated"
"rpa.scanning","Scanning…","スキャン中…","translated"
"rpa.serverUnsupported","This server does not support RPA scanning.","このサーバーは RPA スキャンをサポートしていません。","translated"
"rpa.shareDescription","Share this paycode with senders. Each payment creates a unique stealth address — no link between payments on-chain.","この Paycode を送信者と共有します。支払いごとに固有のステルスアドレスが作られ、チェーン上で支払い同士はリンクされません。","translated"
"rpa.spendKey","Spend key","支出キー","translated"
"rpa.stealthBalance","Stealth BCH","ステルス BCH","translated"
"rpa.sync","Sync","同期","translated"
"rpa.title","RPA Paycode","RPA Paycode","stable-term"
"rpa.walletUnavailable","Wallet not available","ウォレットを利用できません","translated"
"send.address","Address","アドレス","translated"
"send.advanced","Advanced","詳細設定","translated"
"send.advancedBuilder","Open Advanced Builder","詳細ビルダーを開く","translated"
"send.airdrops","Airdrops","Airdrop","translated"
"send.amount","Amount","金額","translated"
"send.amountBch","Amount (BCH)","金額（BCH）","translated"
"send.amountUsd","Amount (USD)","金額（USD）","translated"
"send.asset","Asset","資産","translated"
"send.assetControl","Asset control","資産管理","translated"
"send.back","Back","戻る","translated"
"send.balance","Balance","残高","translated"
"send.bcmrMetadata","Parsed using BCMR metadata from the selected category.","選択したカテゴリの BCMR メタデータを使用して解析しました。","translated"
"send.bytes","bytes","バイト","stable-term"
"send.changeAddress","Change address","おつりアドレス","translated"
"send.clearForm","Clear form","フォームをクリア","translated"
"send.confirmed","Confirmed","確認済み","translated"
"send.contract","Contract","コントラクト","translated"
"send.contractInputs","Contract inputs","コントラクト入力","translated"
"send.copy","Copy","コピー","translated"
"send.debug","Debug","デバッグ","translated"
"send.decimals","{count} decimals","小数点以下 {count} 桁","translated"
"send.details","Details","詳細","translated"
"send.enterBchForUsd","Enter a BCH amount to see the USD equivalent.","USD 換算額を見るには BCH 金額を入力してください。","translated"
"send.enterUsdForBch","Enter a USD amount to see the BCH equivalent.","BCH 換算額を見るには USD 金額を入力してください。","translated"
"send.fee","Fee","手数料","translated"
"send.fillMax","Fill the full spendable balance minus network fee","ネットワーク手数料を除く利用可能残高をすべて入力","translated"
"send.fillRequired","Fill the required fields first","先に必須項目を入力してください","translated"
"send.finalOutputs","Final outputs","最終出力","translated"
"send.guidedDescription","Send BCH, fungible tokens, or NFTs with one guided flow.","1つのガイド付きフローで BCH、代替可能トークン、NFT を送信します。","translated"
"send.height","Height","高さ","translated"
"send.hide","Hide","非表示","translated"
"send.inputs","Inputs","入力","translated"
"send.inputsUsed","Inputs used","使用した入力","translated"
"send.insufficientFunds","Not enough funds. Check your balance or reduce the amount.","残高が不足しています。残高を確認するか金額を減らしてください。","translated"
"send.integer","integer","整数","translated"
"send.invalidAddress","Invalid address—double-check for typos or try scanning a QR code.","無効なアドレスです。入力ミスを確認するか QR をスキャンしてください。","translated"
"send.keepTxid","Keep this txid as your reference and avoid sending it again.","この txid を参照用に保存し、同じものを再送信しないでください。","translated"
"send.leaveBlankNft","Leave blank to send the first available NFT in this category.","このカテゴリで利用可能な最初の NFT を送る場合は空欄にします。","translated"
"send.loading","Loading…","読み込み中…","translated"
"send.max","Max","最大","stable-term"
"send.networkError","Network error. Check your connection and try again.","ネットワークエラーです。接続を確認してもう一度お試しください。","translated"
"send.nft","NFT","NFT","stable-term"
"send.nftCategory","NFT category","NFT カテゴリ","translated"
"send.nftCommitment","NFT commitment","NFT コミットメント","translated"
"send.nfts","NFTs","NFT","stable-term"
"send.noInputs","No inputs selected yet (run Review).","入力がまだ選択されていません（確認を実行してください）。","translated"
"send.noOutputs","No outputs yet (run Review).","出力がまだありません（確認を実行してください）。","translated"
"send.noTxBuilt","(no tx built yet)","（トランザクションはまだ作成されていません）","translated"
"send.openAirdrops","Open Airdrops","Airdrop を開く","translated"
"send.optionalHexCommitment","Optional hex commitment…","任意の 16 進コミットメント…","translated"
"send.outpoint","Outpoint","Outpoint","stable-term"
"send.outputsCreated","Outputs created","作成した出力","translated"
"send.pending","Pending","保留中","translated"
"send.quantumrootApproval","approval key to Quantum Lock","Quantum Lock の承認キー","translated"
"send.quantumrootHint","Review the recipient and token category, then tap Review to build the transaction.","受取人とトークンカテゴリを確認し、確認をタップしてトランザクションを作成します。","translated"
"send.quantumrootNftHint","If there are multiple NFT entries, choose the one that matches the approval key.","NFT の候補が複数ある場合は、承認キーに一致するものを選択してください。","translated"
"send.quantumrootPrefilled","Prefilled to send the {label}","{label} の送信先が入力済み","translated"
"send.quantumrootReceive","matching receive coin to the vault receive address","保管庫の受取アドレスに一致する受取コイン","translated"
"send.quantumrootShortcut","Quantumroot shortcut","Quantumroot ショートカット","translated"
"send.rawTransaction","Raw transaction","生トランザクション","translated"
"send.recipient","Recipient","受取人","translated"
"send.recipientAmountLoaded","Recipient and amount loaded from QR.","QR から受取人と金額を読み込みました。","translated"
"send.recipientLoaded","Recipient loaded from QR.","QR から受取人を読み込みました。","translated"
"send.releaseToSend","Release to send","解除して送信","translated"
"send.reset","Reset","リセット","translated"
"send.review","Review","確認","translated"
"send.reviewTitle","Review Transaction","トランザクションを確認","translated"
"send.sats","Sats","Sats","stable-term"
"send.scanQr","Scan QR","QR をスキャン","translated"
"send.selectCategory","Select category…","カテゴリを選択…","translated"
"send.selectedInputs","Selected inputs","選択した入力","translated"
"send.send","Send","送信","translated"
"send.sending","Sending…","送信中…","translated"
"send.sent","Transaction sent","送信済み","translated"
"send.show","Show","表示","translated"
"send.slideToConfirm","Slide to confirm","スライドして確認","translated"
"send.submitted","Transaction submitted","トランザクションを送信しました","translated"
"send.summary","Summary","概要","translated"
"send.switchToBch","Switch amount input to BCH","金額入力を BCH に切り替え","translated"
"send.switchToUsd","Switch amount input to USD","金額入力を USD に切り替え","translated"
"send.technicalDetails","Technical details","技術的な詳細","translated"
"send.title","Simple Send","簡単送信","translated"
"send.to","To","宛先","translated"
"send.token","Token","トークン","stable-term"
"send.tokenAmount","Token amount","トークン数量","translated"
"send.tokenCategory","Token category","トークンカテゴリ","translated"
"send.tokenChange","Token change","トークンのおつり","translated"
"send.tokenInputs","Token inputs","トークン入力","translated"
"send.tokenLabel","Token","トークン","stable-term"
"send.totalBch","Total (BCH)","合計（BCH）","stable-term"
"send.transactionSize","Transaction size","トランザクションサイズ","translated"
"send.transferMode","Transfer mode","転送モード","translated"
"send.type","Type","種類","stable-term"
"send.unconfirmedInputs","Unconfirmed inputs","未確認の入力","translated"
"send.usdUnavailable","USD conversion is unavailable right now.","現在 USD 換算を利用できません。","translated"
"send.verifyRecipient","QR scanned. Verify recipient before sending.","QR をスキャンしました。送信前に受取人を確認してください。","translated"
"send.verifySlide","Verify details and slide to send.","詳細を確認してスライドして送信します。","translated"
"send.waitingSync","Waiting for sync","同期を待っています","translated"
"send.waitPrevious","Wait for your previous outgoing transaction to sync first","前の送信トランザクションの同期を待ってください","translated"
"server.active","● active","● 有効","translated"
"server.add","Add","追加","translated"
"server.addDesktopPlaceholder","Add server — Fulcrum host:50002, or a node host:8333","サーバーを追加 — Fulcrum host:50002、またはノード host:8333","translated"
"server.addMobilePlaceholder","Add WSS server — host:50004","WSS サーバーを追加 — host:50004","translated"
"server.addressUrlPlaceholder","Address URL, e.g. https://example.com/address/{address}","アドレス URL（例: https://example.com/address/{address}）","translated"
"server.auto","Auto","自動","translated"
"server.autoBackend","Auto — server pool, with failover","自動 — フェイルオーバー付きサーバープール","translated"
"server.automatic","Automatic","自動","translated"
"server.backend","Backend","バックエンド","stable-term"
"server.blockExplorer","Block explorer","ブロックエクスプローラー","translated"
"server.connect","Connect","接続","translated"
"server.connected","Connected.","接続しました。","translated"
"server.connectedServer","Connected server","接続中のサーバー","translated"
"server.connecting","Connecting…","接続中…","translated"
"server.connectionFailed","Connection failed","接続に失敗しました","translated"
"server.connectTitle","Connect to this server","このサーバーに接続","translated"
"server.custom","Custom…","カスタム…","translated"
"server.customFee","Custom","カスタム","translated"
"server.defaultPortHint","Default port: 50004 (WSS). Use wss:// prefix to force WSS, or ws:// for unencrypted.","デフォルトポート: 50004 (WSS)。wss:// で WSS を強制、ws:// で暗号化なしの接続を使用します。","translated"
"server.explorerDescription","Used for “open in explorer” links on transactions.","取引の「エクスプローラーで開く」リンクに使用します。","translated"
"server.feeDescription","Fee rate for new transactions. Automatic uses the network minimum (~1 sat/byte, Electron Cash default).","新しい取引の手数料率。自動ではネットワークの最低値（約 1 sat/byte、Electron Cash の既定値）を使用します。","translated"
"server.feeUnit","sat/byte — applies to your next transaction","sat/byte — 次の取引に適用","translated"
"server.invalidHost","Enter a valid host:port (e.g. 192.168.0.129:50002).","有効な host:port を入力してください（例: 192.168.0.129:50002）。","translated"
"server.manual","Manual","手動","stable-term"
"server.node","Node","ノード","stable-term"
"server.notConnected","Not connected","未接続","translated"
"server.onlyBackend","Only this backend is used — pinning a node means Electrum servers aren't consulted.","このバックエンドのみ使用 — ノードを固定すると Electrum サーバーは参照されません。","translated"
"server.placeholderHelp","Use {txid} and {address} as placeholders.","{txid} と {address} をプレースホルダーとして使用します。","translated"
"server.pool","{network} server pool","{network} サーバープール","translated"
"server.rawNodeMobileError","Raw BCH node connections are only available on desktop. Add an Electrum/Fulcrum WSS server instead.","Raw BCH ノード接続はデスクトップでのみ利用できます。Electrum/Fulcrum WSS サーバーを追加してください。","translated"
"server.remove","Remove","削除","translated"
"server.saveCustom","Save custom explorer","カスタムエクスプローラーを保存","translated"
"server.server","Server","サーバー","translated"
"server.serverInputPlaceholder","host, host:50004, or wss://host:50004","host、host:50004、または wss://host:50004","translated"
"server.transactionFee","Transaction fee","取引手数料","translated"
"server.trustless","trustless","トラストレス","translated"
"server.txUrlPlaceholder","Tx URL, e.g. https://example.com/tx/{txid}","取引 URL（例: https://example.com/tx/{txid}）","translated"
"server.useAuto","Use Auto","自動を使用","translated"
"settings.about","About OPTN","OPTN について","translated"
"settings.aboutSupport","About & support","情報とサポート","translated"
"settings.aboutSupportDescription","Help, contact, terms, and app information","ヘルプ、連絡先、利用規約、アプリ情報","translated"
"settings.connectionsFeatures","Connections & features","接続と機能","translated"
"settings.connectionsFeaturesDescription","Servers, integrations, privacy features, and advanced tools","サーバー、連携、プライバシー機能、詳細ツール","translated"
"settings.contact","Contact Us","お問い合わせ","translated"
"settings.language","Language","言語","translated"
"settings.languageDescription","Choose the wallet interface language","ウォレットのインターフェース言語を選択","translated"
"settings.network","Network","ネットワーク","translated"
"settings.recovery","Recovery Phrase","リカバリーフレーズ","translated"
"settings.terms","Terms of Use","利用規約","translated"
"settings.walletSecurity","Wallet & security","ウォレットとセキュリティ","translated"
"settings.walletSecurityDescription","Recovery, derivation path, app lock, and wallet controls","復元、派生パス、アプリロック、ウォレット設定","translated"
"settingsAppLock.autoLockAfter","Auto-lock after","自動ロックまで","translated"
"settingsAppLock.biometricDescription","Use {label} to unlock instead of typing your password.","パスワードを入力せず {label} でロックを解除します。","translated"
"settingsAppLock.biometricSetupFailed","Biometric setup failed: {message}","生体認証の設定に失敗しました：{message}","translated"
"settingsAppLock.biometricUnlock","Biometric unlock","生体認証でロック解除","translated"
"settingsAppLock.cancel","Cancel","キャンセル","translated"
"settingsAppLock.changePassword","Change Password","パスワードを変更","translated"
"settingsAppLock.confirm","Confirm","確認","translated"
"settingsAppLock.confirmNewPassword","Confirm new password","新しいパスワードを確認","translated"
"settingsAppLock.currentPassword","Current password","現在のパスワード","translated"
"settingsAppLock.currentPasswordIncorrect","Current password is incorrect.","現在のパスワードが正しくありません。","translated"
"settingsAppLock.disabled","Disabled","無効","translated"
"settingsAppLock.enabled","Enabled","有効","translated"
"settingsAppLock.enabling","Enabling…","有効化中…","translated"
"settingsAppLock.encryption","Encryption","暗号化","translated"
"settingsAppLock.encryptionDescription","Your wallet is encrypted with a password-derived key (PBKDF2 · 600k iterations · AES-256-GCM). The key is never stored — it is derived in memory each time you unlock.","ウォレットはパスワードから導出した鍵で暗号化されています（PBKDF2 · 600,000 回反復 · AES-256-GCM）。鍵は保存されず、ロック解除のたびにメモリ上で導出されます。","translated"
"settingsAppLock.lockNow","Lock Now","今すぐロック","translated"
"settingsAppLock.minute","1 minute","1 分","stable-term"
"settingsAppLock.minutes","{count} minutes","{count} 分","stable-term"
"settingsAppLock.never","Never","しない","translated"
"settingsAppLock.newPassword","New password","新しいパスワード","translated"
"settingsAppLock.noWalletOpen","No wallet is open.","ウォレットが開かれていません。","translated"
"settingsAppLock.passwordChanged","Password changed successfully.","パスワードを変更しました。","translated"
"settingsAppLock.passwordChangeFailed","Password change failed. Please try again.","パスワードの変更に失敗しました。もう一度お試しください。","translated"
"settingsAppLock.passwordMismatch","New passwords do not match.","新しいパスワードが一致しません。","translated"
"settingsAppLock.updating","Updating…","更新中…","translated"
"settingsDerivation.activePath","Active BIP44 account path","アクティブな BIP44 アカウントパス","translated"
"settingsDerivation.alreadyActive","This derivation path is already active.","この導出パスはすでに有効です。","translated"
"settingsDerivation.changeResync","Change and resync","変更して再同期","translated"
"settingsDerivation.completed","Derivation path changed and wallet resync completed.","導出パスを変更し、ウォレットの同期が完了しました。","translated"
"settingsDerivation.confirm","Changing the derivation path clears the current address, history, and UTXO records. The wallet will then regenerate and resync only the new path. Continue?","導出パスを変更すると、現在のアドレス、履歴、UTXO が消去されます。その後、新しいパスだけを再生成して同期します。続けますか？","translated"
"settingsDerivation.currentMode","Current mode: {mode}.","現在のモード：{mode}。","translated"
"settingsDerivation.custom","custom","カスタム","translated"
"settingsDerivation.description","OPTN supports one active BIP44 account path at a time. Reconfiguring it removes the old derived records and performs a fresh receive/change discovery and resync.","OPTN は一度に 1 つの BIP44 アカウントパスを有効にできます。再構成すると古い導出記録を削除し、受取とおつりの検出および同期をやり直します。","translated"
"settingsDerivation.failed","Wallet reconfiguration failed.","ウォレットの再構成に失敗しました。","translated"
"settingsDerivation.invalidPath","Invalid derivation path.","導出パスが無効です。","translated"
"settingsDerivation.networkDefault","network default","ネットワークの既定値","translated"
"settingsDerivation.reconfiguring","Reconfiguring…","再構成中…","translated"
"settingsDerivation.useDefault","Use network default","ネットワークの既定値を使用","translated"
"settingsNetwork.active","Active","有効","translated"
"settingsNetwork.chipnet","Chipnet","Chipnet","stable-term"
"settingsNetwork.chipnetDescription","BCH testnet for upcoming CHIPs — test funds only","今後の CHIPs 用 BCH テストネット — テスト資金のみ","translated"
"settingsNetwork.comingSoon","Coming soon","近日公開","translated"
"settingsNetwork.description","Switching networks clears the active network records, derives the network path, and resynchronizes receive/change addresses. Custom paths are preserved across network changes.","ネットワークを切り替えると、現在のネットワーク記録を消去し、ネットワークパスを導出して受取・おつりアドレスを再同期します。カスタムパスは保持されます。","translated"
"settingsNetwork.mainnet","Mainnet","Mainnet","stable-term"
"settingsNetwork.mainnetDescription","Live BCH network — real funds","実際の BCH ネットワーク — 実資金","translated"
"settingsNetwork.regtest","Regtest","Regtest","stable-term"
"settingsNetwork.reload","Reload and resync current wallet","ウォレットを再読み込みして同期","translated"
"settingsNetwork.reloading","Reloading wallet…","ウォレットを再読み込み中…","translated"
"settingsNetwork.switching","Switching…","切り替え中…","translated"
"settingsNetwork.testnet3","Testnet3","Testnet3","stable-term"
"settingsNetwork.testnet4","Testnet4","Testnet4","stable-term"
"settingsPanels.addons","Addons","アドオン","translated"
"settingsPanels.appLock","App Lock","アプリロック","translated"
"settingsPanels.cashfusion","CashFusion","CashFusion","stable-term"
"settingsPanels.console","Console","コンソール","stable-term"
"settingsPanels.contract","Contract Info","コントラクト情報","translated"
"settingsPanels.derivation","Derivation Path","導出パス","translated"
"settingsPanels.experimental","Experimental Features","実験的な機能","translated"
"settingsPanels.faucet","Chipnet Faucet","Chipnet Faucet","stable-term"
"settingsPanels.nostr","Nostr & Chat","Nostr とチャット","translated"
"settingsPanels.server","Server","サーバー","stable-term"
"settingsPanels.walletConnect","WalletConnect","WalletConnect","stable-term"
"settingsPanels.wizardConnect","WizardConnect","WizardConnect","stable-term"
"settingsRows.about","About OPTN","OPTN について","translated"
"settingsRows.aboutDescription","Version info","バージョン情報","translated"
"settingsRows.addons","Addons","アドオン","translated"
"settingsRows.addonsDescription","Install and manage third-party addons","サードパーティ製アドオンをインストール・管理","translated"
"settingsRows.appLock","App Lock","アプリロック","translated"
"settingsRows.appLockDescription","Auto-lock · Change password","自動ロック · パスワード変更","translated"
"settingsRows.console","Console","コンソール","stable-term"
"settingsRows.consoleDescription","App log · Electrum RPC","アプリログ · Electrum RPC","translated"
"settingsRows.contact","Contact Us","お問い合わせ","translated"
"settingsRows.contactDescription","Get help and support","ヘルプとサポートを受ける","translated"
"settingsRows.contractInfo","Contract Info","コントラクト情報","translated"
"settingsRows.contractInfoDescription","View contract details","コントラクトの詳細を表示","translated"
"settingsRows.derivation","Derivation Path","派生パス","translated"
"settingsRows.derivationDescription","Customize and resync the active BIP44 path","現在の BIP44 パスをカスタマイズして再同期","translated"
"settingsRows.experimental","Experimental Features","実験的機能","translated"
"settingsRows.experimentalDescription","RPA · CashFusion","RPA · CashFusion","stable-term"
"settingsRows.faucet","Chipnet Faucet","Chipnet Faucet","stable-term"
"settingsRows.faucetDescription","Get test BCH on Chipnet","Chipnet のテスト BCH を取得","translated"
"settingsRows.language","Language","言語","translated"
"settingsRows.languageDescription","Choose the wallet interface language","ウォレットの表示言語を選択","translated"
"settingsRows.network","Network","ネットワーク","translated"
"settingsRows.networkDescription","Switch between Mainnet and Chipnet","Mainnet と Chipnet を切り替え","translated"
"settingsRows.nostr","Nostr & Chat","Nostr とチャット","translated"
"settingsRows.nostrDescription","Private messages · Identity · Relay pool","プライベートメッセージ · ID · リレー","translated"
"settingsRows.pendingOutbox","Pending Tx Locks","保留中の取引ロック","translated"
"settingsRows.pendingOutboxDescription","Review outgoing transaction locks","送信取引のロックを確認","translated"
"settingsRows.recovery","Recovery Phrase","リカバリーフレーズ","translated"
"settingsRows.recoveryDescription","Back up your wallet","ウォレットをバックアップ","translated"
"settingsRows.server","Servers","サーバー","translated"
"settingsRows.serverDescription","Electrum · Block explorer · Transaction fees","Electrum · ブロックエクスプローラー · 取引手数料","translated"
"settingsRows.terms","Terms of Use","利用規約","translated"
"settingsRows.termsDescription","Read our terms","規約を読む","translated"
"settingsRows.walletConnect","WalletConnect","WalletConnect","stable-term"
"settingsRows.walletConnectDescription","Manage dApp connections","dApp 接続を管理","translated"
"settingsRows.wizardConnect","WizardConnect","WizardConnect","stable-term"
"settingsRows.wizardConnectDescription","Connect to token wizards","トークン wizard に接続","translated"
"terms.acceptance","1. Acceptance of Terms","1. 条件への同意","translated"
"terms.acceptanceText","By accessing and using the OPTN Wallet App (“the App”), you agree to comply with and be bound by these Terms of Use. If you do not agree, please do not use the App.","OPTN Wallet アプリ（「本アプリ」）にアクセスして使用することで、この利用規約に従い拘束されることに同意したものとします。同意しない場合は本アプリを使用しないでください。","translated"
"terms.deviceSecurity","Ensuring the security of your device and the App.","デバイスと本アプリの安全を確保すること。","translated"
"terms.modifications","6. Modifications","6. 変更","stable-term"
"terms.modificationsText","The developers may modify, suspend, or discontinue the App without prior notice and may update these Terms. You are responsible for reviewing them periodically.","開発者は事前の通知なく本アプリを変更、一時停止、終了でき、規約を更新することがあります。ユーザーは定期的に確認する責任があります。","translated"
"terms.noLiability","4. No Liability","4. 免責","translated"
"terms.noLiabilityText","The developers assume no liability for loss, damage, or unauthorized access arising from use of the App, including cryptocurrency loss, data breaches, or device malfunctions. You use the App at your own risk.","開発者は、本アプリの使用から生じる損失、損害、不正アクセスについて責任を負いません。暗号資産の損失、データ侵害、デバイスの故障も含まれます。使用は自己責任で行ってください。","translated"
"terms.noWarranty","5. No Warranty","5. 保証なし","translated"
"terms.noWarrantyText","The App is provided “as is” without express or implied warranties. The developers do not guarantee reliability, accuracy, completeness, error-free operation, or uninterrupted service.","本アプリは明示または黙示の保証なしに「現状のまま」提供されます。開発者は信頼性、正確性、完全性、エラーのない動作、継続的なサービスを保証しません。","translated"
"terms.purpose","2. Purpose","2. 目的","translated"
"terms.purposeText","The OPTN Wallet App lets users securely store, send, and receive cryptocurrency. You are responsible for the security of your private keys and assets.","OPTN Wallet アプリでは暗号資産を安全に保管、送信、受信できます。秘密鍵と資産の安全はユーザーの責任です。","translated"
"terms.responsibilities","3. User Responsibilities","3. ユーザーの責任","translated"
"terms.responsibilitiesIntro","The OPTN Wallet App handles real cryptocurrency. You are solely responsible for:","OPTN Wallet アプリは実際の暗号資産を扱います。次の事項はユーザーが単独で責任を負います：","translated"
"terms.responsibilitiesText","The development team is not responsible for loss of assets or unauthorized access resulting from failure to follow these practices.","これらの手順に従わなかったことによる資産の損失や不正アクセスについて、開発チームは責任を負いません。","translated"
"terms.safeguard","Safeguarding your private keys and recovery phrases.","秘密鍵とリカバリーフレーズの保護。","translated"
"terms.verify","Verifying transaction details before confirming any actions.","操作を確定する前に取引の詳細を確認すること。","translated"
"token.activeMinting","Active Minting","発行中","translated"
"token.authHead","Auth Head","権限ヘッド","translated"
"token.bcmr","BCMR","BCMR","stable-term"
"token.bcmrUnavailable","BCMR metadata unavailable","BCMR メタデータを利用できません","translated"
"token.category","Category","カテゴリ","translated"
"token.chainStatsError","Unable to load token chain statistics right now.","現在、トークンのチェーン統計を読み込めません。","translated"
"token.decimals","Decimals","小数桁","translated"
"token.id","Token ID","トークン ID","translated"
"token.loading","Loading token data…","トークンデータを読み込み中…","translated"
"token.no","No","いいえ","translated"
"token.symbol","Symbol","シンボル","translated"
"token.totalNfts","Total NFTs","NFT 合計","translated"
"token.totalSupply","Total Supply","総供給量","translated"
"token.unavailable","Unavailable","利用できません","translated"
"token.yes","Yes","はい","translated"
"tor.appRunsOwn","The app runs its own Tor — no Tor Browser needed","アプリが独自の Tor を実行するため Tor Browser は不要です","translated"
"tor.autoDetect","Auto-detect (9050 / 9150)","自動検出（9050 / 9150）","translated"
"tor.bootstrapping","Bootstrapping Tor… {percent}%","Tor をブートストラップ中… {percent}%","translated"
"tor.check","Check Tor","Tor を確認","translated"
"tor.checking","Checking…","確認中…","translated"
"tor.desktopOnly","Desktop only","デスクトップのみ","translated"
"tor.disable","Disable","無効化","translated"
"tor.enable","Enable","有効化","translated"
"tor.externalOption","Or use a Tor you run yourself:","または自分で実行する Tor を使用：","translated"
"tor.foundOnPort","Tor found on port {port} ✓","ポート {port} に Tor が見つかりました ✓","translated"
"tor.integrated","Integrated Tor","統合 Tor","translated"
"tor.manualPort","Manual port","手動ポート","translated"
"tor.noExternal","No external Tor found. Either press “Start integrated Tor” above (recommended), or start Tor Browser (9150) / a system Tor daemon (9050) and press “Check Tor”. Without Tor, remote CashFusion is blocked.","外部 Tor が見つかりません。上の統合 Tor（推奨）または Tor Browser（9150）／システム Tor デーモン（9050）を起動して「Tor を確認」を押してください。Tor がない場合、リモート CashFusion はブロックされます。","translated"
"tor.noProxy","No Tor proxy running ✗","実行中の Tor プロキシがありません ✗","translated"
"tor.remoteRequired","Required for remote CashFusion servers","リモート CashFusion サーバーに必要","translated"
"tor.runningOn","Running on port {port} ✓","ポート {port} で実行中 ✓","translated"
"tor.starting","Starting…","開始中…","translated"
"tor.startIntegrated","Start integrated Tor","統合 Tor を開始","translated"
"tor.stop","Stop","停止","translated"
"tor.title","Tor","Tor","stable-term"
"tor.usingManual","Using manual port {port}","手動ポート {port} を使用中","translated"
"txDetails.bch","BCH","BCH","stable-term"
"txDetails.index","Index","インデックス","stable-term"
"txDetails.locktime","Locktime","ロック時間","translated"
"txDetails.txid","TXID","TXID","stable-term"
"txDetails.version","Version","バージョン","stable-term"
"txSummary.bch","BCH","BCH","stable-term"
"txSummary.bchInput","bch input","BCH 入力","translated"
"txSummary.bytes","bytes","バイト","stable-term"
"txSummary.fee","Fee","手数料","translated"
"txSummary.feeRate","Fee rate","手数料率","translated"
"txSummary.inputs","Inputs","入力","translated"
"txSummary.outputs","Outputs","出力","translated"
"txSummary.sats","sats","sats","stable-term"
"txSummary.token","token","トークン","stable-term"
"txSummary.tokenInput","token input","トークン入力","translated"
"txSummary.txSize","Tx size","取引サイズ","translated"
"utxo.amount","Amount","金額","translated"
"utxo.bitcoinCash","Bitcoin Cash","Bitcoin Cash","stable-term"
"utxo.ft","FT","FT","stable-term"
"utxo.height","Height","高さ","translated"
"utxo.loading","Loading UTXOs…","UTXO を読み込み中…","translated"
"utxo.name","Name","名前","translated"
"utxo.nft","NFT","NFT","stable-term"
"utxo.none","No UTXOs to display.","表示できる UTXO はありません。","translated"
"utxo.pos","Pos","位置","translated"
"utxo.tokens","tokens","トークン","stable-term"
"utxo.txHash","Tx Hash","取引ハッシュ","translated"
"walkthrough.label","Walkthrough","ステップガイド","translated"
"watchOnly.accountXpub","Account xPub","アカウント xPub","translated"
"watchOnly.back","Back to wallets","ウォレットに戻る","translated"
"watchOnly.change","Change #{index}","おつり #{index}","translated"
"watchOnly.chipnet","Chipnet","Chipnet","stable-term"
"watchOnly.comingNext","Coming next","近日公開","translated"
"watchOnly.description","Inspect public BCH addresses without importing any private keys.","秘密鍵をインポートせずに公開 BCH アドレスを確認します。","translated"
"watchOnly.mainnet","Mainnet","Mainnet","stable-term"
"watchOnly.multipleCosigners","Multiple cosigners","複数の共同署名者","translated"
"watchOnly.multisign","Multisign","マルチシグ","translated"
"watchOnly.network","Network","ネットワーク","translated"
"watchOnly.pathNote","Confirm that SeedCash exported this account at m/44'/145'/account'. A standalone BIP32 xPub cannot prove its parent purpose or coin path.","SeedCash がこのアカウントを m/44’/145’/account’ にエクスポートしたことを確認してください。単独の BIP32 xPub だけでは親の目的や coin パスを証明できません。","translated"
"watchOnly.previewPublic","Preview public addresses","公開アドレスをプレビュー","translated"
"watchOnly.previewTitle","Public address preview","公開アドレスのプレビュー","translated"
"watchOnly.receive","Receive #{index}","受取 #{index}","translated"
"watchOnly.scanCamera","Scan (camera)","スキャン（カメラ）","translated"
"watchOnly.standard","Standard","標準","stable-term"
"watchOnly.title","Watch-Only Wallet Preview","監視専用ウォレットのプレビュー","translated"
"watchOnly.type","Watch-only wallet type","監視専用ウォレットの種類","translated"
"watchOnly.uploadQr","Upload QR","QR をアップロード","translated"
"watchOnly.warning","Public preview only: this screen does not save a watch-only wallet or create, sign, import, or broadcast PSBT transactions yet.","公開プレビューのみ：この画面ではまだ監視専用ウォレットを保存したり、PSBT トランザクションを作成、署名、インポート、ブロードキャストしたりできません。","translated"
"watchOnly.xpubPlaceholder","Paste the xPub exported by SeedCash","SeedCash からエクスポートした xPub を貼り付け","translated"
"wc.activeSessions","Active WalletConnect Sessions","有効な WalletConnect セッション","translated"
"wc.address","Address","アドレス","translated"
"wc.approvalFailedBody","Failed to approve the session request from {name}.","{name} からのセッションリクエストを承認できませんでした。","translated"
"wc.approvalFailedTitle","WalletConnect approval failed","WalletConnect の承認に失敗しました","translated"
"wc.approve","Approve","承認","translated"
"wc.approvedBody","Connected to {name}.","{name} に接続しました。","translated"
"wc.approvedTitle","WalletConnect session approved","WalletConnect セッションを承認しました","translated"
"wc.approveSession","Approve Session","セッションを承認","translated"
"wc.broadcast","Broadcast","ブロードキャスト","translated"
"wc.broadcastLocked","Another outgoing transaction is still syncing. To avoid duplicates while you are offline, this wallet will only broadcast one unresolved transaction at a time.","別の送信トランザクションを同期中です。重複を避けるため、このウォレットは未解決のトランザクションを一度に 1 件だけブロードキャストします。","translated"
"wc.cancel","Cancel","キャンセル","translated"
"wc.close","Close","閉じる","translated"
"wc.connect","Connect","接続","translated"
"wc.connectionUri","Connection URI","接続 URI","translated"
"wc.dappName","DApp Name","dApp 名","translated"
"wc.disconnect","Disconnect","接続を解除","translated"
"wc.disconnectsOn","Disconnects On","解除日時","translated"
"wc.domain","Domain","ドメイン","translated"
"wc.enterUri","Enter WalletConnect URI","WalletConnect URI を入力","translated"
"wc.estimatedFee","Estimated Fee","推定手数料","translated"
"wc.fungibleAmount","Fungible Amount","代替可能数量","translated"
"wc.index","Index","インデックス","stable-term"
"wc.inputs","Inputs ({count})","入力（{count}）","translated"
"wc.invalidLockingBytecode","Invalid locking bytecode","無効なロッキングバイトコード","translated"
"wc.invalidQr","Not a valid WalletConnect URI.","有効な WalletConnect URI ではありません。","translated"
"wc.messageApprovedBody","Approved the WalletConnect message request.","WalletConnect メッセージリクエストを承認しました。","translated"
"wc.messageFailedBody","Failed to sign WalletConnect message request.","WalletConnect メッセージリクエストに署名できませんでした。","translated"
"wc.messageFailedTitle","WalletConnect message failed","WalletConnect メッセージに失敗しました","translated"
"wc.messageRejectedBody","Rejected the WalletConnect message request.","WalletConnect メッセージリクエストを拒否しました。","translated"
"wc.messageRejectedTitle","WalletConnect message rejected","WalletConnect メッセージを拒否しました","translated"
"wc.messageRejectFailedBody","Failed to reject WalletConnect message request.","WalletConnect メッセージリクエストを拒否できませんでした。","translated"
"wc.messageSignedBody","Approved request from {name}.","{name} からのリクエストを承認しました。","translated"
"wc.messageSignedTitle","WalletConnect message signed","WalletConnect メッセージに署名しました","translated"
"wc.messageToSign","Message to Sign","署名するメッセージ","translated"
"wc.nftCapability","NFT Capability","NFT ケイパビリティ","translated"
"wc.nftCommitment","NFT Commitment","NFT コミットメント","translated"
"wc.no","No","いいえ","translated"
"wc.noActiveSessions","No active WalletConnect sessions yet.","有効な WalletConnect セッションはまだありません。","translated"
"wc.noQr","No QR code detected. Try again.","QR コードを検出できません。もう一度お試しください。","translated"
"wc.noSessions","No active sessions.","有効なセッションはありません。","translated"
"wc.opReturnOutput","OP_RETURN Output","OP_RETURN 出力","translated"
"wc.outputs","Outputs ({count})","出力（{count}）","translated"
"wc.pairingStarted","WalletConnect pairing started.","WalletConnect のペアリングを開始しました。","translated"
"wc.pairingSuccessful","WalletConnect pairing successful via QR.","QR による WalletConnect のペアリングが完了しました。","translated"
"wc.prompt","Prompt","リクエスト","translated"
"wc.reject","Reject","拒否","translated"
"wc.rejectedBody","Rejected the session request from {name}.","{name} からのセッションリクエストを拒否しました。","translated"
"wc.rejectedTitle","WalletConnect session rejected","WalletConnect セッションを拒否しました","translated"
"wc.rejectionFailedBody","Failed to reject the session request from {name}.","{name} からのセッションリクエストを拒否できませんでした。","translated"
"wc.rejectionFailedTitle","WalletConnect rejection failed","WalletConnect の拒否に失敗しました","translated"
"wc.rejectionSentBody","Sent the rejection response to the dApp.","拒否応答を dApp に送信しました。","translated"
"wc.rejectionStaleBody","The dApp disconnected before the rejection response could be delivered.","拒否応答を届ける前に dApp の接続が解除されました。","translated"
"wc.requestExpiredBody","The dApp request expired before it could be completed.","完了前に dApp リクエストの期限が切れました。","translated"
"wc.requestExpiredTitle","WalletConnect request expired","WalletConnect リクエストの期限切れ","translated"
"wc.scanFailed","WalletConnect scan failed.","WalletConnect のスキャンに失敗しました。","translated"
"wc.scanQr","Scan QR","QR をスキャン","translated"
"wc.sessionDisconnectedBody","A WalletConnect session was disconnected remotely.","WalletConnect セッションがリモートから切断されました。","translated"
"wc.sessionDisconnectedFrom","Disconnected from {name}.","{name} との接続を解除しました。","translated"
"wc.sessionDisconnectedTitle","WalletConnect session disconnected","WalletConnect セッションの接続を解除しました","translated"
"wc.sessionRequestExpiredBody","The WalletConnect session request timed out before approval.","承認前に WalletConnect セッションリクエストがタイムアウトしました。","translated"
"wc.sessionRequestExpiredTitle","WalletConnect session request expired","WalletConnect セッションリクエストの期限切れ","translated"
"wc.sessionRequestFrom","Session request from {name}.","{name} からのセッションリクエスト。","translated"
"wc.sessionRequestGeneric","A dApp requested a WalletConnect session.","dApp が WalletConnect セッションをリクエストしました。","translated"
"wc.sessionRequestTitle","WalletConnect session request","WalletConnect セッションリクエスト","translated"
"wc.settings","Settings","設定","translated"
"wc.sign","Sign","署名","translated"
"wc.signMessageRequest","Sign Message Request","メッセージ署名リクエスト","translated"
"wc.signTransactionRequest","Sign Transaction Request","トランザクション署名リクエスト","translated"
"wc.tokenCategory","Token Category","トークンカテゴリ","translated"
"wc.totalInput","Total Input","入力合計","translated"
"wc.totalOutput","Total Output","出力合計","translated"
"wc.transactionApprovedTitle","WalletConnect transaction approved","WalletConnect トランザクションを承認しました","translated"
"wc.transactionFailedBody","Failed to sign WalletConnect transaction request: {message}","WalletConnect トランザクションリクエストに署名できませんでした：{message}","translated"
"wc.transactionFailedTitle","WalletConnect transaction failed","WalletConnect トランザクションに失敗しました","translated"
"wc.transactionRejectedTitle","WalletConnect transaction rejected","WalletConnect トランザクションを拒否しました","translated"
"wc.transactionRejectionFailedBody","Failed to reject WalletConnect transaction request: {message}","WalletConnect トランザクションリクエストを拒否できませんでした：{message}","translated"
"wc.transactionResponseSentBody","Sent the WalletConnect transaction response.","WalletConnect トランザクション応答を送信しました。","translated"
"wc.transactionSentBody","Sent the transaction response to {name}.","{name} にトランザクション応答を送信しました。","translated"
"wc.transactionStaleBody","The dApp disconnected before the transaction response could be delivered.","トランザクション応答を届ける前に dApp の接続が解除されました。","translated"
"wc.txid","TXID","TXID","stable-term"
"wc.unknownDapp","Unknown dApp","不明な dApp","translated"
"wc.unsupportedTransaction","This request uses an unsupported transaction representation in the current OPTN Wallet integration.","このリクエストは現在の OPTN Wallet 連携でサポートされないトランザクション表現を使用しています。","translated"
"wc.validUri","Please provide a valid WalletConnect URI.","有効な WalletConnect URI を入力してください。","translated"
"wc.waitingForSync","Waiting for sync","同期を待っています","translated"
"wc.waitPrevious","Wait for the previous outgoing transaction to sync first","前の送信トランザクションの同期を待ってください","translated"
"wc.working","Working…","処理中…","translated"
"wc.yes","Yes","はい","translated"
"wizard.activeSessions","Active WizardConnect Sessions","有効な WizardConnect セッション","translated"
"wizard.address","Address","アドレス","translated"
"wizard.approve","Approve WizardConnect","WizardConnect を承認","translated"
"wizard.approved","WizardConnect transaction approved and sent.","WizardConnect トランザクションを承認して送信しました。","translated"
"wizard.approveFailed","WizardConnect transaction failed: {message}","WizardConnect トランザクションに失敗しました：{message}","translated"
"wizard.broadcast","Broadcast","ブロードキャスト","translated"
"wizard.cancel","Cancel","キャンセル","translated"
"wizard.close","Close","閉じる","translated"
"wizard.connect","Connect","接続","translated"
"wizard.connectedOn","Connected On","接続日時","translated"
"wizard.connecting","Connecting…","接続中…","translated"
"wizard.connectionUri","Connection URI","接続 URI","translated"
"wizard.connectQuestion","Connect this wallet to the following WizardConnect request?","このウォレットを次の WizardConnect リクエストに接続しますか？","translated"
"wizard.dapp","DApp","dApp","stable-term"
"wizard.disconnect","Disconnect","接続を解除","translated"
"wizard.enterUri","Enter WizardConnect URI","WizardConnect URI を入力","translated"
"wizard.errorPrefix","Error: {message}","エラー：{message}","translated"
"wizard.estimatedFee","Estimated Fee","推定手数料","translated"
"wizard.fungibleAmount","Fungible Amount","代替可能数量","translated"
"wizard.index","Index","インデックス","stable-term"
"wizard.invalidQr","Not a valid WizardConnect QR code.","有効な WizardConnect QR ではありません。","translated"
"wizard.no","No","いいえ","translated"
"wizard.noActiveSessions","No active WizardConnect sessions yet.","有効な WizardConnect セッションはまだありません。","translated"
"wizard.noQr","No QR code detected. Try again.","QR コードを検出できません。もう一度お試しください。","translated"
"wizard.noWallet","No active wallet is available for WizardConnect.","WizardConnect に利用できる有効なウォレットがありません。","translated"
"wizard.opReturnOutput","OP_RETURN Output","OP_RETURN 出力","translated"
"wizard.pairingStarted","WizardConnect pairing started.","WizardConnect のペアリングを開始しました。","translated"
"wizard.prompt","Prompt","リクエスト","translated"
"wizard.rejected","WizardConnect transaction rejected.","WizardConnect トランザクションを拒否しました。","translated"
"wizard.rejectFailed","WizardConnect rejection failed: {message}","WizardConnect の拒否に失敗しました：{message}","translated"
"wizard.scanFailed","WizardConnect scan failed.","WizardConnect のスキャンに失敗しました。","translated"
"wizard.sessionDisconnectedOrExpired","A WizardConnect session disconnected or expired on the dApp side.","dApp 側で WizardConnect セッションの接続が解除されたか、期限が切れました。","translated"
"wizard.settings","Settings","設定","translated"
"wizard.sign","Sign","署名","translated"
"wizard.signRequest","WizardConnect Sign Request","WizardConnect 署名リクエスト","translated"
"wizard.status","Status","状態","stable-term"
"wizard.tokenCategory","Token Category","トークンカテゴリ","translated"
"wizard.totalInput","Total Input","入力合計","translated"
"wizard.totalOutput","Total Output","出力合計","translated"
"wizard.txid","TXID","TXID","stable-term"
"wizard.unknownDapp","Unknown dApp","不明な dApp","translated"
"wizard.unsupportedTransaction","This request uses an unsupported transaction representation in the current OPTN Wallet integration.","このリクエストは現在の OPTN Wallet 連携でサポートされないトランザクション表現を使用しています。","translated"
"wizard.validUri","Please provide a valid WizardConnect URI.","有効な WizardConnect URI を入力してください。","translated"
"wizard.yes","Yes","はい","translated"
