"key","English (en)","Korean (ko)","Status"
"about.building","Building and Sending Transactions","트랜잭션 생성 및 전송","translated"
"about.buildingText","Construct transactions with custom covenant conditions such as time locks, multisignature requirements, or allowlisted addresses.","시간 잠금, 다중 서명 또는 허용 주소와 같은 맞춤 커밋먼트 조건으로 트랜잭션을 구성합니다.","translated"
"about.cashscriptExamples","CashScript Covenant Examples","CashScript 커밋먼트 예제","translated"
"about.cashscriptGuide","CashScript - Writing Covenants & Introspection","CashScript — 커밋먼트 및 introspection 작성","translated"
"about.cointelegraph","Cointelegraph - What are Bitcoin covenants, and how do they work?","Cointelegraph — Bitcoin 커밋먼트란 무엇이며 어떻게 작동하나요?","translated"
"about.community","Community Feedback","커뮤니티 피드백","translated"
"about.communityText","Built with input from beta testers and real user needs.","베타 테스터의 의견과 실제 사용자 요구를 바탕으로 만들었습니다.","translated"
"about.creating","Creating and Importing Wallets","지갑 생성 및 가져오기","translated"
"about.creatingText","Create new wallets or import existing ones using standard formats compatible with other Bitcoin wallets.","다른 Bitcoin 지갑과 호환되는 표준 형식으로 새 지갑을 만들거나 기존 지갑을 가져옵니다.","translated"
"about.feedback","Feedback and Support","피드백 및 지원","translated"
"about.feedbackText","Your feedback helps us improve OPTN Wallet. For suggestions, issues, or support, contact us at","피드백은 OPTN Wallet을 개선하는 데 도움이 됩니다. 제안, 문제 또는 지원 문의는 다음으로 연락하세요:","translated"
"about.flexibility","Flexibility","유연성","translated"
"about.flexibilityText","Tailor your wallet experience with custom transaction conditions.","맞춤 트랜잭션 조건으로 지갑 사용 경험을 조정합니다.","translated"
"about.intended","Intended Use","사용 목적","translated"
"about.intendedText","OPTN is ready to help you manage digital assets with advanced covenant features, whether you are handling personal funds or exploring Bitcoin covenants.","개인 자금을 관리하거나 Bitcoin 커밋먼트를 탐색할 때 OPTN은 고급 기능으로 디지털 자산 관리를 돕습니다.","translated"
"about.intuitive","Intuitive Design","직관적인 디자인","translated"
"about.intuitiveText","A user-friendly interface that makes asset management approachable for beginners.","초보자도 쉽게 자산을 관리할 수 있는 친화적인 인터페이스입니다.","translated"
"about.keyFeatures","Key Features","주요 기능","translated"
"about.learn","Learn More About Bitcoin Covenants","Bitcoin 커밋먼트 더 알아보기","translated"
"about.learnText","Explore these resources to deepen your understanding of Bitcoin covenants:","Bitcoin 커밋먼트를 더 깊이 이해하려면 다음 자료를 살펴보세요.","translated"
"about.overview","Overview","개요","translated"
"about.overviewText","The OPTN Wallet App gives you direct control and security over your digital assets. Bitcoin covenants let you set custom rules for how funds can be spent, so your wallet can match your preferences.","OPTN Wallet 앱은 디지털 자산을 직접 관리하고 보호할 수 있게 합니다. Bitcoin 커밋먼트는 자금 사용 규칙을 맞춤 설정합니다.","translated"
"about.security","Security","보안","translated"
"about.securityText","Bitcoin covenant features help protect assets from unauthorized transactions.","Bitcoin 커밋먼트 기능은 무단 트랜잭션으로부터 자산을 보호합니다.","translated"
"about.unmatched","Unmatched Security","탁월한 보안","translated"
"about.unmatchedText","Define exactly how funds can be spent with Bitcoin covenants.","Bitcoin 커밋먼트로 자금 사용 방식을 정확히 정의합니다.","translated"
"about.viewing","Viewing Covenants","커밋먼트 보기","translated"
"about.viewingText","Review the rules that govern transactions so you can understand how your funds are protected.","거래를 관리하는 규칙을 검토하여 자금이 보호되는 방식을 이해합니다.","translated"
"about.why","Why Choose OPTN Wallet?","OPTN Wallet을 선택하는 이유","translated"
"about.wiki","Bitcoin Covenants Wiki","Bitcoin 커밋먼트 위키","translated"
"actions.advanced","Advanced","고급","translated"
"actions.advancedActions","Advanced Actions","고급 작업","translated"
"actions.basic","Basic","기본","translated"
"actions.basicActions","Basic Actions","기본 작업","translated"
"actions.cashTokens","CashTokens","CashTokens","stable-term"
"actions.cashTokensDescription","Manage token families","토큰 패밀리 관리","translated"
"actions.commonWalletTasks","Common wallet tasks","일반 지갑 작업","translated"
"actions.contracts","Contracts","컨트랙트","translated"
"actions.contractsDescription","Manage contract instances","컨트랙트 인스턴스 관리","translated"
"actions.deeperTools","Deeper tools and workflows","고급 도구 및 작업 흐름","translated"
"actions.newAddress","New Address","새 주소","translated"
"actions.newAddressDescription","Generate a new address","새 주소 생성","translated"
"actions.quantumroot","Quantumroot","Quantumroot","stable-term"
"actions.quantumrootBadge","Beta production","베타 운영","translated"
"actions.quantumrootDescription","Quantum-ready vaults","양자 대비 금고","translated"
"actions.receive","Receive","받기","translated"
"actions.receiveDescription","Receive BCH or CashTokens","BCH 또는 CashTokens 받기","translated"
"actions.scanQr","Scan QR","QR 스캔","translated"
"actions.scanQrDescription","Sweep paper wallets","종이 지갑 스윕","translated"
"actions.send","Send","보내기","translated"
"actions.sendDescription","Send BCH or CashTokens","BCH 또는 CashTokens 보내기","translated"
"actions.subtitle","Simple wallet actions for everyday use","일상적인 지갑 사용을 위한 간단한 작업","translated"
"actions.taskMode","Task mode","작업 모드","translated"
"actions.taskModeDescription","Basic tasks first, advanced tools one step deeper","기본 작업부터 시작하고 고급 도구는 한 단계 더 들어가세요","translated"
"actions.title","Actions","작업","stable-term"
"actions.transactionBuilder","Transaction Builder","트랜잭션 빌더","translated"
"actions.transactionBuilderDescription","Build custom transactions","맞춤 트랜잭션 만들기","translated"
"actions.walletConnect","WalletConnect","WalletConnect","stable-term"
"actions.walletConnectDescription","Manage dApp sessions","dApp 세션 관리","translated"
"actions.wizardConnect","WizardConnect","WizardConnect","stable-term"
"actions.wizardConnectDescription","XPub-key-enabled dApp sessions","XPub 키를 사용하는 dApp 세션","translated"
"addons.description","Addons run in a sandboxed frame with no access to your wallet's keys or memory — they can only do what the permissions you approve allow.","애드온은 지갑 키나 메모리에 접근할 수 없는 샌드박스 프레임에서 실행되며 승인한 권한만 사용할 수 있습니다.","translated"
"addons.desktopOnly","Installing addons from a folder is only available on desktop.","폴더에서 애드온을 설치하는 기능은 데스크톱에서만 사용할 수 있습니다.","translated"
"addons.installed","Installed addons","설치된 애드온","translated"
"addons.installedStatus","Installed “{name}”. Restart the app to load it.","“{name}”을(를) 설치했습니다. 로드하려면 앱을 다시 시작하세요.","translated"
"addons.installFolder","Install from folder…","폴더에서 설치…","translated"
"addons.installing","Installing…","설치 중…","translated"
"addons.none","No addons installed.","설치된 애드온이 없습니다.","translated"
"addons.uninstall","Uninstall","제거","translated"
"addons.uninstalledStatus","Uninstalled. Restart the app for it to fully disappear.","제거했습니다. 완전히 사라지게 하려면 앱을 다시 시작하세요.","translated"
"app.back","Back","뒤로","translated"
"app.close","Close","닫기","translated"
"app.confirmLogout","Confirm Logout","로그아웃 확인","translated"
"app.confirmLogoutDescription","Confirm logout to remove this wallet from the device.","로그아웃하면 이 지갑이 기기에서 제거됩니다.","translated"
"app.help","Help","도움말","translated"
"app.language","Language","언어","translated"
"app.languageDescription","Choose the wallet interface language","지갑 인터페이스 언어를 선택하세요","translated"
"app.logOut","Log Out","로그아웃","translated"
"app.quickAccess","Quick access","빠른 실행","translated"
"app.settings","Settings","설정","translated"
"app.toggleTheme","Toggle theme","테마 전환","translated"
"appLock.cancel","Cancel","취소","translated"
"appLock.checking","Checking…","확인 중…","translated"
"appLock.confirm","Confirm","확인","translated"
"appLock.confirmPassword","Confirm password","비밀번호 확인","translated"
"appLock.incorrect","Incorrect passphrase. Try again.","문구가 올바르지 않습니다. 다시 시도하세요.","translated"
"appLock.password","Password","비밀번호","translated"
"appLock.revealBackup","Enter your password to reveal the backup phrase.","백업 문구를 보려면 비밀번호를 입력하세요.","translated"
"appLock.verificationFailed","Verification failed. Please try again.","확인하지 못했습니다. 다시 시도하세요.","translated"
"apps.addonLoadFailed","Addon failed to load","애드온을 불러오지 못했습니다","translated"
"apps.advanced","Advanced","고급","translated"
"apps.all","All","전체","translated"
"apps.allowCapabilities","Allow {name} capabilities?","{name}의 권한을 허용할까요?","translated"
"apps.allowOnce","Allow once","한 번 허용","translated"
"apps.allowSensitiveAction","Allow sensitive action?","민감한 작업을 허용할까요?","translated"
"apps.alwaysAllow","Always allow","항상 허용","translated"
"apps.appDefinition","App definition","앱 정의","translated"
"apps.approveCapabilities","Approve required capabilities to continue.","계속하려면 필요한 권한을 승인하세요.","translated"
"apps.back","Back","뒤로","translated"
"apps.browse","Browse apps","앱 둘러보기","translated"
"apps.browseSubtitle","Wallet first, then tokens, utils, and advanced platforms","지갑을 먼저 보고 토큰, 유틸리티 및 고급 플랫폼 확인","translated"
"apps.capabilitiesMessage","This addon app is requesting wallet capabilities before launch.","이 애드온 앱은 시작하기 전에 지갑 권한을 요청합니다.","translated"
"apps.capability","Capability:","권한:","translated"
"apps.capability.addOutputs","Construct transaction outputs","트랜잭션 출력 구성","translated"
"apps.capability.addressUtxosRead","Read UTXOs for wallet addresses","지갑 주소의 UTXO 읽기","translated"
"apps.capability.addressUtxosRefresh","Refresh and store UTXOs for wallet addresses","지갑 주소의 UTXO 새로 고침 및 저장","translated"
"apps.capability.broadcastTransactions","Broadcast transactions","트랜잭션 브로드캐스트","translated"
"apps.capability.buildTransactions","Build transactions","트랜잭션 생성","translated"
"apps.capability.fetchJson","Fetch JSON over HTTP","HTTP로 JSON 가져오기","translated"
"apps.capability.signatureTemplates","Create signature templates","서명 템플릿 생성","translated"
"apps.capability.signMessages","Sign messages with wallet keys","지갑 키로 메시지 서명","translated"
"apps.capability.tokenHoldersRead","Read TokenIndex holder lists","TokenIndex 보유자 목록 읽기","translated"
"apps.capability.tokenMetadataRead","Read CashToken metadata","CashToken 메타데이터 읽기","translated"
"apps.capability.walletAddressesRead","Read wallet addresses","지갑 주소 읽기","translated"
"apps.capability.walletContextRead","Read wallet context","지갑 컨텍스트 읽기","translated"
"apps.capability.walletUtxosRead","Read wallet UTXOs","지갑 UTXO 읽기","translated"
"apps.capabilityRequested","{name} requested: {capability}.","{name} 요청: {capability}.","translated"
"apps.cashFusionDescription","Private CoinJoin — server or P2P over Nostr + Tor","비공개 CoinJoin — Nostr + Tor를 통한 서버 또는 P2P","translated"
"apps.chatDescription","Private end-to-end encrypted Nostr messaging","종단 간 암호화된 비공개 Nostr 메시지","translated"
"apps.comingSoon","Coming soon","곧 제공","translated"
"apps.contractsDescription","Browse artifacts and manage deployed instances","아티팩트를 둘러보고 배포된 인스턴스 관리","translated"
"apps.deny","Deny","거부","translated"
"apps.empty","No apps in this category.","이 카테고리에는 앱이 없습니다.","translated"
"apps.expectedScreen","Expected config.screen (or app.id) to map to a built-in app implementation.","config.screen(또는 app.id)이 기본 앱 구현에 매핑되어야 합니다.","translated"
"apps.failedToLoad","Failed to load app","앱을 불러오지 못했습니다","translated"
"apps.goToLanding","Go to Landing","랜딩으로 이동","translated"
"apps.loadFailed","Failed to load addon apps","애드온 앱을 불러오지 못했습니다","translated"
"apps.loadingAddon","Loading addon…","애드온 로드 중…","translated"
"apps.loadingApp","Loading app…","앱 로드 중…","translated"
"apps.noWallet","No wallet selected","선택한 지갑 없음","translated"
"apps.permissionDenied","Permission denied. App launch was blocked.","권한이 거부되었습니다. 앱 실행이 차단되었습니다.","translated"
"apps.quantumrootDescription","Receive and recovery tools for advanced vaults","고급 볼트용 수신 및 복구 도구","translated"
"apps.resolvedScreenId","Resolved screen ID","확인된 화면 ID","translated"
"apps.subtitle","Extend your wallet with tools","도구로 지갑 확장","translated"
"apps.title","Apps","앱","translated"
"apps.token","Token","토큰","stable-term"
"apps.unsupportedAppKind","Unsupported app kind:","지원되지 않는 앱 종류:","translated"
"apps.unsupportedDeclarativeApp","Unsupported declarative app:","지원되지 않는 선언적 앱:","translated"
"apps.utils","Utils","유틸리티","translated"
"apps.waitingPermission","Waiting for app permission","앱 권한 대기 중","translated"
"apps.wallet","Wallet","지갑","stable-term"
"assets.advancedVaultDescription","Receive and recovery tools for advanced vaults","고급 볼트를 위한 수신 및 복구 도구","translated"
"assets.advancedVaultWorkspace","Advanced vault workspace","고급 볼트 작업 공간","translated"
"assets.bitcoinCash","Bitcoin Cash","Bitcoin Cash","stable-term"
"assets.cashTokenHoldings","CashToken holdings","CashTokens 보유량","translated"
"assets.cashTokens","CashTokens","CashTokens","stable-term"
"assets.categories","categories","카테고리","translated"
"assets.chipnet","Chipnet","Chipnet","stable-term"
"assets.fungible","fungible","대체 가능","translated"
"assets.fungibleHoldings","Fungible token holdings","대체 가능 토큰 보유량","translated"
"assets.mintingNfts","Minting NFTs","발행용 NFT","translated"
"assets.mintingNftsDescription","Authority to mint additional NFTs in this category","이 카테고리에서 추가 NFT를 발행할 권한","translated"
"assets.mintTokens","Mint Tokens","토큰 발행","translated"
"assets.mutableNfts","Mutable NFTs","변경 가능한 NFT","translated"
"assets.mutableNftsDescription","Commitment may be changed by the holder","보유자가 커밋먼트를 변경할 수 있음","translated"
"assets.nfts","NFTs","NFT","stable-term"
"assets.noFungibleTokens","No fungible CashTokens found.","대체 가능 CashToken이 없습니다.","translated"
"assets.noNfts","No NFTs found.","NFT가 없습니다.","translated"
"assets.nonFungibleHoldings","Non-fungible holdings","대체 불가능 보유량","translated"
"assets.openVaults","Open vaults","볼트 열기","translated"
"assets.plainNfts","Plain NFTs","일반 NFT","translated"
"assets.plainNftsDescription","Fixed commitment; cannot be changed or used to mint","고정 커밋먼트로 변경하거나 발행에 사용할 수 없음","translated"
"assets.primaryBalance","Primary wallet balance","지갑 기본 잔액","translated"
"assets.quantumroot","Quantumroot","Quantumroot","stable-term"
"assets.quickInventory","Quick view of your wallet inventory","지갑 자산 빠른 보기","translated"
"assets.tabBch","BCH","BCH","stable-term"
"assets.tabNfts","NFTs","NFT","stable-term"
"assets.tabTokens","Tokens","토큰","stable-term"
"assets.title","Assets","자산","translated"
"assets.toggleBalance","Toggle BCH and USD balance","BCH 및 USD 잔액 전환","translated"
"assets.units","units","단위","translated"
"assets.usdPriceUnavailable","USD price unavailable","USD 가격을 사용할 수 없음","translated"
"assets.usdUnavailable","USD unavailable","USD 사용 불가","translated"
"assets.vaultWorkspace","Vault workspace","볼트 작업 공간","translated"
"bip37.addressesWithCoins","address(es) with coins","잔액이 있는 주소","translated"
"bip37.blocks","blocks","블록","stable-term"
"bip37.fromNode","BCH from the node ✓","노드의 BCH ✓","translated"
"bip37.height","height","높이","translated"
"bip37.inUse","● in use","● 사용 중","translated"
"bip37.node","Node","노드","stable-term"
"bip37.notServes","Does not serve BIP37 ✗ (bloom filtering off)","BIP37을 제공하지 않음 ✗(블룸 필터링 꺼짐)","translated"
"bip37.probe","Probe","확인","translated"
"bip37.probing","Probing…","확인 중…","translated"
"bip37.protocol","protocol","프로토콜","translated"
"bip37.remove","Remove","제거","translated"
"bip37.scanned","scanned","스캔됨","translated"
"bip37.serves","Serves BIP37 ✓","BIP37 제공 ✓","translated"
"bip37.sync","Sync","동기화","translated"
"bip37.syncing","Syncing…","동기화 중…","translated"
"bip37.syncingDetails","Syncing headers + scanning blocks via the node…","노드를 통해 헤더를 동기화하고 블록을 스캔하는 중…","translated"
"bip37.use","Use","사용","translated"
"bip37.useBalanceTitle","Derive this wallet's balance directly from the node (trustless SPV)","이 노드에서 지갑 잔액을 직접 파생(무신뢰 SPV)","translated"
"bip37.useNodeTitle","Use ONLY this node for wallet data (trustless; Electrum servers are not consulted)","지갑 데이터에 이 노드만 사용(무신뢰 방식, Electrum 서버는 사용하지 않음)","translated"
"bip37.verified","Verified trustlessly: every matched tx proven by its block's merkle proof.","무신뢰 방식으로 확인됨: 일치하는 모든 거래가 블록의 머클 증명으로 검증되었습니다.","translated"
"bip37.watching","watching","감시 중","translated"
"builder.addFirstRecipient","Add your first recipient","첫 수신자 추가","translated"
"builder.addOpReturnOutput","Add OP_RETURN Output","Add OP_RETURN Output","needs-review"
"builder.addOutput","Add Output","출력 추가","translated"
"builder.addRecipient","Add recipient","수신자 추가","translated"
"builder.addRecipients","Add recipients","수신자 추가","translated"
"builder.addRecipientsDescription","Add BCH recipients, token transfers, collectibles, or an optional message output.","BCH 수신자, 토큰 전송, 수집품 또는 선택적 메시지 출력을 추가하세요.","translated"
"builder.address","Address","Address","needs-review"
"builder.amount","Amount","Amount","needs-review"
"builder.amountToSend","Amount to send","보낼 금액","translated"
"builder.attachMessage","Attach message","메시지 첨부","translated"
"builder.back","Back","뒤로","translated"
"builder.bchAddress","BCH address","BCH 주소","translated"
"builder.bchAmountSats","BCH amount (sats)","BCH amount (sats)","needs-review"
"builder.bchFunds","BCH funds","BCH funds","needs-review"
"builder.broadcastedSuccess","Your transaction was broadcast successfully!","거래를 성공적으로 브로드캐스트했습니다!","translated"
"builder.buildTransaction","Build Transaction","거래 만들기","translated"
"builder.buildTx","Build TX","Build TX","needs-review"
"builder.capability","Capability","Capability","needs-review"
"builder.category","Category","Category","needs-review"
"builder.chooseSource","Choose a source","소스 선택","translated"
"builder.chooseSourceDescription","Pick wallet addresses for normal sends, or contracts for script spends.","일반 전송에는 지갑 주소를, 스크립트 지출에는 컨트랙트를 선택하세요.","translated"
"builder.chooseSourceHelp","Choose source","소스 선택","translated"
"builder.close","Close","닫기","translated"
"builder.collectibleAmount","Collectible amount","Collectible amount","needs-review"
"builder.commitment","Commitment","Commitment","needs-review"
"builder.configureCollectible","Configure collectible","Configure collectible","needs-review"
"builder.confirmAndSend","Confirm and Send Transaction","거래 확인 및 보내기","translated"
"builder.confirmTransaction","Confirm Transaction","거래 확인","translated"
"builder.contract","Contract","Contract","needs-review"
"builder.contractAddress","Contract address","컨트랙트 주소","translated"
"builder.contractAssets","Contract assets","Contract assets","needs-review"
"builder.contractFunction","Contract Function","Contract Function","needs-review"
"builder.contractFunds","Contract funds","Contract funds","needs-review"
"builder.contracts","Contracts","컨트랙트","translated"
"builder.contractSourceCount","{count} contract source(s)","{count} contract source(s)","needs-review"
"builder.contractSourcePlural","{count} contract sources","{count} contract sources","needs-review"
"builder.contractSources","Contract sources","컨트랙트 소스","translated"
"builder.contractSourceSingular","{count} contract source","{count} contract source","needs-review"
"builder.copyToClipboard","Copy to clipboard","클립보드에 복사","translated"
"builder.createCollectible","Create collectible","수집품 만들기","translated"
"builder.createToken","Create token","토큰 만들기","translated"
"builder.customSend","Custom Send","사용자 지정 보내기","translated"
"builder.decodeFailed","Unable to decode transaction. Showing raw hex:","거래를 디코딩할 수 없습니다. 원시 16진수를 표시합니다:","translated"
"builder.dragToConfirm","Drag to Confirm","끌어서 확인","translated"
"builder.enterTokenAmount","Enter amount (max {amount})","Enter amount (max {amount})","needs-review"
"builder.estimatedNetworkFee","Estimated network fee","예상 네트워크 수수료","translated"
"builder.feeReserve","Leaving a {count} sat fee reserve.","{count} sat의 수수료를 남깁니다.","translated"
"builder.flow","Flow","흐름","translated"
"builder.flowDescription","Pick a source, choose funds, add recipients, then preview the final transaction before sending.","소스를 선택하고 자금을 고른 다음 수신자를 추가한 뒤 보내기 전에 최종 거래를 미리 봅니다.","translated"
"builder.fundsSelected","Funds selected","자금 선택됨","translated"
"builder.fungibleAmount","Fungible Amount","Fungible Amount","needs-review"
"builder.fungibleTokens","Fungible Tokens","Fungible Tokens","needs-review"
"builder.genesisCollectible","Genesis input for this collectible","Genesis input for this collectible","needs-review"
"builder.genesisInput","Genesis input for this token","Genesis input for this token","needs-review"
"builder.help","Help","도움말","translated"
"builder.howWorks","How this works","작동 방식","translated"
"builder.inputs","Inputs","Inputs","needs-review"
"builder.leftoverBchPlaceholder","Wallet address for leftover BCH","남은 BCH를 받을 지갑 주소","translated"
"builder.max","Max","최대","translated"
"builder.maxSpendable","Set to maximum spendable (leaves 2000 sats for fees)","최대 사용 가능 금액으로 설정(수수료 2000 sats 남김)","translated"
"builder.missingUnlocker","Missing unlocker!","Unlocker가 없습니다!","translated"
"builder.next","Next","다음","translated"
"builder.nftCapability","NFT Capability","NFT Capability","needs-review"
"builder.nftCommitment","NFT Commitment","NFT Commitment","needs-review"
"builder.noContractAddresses","No contract addresses available.","사용 가능한 컨트랙트 주소가 없습니다.","translated"
"builder.noFundsSelected","No funds selected yet.","아직 자금을 선택하지 않았습니다.","translated"
"builder.none","None","None","needs-review"
"builder.nonFungibleTokens","Non-Fungible Tokens","Non-Fungible Tokens","needs-review"
"builder.noOutputs","No outputs added yet.","아직 출력을 추가하지 않았습니다.","translated"
"builder.noQrCode","No QR code detected. Please try again.","No QR code detected. Please try again.","needs-review"
"builder.noSpendableBalance","No spendable balance after fee reserve","수수료를 예약한 후 사용할 잔액이 없습니다.","translated"
"builder.noUtxosSelected","No UTXOs selected.","선택한 UTXO가 없습니다.","translated"
"builder.noWalletAddresses","No wallet addresses available.","사용 가능한 지갑 주소가 없습니다.","translated"
"builder.opReturnData","OP_RETURN Data","OP_RETURN Data","needs-review"
"builder.opReturnEmpty","OP_RETURN data cannot be empty.","OP_RETURN data cannot be empty.","needs-review"
"builder.opReturnOutput","OP_RETURN Output","OP_RETURN Output","needs-review"
"builder.opReturnPlaceholder","Enter space-separated ASCII words","Enter space-separated ASCII words","needs-review"
"builder.outputs","Outputs","Outputs","needs-review"
"builder.paperWallet","Paper Wallet","Paper Wallet","needs-review"
"builder.paperWalletUtxos","Paper Wallet UTXOs","Paper Wallet UTXOs","needs-review"
"builder.pickFunds","Pick funds","자금 선택","translated"
"builder.pickFundsDescription","Select the BCH, tokens, or collectibles that will fund this transaction.","이 거래에 사용할 BCH, 토큰 또는 수집품을 선택하세요.","translated"
"builder.rawTransactionDetails","Raw Transaction Details","원시 거래 세부 정보","translated"
"builder.ready","Ready","준비됨","translated"
"builder.recipient","{count} recipient","{count} recipient","needs-review"
"builder.recipientAddress","Recipient Address","수신자 주소","translated"
"builder.recipientCount","{count} recipients","{count} recipients","needs-review"
"builder.recipients","Recipients","수신자","translated"
"builder.recipientsAdded","Recipients added","수신자 추가됨","translated"
"builder.remove","Remove","제거","translated"
"builder.removeAllRecipients","Remove all recipients","모든 수신자 제거","translated"
"builder.returnLeftover","Return leftover funds to","남은 자금 반환 대상","translated"
"builder.reviewAndSend","Review and send","검토 후 보내기","translated"
"builder.reviewAndSendDescription","Preview first, then send only when the summary looks right.","먼저 미리 보고 요약이 맞을 때만 보내세요.","translated"
"builder.reviewFunds","Review funds","자금 검토","translated"
"builder.reviewRecipients","Review recipients","수신자 검토","translated"
"builder.scanQrCode","Scan QR Code","QR 코드 스캔","translated"
"builder.selectedFunds","Selected funds","선택한 자금","translated"
"builder.selectedItem","{count} selected item","{count} selected item","needs-review"
"builder.selectedItems","{count} selected items","{count} selected items","needs-review"
"builder.selectGenesisInput","Select genesis input","Select genesis input","needs-review"
"builder.selectSource","Select a source to continue.","계속하려면 소스를 선택하세요.","translated"
"builder.sendBch","Send BCH","BCH 보내기","translated"
"builder.sendTx","Send TX","Send TX","needs-review"
"builder.sendWarning","You are about to send a transaction. Please confirm that all details are correct. This action cannot be undone.","거래를 보내려고 합니다. 모든 세부 정보가 올바른지 확인하세요. 이 작업은 취소할 수 없습니다.","translated"
"builder.sourcesChosen","Sources chosen","소스 선택됨","translated"
"builder.step","Step {number}","{number}단계","translated"
"builder.token","Token","Token","needs-review"
"builder.tokenAddress","Token address","토큰 주소","translated"
"builder.tokenAmount","Token Amount","Token Amount","needs-review"
"builder.tokenCategory","Token Category","Token Category","needs-review"
"builder.tokenCategoryLabel","Token Category","Token Category","needs-review"
"builder.tokensCollectibles","Tokens & collectibles","Tokens & collectibles","needs-review"
"builder.transactionError","Transaction Error","거래 오류","translated"
"builder.transactionSubmitted","Transaction Submitted","거래 제출됨","translated"
"builder.transactionSubmittedDescription","Your transaction has been submitted. Use this txid as the reference and avoid sending it again.","거래를 제출했습니다. 이 txid를 참조로 사용하고 다시 보내지 마세요.","translated"
"builder.transactionSuccessful","Transaction Successful","거래 성공","translated"
"builder.transferMinimum","Transfer amount must be at least {count}.","Transfer amount must be at least {count}.","needs-review"
"builder.tryAgain","Try Again","다시 시도","translated"
"builder.txHash","Tx Hash","Tx Hash","needs-review"
"builder.txId","TX ID","TX ID","needs-review"
"builder.viewExplorer","View on Explorer","탐색기에서 보기","translated"
"builder.wallet","Wallet","Wallet","needs-review"
"builder.walletAssets","Wallet assets","Wallet assets","needs-review"
"builder.walletFunds","Wallet funds","지갑 자금","translated"
"builder.walletSourceCount","{count} wallet source(s)","{count} wallet source(s)","needs-review"
"builder.walletSourcePlural","{count} wallet sources","{count} wallet sources","needs-review"
"builder.walletSources","Wallet sources","지갑 소스","translated"
"builder.walletSourceSingular","{count} wallet source","{count} wallet source","needs-review"
"builder.warning","⚠️ Warning","⚠️ 경고","translated"
"camera.cancel","Cancel","취소","translated"
"camera.scan","Scan QR with camera","카메라로 QR 스캔","translated"
"camera.unavailable","Camera unavailable: {error}. Use Upload instead.","카메라를 사용할 수 없음: {error}. 업로드를 사용하세요.","translated"
"cauldron.active","active","활성","translated"
"cauldron.description","Detected from the active wallet receive/change/DeFi address set through the Cauldron indexer.","Cauldron 인덱서가 활성 지갑의 수신·잔돈·DeFi 주소 집합에서 감지했습니다.","translated"
"cauldron.positions","Cauldron positions","Cauldron 포지션","translated"
"cauldron.tokenCategories","token categories","토큰 카테고리","translated"
"chat.back","Back to conversations","대화로 돌아가기","translated"
"chat.choosePhoto","Choose photo","사진 선택","translated"
"chat.copyNpub","Copy npub","npub 복사","translated"
"chat.displayName","Display name","표시 이름","translated"
"chat.emptyDescription","Pick a conversation, or tap + to message someone by their npub. Messages are end-to-end encrypted over Nostr.","대화를 선택하거나 +를 눌러 npub으로 누군가에게 메시지를 보내세요. 메시지는 Nostr에서 종단 간 암호화됩니다.","translated"
"chat.encrypted","End-to-end encrypted","종단 간 암호화","translated"
"chat.messagePlaceholder","Message…","메시지…","stable-term"
"chat.newChat","New chat","새 채팅","translated"
"chat.newConversation","New conversation","새 대화","translated"
"chat.noConversations","No conversations yet. Tap + to start one.","아직 대화가 없습니다. +를 눌러 시작하세요.","translated"
"chat.noMessages","No messages yet. Say hi — messages are end-to-end encrypted.","아직 메시지가 없습니다. 인사를 건네 보세요. 메시지는 종단 간 암호화됩니다.","translated"
"chat.open","Open","열기","translated"
"chat.privateConversations","Your private conversations","내 비공개 대화","translated"
"chat.privateMessaging","Private Nostr messaging","비공개 Nostr 메시지","translated"
"chat.profile","Profile","프로필","translated"
"chat.profilePublished","Profile published ✓","프로필 게시됨 ✓","translated"
"chat.publishProfile","Publish profile","프로필 게시","translated"
"chat.recipient","Recipient npub…","수신자 npub…","translated"
"chat.searchConversations","Search conversations","대화 검색","translated"
"chat.send","Send","전송","translated"
"chat.setup","Nostr setup","Nostr 설정","translated"
"chat.title","Chat","채팅","translated"
"chat.youPrefix","You: ","나: ","translated"
"chat.yourNpub","Your npub","내 npub","translated"
"confirm.action","Confirm action","작업 확인","translated"
"confirm.cancel","Cancel","취소","translated"
"confirm.ok","OK","확인","stable-term"
"console.appLog","App Log","앱 로그","translated"
"console.clear","Clear","지우기","translated"
"console.noEntries","No log entries yet.","아직 로그 항목이 없습니다.","translated"
"console.placeholder","method [params…]","method [params…]","stable-term"
"console.rpc","Electrum RPC","Electrum RPC","stable-term"
"console.send","Send","보내기","translated"
"console.sending","…","…","stable-term"
"console.typeHint","Type: method param1 param2 — e.g. server.version or blockchain.headers.subscribe","입력: 메서드 매개변수1 매개변수2 — 예: server.version 또는 blockchain.headers.subscribe","translated"
"contract.arbiter","Arbiter: A trusted party who authorizes release of funds.","중재자: 자금 지급을 승인하는 신뢰할 수 있는 당사자입니다.","translated"
"contract.available","Available Contracts","사용 가능한 컨트랙트","translated"
"contract.bip38","BIP38 (Password-Protected Private Keys)","BIP38(비밀번호로 보호되는 개인 키)","translated"
"contract.bip38Desc","The BIP38 contract secures private keys with a password. Its UTXOs require both the correct password and a valid signature.","BIP38 컨트랙트는 비밀번호로 개인 키를 보호합니다. UTXO를 사용하려면 올바른 비밀번호와 유효한 서명이 모두 필요합니다.","translated"
"contract.bip38Spending","Spending Requirements: Provide a valid owner signature and a data signature verifying the password.","사용 조건: 유효한 소유자 서명과 비밀번호를 확인하는 데이터 서명을 제공합니다.","translated"
"contract.bip38UseCase","Use Case: Ideal for protecting private keys against theft or unauthorized access, especially for long-term storage.","용도: 특히 장기 보관에서 개인 키를 도난이나 무단 접근으로부터 보호하는 데 적합합니다.","translated"
"contract.enhancedTrust","Enhanced Trust: Useful for transactions requiring multiple trusted parties.","강화된 신뢰: 여러 신뢰 당사자가 필요한 거래에 유용합니다.","translated"
"contract.escrow","Escrow","Escrow","stable-term"
"contract.escrowDesc","The Escrow contract supports secure transactions between a buyer and seller with a trusted arbiter. Funds are released only with the arbiter’s approval.","Escrow 컨트랙트는 신뢰할 수 있는 중재자와 구매자·판매자 사이의 안전한 거래를 지원합니다. 중재자가 승인해야만 자금이 지급됩니다.","translated"
"contract.escrowMS2","EscrowMS2 (Multi-Party Escrow)","EscrowMS2(다자간 에스크로)","stable-term"
"contract.escrowMS2Desc","EscrowMS2 extends escrow with two arbiters. Funds can be released with one arbiter’s approval or both arbiters’ combined approval.","EscrowMS2는 두 명의 중재자를 사용하도록 에스크로를 확장합니다. 한 명의 승인 또는 두 중재자의 공동 승인으로 자금을 지급할 수 있습니다.","translated"
"contract.escrowMS2Spending","Spending Requirements: One arbiter or both arbiters provide valid signatures, and the full amount goes to the buyer or seller.","사용 조건: 한 명 또는 두 중재자가 유효한 서명을 제공하며 전액이 구매자나 판매자에게 이동합니다.","translated"
"contract.escrowSecurity","Security: Funds remain locked until the arbiter approves, helping prevent fraud or disputes.","보안: 중재자가 승인할 때까지 자금이 잠겨 사기나 분쟁을 예방하는 데 도움이 됩니다.","translated"
"contract.escrowSpending","Spending Requirements: The arbiter provides a valid signature and the full amount goes to the buyer’s or seller’s public-key-hash address.","사용 조건: 중재자가 유효한 서명을 제공하며 전액이 구매자 또는 판매자의 공개 키 해시 주소로 이동합니다.","translated"
"contract.howToUse","How to Use Covenant Contracts","Covenant 컨트랙트 사용 방법","translated"
"contract.howToUseText","Open the Contracts section, choose a contract type, configure its conditions, and deploy it. To spend from contract UTXOs, meet the specific spending requirements above. Detailed instructions and examples are available in the app documentation.","컨트랙트 섹션을 열고 유형을 선택한 뒤 조건을 구성하고 배포하세요. 컨트랙트 UTXO를 사용하려면 위의 사용 조건을 충족해야 합니다. 자세한 지침과 예시는 앱 문서에서 확인할 수 있습니다.","translated"
"contract.intro","Covenant contracts in the OPTN Wallet are smart contracts that enforce rules for spending digital assets. Each contract locks funds in UTXOs that can only be spent by meeting predefined conditions.","OPTN Wallet의 covenant 컨트랙트는 디지털 자산의 사용 규칙을 적용하는 스마트 컨트랙트입니다. 각 컨트랙트는 UTXO에 자금을 잠그며 미리 정한 조건을 충족해야 사용할 수 있습니다.","translated"
"contract.msvault","MSVault (Multi-Signature Vault)","MSVault(다중 서명 볼트)","stable-term"
"contract.msvaultDesc","MSVault creates a secure shared or long-term vault requiring multiple signatures and a password. It enforces a minimum balance and time lock.","MSVault는 여러 서명과 비밀번호가 필요한 공유 또는 장기 보관용 볼트를 만듭니다. 최소 잔액과 시간 잠금을 적용합니다.","translated"
"contract.msvaultSpending","Spending Requirements: Provide a valid signature and password-verified data signature while maintaining at least 4000 satoshis, or use a valid signature after the time lock expires.","사용 조건: 유효한 서명과 비밀번호로 확인된 데이터 서명을 제공하고 최소 4000 satoshi를 유지하거나, 시간 잠금 만료 후 유효한 서명을 사용합니다.","translated"
"contract.msvaultUseCase","Use Case: Suitable for shared ownership or long-term storage with strict access controls.","용도: 엄격한 접근 제어가 필요한 공동 소유 또는 장기 보관에 적합합니다.","translated"
"contract.multipleArbiters","Multiple Arbiters: Two arbiters can authorize release of funds.","복수 중재자: 두 중재자가 자금 지급을 승인할 수 있습니다.","translated"
"contract.multiSignature","Multi-Signature: Requires signatures from multiple authorized parties.","다중 서명: 여러 승인 당사자의 서명이 필요합니다.","translated"
"contract.p2pkh","P2PKH (Pay-to-Public-Key-Hash)","P2PKH(Pay-to-Public-Key-Hash)","stable-term"
"contract.p2pkhDesc","P2PKH is a standard Bitcoin script that protects UTXOs by requiring a signature from the owner of a specified public-key hash.","P2PKH는 지정된 공개 키 해시 소유자의 서명을 요구해 UTXO를 보호하는 표준 Bitcoin 스크립트입니다.","translated"
"contract.p2pkhSecurity","Security: A proven and reliable method for protecting digital assets.","보안: 디지털 자산을 보호하는 검증된 신뢰성 높은 방법입니다.","translated"
"contract.p2pkhSpending","Spending Requirements: Provide a valid signature matching the public-key hash in the contract.","사용 조건: 컨트랙트의 공개 키 해시와 일치하는 유효한 서명을 제공합니다.","translated"
"contract.passwordProtection","Password Protection: Encrypts your private key with a user-defined password.","비밀번호 보호: 사용자가 정한 비밀번호로 개인 키를 암호화합니다.","translated"
"contract.simplicity","Simplicity: Easy to use and compatible with most Bitcoin wallets.","간단함: 사용하기 쉽고 대부분의 Bitcoin 지갑과 호환됩니다.","translated"
"contract.timeControl","Time-Based Control: Sets a deadline for the recipient to claim funds.","시간 제어: 수신자가 자금을 청구할 기한을 설정합니다.","translated"
"contract.transfer","TransferWithTimeout","TransferWithTimeout","stable-term"
"contract.transferDesc","TransferWithTimeout enables conditional transfers with a deadline. The recipient can claim funds before the timeout; the sender can reclaim them afterward.","TransferWithTimeout은 기한이 있는 조건부 전송을 지원합니다. 수신자는 기한 전에 자금을 청구하고, 이후에는 송신자가 회수할 수 있습니다.","translated"
"contract.transferSpending","Spending Requirements: The recipient signs before the timeout; afterward, the sender can reclaim funds with a valid signature.","사용 조건: 수신자가 기한 전에 서명하고, 이후에는 송신자가 유효한 서명으로 회수할 수 있습니다.","translated"
"contract.transferUseCase","Use Cases: Useful for subscriptions, conditional payments, or escrow-like scenarios.","용도: 구독, 조건부 결제 또는 에스크로와 유사한 상황에 유용합니다.","translated"
"contractPopup.back","Back","뒤로","translated"
"contractPopup.chooseFunction","Select a function","함수 선택","translated"
"contractPopup.enterData","Please enter data to generate the message.","메시지를 생성할 데이터를 입력하세요.","translated"
"contractPopup.enterMessage","Enter message for {name}","{name}의 메시지 입력","translated"
"contractPopup.enterValue","Enter {name}","{name} 입력","translated"
"contractPopup.fetchFailed","Failed to fetch keys.","키를 가져오지 못했습니다.","translated"
"contractPopup.generated","Message generated successfully!","메시지를 생성했습니다!","translated"
"contractPopup.generateMessage","Generate Message","메시지 생성","translated"
"contractPopup.generationFailed","Failed to generate message.","메시지를 생성하지 못했습니다.","translated"
"contractPopup.invalidFormat","Invalid {type} format. Please scan a valid QR code.","{type} 형식이 올바르지 않습니다. 유효한 QR을 스캔하세요.","translated"
"contractPopup.message","Message","메시지","stable-term"
"contractPopup.messageForCheck","message for checkdatasig","checkdatasig 메시지","translated"
"contractPopup.noKeys","No keys found for address: {address}","주소의 키를 찾지 못했습니다: {address}","translated"
"contractPopup.noQr","No QR code detected. Please try again.","QR 코드를 감지하지 못했습니다. 다시 시도하세요.","translated"
"contractPopup.scanFor","Scan QR Code for {name}","{name}의 QR 스캔","translated"
"contractPopup.select","Select","선택","translated"
"contractPopup.selectAddress","Select Address","주소 선택","translated"
"contractPopup.selected","Selected {type}","{type} 선택됨","translated"
"contractPopup.title","Select a Function","함수 선택","translated"
"contractView.address","Address","주소","translated"
"contractView.addressCopied","Address copied to clipboard!","주소를 클립보드에 복사했습니다!","translated"
"contractView.argumentTypeInfo","Argument type info","인수 유형 정보","translated"
"contractView.back","Back","뒤로","translated"
"contractView.balance","Balance","잔액","translated"
"contractView.blockHeight","Current Block Height","현재 블록 높이","translated"
"contractView.blockHeightInfo","Blocks increment on an average interval of 10 minutes.","블록은 평균 10분 간격으로 증가합니다.","translated"
"contractView.constructorArgs","Constructor Arguments","생성자 인수","translated"
"contractView.copyFailed","Failed to copy address.","주소를 복사하지 못했습니다.","translated"
"contractView.create","Create Contract","컨트랙트 만들기","translated"
"contractView.created","Contract created successfully!","컨트랙트를 성공적으로 만들었습니다!","translated"
"contractView.createFailed","Failed to create contract: {message}","컨트랙트를 만들지 못했습니다: {message}","translated"
"contractView.createStep","3. Create the contract","3. 컨트랙트 만들기","translated"
"contractView.datasigInfo","Data signature info","데이터 서명 정보","translated"
"contractView.delete","Delete","삭제","translated"
"contractView.deleted","Contract deleted successfully!","컨트랙트를 성공적으로 삭제했습니다!","translated"
"contractView.deleteFailed","Failed to delete contract.","컨트랙트를 삭제하지 못했습니다.","translated"
"contractView.deleteFailedFallback","Failed to delete contract.","컨트랙트를 삭제하지 못했습니다.","translated"
"contractView.enterMessage","Enter message for {name}","{name}의 메시지 입력","translated"
"contractView.enterType","Enter a value matching type: {type}.","유형에 맞는 값을 입력하세요: {type}.","translated"
"contractView.error","Error","오류","translated"
"contractView.errorPrefix","Error: {message}","오류: {message}","translated"
"contractView.fillInputs","2. Fill constructor inputs","2. 생성자 입력값 작성","translated"
"contractView.fillRequired","Fill in each required value before creating the contract.","컨트랙트를 만들기 전에 필수 값을 모두 입력하세요.","translated"
"contractView.hashInfo","20-byte hash (hex) of an address/public key. Use “Select Address”.","주소/공개 키의 20바이트 해시(16진수)입니다. “주소 선택”을 사용하세요.","translated"
"contractView.howWorks","How this works","작동 방식","translated"
"contractView.instantiated","Instantiated Contracts","인스턴스화된 컨트랙트","translated"
"contractView.loadContractsFailed","Failed to load available contracts.","사용 가능한 컨트랙트를 불러오지 못했습니다.","translated"
"contractView.loadDetailsFailed","Failed to load contract details.","컨트랙트 세부 정보를 불러오지 못했습니다.","translated"
"contractView.loadInstancesFailed","Failed to load contract instances.","컨트랙트 인스턴스를 불러오지 못했습니다.","translated"
"contractView.noInputs","This contract template has no constructor inputs.","이 컨트랙트 템플릿에는 생성자 입력값이 없습니다.","translated"
"contractView.noInstances","No contract instances yet.","아직 컨트랙트 인스턴스가 없습니다.","translated"
"contractView.noQr","No QR code detected. Please try again.","QR 코드를 찾지 못했습니다. 다시 시도하세요.","translated"
"contractView.pickTemplate","1. Pick a template","1. 템플릿 선택","translated"
"contractView.privateKeyUnavailable","Private key unavailable for this address.","이 주소의 개인 키를 사용할 수 없습니다.","translated"
"contractView.publicKeyInfo","Public key in hex. Use “Select Address” to fill automatically.","16진수 공개 키입니다. 자동으로 입력하려면 “주소 선택”을 사용하세요.","translated"
"contractView.scanQr","Scan QR Code for {name}","{name}의 QR 코드 스캔","translated"
"contractView.selectAddress","Select Address","주소 선택","translated"
"contractView.selectContract","Select a contract","컨트랙트 선택","translated"
"contractView.selectData","Please select an address and enter data to sign.","주소를 선택하고 서명할 데이터를 입력하세요.","translated"
"contractView.selected","Selected {type}","{type} 선택됨","translated"
"contractView.signature","Signature","서명","stable-term"
"contractView.signatureFailed","Failed to generate signature.","서명을 생성하지 못했습니다.","translated"
"contractView.signatureGenerated","Signature generated successfully!","서명을 성공적으로 생성했습니다!","translated"
"contractView.signingAddress","Signing address","서명 주소","translated"
"contractView.signMessage","Sign Message","메시지 서명","translated"
"contractView.title","Contracts","컨트랙트","translated"
"contractView.tokenAddress","Token address","토큰 주소","translated"
"contractView.unavailable","Unavailable","사용할 수 없음","translated"
"contractView.unknownError","Unknown error","알 수 없는 오류","translated"
"contractView.update","Update","업데이트","translated"
"contractView.updated","Contract updated successfully!","컨트랙트를 성공적으로 업데이트했습니다!","translated"
"contractView.updateFailed","Failed to update contract.","컨트랙트를 업데이트하지 못했습니다.","translated"
"contractView.updateFailedFallback","Failed to update contract.","컨트랙트를 업데이트하지 못했습니다.","translated"
"derivation.accountIndex","Account index","계정 인덱스","translated"
"derivation.addressDerivation","Address derivation","주소 파생","translated"
"derivation.addressDerivationDescription","BIP44 account path used to derive this wallet.","이 지갑을 파생하는 데 사용하는 BIP44 계정 경로입니다.","translated"
"derivation.bip44AccountIndex","BIP44 account index","BIP44 계정 인덱스","translated"
"derivation.bip44CoinType","BIP44 coin type","BIP44 코인 유형","translated"
"derivation.branchDescription","Hardened markers are fixed. Receive and change addresses are derived automatically from the /0/index and /1/index branches.","hardened 표시는 고정됩니다. 수신 및 잔돈 주소는 /0/index와 /1/index 브랜치에서 자동으로 파생됩니다.","translated"
"derivation.coinType","Coin type","코인 유형","translated"
"derivation.customize","Customize","맞춤 설정","translated"
"derivation.invalidActive","The active derivation path is invalid.","활성 파생 경로가 잘못되었습니다.","translated"
"derivation.invalidValues","Invalid BIP44 path values.","잘못된 BIP44 경로 값입니다.","translated"
"derivation.networkDefault","Network default: {value}","네트워크 기본값: {value}","translated"
"derivation.pathDescription","The fixed BIP44 account path used by this wallet.","이 지갑에서 사용하는 고정 BIP44 계정 경로입니다.","translated"
"derivation.pathPreview","Path preview","경로 미리보기","translated"
"derivation.range","Enter whole numbers from 0 to {max}.","0부터 {max}까지의 정수를 입력하세요.","translated"
"derivation.required","{field} is required.","{field}은(는) 필수입니다.","translated"
"derivation.usuallyZero","Usually 0","보통 0","translated"
"derivation.walletNetwork","Wallet network","지갑 네트워크","translated"
"derivation.walletNetworkDescription","Choose whether this wallet connects to live funds on Mainnet or test funds on Chipnet.","Mainnet의 실제 자금 또는 Chipnet의 테스트 자금에 연결할지 선택합니다.","translated"
"desktopMenu.about","About OPTN Wallet","OPTN Wallet 정보","translated"
"desktopMenu.cannotExport","This wallet cannot be exported.","이 지갑은 내보낼 수 없습니다.","translated"
"desktopMenu.exported","Wallet exported.","지갑을 내보냈습니다.","translated"
"desktopMenu.exportFailed","Could not export the wallet.","지갑을 내보내지 못했습니다.","translated"
"desktopMenu.exportWallet","Export Wallet…","지갑 내보내기…","translated"
"desktopMenu.file","File","파일","translated"
"desktopMenu.help","Help","도움말","translated"
"desktopMenu.history","Transaction History","거래 내역","translated"
"desktopMenu.importNewWallet","Import New Wallet","새 지갑 가져오기","translated"
"desktopMenu.invalidWalletFile","That is not a valid OPTN wallet file.","유효한 OPTN 지갑 파일이 아닙니다.","translated"
"desktopMenu.lockWallet","Lock Wallet","지갑 잠금","translated"
"desktopMenu.noSavedWallets","No saved wallets","저장된 지갑 없음","translated"
"desktopMenu.openWallet","Open Wallet","지갑 열기","translated"
"desktopMenu.openWalletFile","Open Wallet File…","지갑 파일 열기…","translated"
"desktopMenu.quit","Quit","종료","translated"
"desktopMenu.receive","Receive","받기","translated"
"desktopMenu.refreshWallet","Refresh Wallet","지갑 새로 고침","translated"
"desktopMenu.send","Send","보내기","translated"
"desktopMenu.settings","Settings","설정","translated"
"desktopMenu.toggleTheme","Toggle Theme","테마 전환","translated"
"desktopMenu.view","View","보기","translated"
"desktopMenu.wallet","Wallet","지갑","translated"
"desktopSecurity.authenticating","Authenticating…","인증 중…","translated"
"desktopSecurity.biometricFailed","Biometric unlock failed. Use your password.","생체 인증 잠금 해제에 실패했습니다. 비밀번호를 사용하세요.","translated"
"desktopSecurity.confirmPassword","Confirm password","비밀번호 확인","translated"
"desktopSecurity.continue","Continue","계속","translated"
"desktopSecurity.enterPassword","Enter your password to unlock.","잠금을 해제하려면 비밀번호를 입력하세요.","translated"
"desktopSecurity.forgotPassword","Forgot your password? Remove the wallet and re-import your seed phrase.","비밀번호를 잊었나요? 지갑을 제거하고 복구 문구를 다시 가져오세요.","translated"
"desktopSecurity.incorrect","Incorrect passphrase. Please try again.","비밀번호가 올바르지 않습니다. 다시 시도하세요.","translated"
"desktopSecurity.loading","Loading wallet…","지갑 로드 중…","translated"
"desktopSecurity.mismatch","Passphrases do not match.","비밀번호가 일치하지 않습니다.","translated"
"desktopSecurity.password","Password","비밀번호","translated"
"desktopSecurity.passwordNeverStored","Your password is never stored — it derives your encryption key locally.","비밀번호는 저장되지 않으며 암호화 키가 로컬에서 파생됩니다.","translated"
"desktopSecurity.passwordPlaceholder","Password (or leave blank)","비밀번호 (또는 비워 두기)","translated"
"desktopSecurity.saveFailed","Failed to save passphrase. Please try again.","비밀번호를 저장하지 못했습니다. 다시 시도하세요.","translated"
"desktopSecurity.secureWallet","Secure your wallet","지갑 보호","translated"
"desktopSecurity.securing","Securing…","보호 중…","translated"
"desktopSecurity.setupDescription","Set a password to encrypt your wallet. You'll need it every time you open the app. Leave blank to use OS-account protection only.","지갑을 암호화할 비밀번호를 설정하세요. 앱을 열 때마다 필요합니다. 비워 두면 운영체제 계정 보호만 사용합니다.","translated"
"desktopSecurity.unlock","Unlock","잠금 해제","translated"
"desktopSecurity.unlockFailed","Unlock failed. Please try again.","잠금 해제에 실패했습니다. 다시 시도하세요.","translated"
"desktopSecurity.unlocking","Unlocking…","잠금 해제 중…","translated"
"desktopSecurity.useBiometric","Use {label}","{label} 사용","translated"
"desktopSecurity.walletLocked","Wallet locked","지갑 잠김","translated"
"desktopWallet.addAnother","Add another wallet","다른 지갑 추가","translated"
"desktopWallet.alreadyOpen","That wallet is already open in another window.","이 지갑은 다른 창에서 이미 열려 있습니다.","translated"
"desktopWallet.backToWallets","Back to wallets","지갑으로 돌아가기","translated"
"desktopWallet.biometricFailed","Biometric unlock failed: {message}","생체 인증 잠금 해제 실패: {message}","translated"
"desktopWallet.biometricUnlock","Biometric unlock","생체 인증 잠금 해제","translated"
"desktopWallet.cancel","Cancel","취소","translated"
"desktopWallet.delete","Delete","삭제","translated"
"desktopWallet.deleteConfirm","Delete “{name}” ({network}, #{id})? Its saved .optn file is kept, so you can re-import it later.","“{name}”( {network}, #{id})을(를) 삭제할까요? 저장된 .optn 파일은 유지되므로 나중에 다시 가져올 수 있습니다.","translated"
"desktopWallet.deleteLabel","Delete {name}","{name} 삭제","translated"
"desktopWallet.deleting","Deleting…","삭제 중…","translated"
"desktopWallet.device","Device","기기","translated"
"desktopWallet.filePasswordDescription","Enter this wallet file's password.","이 지갑 파일의 비밀번호를 입력하세요.","translated"
"desktopWallet.hardwareDescription","It will be used automatically to sign sends from software wallets while connected. Standalone hardware-only wallets with their own receive addresses are not supported yet.","연결되어 있는 동안 소프트웨어 지갑의 전송에 자동으로 서명합니다. 자체 수신 주소가 있는 하드웨어 전용 지갑은 아직 지원되지 않습니다.","translated"
"desktopWallet.hardwareTitle","Connect Hardware Wallet","하드웨어 지갑 연결","translated"
"desktopWallet.importFailed","Could not import this wallet file.","지갑 파일을 가져오지 못했습니다.","translated"
"desktopWallet.incorrectFilePassword","Incorrect password for this wallet file.","지갑 파일의 비밀번호가 올바르지 않습니다.","translated"
"desktopWallet.open","Open","열기","translated"
"desktopWallet.openButton","Open","열기","translated"
"desktopWallet.openFailed","Could not open this wallet. Please try again.","지갑을 열지 못했습니다. 다시 시도하세요.","translated"
"desktopWallet.openFile","Open “{name}”","“{name}” 열기","translated"
"desktopWallet.opening","Opening…","여는 중…","translated"
"desktopWallet.password","Password","비밀번호","translated"
"desktopWallet.unlock","Unlock","잠금 해제","translated"
"desktopWallet.unlocking","Unlocking…","잠금 해제 중…","translated"
"desktopWallet.useBiometric","Use {label}","{label} 사용","translated"
"desktopWallet.walletNumber","Wallet #{id}","지갑 #{id}","stable-term"
"desktopWallet.yourWallets","Your wallets","내 지갑","translated"
"error.somethingWrong","Something went wrong.","문제가 발생했습니다.","translated"
"experimental.cashFusionDescription","CashFusion is a non-custodial privacy protocol that combines your UTXOs with those of other users in a way that breaks transaction history linkage. Connect to a CashFusion server to participate. Your funds are never at risk — the protocol is trustless.","CashFusion은 다른 사용자의 UTXO와 내 UTXO를 결합해 거래 기록의 연결을 끊는 비수탁 개인정보 프로토콜입니다. 참여하려면 CashFusion 서버에 연결하세요. 프로토콜은 신뢰가 필요 없으므로 자금은 위험하지 않습니다.","translated"
"experimental.cashFusionWarning","Requires an active CashFusion server connection. Coming soon — toggle currently reserved.","활성 CashFusion 서버 연결이 필요합니다. 곧 제공되며 현재 토글은 예약 상태입니다.","translated"
"experimental.description","These features are under active development. Enable them to test new capabilities — they may change or be incomplete in future updates.","이 기능은 활발히 개발 중입니다. 새 기능을 테스트하려면 활성화하세요. 향후 업데이트에서 변경되거나 미완성일 수 있습니다.","translated"
"experimental.disable","Disable","비활성화","translated"
"experimental.enable","Enable","활성화","translated"
"experimental.features","Experimental Features","실험적 기능","translated"
"experimental.privacy","Privacy","개인정보 보호","translated"
"experimental.quantumDescription","Quantumroot vaults protect funds with a quantum-resistant Schnorr LM-OTS scheme. Enabled by default. Turn off to hide Quantumroot from the wallet if you don't use it.","Quantumroot 볼트는 양자 내성 Schnorr LM-OTS 방식으로 자금을 보호합니다. 기본으로 활성화됩니다. 사용하지 않으면 끄고 Quantumroot를 숨길 수 있습니다.","translated"
"experimental.quantumSafe","Quantum-safe","양자 안전","translated"
"experimental.rpaBadge","BCH RPA","BCH RPA","stable-term"
"experimental.rpaDescription","Generates a static paycode (paycode:q...) that you can share publicly. Senders derive a unique one-time address for each payment via ECDH — no notification transaction, no chain bloat. Received stealth funds appear separately as 'Stealth BCH'. Scanning requires a Fulcrum-RPA capable server.","공개적으로 공유할 수 있는 정적 Paycode(paycode:q...)를 생성합니다. 송금자는 ECDH로 결제마다 고유한 일회성 주소를 파생합니다. 알림 트랜잭션이나 체인 부풀림이 없습니다. 받은 스텔스 자금은 “스텔스 BCH”로 따로 표시됩니다. 스캔에는 Fulcrum-RPA 서버가 필요합니다.","translated"
"experimental.rpaTitle","Reusable Payment Addresses (RPA)","재사용 가능한 결제 주소(RPA)","translated"
"experimental.rpaWarning","Sending to paycodes requires signature grinding (not yet implemented). Receiving and scanning are available.","Paycode로 보내려면 서명 grinding이 필요하며 아직 구현되지 않았습니다. 수신과 스캔은 사용할 수 있습니다.","translated"
"faucet.captcha","Answer the captcha question","captcha 질문에 답하기","translated"
"faucet.clickLink","Click the Chipnet Faucet link","Chipnet Faucet 링크 클릭","translated"
"faucet.copyAddress","Copy a BCH Chipnet address","BCH Chipnet 주소 복사","translated"
"faucet.getCoins","Press ""Get Coins""","“Get Coins” 누르기","translated"
"faucet.instructions","Instructions","안내","stable-term"
"faucet.name","Chipnet Faucet","Chipnet Faucet","stable-term"
"faucet.pasteAddress","Paste your address","주소 붙여넣기","translated"
"faucet.selectNetwork","Select ""chipnet"" in the NETWORK box","NETWORK 상자에서 “chipnet” 선택","translated"
"faucet.tooltip","Get Chipnet BCH","Chipnet BCH 받기","translated"
"fusion.addPlaceholder","Add server — host:port (e.g. fusion.example.com:8789)","서버 추가 — 호스트:포트(예: fusion.example.com:8789)","translated"
"fusion.autoTry","Auto — try each until one responds","자동 — 응답할 때까지 각각 시도","translated"
"fusion.busy","A fusion round is already running for this wallet.","이 지갑에서 Fusion 라운드가 이미 실행 중입니다.","translated"
"fusion.choose","Choose how to fuse:","융합 방법 선택:","translated"
"fusion.coinjoinAnyNetwork","Both the server path and P2P Fusion run real CoinJoins on any network. Some wallet-hardening items are still pending, but each round verifies your own outputs before signing, so it fails safely.","서버 경로와 P2P Fusion은 모든 네트워크에서 실제 CoinJoin을 실행합니다. 일부 지갑 강화 항목은 아직 대기 중이지만 각 라운드가 서명 전에 사용자 출력을 확인하므로 안전하게 실패합니다.","translated"
"fusion.coinjoinBoth","Both run a real CoinJoin.","둘 다 실제 CoinJoin을 실행합니다.","translated"
"fusion.componentFeeRate","Component fee rate","구성 요소 수수료율","translated"
"fusion.componentsPlayer","Components / player","구성 요소 / 참가자","translated"
"fusion.connectingTor","Connecting via Tor{port}.","Tor{port}를 통해 연결 중입니다.","translated"
"fusion.cooldown","Waiting for the auto-fusion cooldown.","자동 융합 대기 시간 중입니다.","translated"
"fusion.disable","Disable","비활성화","translated"
"fusion.donation","Donation","기부","translated"
"fusion.enable","Enable","활성화","translated"
"fusion.enabled","CashFusion Enabled","CashFusion 활성화됨","translated"
"fusion.enableP2p","Enable P2P Fusion","P2P Fusion 활성화","translated"
"fusion.enableServer","Enable Server Fusion","서버 Fusion 활성화","translated"
"fusion.excessFeeRange","Excess fee range","초과 수수료 범위","translated"
"fusion.experimentalPending","Experimental — still pending: {items}.","실험적 기능 — 아직 대기 중: {items}.","translated"
"fusion.failed","Failed ✗","실패 ✗","translated"
"fusion.fewServers","CashFusion intentionally has few public servers — a larger anonymity set on fewer servers is better than being spread thin. Add your own or a community server above.","CashFusion은 의도적으로 공개 서버를 적게 운영합니다. 적은 서버에서 더 큰 익명 집합을 만드는 것이 지나치게 분산하는 것보다 좋습니다. 위에 개인 또는 커뮤니티 서버를 추가하세요.","translated"
"fusion.fused","Fused ✓ — txid {txid}","융합됨 ✓ — txid {txid}","translated"
"fusion.fusing","Fusing…","융합 중…","translated"
"fusion.handshakeOk","Handshake OK ✓","핸드셰이크 성공 ✓","translated"
"fusion.handshaking","Handshaking…","핸드셰이크 중…","translated"
"fusion.hide","Hide","숨기기","translated"
"fusion.howWorks","How does it work?","어떻게 작동하나요?","translated"
"fusion.mobileUnsupported","CashFusion needs a raw TCP connection, which a mobile/web browser cannot open. Available in the desktop app.","CashFusion은 모바일/웹 브라우저가 열 수 없는 원시 TCP 연결이 필요합니다. 데스크톱 앱에서 사용할 수 있습니다.","translated"
"fusion.more","more","더 보기","translated"
"fusion.noEligibleCoins","No coins are eligible to fuse right now.","지금 융합할 수 있는 코인이 없습니다.","translated"
"fusion.now","Fuse Now","지금 융합","translated"
"fusion.nowDescription","CoinJoin via the server configured in Servers. Needs Tor + at least 2 players in a tier.","서버 설정에 구성된 서버를 통한 CoinJoin입니다. Tor와 같은 티어의 참가자 2명 이상이 필요합니다.","translated"
"fusion.openWallet","Open a wallet to run a P2P round.","P2P 라운드를 실행하려면 지갑을 여세요.","translated"
"fusion.or","or","또는","translated"
"fusion.p2pMode","P2P Fusion","P2P Fusion","stable-term"
"fusion.p2pModeDescription","Serverless — peers over Nostr + Tor. Auto-fuses when on. Turning this on turns Server Fusion off.","서버 없음 — Nostr + Tor를 통한 피어 연결. 켜져 있으면 자동으로 융합하며, 켜면 서버 Fusion이 꺼집니다.","translated"
"fusion.p2pModeLabel","P2P Fusion","P2P Fusion","stable-term"
"fusion.poolTiers","Pool tiers","풀 티어","translated"
"fusion.privacy","Privacy","개인정보 보호","translated"
"fusion.protocolNote","Steps 1–4 run end-to-end on the server path: the wallet joins a pool, exchanges blind signatures, submits over Tor, and broadcasts the assembled CoinJoin. P2P Fusion runs the same round without a server over Nostr and Tor. Experimental wallet-hardening items are still pending, but your own outputs are verified before signing, so an invalid round fails safely.","1~4단계는 서버 경로에서 끝까지 실행됩니다. 지갑이 풀에 참여하고 블라인드 서명을 교환한 뒤 Tor로 제출하고 조립된 CoinJoin을 브로드캐스트합니다. P2P Fusion은 Nostr와 Tor를 통해 서버 없이 같은 라운드를 실행합니다. 일부 실험적 지갑 강화 항목은 아직 대기 중이지만, 서명 전에 사용자의 출력을 확인하므로 잘못된 라운드는 안전하게 실패합니다.","translated"
"fusion.queryAuto","Query (Auto)","조회(자동)","translated"
"fusion.queryServer","Query Server","서버 조회","translated"
"fusion.remoteTorRequired","This is a remote server, so Tor is required — but no Tor proxy was found. Start Tor above, or the query will be refused.","원격 서버이므로 Tor가 필요하지만 Tor 프록시를 찾지 못했습니다. 위에서 Tor를 시작하거나 조회가 거부됩니다.","translated"
"fusion.selected","● selected","● 선택됨","translated"
"fusion.serverMode","Fuse Now using CashFusion server","CashFusion 서버로 지금 융합","translated"
"fusion.serverModeDescription","Fuse via a CashFusion server. Auto-fuses when on.","CashFusion 서버를 통해 융합합니다. 켜져 있으면 자동으로 융합합니다.","translated"
"fusion.serverModeLabel","Server Fusion","서버 Fusion","translated"
"fusion.serverParameters","Server parameters (live)","서버 매개변수(실시간)","translated"
"fusion.servers","Fusion servers","Fusion 서버","stable-term"
"fusion.step1","1. Pool joining.","1. 풀 참여.","translated"
"fusion.step1Text","Your wallet announces UTXOs it wants to fuse to the server.","지갑이 융합할 UTXO를 서버에 알립니다.","translated"
"fusion.step2","2. Blind signing.","2. 블라인드 서명.","translated"
"fusion.step2Text","Participants generate blinded output addresses and exchange blind signatures — nobody learns the input-to-output mapping.","참여자들이 블라인드 출력 주소를 만들고 블라인드 서명을 교환하므로 입력과 출력의 연결을 아무도 알 수 없습니다.","translated"
"fusion.step3","3. Covert submission.","3. 비공개 제출.","translated"
"fusion.step3Text","Each participant submits the transaction via Tor or direct connection. The server assembles the final transaction.","각 참여자가 Tor 또는 직접 연결로 거래를 제출합니다. 서버가 최종 거래를 조립합니다.","translated"
"fusion.step4","4. Broadcast.","4. 브로드캐스트.","translated"
"fusion.step4Text","All participants broadcast the jointly constructed transaction.","모든 참여자가 함께 만든 거래를 브로드캐스트합니다.","translated"
"fusion.summary","CashFusion combines UTXOs from many participants into a single transaction, breaking blockchain history links between inputs and outputs. It is non-custodial — your funds never leave your control.","CashFusion은 여러 참여자의 UTXO를 하나의 거래로 결합해 블록체인 기록에서 입력과 출력의 연결을 끊습니다. 비수탁 방식이므로 자금은 항상 사용자가 통제합니다.","translated"
"fusion.syncingCoins","Syncing wallet coins — try again in a moment.","지갑 코인 동기화 중입니다. 잠시 후 다시 시도하세요.","translated"
"fusion.tiers","Tiers","티어","translated"
"fusion.torOff","Tor is off. Remote fusion queries will be refused — enable Tor above, or use a localhost server.","Tor가 꺼져 있습니다. 원격 Fusion 조회가 거부됩니다. 위에서 Tor를 켜거나 localhost 서버를 사용하세요.","translated"
"hardware.active","active","활성","translated"
"hardware.advanced","Advanced (derivation path)","고급 (파생 경로)","translated"
"hardware.airGap","air-gap","에어갭","translated"
"hardware.beforeConnecting","Before connecting","연결하기 전에","translated"
"hardware.bip44Path","BIP44 path","BIP44 경로","translated"
"hardware.comingSoon","Coming soon","곧 제공","translated"
"hardware.connect","Connect {device}","{device} 연결","translated"
"hardware.connecting","Connecting…","연결 중…","translated"
"hardware.connectionType","Connection type","연결 유형","translated"
"hardware.description","The device holds your private keys. The wallet is the bridge. Keys never leave the hardware.","기기가 개인 키를 보관합니다. 키는 하드웨어를 떠나지 않습니다.","translated"
"hardware.disconnect","Disconnect","연결 해제","translated"
"hardware.enableKeystone","Enable Keystone (QR mode)","Keystone 활성화 (QR 모드)","translated"
"hardware.howItWorks","How it works","작동 방식","translated"
"hardware.keystoneHow","Keystone's air-gapped QR signing isn't finished yet — the app can't build or read the QR codes it would need to in this build. Support is planned but not ready for real funds.","Keystone 에어갭 QR 서명은 실제 자금에 아직 사용할 수 없습니다.","translated"
"hardware.keystoneSubtitle","Air-gapped QR signing — not yet supported","에어갭 QR 서명 — 아직 지원되지 않음","translated"
"hardware.ledgerStep1","USB: plug in → enter PIN → open Bitcoin Cash app","USB: 연결 → PIN 입력 → Bitcoin Cash 앱 열기","translated"
"hardware.ledgerStep2","Bluetooth (Nano X): enable BLE on device → open Bitcoin Cash app","Bluetooth (Nano X): BLE 활성화 → Bitcoin Cash 앱 열기","translated"
"hardware.ledgerStep3","The browser will show a device picker prompt","브라우저에 기기 선택 창이 표시됩니다","translated"
"hardware.ledgerSubtitle","USB (WebHID) or Bluetooth (Nano X)","USB (WebHID) 또는 Bluetooth (Nano X)","translated"
"hardware.notSupported","{device} support isn't finished yet — it can't connect or sign in this build. Pick another device, or use the software wallet.","{device} 지원은 아직 완료되지 않았습니다. 다른 기기를 선택하거나 소프트웨어 지갑을 사용하세요.","translated"
"hardware.onekeyStep1","Install OneKey Bridge if not already installed","필요하면 OneKey Bridge 설치","translated"
"hardware.onekeyStep2","Plug in your OneKey device or pair via Bluetooth","USB로 OneKey를 연결하거나 Bluetooth로 페어링","translated"
"hardware.onekeyStep3","Unlock your device with your PIN","PIN으로 기기 잠금 해제","translated"
"hardware.onekeyStep4","Allow the connection when requested","요청되면 연결 허용","translated"
"hardware.onekeySubtitle","USB or Bluetooth via OneKey Bridge","OneKey Bridge를 통한 USB 또는 Bluetooth","translated"
"hardware.path","Path","경로","translated"
"hardware.softwareHow","Your private keys never leave the device. The wallet builds an unsigned transaction, the device shows the details on its screen, you physically confirm, and the device sends back only the signature. Like Electron Cash's hardware wallet mode.","지갑이 서명되지 않은 거래를 만들고 기기가 세부 정보를 표시합니다. 확인 후 기기는 서명만 돌려줍니다.","translated"
"hardware.softwareLabel","Software Wallet","소프트웨어 지갑","translated"
"hardware.softwareSubtitle","Encrypted keys stored on this device","이 기기에 저장된 암호화 키","translated"
"hardware.title","Hardware Wallet","하드웨어 지갑","translated"
"hardware.trezorStep1","Install Trezor Suite — it includes the Bridge daemon","Trezor Suite 설치 — Bridge 데몬 포함","translated"
"hardware.trezorStep2","Plug in your Trezor (USB) or pair via Bluetooth (newer models)","USB로 Trezor를 연결하거나 Bluetooth로 페어링","translated"
"hardware.trezorStep3","Unlock your device with your PIN","PIN으로 기기 잠금 해제","translated"
"hardware.trezorStep4","Allow the connection popup when it appears","연결 팝업이 나타나면 허용","translated"
"hardware.trezorSubtitle","USB or Bluetooth via Trezor Bridge","Trezor Bridge를 통한 USB 또는 Bluetooth","translated"
"history.awaitingConfirmation","Awaiting confirmation","확인 대기 중","translated"
"history.block","Block","블록","translated"
"history.closeDetails","Close details","세부 정보 닫기","translated"
"history.confirmations","{count} confirmations","{count}회 확인","stable-term"
"history.confirmed","Confirmed","확인됨","translated"
"history.detailsUnavailable","Transaction details are not available from Electrum right now.","현재 Electrum에서 거래 세부 정보를 사용할 수 없습니다.","translated"
"history.fee","Fee","수수료","translated"
"history.first","First","처음","translated"
"history.last","Last","마지막","translated"
"history.loadDetailsFailed","Failed to load transaction details.","거래 세부 정보를 불러오지 못했습니다.","translated"
"history.loadingDetails","Loading transaction details…","거래 세부 정보 로드 중…","translated"
"history.newestFirst","Newest first","최신 순","translated"
"history.noActivity","No activity yet","활동 없음","translated"
"history.noData","No data available.","데이터 없음","translated"
"history.noTransactions","No transactions available yet.","트랜잭션 없음","translated"
"history.oldestFirst","Oldest first","오래된 순","translated"
"history.openExplorer","Open in explorer","탐색기에서 열기","translated"
"history.output","Output","출력","translated"
"history.pending","Pending","대기 중","translated"
"history.perPage","{count} per page","페이지당 {count}개","translated"
"history.recipients","Recipients","수신자","translated"
"history.recorded","{count} recorded","{count}개 기록됨","translated"
"history.senders","Senders","송신자","translated"
"history.status","Status","상태","stable-term"
"history.sync","Sync","동기화","translated"
"history.timestamp","Timestamp","타임스탬프","translated"
"history.title","Transaction History","거래 내역","translated"
"history.transaction","Transaction","트랜잭션","stable-term"
"history.transactionHash","Transaction Hash","트랜잭션 해시","translated"
"history.unavailable","Unavailable","사용할 수 없음","translated"
"history.unconfirmed","Unconfirmed","미확인","translated"
"history.unknown","Unknown","알 수 없음","translated"
"history.yourWallet","Your wallet","내 지갑","translated"
"home.block","Block","블록","translated"
"home.confirmed","Confirmed","확인됨","translated"
"home.latestActivity","Latest wallet activity","최근 지갑 활동","translated"
"home.noQrCode","No QR code detected. Try again.","QR 코드를 찾을 수 없습니다. 다시 시도하세요.","translated"
"home.noRecentActivity","No recent activity yet.","최근 활동이 없습니다.","translated"
"home.pending","Pending","대기 중","translated"
"home.pendingConfirmation","Pending confirmation","확인 대기 중","translated"
"home.portfolio","Portfolio","포트폴리오","translated"
"home.quickActions","Quick Actions","빠른 작업","translated"
"home.receive","Receive","받기","translated"
"home.recentActivity","Recent Activity","최근 활동","translated"
"home.scanQr","Scan QR","QR 스캔","translated"
"home.send","Send","보내기","translated"
"home.sync","Sync","동기화","translated"
"home.syncing","Syncing…","동기화 중…","translated"
"home.title","Home","홈","translated"
"home.toggleBalance","Toggle BCH and USD balance","BCH 및 USD 잔액 전환","translated"
"home.unsupportedQr","QR scanned, but it is not a supported wallet payload.","QR을 스캔했지만 지원되는 지갑 데이터가 아닙니다.","translated"
"home.usdPriceUnavailable","USD price unavailable","USD 가격 사용 불가","translated"
"home.usdUnavailable","USD unavailable","USD 사용 불가","translated"
"home.viewAll","View all","모두 보기","translated"
"home.walletOverview","Wallet overview","지갑 개요","translated"
"nav.actions","Actions","작업","stable-term"
"nav.apps","Apps","앱","translated"
"nav.assets","Assets","자산","translated"
"nav.home","Home","홈","translated"
"nav.settings","Settings","설정","translated"
"network.chipnet","Chipnet","Chipnet","stable-term"
"network.mainnet","Mainnet","Mainnet","stable-term"
"network.switch","Switch network. Current: {network}","네트워크 전환. 현재: {network}","translated"
"nftConfig.capability","NFT Capability","NFT 권한","translated"
"nftConfig.commitment","NFT Commitment","NFT 커밋먼트","translated"
"nftConfig.done","Done","완료","translated"
"nftConfig.minting","minting","발행","translated"
"nftConfig.mintingDescription","one NFT authority that can create multiple next NFTs.","여러 후속 NFT를 만들 수 있는 NFT 권한 1개","translated"
"nftConfig.mutable","mutable","변경 가능","translated"
"nftConfig.mutableDescription","one NFT that may update its commitment when spent.","사용 시 commitment를 바꿀 수 있는 NFT 1개","translated"
"nftConfig.none","none","없음","translated"
"nftConfig.noneDescription","one immutable NFT, best for approvals or receipts.","승인이나 영수증에 적합한 불변 NFT 1개","translated"
"nftConfig.placeholder","Up to 40 bytes","최대 40바이트","translated"
"nftConfig.title","NFT Configuration","NFT 구성","translated"
"nostr.active","{active}/{total} active","{active}/{total}개 활성","translated"
"nostr.add","Add","추가","translated"
"nostr.chat","Nostr chat","Nostr 채팅","translated"
"nostr.checking","Checking…","확인 중…","translated"
"nostr.checkRelayStatus","Check relay status","릴레이 상태 확인","translated"
"nostr.connected","connected","연결됨","translated"
"nostr.deriving","Deriving…","파생 중…","translated"
"nostr.disable","Disable","비활성화","translated"
"nostr.dmDescription","End-to-end encrypted DMs using NIP-17.","NIP-17을 사용하는 종단 간 암호화 DM입니다.","translated"
"nostr.enable","Enable","활성화","translated"
"nostr.identity","Nostr identity","Nostr ID","translated"
"nostr.identityDescription","Derived from your seed via NIP-06 (a separate path) — your spending keys are never reused.","NIP-06을 통해 seed에서 파생된 별도 경로입니다. 지출 키는 재사용되지 않습니다.","translated"
"nostr.invalidRelay","Enter a secure relay URL beginning with wss://","wss://로 시작하는 보안 릴레이 URL을 입력하세요","translated"
"nostr.privacyWarning","Relay operators can still observe connection metadata, timing, and recipient tags. Encrypted content is not the same as network anonymity.","릴레이 운영자는 연결 메타데이터, 시간 및 수신자 태그를 볼 수 있습니다. 암호화된 콘텐츠가 네트워크 익명성을 의미하지는 않습니다.","translated"
"nostr.relays","Relays","릴레이","stable-term"
"nostr.relaysDescription","WSS relays used for chat and the P2P-fusion transport. Add your own or use the defaults.","채팅과 P2P-Fusion 전송에 사용하는 WSS 릴레이입니다. 직접 추가하거나 기본값을 사용하세요.","translated"
"nostr.remove","Remove","삭제","translated"
"nostr.unknown","unknown","알 수 없음","translated"
"nostr.unreachable","unreachable","연결할 수 없음","translated"
"notifications.dismiss","Dismiss","닫기","translated"
"notifications.fundsReceived","Funds received","자금 수신","translated"
"notifications.fundsReceivedBody","{amount} sats to {address} • {txid}","{amount} sats → {address} • {txid}","translated"
"notifications.incomingBch","Incoming BCH","BCH 수신","translated"
"notifications.incomingToken","Incoming token","토큰 수신","translated"
"notifications.transactionConfirmed","Transaction confirmed","거래가 확인됨","translated"
"notifications.unknownAddress","unknown address","알 수 없는 주소","translated"
"onboarding.back","Back","뒤로","translated"
"onboarding.closeHelp","Close help","도움말 닫기","translated"
"onboarding.confirm","Confirm","확인","translated"
"onboarding.confirmError","Those don't match your seed phrase. Check the words and try again.","단어가 시드 문구와 일치하지 않습니다. 확인하고 다시 시도하세요.","translated"
"onboarding.confirmInstruction","Type the requested words to prove you saved them correctly.","저장한 단어가 올바른지 확인하기 위해 요청된 단어를 입력하세요.","translated"
"onboarding.confirmPasswordPlaceholder","Confirm password","비밀번호 확인","translated"
"onboarding.confirmSeed","Confirm Your Seed Phrase","시드 문구 확인","translated"
"onboarding.connectHardware","Connect Hardware Wallet","하드웨어 지갑 연결","translated"
"onboarding.continue","Continue","계속","translated"
"onboarding.createNewWallet","Create New Wallet","새 지갑 만들기","translated"
"onboarding.createWallet","Create Wallet","지갑 만들기","translated"
"onboarding.createWatchOnly","Create Watch-Only Wallet","보기 전용 지갑 만들기","translated"
"onboarding.creating","Creating Wallet…","생성 중…","translated"
"onboarding.creationFailed","Wallet creation failed. Please try again.","지갑 생성에 실패했습니다. 다시 시도하세요.","translated"
"onboarding.databasePreparationFailed","Could not prepare the wallet on this device.","이 장치에서 지갑을 준비하지 못했습니다.","translated"
"onboarding.generatedMnemonic","Generated Mnemonic:","생성된 니모닉:","translated"
"onboarding.generatingSeed","Generating seed phrase…","시드 문구 생성 중…","translated"
"onboarding.helpCreateDescription","Use this if you want a new wallet with a fresh seed phrase on this device.","이 장치에서 새 시드 문구로 새 지갑을 만들려면 사용하세요.","translated"
"onboarding.helpCreateTitle","Create Wallet","지갑 만들기","translated"
"onboarding.helpDescription","Create a wallet for the first time or restore one you already have.","처음 지갑을 만들거나 기존 지갑을 복원하세요.","translated"
"onboarding.helpImportDescription","Use this if you already have a 12-word recovery phrase and want access to an existing wallet.","12단어 복구 문구가 있고 기존 지갑에 접근하려면 사용하세요.","translated"
"onboarding.helpImportTitle","Import Wallet","지갑 가져오기","translated"
"onboarding.helpNetworkDescription","Select Mainnet for real funds or CHIPNET for test funds before you proceed.","계속하기 전에 실제 자금은 Mainnet, 테스트 자금은 CHIPNET을 선택하세요.","translated"
"onboarding.helpNetworkTitle","Choose a network","네트워크 선택","translated"
"onboarding.helpTitle","Getting started","시작하기","translated"
"onboarding.importFailed","Wallet import failed. Please try again.","지갑 가져오기에 실패했습니다. 다시 시도하세요.","translated"
"onboarding.importing","Importing Wallet…","가져오는 중…","translated"
"onboarding.importWallet","Import Wallet","지갑 가져오기","translated"
"onboarding.invalidMnemonic","Enter a valid English BIP39 recovery phrase with 12, 15, 18, 21, or 24 words.","12, 15, 18, 21 또는 24개의 영어 BIP39 복구 문구를 입력하세요.","translated"
"onboarding.missingWord","Word {number} is missing.","{number}번째 단어가 없습니다.","translated"
"onboarding.mnemonicLoading","The recovery phrase is still loading. Please wait a moment.","복구 문구를 아직 불러오는 중입니다. 잠시 기다리세요.","translated"
"onboarding.mnemonicWarning","Your recovery phrase is the master key to your wallet. Store it securely and never share it.","복구 문구는 지갑의 마스터 키입니다. 안전하게 보관하고 절대 공유하지 마세요.","translated"
"onboarding.nameRequired","Give this wallet a name.","지갑 이름을 입력하세요.","translated"
"onboarding.nameWallet","Name This Wallet","지갑 이름 지정","translated"
"onboarding.nameWalletDescription","Give this wallet a name and a password. Each wallet on this device has its own independent password.","이 지갑의 이름과 비밀번호를 설정하세요. 이 장치의 각 지갑은 독립적인 비밀번호를 사용합니다.","translated"
"onboarding.passwordMismatch","Passwords do not match.","비밀번호가 일치하지 않습니다.","translated"
"onboarding.passwordPlaceholder","Password (or leave blank)","비밀번호 (비워 두기 가능)","translated"
"onboarding.poweredBy","Powered with Bitcoin Covenants for Bitcoin Cash","Bitcoin Cash를 위한 Bitcoin Covenant 기반","translated"
"onboarding.recoveryDescription","Enter your BIP39 recovery phrase (12, 15, 18, 21, or 24 words). Each box corresponds to the word order.","영어 BIP39 복구 문구(12, 15, 18, 21 또는 24단어)를 입력하세요. 각 상자는 단어 순서에 대응합니다.","translated"
"onboarding.recoveryPhrase","Recovery Phrase","복구 문구","translated"
"onboarding.seedInstruction","Write these 12 words down in order and keep them somewhere safe. Anyone with this phrase can spend your funds — never share it or store it digitally.","이 12개 단어를 순서대로 적어 안전한 곳에 보관하세요. 이 문구를 가진 사람은 누구나 자금을 사용할 수 있으므로 절대 공유하거나 디지털로 저장하지 마세요.","translated"
"onboarding.seedTitle","Your Seed Phrase","시드 문구","translated"
"onboarding.toggleTheme","Toggle theme","테마 전환","translated"
"onboarding.walletAlreadyAvailable","This wallet is already available on this device.","이 지갑은 이미 이 장치에서 사용할 수 있습니다.","translated"
"onboarding.walletAlreadyExists","This wallet may already exist on this device.","이 지갑이 장치에 이미 있을 수 있습니다.","translated"
"onboarding.walletNamePlaceholder","Wallet name","지갑 이름","translated"
"onboarding.walletSavedIdFailed","Wallet was saved, but its wallet ID could not be resolved.","지갑은 저장했지만 지갑 ID를 확인할 수 없습니다.","translated"
"onboarding.walletSetup","Wallet Setup","지갑 설정","translated"
"onboarding.walletSetupDescription","Choose the network and address path this wallet will use.","이 지갑에서 사용할 네트워크와 주소 경로를 선택하세요.","translated"
"onboarding.welcomeAlt","OPTN Wallet","OPTN 지갑","stable-term"
"onboarding.word","Word","단어","translated"
"onboarding.wordCountLabel","Phrase length","문구 길이","translated"
"onboarding.wordPlaceholder","word","단어","translated"
"onboarding.words","words","단어","translated"
"onboarding.wroteItDown","I've written it down","기록했습니다","translated"
"outbox.amount","Amount","금액","translated"
"outbox.clearPending","Clear pending lock","대기 잠금 지우기","translated"
"outbox.clearPendingTitle","Clear this pending lock if the transaction was not actually sent","거래가 실제로 전송되지 않았다면 이 대기 잠금을 지웁니다","translated"
"outbox.copyTxid","Copy txid","txid 복사","translated"
"outbox.daysAgo","{count}d ago","{count}일 전","translated"
"outbox.description","Offline-first protection keeps new sends paused until these transactions are seen or safely released.","오프라인 우선 보호 기능은 거래가 확인되거나 안전하게 해제될 때까지 새 송금을 일시 중지합니다.","translated"
"outbox.destination","Destination","목적지","stable-term"
"outbox.dismiss","Dismiss","닫기","translated"
"outbox.dismissPending","Dismiss pending transactions popup","대기 중인 거래 팝업 닫기","translated"
"outbox.finalizing","Finalizing transaction","거래 마무리 중","translated"
"outbox.finalizingMultiple","Finalizing {count} transactions","{count}개 거래 마무리 중","translated"
"outbox.historyUpdate","Your wallet history will update automatically. This usually takes a moment.","지갑 기록이 자동으로 업데이트됩니다. 보통 잠시만 기다리면 됩니다.","translated"
"outbox.hoursAgo","{count}h ago","{count}시간 전","translated"
"outbox.justNow","just now","방금","translated"
"outbox.lastNetworkIssue","Last network issue","최근 네트워크 문제","translated"
"outbox.minutesAgo","{count}m ago","{count}분 전","translated"
"outbox.noPending","No pending outgoing transactions.","대기 중인 송금 거래가 없습니다.","translated"
"outbox.pendingOutgoing","Pending outgoing transactions","대기 중인 송금 거래","translated"
"outbox.prompt","Prompt","요청","translated"
"outbox.releaseSendLock","Release send lock","송금 잠금 해제","translated"
"outbox.releaseStale","Release if stale","오래된 경우 해제","translated"
"outbox.releaseStaleTitle","Available after {minutes} minutes if the transaction is still unresolved","거래가 해결되지 않은 경우 {minutes}분 후 사용 가능","translated"
"outbox.requestedBy","Requested by","요청자","translated"
"outbox.title","Outbox","보낼 편지함","translated"
"outbox.txid","Txid","Txid","stable-term"
"outbox.updated","Updated {age}","{age} 업데이트됨","translated"
"outbox.walletSend","Wallet send","지갑 송금","translated"
"p2p.description","No server: peers meet on Nostr relays over Tor, deterministically elect a coordinator, and run the CoinJoin peer-to-peer. Outputs are unlinkable; you sign only your own inputs after verifying your own outputs.","서버 없이 피어가 Tor를 통해 Nostr 릴레이에서 만나 결정론적으로 코디네이터를 선택하고 P2P CoinJoin을 실행합니다. 출력은 연결할 수 없으며, 내 출력을 확인한 뒤 내 입력만 서명합니다.","translated"
"p2p.phase.announce","Announcing & finding peers","알리고 피어 찾기","translated"
"p2p.phase.assemble","Assembling & verifying","구성 및 확인","translated"
"p2p.phase.broadcast","Broadcasting","브로드캐스트 중","translated"
"p2p.phase.register","Registering inputs & outputs","입력 및 출력 등록","translated"
"p2p.phase.sign","Signing","서명 중","translated"
"p2p.requiresPeers","Requires Tor + at least 2 peers in the same tier.","Tor와 같은 티어의 피어 2개 이상이 필요합니다.","translated"
"p2p.running","Running P2P round…","P2P 라운드 실행 중…","translated"
"p2p.start","Start P2P round","P2P 라운드 시작","translated"
"p2p.title","P2P Fusion over Nostr","Nostr를 통한 P2P Fusion","translated"
"paper.addressConversionError","Address conversion error","주소 변환 오류","translated"
"paper.addressDerivationFailed","Unable to derive a valid paper wallet address from the scanned key.","스캔한 키에서 유효한 종이 지갑 주소를 파생하지 못했습니다.","translated"
"paper.back","Back","뒤로","translated"
"paper.bchOutputs","BCH outputs","BCH 출력","translated"
"paper.buildFailed","Failed to build sweep transaction.","스윕 트랜잭션을 생성하지 못했습니다.","translated"
"paper.confirmDescription","Slide to confirm the one-transaction paper wallet sweep.","한 번의 트랜잭션으로 종이 지갑을 스윕하려면 밀어서 확인하세요.","translated"
"paper.confirmTitle","Confirm sweep","스윕 확인","translated"
"paper.decodingError","Decoding error","디코딩 오류","translated"
"paper.description","Scan a WIF paper wallet and sweep BCH + CashTokens in one transaction.","WIF 종이 지갑을 스캔하고 한 번의 트랜잭션으로 BCH + CashTokens를 스윕합니다.","translated"
"paper.label","Paper wallet","종이 지갑","translated"
"paper.noCashTokens","No CashTokens detected.","CashToken을 감지하지 못했습니다.","translated"
"paper.noDestination","No destination wallet address is available.","사용 가능한 대상 지갑 주소가 없습니다.","translated"
"paper.noQrCode","No QR code detected. Please try again.","QR 코드를 감지하지 못했습니다. 다시 시도하세요.","translated"
"paper.notScanned","No paper wallet scanned yet.","스캔한 종이 지갑이 없습니다.","translated"
"paper.noUtxos","No UTXOs found for this paper wallet. If this is a mainnet wallet and you are on chipnet, try switching networks.","이 종이 지갑의 UTXO를 찾지 못했습니다. mainnet 지갑인데 chipnet에 있다면 네트워크를 전환하세요.","translated"
"paper.oneTransaction","One transaction only.","트랜잭션 하나만 사용합니다.","translated"
"paper.paperInputs","Paper wallet inputs","종이 지갑 입력","translated"
"paper.scan","Scan","스캔","translated"
"paper.scanBeforeSweep","Scan a paper wallet before sweeping.","스윕하기 전에 종이 지갑을 스캔하세요.","translated"
"paper.spendableOutputPlural","spendable outputs","사용 가능한 출력","translated"
"paper.spendableOutputSingular","spendable output","사용 가능한 출력","translated"
"paper.sweep","Sweep","스윕","translated"
"paper.sweepBroadcast","Sweep broadcast","스윕 브로드캐스트됨","translated"
"paper.title","Paper Wallet","종이 지갑","translated"
"paper.tokenBacking","Token outputs are backed with 1000 sats.","토큰 출력은 1000 sats로 뒷받침됩니다.","translated"
"paper.tokenGroups","Token groups","토큰 그룹","translated"
"paper.tokenOutputs","Token outputs","토큰 출력","translated"
"paper.unexpected","An unexpected error occurred.","예기치 않은 오류가 발생했습니다.","translated"
"paper.unexpectedTryAgain","An unexpected error occurred. Please try again.","예기치 않은 오류가 발생했습니다. 다시 시도하세요.","translated"
"paper.utxosTitle","Paper wallet UTXOs","종이 지갑 UTXO","translated"
"paper.walletFeeInputs","Wallet fee inputs","지갑 수수료 입력","translated"
"priceFeed.loading","Loading…","로드 중…","translated"
"qr.animatedTransfer","Animated QR transfer","애니메이션 QR 전송","translated"
"qr.blocksRecovered","blocks recovered","복구된 블록","translated"
"qr.cameraActive","Camera active — point at animated QR","카메라 활성 — 애니메이션 QR을 비추세요","translated"
"qr.cameraError","Camera unavailable","카메라를 사용할 수 없습니다","translated"
"qr.cameraUnavailable","Camera access is unavailable","카메라에 접근할 수 없습니다","translated"
"qr.cancel","Cancel","취소","translated"
"qr.duplicates","duplicates","중복","translated"
"qr.holdSteady","Hold the phone steady and fill the frame with the QR code.","휴대전화를 움직이지 말고 QR 코드를 화면에 가득 맞추세요.","translated"
"qr.receivingStream","Receiving QR stream","QR 스트림 수신 중","translated"
"qr.scan","Scan QR","QR 스캔","translated"
"qr.scanning","Scanning…","스캔 중…","translated"
"qr.streaming","Streaming frame {frame} · {blocks} blocks · {bytes} bytes","프레임 {frame} 전송 중 · 블록 {blocks}개 · 바이트 {bytes}개","translated"
"qr.unableToDecode","Unable to decode QR stream","QR 스트림을 디코딩할 수 없습니다","translated"
"qr.uniqueFrames","unique frames","고유 프레임","translated"
"qr.walletUpdateProgress","Wallet update progress","지갑 업데이트 진행률","translated"
"qrSigning.approvedBy","Approved by {name}","{name}이(가) 승인함","translated"
"qrSigning.approveDemo","Approve demo request","데모 요청 승인","translated"
"qrSigning.approveReturn","2. Approve and return","2. 승인하고 돌아가기","translated"
"qrSigning.close","Close","닫기","translated"
"qrSigning.collectResponse","2. Collect response","2. 응답 수집","translated"
"qrSigning.fingerprint","Fingerprint","지문","translated"
"qrSigning.invalidRequest","Invalid signing request","잘못된 서명 요청","translated"
"qrSigning.invalidResponse","Invalid signing response","잘못된 서명 응답","translated"
"qrSigning.mismatch","Signing response does not match this request","서명 응답이 이 요청과 일치하지 않습니다","translated"
"qrSigning.network","Network","네트워크","translated"
"qrSigning.payload","Payload","페이로드","translated"
"qrSigning.placeholderWarning","This demo returns a placeholder signature and never broadcasts.","이 데모는 자리 표시자 서명을 반환하며 브로드캐스트하지 않습니다.","translated"
"qrSigning.prepareFailed","Unable to prepare mocknet fixture","mocknet fixture를 준비하지 못했습니다","translated"
"qrSigning.preparing","Preparing mocknet fixture…","mocknet fixture 준비 중…","translated"
"qrSigning.purpose","Purpose","용도","translated"
"qrSigning.rejectedBy","Rejected by {name}","{name}이(가) 거부함","translated"
"qrSigning.requestReceived","Request received","요청 수신됨","translated"
"qrSigning.requestSignature","Request signature","서명 요청","translated"
"qrSigning.scanAnother","Scan another request","다른 요청 스캔","translated"
"qrSigning.scanApproval","Scan approval response","승인 응답 스캔","translated"
"qrSigning.scanRequest","1. Scan request","1. 요청 스캔","translated"
"qrSigning.showRequest","1. Show request","1. 요청 표시","translated"
"qrSigning.showRequestHelp","On the other wallet, choose “Sign request” and scan this stream.","다른 지갑에서 “요청 서명”을 선택하고 이 스트림을 스캔하세요.","translated"
"qrSigning.signRequest","Sign request","요청 서명","translated"
"qrSigning.subtitle","Exchange a partially signed transaction between two OPTN wallet screens.","두 OPTN Wallet 화면 간에 부분 서명 트랜잭션을 교환합니다.","translated"
"qrSigning.title","QR signing demo","QR 서명 데모","translated"
"quantumroot.activeNetwork","Quantumroot is active on this network. Use the vault workspace below to manage a normal spend lane and a quantum-safe recovery lane.","이 네트워크에서 Quantumroot가 활성화되었습니다. 아래 작업 공간에서 일반 지출 경로와 양자 안전 복구 경로를 관리하세요.","translated"
"quantumroot.activeWorkspace","Active workspace for the beta-production Quantumroot flow.","베타 프로덕션 Quantumroot 흐름을 위한 활성 작업 공간입니다.","translated"
"quantumroot.back","Back","뒤로","translated"
"quantumroot.betaProduction","Beta production","베타 프로덕션","translated"
"quantumroot.betaTitle","Quantumroot Beta Production","Quantumroot 베타 프로덕션","translated"
"quantumroot.checkingBalances","Checking balances…","잔액 확인 중…","translated"
"quantumroot.close","Close","닫기","translated"
"quantumroot.funded","{count} funded","{count}개 자금 지원됨","translated"
"quantumroot.fundedStatus","Funded","자금 지원됨","translated"
"quantumroot.guidedNow","Guided now: choose one approval key, lock it in Quantum Lock, then spend the matching coin.","현재 안내됨: 승인 키를 하나 선택해 Quantum Lock에 잠근 다음 일치하는 코인을 사용하세요.","translated"
"quantumroot.liveNow","Live now: normal spending, balance tracking, and Quantum Lock BCH recovery.","현재 사용 가능: 일반 지출, 잔액 추적 및 Quantum Lock BCH 복구.","translated"
"quantumroot.livePreview","Live preview","실시간 미리 보기","translated"
"quantumroot.mainnetAhead","Quantumroot is visible on mainnet ahead of activation. The layout stays available, but key actions remain disabled until {date}.","Quantumroot가 활성화 전에 Mainnet에 표시됩니다. 레이아웃은 사용할 수 있지만 주요 작업은 {date}까지 비활성화됩니다.","translated"
"quantumroot.mainnetPreview","Mainnet preview stays visible before activation.","활성화 전까지 Mainnet 미리 보기가 표시됩니다.","translated"
"quantumroot.noFundsYet","No funds yet","아직 자금 없음","translated"
"quantumroot.noVaults","No Quantumroot vaults derived yet. Sync vaults to provision them for existing wallet address indexes.","아직 파생된 Quantumroot 볼트가 없습니다. 볼트를 동기화하여 기존 지갑 주소 인덱스에 생성하세요.","translated"
"quantumroot.openVaults","Open Vaults","볼트 열기","translated"
"quantumroot.popup.action.chooseCoinLabel","Choose coin to spend","Choose coin to spend","needs-review"
"quantumroot.popup.action.chooseDescription","Choose one approval key for this vault.","Choose one approval key for this vault.","needs-review"
"quantumroot.popup.action.chooseLabel","Choose approval key","Choose approval key","needs-review"
"quantumroot.popup.action.chooseTitle","Choose an approval key","Choose an approval key","needs-review"
"quantumroot.popup.action.createDescription","Create or receive a plain NFT first, then use it as the approval key.","Create or receive a plain NFT first, then use it as the approval key.","needs-review"
"quantumroot.popup.action.createTitle","Create an approval key","Create an approval key","needs-review"
"quantumroot.popup.action.destinationDescription","Choose where the coin should go, then open the spend list.","Choose where the coin should go, then open the spend list.","needs-review"
"quantumroot.popup.action.destinationLabel","Set destination","Set destination","needs-review"
"quantumroot.popup.action.destinationTitle","Choose a destination","Choose a destination","needs-review"
"quantumroot.popup.action.disabledDescription","The spend list is ready, but spending is disabled on this network.","The spend list is ready, but spending is disabled on this network.","needs-review"
"quantumroot.popup.action.readyDescription","Tap a ready coin to spend it.","Tap a ready coin to spend it.","needs-review"
"quantumroot.popup.action.readyTitle","Ready to spend","Ready to spend","needs-review"
"quantumroot.popup.action.receiveDescription","Send the matching receive coin to the normal lane.","Send the matching receive coin to the normal lane.","needs-review"
"quantumroot.popup.action.receiveLabel","Add receive coin","Add receive coin","needs-review"
"quantumroot.popup.action.receiveTitle","Add the matching receive coin","Add the matching receive coin","needs-review"
"quantumroot.popup.action.refreshDescription","Refresh the wallet scan or choose another approval key.","Refresh the wallet scan or choose another approval key.","needs-review"
"quantumroot.popup.action.refreshLabel","Refresh vault","Refresh vault","needs-review"
"quantumroot.popup.action.refreshTitle","Refresh the vault","Refresh the vault","needs-review"
"quantumroot.popup.action.reviewLabel","Review spend","Review spend","needs-review"
"quantumroot.popup.action.sendDescription","Send the approval key to Quantum Lock.","Send the approval key to Quantum Lock.","needs-review"
"quantumroot.popup.action.sendLabel","Send approval key","Send approval key","needs-review"
"quantumroot.popup.action.sendTitle","Send the approval key","Send the approval key","needs-review"
"quantumroot.popup.addDestinationReview","Add a destination, then review spend.","Add a destination, then review spend.","needs-review"
"quantumroot.popup.addMatchingCoin","Add the matching coin to unlock spend.","Add the matching coin to unlock spend.","needs-review"
"quantumroot.popup.advanced","Advanced","Advanced","needs-review"
"quantumroot.popup.advancedRecovery","Advanced recovery","Advanced recovery","needs-review"
"quantumroot.popup.advancedRecoveryDescription","Recover regular BCH, recover Quantum Lock funds, or refresh vault status.","Recover regular BCH, recover Quantum Lock funds, or refresh vault status.","needs-review"
"quantumroot.popup.approvalKey","Approval key","Approval key","needs-review"
"quantumroot.popup.approvalKeyCapability","Approval key","Approval key","needs-review"
"quantumroot.popup.approvalKeyChanged","Approval key changed on chain","Approval key changed on chain","needs-review"
"quantumroot.popup.approvalKeyInLock","Approval key is in Quantum Lock.","Approval key is in Quantum Lock.","needs-review"
"quantumroot.popup.approvalKeyInQuantumLock","Your approval key is in Quantum Lock.","Your approval key is in Quantum Lock.","needs-review"
"quantumroot.popup.approvalKeyPicked","Approval key picked.","Approval key picked.","needs-review"
"quantumroot.popup.approvalKeySelected","Approval key selected","Approval key selected","needs-review"
"quantumroot.popup.approvalLane","Approval lane","Approval lane","needs-review"
"quantumroot.popup.approvalLaneDescription","Your approval key goes to Quantum Lock.","Your approval key goes to Quantum Lock.","needs-review"
"quantumroot.popup.available","{count} available","{count} available","needs-review"
"quantumroot.popup.availableApprovalKeys","Available approval keys","Available approval keys","needs-review"
"quantumroot.popup.bchRecoveryDescription","BCH recovery sends back to the matching standard wallet address for this vault index when available.","BCH recovery sends back to the matching standard wallet address for this vault index when available.","needs-review"
"quantumroot.popup.bchRecoveryDisabled","BCH recovery is temporarily disabled until the on-chain receive-script validation issue is resolved.","BCH recovery is temporarily disabled until the on-chain receive-script validation issue is resolved.","needs-review"
"quantumroot.popup.block.approvalPending","Send one approval key to Quantum Lock.","Send one approval key to Quantum Lock.","needs-review"
"quantumroot.popup.block.inactiveNetwork","Quantumroot spending is disabled on this network.","Quantumroot spending is disabled on this network.","needs-review"
"quantumroot.popup.block.noDestination","Choose a destination address before spending.","Choose a destination address before spending.","needs-review"
"quantumroot.popup.block.noFamily","Create or receive a plain NFT first. It becomes your approval key.","Create or receive a plain NFT first. It becomes your approval key.","needs-review"
"quantumroot.popup.block.pickFamily","Choose one plain NFT to use as the approval key.","Choose one plain NFT to use as the approval key.","needs-review"
"quantumroot.popup.block.receivePending","Send the matching receive coin to the normal lane.","Send the matching receive coin to the normal lane.","needs-review"
"quantumroot.popup.block.staleInventory","Your selected approval key is not visible right now. Refresh the vault or choose another key.","Your selected approval key is not visible right now. Refresh the vault or choose another key.","needs-review"
"quantumroot.popup.broadcastWarning","This will broadcast after confirmation.","This will broadcast after confirmation.","needs-review"
"quantumroot.popup.category","Category:","Category:","needs-review"
"quantumroot.popup.chooseApprovalKey","Choose approval key","Choose approval key","needs-review"
"quantumroot.popup.chooseApprovalKeyDescription","Quantumroot uses one plain NFT as the approval key. Advanced token tools live in CashTokens.","Quantumroot uses one plain NFT as the approval key. Advanced token tools live in CashTokens.","needs-review"
"quantumroot.popup.chooseOneApproval","Choose one approval key to continue.","Choose one approval key to continue.","needs-review"
"quantumroot.popup.commitment","Commitment:","Commitment:","needs-review"
"quantumroot.popup.completeSteps","Complete the approval key and matching receive coin steps before spending.","Complete the approval key and matching receive coin steps before spending.","needs-review"
"quantumroot.popup.confirmed","Confirmed","Confirmed","needs-review"
"quantumroot.popup.copyDestination","Copy destination","Copy destination","needs-review"
"quantumroot.popup.copyOrScanFund","Copy or scan to fund this vault.","Copy or scan to fund this vault.","needs-review"
"quantumroot.popup.copyQuantumLock","Copy Quantum Lock","Copy Quantum Lock","needs-review"
"quantumroot.popup.copyReceiveAddress","Copy receive address","Copy receive address","needs-review"
"quantumroot.popup.copyRecoveryAddress","Copy recovery address","Copy recovery address","needs-review"
"quantumroot.popup.createOrReceive","Create or receive a plain NFT first, then it will appear here as an approval key you can choose.","Create or receive a plain NFT first, then it will appear here as an approval key you can choose.","needs-review"
"quantumroot.popup.destination","Destination","Destination","needs-review"
"quantumroot.popup.destinationAddress","Destination address","Destination address","needs-review"
"quantumroot.popup.done","Done","Done","needs-review"
"quantumroot.popup.empty","empty","empty","needs-review"
"quantumroot.popup.found","{count} found","{count} found","needs-review"
"quantumroot.popup.fundMatchingReceive","Fund matching receive coin","Fund matching receive coin","needs-review"
"quantumroot.popup.fundMatchingReceiveDescription","Open the send screen prefilled to the vault receive address with the same approval key.","Open the send screen prefilled to the vault receive address with the same approval key.","needs-review"
"quantumroot.popup.helpShortcuts","Help and shortcuts","Help and shortcuts","needs-review"
"quantumroot.popup.inQuantumLock","{count} in Quantum Lock","{count} in Quantum Lock","needs-review"
"quantumroot.popup.inWallet","{count} in wallet","{count} in wallet","needs-review"
"quantumroot.popup.locked","{count} locked","{count} locked","needs-review"
"quantumroot.popup.mainnetDisabled","Mainnet Quantumroot uses the same UI as Chipnet, but the spend, recovery, and token-configuration actions remain disabled until activation on {date}.","Mainnet Quantumroot uses the same UI as Chipnet, but the spend, recovery, and token-configuration actions remain disabled until activation on {date}.","needs-review"
"quantumroot.popup.mintingNft","Minting NFT","Minting NFT","needs-review"
"quantumroot.popup.missing","Missing","Missing","needs-review"
"quantumroot.popup.mutableNft","Mutable NFT","Mutable NFT","needs-review"
"quantumroot.popup.needed","Needed","Needed","needs-review"
"quantumroot.popup.neededLater","Needed later","Needed later","needs-review"
"quantumroot.popup.nextStep","Next step","Next step","needs-review"
"quantumroot.popup.noApprovalKey","No approval key","No approval key","needs-review"
"quantumroot.popup.noDestination","No destination set","No destination set","needs-review"
"quantumroot.popup.noReadyCoin","No ready coin is available yet. After the approval key and the matching receive coin are present, spendable coins appear here.","No ready coin is available yet. After the approval key and the matching receive coin are present, spendable coins appear here.","needs-review"
"quantumroot.popup.normalLane","Normal vault lane","Normal vault lane","needs-review"
"quantumroot.popup.normalLaneDescription","Your BCH and matching receive coin go here.","Your BCH and matching receive coin go here.","needs-review"
"quantumroot.popup.normalLanePending","Add the matching receive coin after the approval key is in Quantum Lock.","Add the matching receive coin after the approval key is in Quantum Lock.","needs-review"
"quantumroot.popup.normalLaneReady","Your normal lane is ready.","Your normal lane is ready.","needs-review"
"quantumroot.popup.noStandardAddress","No standard wallet address available","No standard wallet address available","needs-review"
"quantumroot.popup.openCashTokens","Open CashTokens","Open CashTokens","needs-review"
"quantumroot.popup.openReceiveScreen","Open receive screen","Open receive screen","needs-review"
"quantumroot.popup.otherNft","Other NFT","Other NFT","needs-review"
"quantumroot.popup.otherNftDescription","It sits in Quantum Lock, but it is not the selected approval key. No direct withdrawal path exists yet.","It sits in Quantum Lock, but it is not the selected approval key. No direct withdrawal path exists yet.","needs-review"
"quantumroot.popup.otherNftInQuantumLock","Other NFT in Quantum Lock","Other NFT in Quantum Lock","needs-review"
"quantumroot.popup.otherNfts","{count} other NFT(s)","{count} other NFT(s)","needs-review"
"quantumroot.popup.outpoint","Outpoint","Outpoint","stable-term"
"quantumroot.popup.pending","Pending","Pending","needs-review"
"quantumroot.popup.pendingCoin","Pending coin","Pending coin","needs-review"
"quantumroot.popup.pickApprovalKey","Pick one approval key.","Pick one approval key.","needs-review"
"quantumroot.popup.plainBchCoins","{count} plain BCH coin(s)","{count} plain BCH coin(s)","needs-review"
"quantumroot.popup.plainBchDescription","Use this for plain BCH coins. Protected coins stay in the lanes above.","Use this for plain BCH coins. Protected coins stay in the lanes above.","needs-review"
"quantumroot.popup.previewOnly","Preview only on mainnet until activation.","Preview only on mainnet until activation.","needs-review"
"quantumroot.popup.protectedReceiveCount","Coins already handled by Protected spend: {count}","Coins already handled by Protected spend: {count}","needs-review"
"quantumroot.popup.protectedSpend","Protected spend","Protected spend","needs-review"
"quantumroot.popup.protectedSpendDescription","When the approval key and matching receive coin are present, spending opens here.","When the approval key and matching receive coin are present, spending opens here.","needs-review"
"quantumroot.popup.quantumLock","Quantum Lock","Quantum Lock","stable-term"
"quantumroot.popup.quantumLockBch","Quantum Lock BCH","Quantum Lock BCH","needs-review"
"quantumroot.popup.quantumLockRecovery","Quantum Lock recovery","Quantum Lock recovery","needs-review"
"quantumroot.popup.quantumLockRecoveryCount","Quantum Lock recovery coins: {count}","Quantum Lock recovery coins: {count}","needs-review"
"quantumroot.popup.quantumrootOpens","Quantumroot opens once the approval key sits in Quantum Lock and the matching receive coin sits in the normal lane.","Quantumroot opens once the approval key sits in Quantum Lock and the matching receive coin sits in the normal lane.","needs-review"
"quantumroot.popup.ready","Ready","Ready","needs-review"
"quantumroot.popup.readyCoin","Ready coin","Ready coin","needs-review"
"quantumroot.popup.readyCoinAvailable","Ready coin available.","Ready coin available.","needs-review"
"quantumroot.popup.readyCoins","{count} ready coin(s)","{count} ready coin(s)","needs-review"
"quantumroot.popup.receiveAddress","Receive address","Receive address","needs-review"
"quantumroot.popup.receiveBch","Receive BCH","Receive BCH","needs-review"
"quantumroot.popup.recover","Recover","Recover","needs-review"
"quantumroot.popup.recoverableBchCoins","Recoverable BCH coins","Recoverable BCH coins","needs-review"
"quantumroot.popup.recoverableBchCount","Recoverable BCH coins: {count}","Recoverable BCH coins: {count}","needs-review"
"quantumroot.popup.recovering","Recovering…","Recovering…","needs-review"
"quantumroot.popup.recoverRegularBch","Recover regular BCH","Recover regular BCH","needs-review"
"quantumroot.popup.refresh","Refresh","Refresh","needs-review"
"quantumroot.popup.refreshChooseAnother","Refresh the vault or choose another approval key.","Refresh the vault or choose another approval key.","needs-review"
"quantumroot.popup.refreshVault","Refresh vault","Refresh vault","needs-review"
"quantumroot.popup.refreshVaultStatus","Refresh vault status","Refresh vault status","needs-review"
"quantumroot.popup.reviewDestination","Review the destination before broadcasting.","Review the destination before broadcasting.","needs-review"
"quantumroot.popup.reviewSpend","Review spend","Review spend","needs-review"
"quantumroot.popup.reviewSpendSubtitle","Check the destination, approval key, and ready coin before you broadcast.","Check the destination, approval key, and ready coin before you broadcast.","needs-review"
"quantumroot.popup.reviewSpendTitle","Review spend","Review spend","needs-review"
"quantumroot.popup.saveApprovalKey","Save approval key","Save approval key","needs-review"
"quantumroot.popup.saving","Saving…","Saving…","needs-review"
"quantumroot.popup.selectedApprovalKey","Selected approval key","Selected approval key","needs-review"
"quantumroot.popup.selectedAsApproval","Selected as approval key","Selected as approval key","needs-review"
"quantumroot.popup.sendApprovalHere","Send the approval key here.","Send the approval key here.","needs-review"
"quantumroot.popup.sendApprovalKey","Send approval key","Send approval key","needs-review"
"quantumroot.popup.sendApprovalKeyDescription","Open the send screen prefilled to Quantum Lock with the selected approval key.","Open the send screen prefilled to Quantum Lock with the selected approval key.","needs-review"
"quantumroot.popup.sendApprovalKeyToLock","Send the approval key to Quantum Lock.","Send the approval key to Quantum Lock.","needs-review"
"quantumroot.popup.sendSelectedApprovalKey","Send the selected approval key to Quantum Lock.","Send the selected approval key to Quantum Lock.","needs-review"
"quantumroot.popup.spend","Spend","Spend","needs-review"
"quantumroot.popup.spendDestination","Spend destination","Spend destination","needs-review"
"quantumroot.popup.spending","Spending…","Spending…","needs-review"
"quantumroot.popup.sweepBch","Sweep BCH coins ({count})","Sweep BCH coins ({count})","needs-review"
"quantumroot.popup.sweeping","Sweeping…","Sweeping…","needs-review"
"quantumroot.popup.tapToOpen","Tap to open","Tap to open","needs-review"
"quantumroot.popup.unsupportedQuantumLock","Coins in Quantum Lock that belong to Protected spend are handled above; this recovery list only includes plain BCH coins.","Coins in Quantum Lock that belong to Protected spend are handled above; this recovery list only includes plain BCH coins.","needs-review"
"quantumroot.popup.unsupportedReceive","Coins with an approval key stay in Protected spend; this recovery list only includes plain BCH coins.","Coins with an approval key stay in Protected spend; this recovery list only includes plain BCH coins.","needs-review"
"quantumroot.popup.useRecoveryAddress","Use wallet recovery address","Use wallet recovery address","needs-review"
"quantumroot.popup.vaultSetup","Vault setup","Vault setup","needs-review"
"quantumroot.popup.vaultSetupDescription","Copy addresses and choose the approval key.","Copy addresses and choose the approval key.","needs-review"
"quantumroot.popup.waiting","Waiting","Waiting","needs-review"
"quantumroot.popup.walletRecoveryAddress","Wallet recovery address","Wallet recovery address","needs-review"
"quantumroot.readyToRecover","{count} ready to recover","{count}개 복구 가능","translated"
"quantumroot.refreshing","Refreshing balances and UTXO status. Vaults remain available while sync completes.","잔액과 UTXO 상태를 새로 고치는 중입니다. 동기화가 끝날 때까지 볼트를 사용할 수 있습니다.","translated"
"quantumroot.subtitle","Two spending lanes in one vault","하나의 볼트에 있는 두 개의 지출 경로","translated"
"quantumroot.syncingVaults","Syncing Vaults…","볼트 동기화 중…","translated"
"quantumroot.syncVaults","Sync Vaults","볼트 동기화","translated"
"quantumroot.toast.approvalKeyMissing","This approval key is no longer visible. Refresh the vault or choose another key.","This approval key is no longer visible. Refresh the vault or choose another key.","needs-review"
"quantumroot.toast.authorizedBroadcast","Quantumroot authorized spend broadcast: {txid}","Quantumroot authorized spend broadcast: {txid}","needs-review"
"quantumroot.toast.authorizedFailed","Quantumroot authorized spend failed: {message}","Quantumroot authorized spend failed: {message}","needs-review"
"quantumroot.toast.broadcastAuthorizedFailed","Failed to broadcast Quantumroot authorized spend.","Failed to broadcast Quantumroot authorized spend.","needs-review"
"quantumroot.toast.broadcastLockRecoveryFailed","Failed to broadcast Quantum Lock recovery.","Failed to broadcast Quantum Lock recovery.","needs-review"
"quantumroot.toast.broadcastSpendFailed","Failed to broadcast Quantumroot spend.","Failed to broadcast Quantumroot spend.","needs-review"
"quantumroot.toast.broadcastSweepFailed","Failed to broadcast Quantumroot sweep.","Failed to broadcast Quantumroot sweep.","needs-review"
"quantumroot.toast.configureFailed","Failed to configure vault: {message}","Failed to configure vault: {message}","needs-review"
"quantumroot.toast.destinationRequired","Destination address is required.","Destination address is required.","needs-review"
"quantumroot.toast.ineligibleReceiveUtxo","That receive UTXO is not eligible for authorized spend.","That receive UTXO is not eligible for authorized spend.","needs-review"
"quantumroot.toast.invalidTokenCategory","Token category must be 64 hexadecimal characters.","Token category must be 64 hexadecimal characters.","needs-review"
"quantumroot.toast.lockRecoveryBroadcast","Quantum Lock recovery broadcast: {txid}","Quantum Lock recovery broadcast: {txid}","needs-review"
"quantumroot.toast.lockRecoveryFailed","Quantum Lock recovery failed: {message}","Quantum Lock recovery failed: {message}","needs-review"
"quantumroot.toast.noBchUtxos","No BCH-only receive UTXOs available to sweep.","No BCH-only receive UTXOs available to sweep.","needs-review"
"quantumroot.toast.noControlToken","No matching Quantum Lock control token is available yet.","No matching Quantum Lock control token is available yet.","needs-review"
"quantumroot.toast.previewActive","Quantumroot mainnet preview is active until activation.","Quantumroot mainnet preview is active until activation.","needs-review"
"quantumroot.toast.reconfigured","Quantumroot vault reconfigured.","Quantumroot vault reconfigured.","needs-review"
"quantumroot.toast.spendBroadcast","Quantumroot spend broadcast: {txid}","Quantumroot spend broadcast: {txid}","needs-review"
"quantumroot.toast.spendFailed","Quantumroot spend failed: {message}","Quantumroot spend failed: {message}","needs-review"
"quantumroot.toast.sweepBroadcast","Quantumroot sweep broadcast: {txid}","Quantumroot sweep broadcast: {txid}","needs-review"
"quantumroot.toast.sweepFailed","Quantumroot sweep failed: {message}","Quantumroot sweep failed: {message}","needs-review"
"quantumroot.toast.unavailable","Quantumroot vault unavailable.","Quantumroot vault unavailable.","needs-review"
"quantumroot.trackedBalance","Tracked Balance","추적 잔액","translated"
"quantumroot.vaultNumber","Vault #{id}","볼트 #{id}","translated"
"quantumroot.vaults","Vaults","볼트","translated"
"quantumroot.workspaceRefreshFailed","Workspace Refresh Failed","작업 공간을 새로 고치지 못했습니다","translated"
"receive.addressesNotReady","Receive addresses not ready","수신 주소가 준비되지 않음","translated"
"receive.amountBch","Amount (BCH)","금액(BCH)","translated"
"receive.back","Back","뒤로","translated"
"receive.bip21Active","Request details are active and the QR is now encoding the BIP21 URI.","요청 정보가 활성화되었으며 QR이 이제 BIP21 URI를 인코딩합니다.","translated"
"receive.bip21Description","Encode amount, label, and message into the QR payload.","금액, 라벨, 메시지를 QR payload에 인코딩합니다.","translated"
"receive.bip21Help","When enabled, the QR and copied payload use a BIP21-style `bitcoincash:` URI so compatible wallets can autofill request details.","활성화하면 QR과 복사된 payload가 BIP21 형식의 `bitcoincash:` URI를 사용하여 호환 지갑에서 요청 정보를 자동 입력할 수 있습니다.","translated"
"receive.bip21Title","BIP21 payment request","BIP21 결제 요청","translated"
"receive.cashToken","CashToken","CashToken","stable-term"
"receive.change","Change","잔돈","translated"
"receive.changeAddressCount","{count} change addresses","잔돈 주소 {count}개","translated"
"receive.clear","Clear","지우기","translated"
"receive.close","Close","닫기","translated"
"receive.copied","Copied to clipboard!","클립보드에 복사했습니다!","translated"
"receive.copyBip21","Copy BIP21 URI","BIP21 URI 복사","translated"
"receive.copyFailed","Failed to copy.","복사하지 못했습니다.","translated"
"receive.copyQrPayload","Copy receive QR payload","수신 QR payload 복사","translated"
"receive.dismiss","Dismiss","닫기","translated"
"receive.dismissUnlockAlert","Dismiss unlock alert","잠금 해제 알림 닫기","translated"
"receive.label","Label","라벨","translated"
"receive.main","Main","기본","translated"
"receive.mainAddressCount","{count} main addresses","기본 주소 {count}개","translated"
"receive.message","Message","메시지","stable-term"
"receive.noAddressesLoaded","This wallet does not have receive addresses loaded yet.","이 지갑에는 아직 수신 주소가 로드되지 않았습니다.","translated"
"receive.noBranchAddresses","No addresses found in this branch yet.","이 브랜치에서 주소를 찾지 못했습니다.","translated"
"receive.noVaultFunds","No Quantumroot vault funds detected yet.","아직 Quantumroot 볼트 자금이 감지되지 않았습니다.","translated"
"receive.openQrPreview","Open larger QR code preview","큰 QR 미리보기 열기","translated"
"receive.optional","Optional","선택 사항","translated"
"receive.optionalExample","Optional, e.g. 0.0105","선택 사항, 예: 0.0105","translated"
"receive.prepareAddresses","Prepare receive addresses","수신 주소 준비","translated"
"receive.prepareAddressesDescription","Prepare addresses to show your receive QR and address list.","수신 QR과 주소 목록을 표시할 주소를 준비합니다.","translated"
"receive.privKeyReady","Private key view unlocked","개인 키 보기 잠금 해제됨","translated"
"receive.privKeyUnlock","Private key unlock in {count} taps","{count}번 탭하면 개인 키 잠금 해제","translated"
"receive.pubKeyTapProgress","PubKey pressed {count}/{total} times","PubKey 누름 {count}/{total}회","translated"
"receive.qrCopyDescription","Tap the QR to copy the current payload. Close to return.","현재 payload를 복사하려면 QR을 탭하세요. 닫으면 돌아갑니다.","translated"
"receive.quantumLock","Quantum Lock","Quantum Lock","stable-term"
"receive.quantumLockAddress","Quantum Lock Address","Quantum Lock 주소","translated"
"receive.quantumrootStatus","Quantumroot Status","Quantumroot 상태","translated"
"receive.readOnlyStatus","This view is read-only. It shows vault status and key receive data, but no spending or recovery actions.","이 화면은 읽기 전용입니다. 볼트 상태와 수신 데이터를 표시하지만 지출 또는 복구 작업은 제공하지 않습니다.","translated"
"receive.receiveAddress","Receive Address","수신 주소","translated"
"receive.receiveBalance","Receive Balance","수신 잔액","translated"
"receive.receiveQr","Receive QR","수신 QR","translated"
"receive.regular","Regular","일반","translated"
"receive.seeAllAddresses","See all addresses","모든 주소 보기","translated"
"receive.switch","Switch","전환","translated"
"receive.switchAddress","Switch address","주소 전환","translated"
"receive.syncing","Syncing…","동기화 중…","translated"
"receive.tapPubKey","Tap PubKey to reveal the private key view.","개인 키 보기를 표시하려면 PubKey를 탭하세요.","translated"
"receive.title","Receive","받기","translated"
"receive.toggleAddressType","Toggle receive address type","수신 주소 유형 전환","translated"
"receive.unavailable","Unavailable","사용할 수 없음","translated"
"reconfiguration.changingPath","Changing derivation path","파생 경로 변경 중","translated"
"reconfiguration.clearing","Clearing old wallet data","이전 지갑 데이터 삭제 중","translated"
"reconfiguration.clearingDetail","Removing the previous address, history, and UTXO records.","이전 주소, 기록 및 UTXO 레코드를 제거합니다.","translated"
"reconfiguration.deriving","Generating wallet addresses","지갑 주소 생성 중","translated"
"reconfiguration.derivingDetail","Creating the receive and change addresses for this wallet path.","이 지갑 경로의 수신 및 잔돈 주소를 생성합니다.","translated"
"reconfiguration.dismiss","Dismiss","닫기","translated"
"reconfiguration.failed","Wallet update failed","지갑 업데이트 실패","translated"
"reconfiguration.failedDetail","The wallet could not be reconfigured.","지갑을 다시 구성하지 못했습니다.","translated"
"reconfiguration.keepOpen","Please keep OPTN Wallet open. Navigation is temporarily disabled while wallet data is rebuilt.","OPTN Wallet을 열어 두세요. 지갑 데이터를 다시 구성하는 동안 탐색이 일시적으로 비활성화됩니다.","translated"
"reconfiguration.movingTo","Moving to {network}","{network}(으)로 이동 중","translated"
"reconfiguration.preparing","Preparing wallet","지갑 준비 중","translated"
"reconfiguration.preparingDetail","Stopping background sync and reconnecting to the selected network.","백그라운드 동기화를 중지하고 선택한 네트워크에 다시 연결합니다.","translated"
"reconfiguration.progress","Wallet update progress","지갑 업데이트 진행률","translated"
"reconfiguration.reloading","Reloading wallet","지갑 다시 로드 중","translated"
"reconfiguration.stepOf","Step {current} of {total}","{total}단계 중 {current}단계","translated"
"reconfiguration.switchingNetwork","Switching network","네트워크 전환 중","translated"
"reconfiguration.syncing","Synchronizing wallet","지갑 동기화 중","translated"
"reconfiguration.syncingDetail","Fetching balances, UTXOs, and transaction history. This can take 15–20 seconds.","잔액, UTXO 및 트랜잭션 기록을 가져옵니다. 15~20초가 걸릴 수 있습니다.","translated"
"reconfiguration.updating","Updating wallet","지갑 업데이트 중","translated"
"reconfiguration.working","Working…","처리 중…","translated"
"recovery.hide","Hide Backup Phrase","백업 문구 숨기기","translated"
"recovery.reveal","Reveal Backup Phrase","백업 문구 표시","translated"
"recovery.warning","Warning","경고","translated"
"recovery.warningDescription","Displaying your mnemonic backup phrase can compromise your funds. Ensure you keep it secure.","니모닉 백업 문구를 표시하면 자금이 위험해질 수 있습니다. 안전하게 보관하세요.","translated"
"rpa.confirmedPayment","confirmed stealth payment","확인된 스텔스 결제","translated"
"rpa.confirmedPayments","{count} confirmed stealth payment(s) found","확인된 스텔스 결제 {count}건 발견","translated"
"rpa.copyFailed","Copy failed.","복사하지 못했습니다.","translated"
"rpa.copySuccess","Paycode copied!","Paycode를 복사했습니다!","translated"
"rpa.derivationFailed","Paycode derivation failed. Unlock your wallet and try again.","Paycode 파생 실패. 지갑을 잠금 해제하고 다시 시도하세요.","translated"
"rpa.derivationPaths","Derivation paths","파생 경로","translated"
"rpa.deriving","Deriving paycode…","Paycode 파생 중…","translated"
"rpa.found","found","발견됨","translated"
"rpa.howWorks","How it works","작동 방식","translated"
"rpa.lastScanned","Last scanned","마지막 스캔","translated"
"rpa.noNotification","No notification tx.","알림 트랜잭션이 없습니다.","translated"
"rpa.noNotificationText","The sender grinds their signature nonce until the input hash prefix matches your scan key — detectability is embedded in the signature itself.","송금자는 입력 해시 접두사가 스캔 키와 일치할 때까지 서명 nonce를 변경합니다. 감지 가능성은 서명 자체에 포함됩니다.","translated"
"rpa.paycode","Paycode","Paycode","stable-term"
"rpa.prefixFilter","Prefix filter","접두사 필터","translated"
"rpa.scanDescription","Scans a Fulcrum-RPA server for transactions whose input signature prefix matches your scan key. Uses ECDH to verify each candidate and detect your stealth outputs.","입력 서명 접두사가 스캔 키와 일치하는 트랜잭션을 Fulcrum-RPA 서버에서 검색합니다. ECDH로 후보를 확인하고 스텔스 출력을 감지합니다.","translated"
"rpa.scanKey","Scan key","스캔 키","translated"
"rpa.scanning","Scanning…","스캔 중…","translated"
"rpa.serverUnsupported","This server does not support RPA scanning.","이 서버는 RPA 스캔을 지원하지 않습니다.","translated"
"rpa.shareDescription","Share this paycode with senders. Each payment creates a unique stealth address — no link between payments on-chain.","이 Paycode를 송금자와 공유하세요. 각 결제는 고유한 스텔스 주소를 만들며 체인에서 결제 간 연결이 없습니다.","translated"
"rpa.spendKey","Spend key","지출 키","translated"
"rpa.stealthBalance","Stealth BCH","스텔스 BCH","translated"
"rpa.sync","Sync","동기화","translated"
"rpa.title","RPA Paycode","RPA Paycode","stable-term"
"rpa.walletUnavailable","Wallet not available","지갑을 사용할 수 없음","translated"
"send.address","Address","주소","translated"
"send.advanced","Advanced","고급","translated"
"send.advancedBuilder","Open Advanced Builder","고급 빌더 열기","translated"
"send.airdrops","Airdrops","에어드롭","translated"
"send.amount","Amount","금액","translated"
"send.amountBch","Amount (BCH)","금액(BCH)","translated"
"send.amountUsd","Amount (USD)","금액(USD)","translated"
"send.asset","Asset","자산","translated"
"send.assetControl","Asset control","자산 관리","translated"
"send.back","Back","뒤로","translated"
"send.balance","Balance","잔액","translated"
"send.bcmrMetadata","Parsed using BCMR metadata from the selected category.","선택한 카테고리의 BCMR 메타데이터로 분석했습니다.","translated"
"send.bytes","bytes","바이트","stable-term"
"send.changeAddress","Change address","잔돈 주소","translated"
"send.clearForm","Clear form","양식 지우기","translated"
"send.confirmed","Confirmed","확인됨","translated"
"send.contract","Contract","컨트랙트","translated"
"send.contractInputs","Contract inputs","컨트랙트 입력","translated"
"send.copy","Copy","복사","translated"
"send.debug","Debug","디버그","translated"
"send.decimals","{count} decimals","소수점 {count}자리","translated"
"send.details","Details","세부 정보","translated"
"send.enterBchForUsd","Enter a BCH amount to see the USD equivalent.","USD 환산액을 보려면 BCH 금액을 입력하세요.","translated"
"send.enterUsdForBch","Enter a USD amount to see the BCH equivalent.","BCH 환산액을 보려면 USD 금액을 입력하세요.","translated"
"send.fee","Fee","수수료","translated"
"send.fillMax","Fill the full spendable balance minus network fee","네트워크 수수료를 제외한 사용 가능 잔액 전부 입력","translated"
"send.fillRequired","Fill the required fields first","먼저 필수 항목을 입력하세요","translated"
"send.finalOutputs","Final outputs","최종 출력","translated"
"send.guidedDescription","Send BCH, fungible tokens, or NFTs with one guided flow.","하나의 안내 흐름으로 BCH, 대체 가능 토큰 또는 NFT를 전송합니다.","translated"
"send.height","Height","높이","translated"
"send.hide","Hide","숨기기","translated"
"send.inputs","Inputs","입력","translated"
"send.inputsUsed","Inputs used","사용한 입력","translated"
"send.insufficientFunds","Not enough funds. Check your balance or reduce the amount.","잔액이 부족합니다. 잔액을 확인하거나 금액을 줄이세요.","translated"
"send.integer","integer","정수","translated"
"send.invalidAddress","Invalid address—double-check for typos or try scanning a QR code.","잘못된 주소입니다. 오타를 확인하거나 QR을 스캔하세요.","translated"
"send.keepTxid","Keep this txid as your reference and avoid sending it again.","이 txid를 참조용으로 보관하고 다시 전송하지 마세요.","translated"
"send.leaveBlankNft","Leave blank to send the first available NFT in this category.","이 카테고리에서 사용 가능한 첫 NFT를 전송하려면 비워 두세요.","translated"
"send.loading","Loading…","로드 중…","translated"
"send.max","Max","최대","stable-term"
"send.networkError","Network error. Check your connection and try again.","네트워크 오류입니다. 연결을 확인하고 다시 시도하세요.","translated"
"send.nft","NFT","NFT","stable-term"
"send.nftCategory","NFT category","NFT 카테고리","translated"
"send.nftCommitment","NFT commitment","NFT 커밋먼트","translated"
"send.nfts","NFTs","NFT","stable-term"
"send.noInputs","No inputs selected yet (run Review).","선택한 입력이 없습니다(검토를 실행하세요).","translated"
"send.noOutputs","No outputs yet (run Review).","출력이 없습니다(검토를 실행하세요).","translated"
"send.noTxBuilt","(no tx built yet)","(아직 트랜잭션이 생성되지 않음)","translated"
"send.openAirdrops","Open Airdrops","에어드롭 열기","translated"
"send.optionalHexCommitment","Optional hex commitment…","선택적 16진수 커밋먼트…","translated"
"send.outpoint","Outpoint","Outpoint","stable-term"
"send.outputsCreated","Outputs created","생성된 출력","translated"
"send.pending","Pending","대기 중","translated"
"send.quantumrootApproval","approval key to Quantum Lock","Quantum Lock 승인 키","translated"
"send.quantumrootHint","Review the recipient and token category, then tap Review to build the transaction.","수신자와 토큰 카테고리를 확인한 뒤 검토를 눌러 트랜잭션을 생성하세요.","translated"
"send.quantumrootNftHint","If there are multiple NFT entries, choose the one that matches the approval key.","NFT 항목이 여러 개라면 승인 키와 일치하는 항목을 선택하세요.","translated"
"send.quantumrootPrefilled","Prefilled to send the {label}","{label} 전송 정보가 미리 입력됨","translated"
"send.quantumrootReceive","matching receive coin to the vault receive address","볼트 수신 주소와 일치하는 수신 코인","translated"
"send.quantumrootShortcut","Quantumroot shortcut","Quantumroot 바로가기","translated"
"send.rawTransaction","Raw transaction","원시 트랜잭션","translated"
"send.recipient","Recipient","수신자","translated"
"send.recipientAmountLoaded","Recipient and amount loaded from QR.","QR에서 수신자와 금액을 불러왔습니다.","translated"
"send.recipientLoaded","Recipient loaded from QR.","QR에서 수신자를 불러왔습니다.","translated"
"send.releaseToSend","Release to send","전송하려면 해제","translated"
"send.reset","Reset","초기화","translated"
"send.review","Review","검토","translated"
"send.reviewTitle","Review Transaction","트랜잭션 검토","translated"
"send.sats","Sats","Sats","stable-term"
"send.scanQr","Scan QR","QR 스캔","translated"
"send.selectCategory","Select category…","카테고리 선택…","translated"
"send.selectedInputs","Selected inputs","선택한 입력","translated"
"send.send","Send","전송","translated"
"send.sending","Sending…","전송 중…","translated"
"send.sent","Transaction sent","트랜잭션 전송됨","translated"
"send.show","Show","표시","translated"
"send.slideToConfirm","Slide to confirm","밀어서 확인","translated"
"send.submitted","Transaction submitted","트랜잭션 제출됨","translated"
"send.summary","Summary","요약","translated"
"send.switchToBch","Switch amount input to BCH","금액 입력을 BCH로 전환","translated"
"send.switchToUsd","Switch amount input to USD","금액 입력을 USD로 전환","translated"
"send.technicalDetails","Technical details","기술 세부 정보","translated"
"send.title","Simple Send","간편 전송","translated"
"send.to","To","받는 곳","translated"
"send.token","Token","토큰","stable-term"
"send.tokenAmount","Token amount","토큰 금액","translated"
"send.tokenCategory","Token category","토큰 카테고리","translated"
"send.tokenChange","Token change","토큰 잔돈","translated"
"send.tokenInputs","Token inputs","토큰 입력","translated"
"send.tokenLabel","Token","토큰","stable-term"
"send.totalBch","Total (BCH)","합계(BCH)","stable-term"
"send.transactionSize","Transaction size","트랜잭션 크기","translated"
"send.transferMode","Transfer mode","전송 모드","translated"
"send.type","Type","유형","stable-term"
"send.unconfirmedInputs","Unconfirmed inputs","미확인 입력","translated"
"send.usdUnavailable","USD conversion is unavailable right now.","현재 USD 환산을 사용할 수 없습니다.","translated"
"send.verifyRecipient","QR scanned. Verify recipient before sending.","QR을 스캔했습니다. 전송 전에 수신자를 확인하세요.","translated"
"send.verifySlide","Verify details and slide to send.","세부 정보를 확인하고 밀어서 전송하세요.","translated"
"send.waitingSync","Waiting for sync","동기화 대기 중","translated"
"send.waitPrevious","Wait for your previous outgoing transaction to sync first","이전 출금 트랜잭션이 먼저 동기화될 때까지 기다리세요","translated"
"server.active","● active","● 활성","translated"
"server.add","Add","추가","translated"
"server.addDesktopPlaceholder","Add server — Fulcrum host:50002, or a node host:8333","서버 추가 — Fulcrum host:50002 또는 노드 host:8333","translated"
"server.addMobilePlaceholder","Add WSS server — host:50004","WSS 서버 추가 — host:50004","translated"
"server.addressUrlPlaceholder","Address URL, e.g. https://example.com/address/{address}","주소 URL, 예: https://example.com/address/{address}","translated"
"server.auto","Auto","자동","translated"
"server.autoBackend","Auto — server pool, with failover","자동 — 장애 조치가 있는 서버 풀","translated"
"server.automatic","Automatic","자동","translated"
"server.backend","Backend","백엔드","stable-term"
"server.blockExplorer","Block explorer","블록 탐색기","translated"
"server.connect","Connect","연결","translated"
"server.connected","Connected.","연결됨.","translated"
"server.connectedServer","Connected server","연결된 서버","translated"
"server.connecting","Connecting…","연결 중…","translated"
"server.connectionFailed","Connection failed","연결 실패","translated"
"server.connectTitle","Connect to this server","이 서버에 연결","translated"
"server.custom","Custom…","사용자 지정…","translated"
"server.customFee","Custom","사용자 지정","translated"
"server.defaultPortHint","Default port: 50004 (WSS). Use wss:// prefix to force WSS, or ws:// for unencrypted.","기본 포트: 50004 (WSS). wss:// 접두사로 WSS를 강제하거나 ws://로 암호화되지 않은 연결을 사용하세요.","translated"
"server.explorerDescription","Used for “open in explorer” links on transactions.","거래의 “탐색기에서 열기” 링크에 사용됩니다.","translated"
"server.feeDescription","Fee rate for new transactions. Automatic uses the network minimum (~1 sat/byte, Electron Cash default).","새 거래의 수수료율입니다. 자동은 네트워크 최소값(~1 sat/byte, Electron Cash 기본값)을 사용합니다.","translated"
"server.feeUnit","sat/byte — applies to your next transaction","sat/byte — 다음 거래에 적용","translated"
"server.invalidHost","Enter a valid host:port (e.g. 192.168.0.129:50002).","유효한 host:port를 입력하세요(예: 192.168.0.129:50002).","translated"
"server.manual","Manual","수동","stable-term"
"server.node","Node","노드","stable-term"
"server.notConnected","Not connected","연결되지 않음","translated"
"server.onlyBackend","Only this backend is used — pinning a node means Electrum servers aren't consulted.","이 백엔드만 사용 — 노드를 고정하면 Electrum 서버를 조회하지 않습니다.","translated"
"server.placeholderHelp","Use {txid} and {address} as placeholders.","{txid}와 {address}를 자리표시자로 사용하세요.","translated"
"server.pool","{network} server pool","{network} 서버 풀","translated"
"server.rawNodeMobileError","Raw BCH node connections are only available on desktop. Add an Electrum/Fulcrum WSS server instead.","원시 BCH 노드 연결은 데스크톱에서만 사용할 수 있습니다. Electrum/Fulcrum WSS 서버를 추가하세요.","translated"
"server.remove","Remove","제거","translated"
"server.saveCustom","Save custom explorer","사용자 지정 탐색기 저장","translated"
"server.server","Server","서버","translated"
"server.serverInputPlaceholder","host, host:50004, or wss://host:50004","host, host:50004 또는 wss://host:50004","translated"
"server.transactionFee","Transaction fee","거래 수수료","translated"
"server.trustless","trustless","신뢰 불필요","translated"
"server.txUrlPlaceholder","Tx URL, e.g. https://example.com/tx/{txid}","거래 URL, 예: https://example.com/tx/{txid}","translated"
"server.useAuto","Use Auto","자동 사용","translated"
"settings.about","About OPTN","OPTN 정보","translated"
"settings.aboutSupport","About & support","정보 및 지원","translated"
"settings.aboutSupportDescription","Help, contact, terms, and app information","도움말, 연락처, 약관 및 앱 정보","translated"
"settings.connectionsFeatures","Connections & features","연결 및 기능","translated"
"settings.connectionsFeaturesDescription","Servers, integrations, privacy features, and advanced tools","서버, 통합, 개인정보 보호 및 고급 도구","translated"
"settings.contact","Contact Us","연락처","translated"
"settings.language","Language","언어","translated"
"settings.languageDescription","Choose the wallet interface language","지갑 인터페이스 언어를 선택하세요","translated"
"settings.network","Network","네트워크","translated"
"settings.recovery","Recovery Phrase","복구 문구","translated"
"settings.terms","Terms of Use","이용약관","translated"
"settings.walletSecurity","Wallet & security","지갑 및 보안","translated"
"settings.walletSecurityDescription","Recovery, derivation path, app lock, and wallet controls","복구, 파생 경로, 앱 잠금 및 지갑 제어","translated"
"settingsAppLock.autoLockAfter","Auto-lock after","자동 잠금 시간","translated"
"settingsAppLock.biometricDescription","Use {label} to unlock instead of typing your password.","비밀번호를 입력하지 않고 {label}을(를) 사용해 잠금을 해제합니다.","translated"
"settingsAppLock.biometricSetupFailed","Biometric setup failed: {message}","생체 인증 설정 실패: {message}","translated"
"settingsAppLock.biometricUnlock","Biometric unlock","생체 인증으로 잠금 해제","translated"
"settingsAppLock.cancel","Cancel","취소","translated"
"settingsAppLock.changePassword","Change Password","비밀번호 변경","translated"
"settingsAppLock.confirm","Confirm","확인","translated"
"settingsAppLock.confirmNewPassword","Confirm new password","새 비밀번호 확인","translated"
"settingsAppLock.currentPassword","Current password","현재 비밀번호","translated"
"settingsAppLock.currentPasswordIncorrect","Current password is incorrect.","현재 비밀번호가 올바르지 않습니다.","translated"
"settingsAppLock.disabled","Disabled","비활성화됨","translated"
"settingsAppLock.enabled","Enabled","활성화됨","translated"
"settingsAppLock.enabling","Enabling…","활성화 중…","translated"
"settingsAppLock.encryption","Encryption","암호화","translated"
"settingsAppLock.encryptionDescription","Your wallet is encrypted with a password-derived key (PBKDF2 · 600k iterations · AES-256-GCM). The key is never stored — it is derived in memory each time you unlock.","지갑은 비밀번호에서 파생된 키로 암호화됩니다(PBKDF2 · 600,000회 반복 · AES-256-GCM). 키는 저장되지 않으며 잠금을 해제할 때마다 메모리에서 파생됩니다.","translated"
"settingsAppLock.lockNow","Lock Now","지금 잠그기","translated"
"settingsAppLock.minute","1 minute","1분","stable-term"
"settingsAppLock.minutes","{count} minutes","{count}분","stable-term"
"settingsAppLock.never","Never","사용 안 함","translated"
"settingsAppLock.newPassword","New password","새 비밀번호","translated"
"settingsAppLock.noWalletOpen","No wallet is open.","열린 지갑이 없습니다.","translated"
"settingsAppLock.passwordChanged","Password changed successfully.","비밀번호가 변경되었습니다.","translated"
"settingsAppLock.passwordChangeFailed","Password change failed. Please try again.","비밀번호를 변경하지 못했습니다. 다시 시도하세요.","translated"
"settingsAppLock.passwordMismatch","New passwords do not match.","새 비밀번호가 일치하지 않습니다.","translated"
"settingsAppLock.updating","Updating…","업데이트 중…","translated"
"settingsDerivation.activePath","Active BIP44 account path","활성 BIP44 계정 경로","translated"
"settingsDerivation.alreadyActive","This derivation path is already active.","이 파생 경로는 이미 활성화되어 있습니다.","translated"
"settingsDerivation.changeResync","Change and resync","변경하고 다시 동기화","translated"
"settingsDerivation.completed","Derivation path changed and wallet resync completed.","파생 경로를 변경하고 지갑 동기화를 완료했습니다.","translated"
"settingsDerivation.confirm","Changing the derivation path clears the current address, history, and UTXO records. The wallet will then regenerate and resync only the new path. Continue?","파생 경로를 변경하면 현재 주소, 기록 및 UTXO가 삭제됩니다. 지갑은 새 경로만 다시 생성하고 동기화합니다. 계속할까요?","translated"
"settingsDerivation.currentMode","Current mode: {mode}.","현재 모드: {mode}.","translated"
"settingsDerivation.custom","custom","맞춤","translated"
"settingsDerivation.description","OPTN supports one active BIP44 account path at a time. Reconfiguring it removes the old derived records and performs a fresh receive/change discovery and resync.","OPTN은 한 번에 하나의 활성 BIP44 계정 경로를 지원합니다. 다시 구성하면 이전 파생 기록을 제거하고 수신/잔돈 검색과 동기화를 새로 수행합니다.","translated"
"settingsDerivation.failed","Wallet reconfiguration failed.","지갑 재구성 실패","translated"
"settingsDerivation.invalidPath","Invalid derivation path.","잘못된 파생 경로입니다.","translated"
"settingsDerivation.networkDefault","network default","네트워크 기본값","translated"
"settingsDerivation.reconfiguring","Reconfiguring…","재구성 중…","translated"
"settingsDerivation.useDefault","Use network default","네트워크 기본값 사용","translated"
"settingsNetwork.active","Active","활성","translated"
"settingsNetwork.chipnet","Chipnet","Chipnet","stable-term"
"settingsNetwork.chipnetDescription","BCH testnet for upcoming CHIPs — test funds only","예정된 CHIPs용 BCH 테스트 네트워크 — 테스트 자금만 사용","translated"
"settingsNetwork.comingSoon","Coming soon","곧 제공","translated"
"settingsNetwork.description","Switching networks clears the active network records, derives the network path, and resynchronizes receive/change addresses. Custom paths are preserved across network changes.","네트워크를 바꾸면 현재 네트워크 기록을 지우고 네트워크 경로를 파생한 뒤 수신/잔돈 주소를 다시 동기화합니다. 사용자 지정 경로는 유지됩니다.","translated"
"settingsNetwork.mainnet","Mainnet","Mainnet","stable-term"
"settingsNetwork.mainnetDescription","Live BCH network — real funds","실제 BCH 네트워크 — 실제 자금","translated"
"settingsNetwork.regtest","Regtest","Regtest","stable-term"
"settingsNetwork.reload","Reload and resync current wallet","지갑 다시 로드 및 동기화","translated"
"settingsNetwork.reloading","Reloading wallet…","지갑 다시 로드 중…","translated"
"settingsNetwork.switching","Switching…","전환 중…","translated"
"settingsNetwork.testnet3","Testnet3","Testnet3","stable-term"
"settingsNetwork.testnet4","Testnet4","Testnet4","stable-term"
"settingsPanels.addons","Addons","애드온","translated"
"settingsPanels.appLock","App Lock","앱 잠금","translated"
"settingsPanels.cashfusion","CashFusion","CashFusion","stable-term"
"settingsPanels.console","Console","콘솔","stable-term"
"settingsPanels.contract","Contract Info","컨트랙트 정보","translated"
"settingsPanels.derivation","Derivation Path","파생 경로","translated"
"settingsPanels.experimental","Experimental Features","실험적 기능","translated"
"settingsPanels.faucet","Chipnet Faucet","Chipnet Faucet","stable-term"
"settingsPanels.nostr","Nostr & Chat","Nostr 및 채팅","translated"
"settingsPanels.server","Server","서버","stable-term"
"settingsPanels.walletConnect","WalletConnect","WalletConnect","stable-term"
"settingsPanels.wizardConnect","WizardConnect","WizardConnect","stable-term"
"settingsRows.about","About OPTN","OPTN 정보","translated"
"settingsRows.aboutDescription","Version info","버전 정보","translated"
"settingsRows.addons","Addons","애드온","translated"
"settingsRows.addonsDescription","Install and manage third-party addons","타사 애드온 설치 및 관리","translated"
"settingsRows.appLock","App Lock","앱 잠금","translated"
"settingsRows.appLockDescription","Auto-lock · Change password","자동 잠금 · 비밀번호 변경","translated"
"settingsRows.console","Console","콘솔","stable-term"
"settingsRows.consoleDescription","App log · Electrum RPC","앱 로그 · Electrum RPC","translated"
"settingsRows.contact","Contact Us","문의하기","translated"
"settingsRows.contactDescription","Get help and support","도움말 및 지원 받기","translated"
"settingsRows.contractInfo","Contract Info","컨트랙트 정보","translated"
"settingsRows.contractInfoDescription","View contract details","컨트랙트 세부 정보 보기","translated"
"settingsRows.derivation","Derivation Path","파생 경로","translated"
"settingsRows.derivationDescription","Customize and resync the active BIP44 path","현재 BIP44 경로 사용자 지정 및 재동기화","translated"
"settingsRows.experimental","Experimental Features","실험적 기능","translated"
"settingsRows.experimentalDescription","RPA · CashFusion","RPA · CashFusion","stable-term"
"settingsRows.faucet","Chipnet Faucet","Chipnet Faucet","stable-term"
"settingsRows.faucetDescription","Get test BCH on Chipnet","Chipnet 테스트 BCH 받기","translated"
"settingsRows.language","Language","언어","translated"
"settingsRows.languageDescription","Choose the wallet interface language","지갑 인터페이스 언어 선택","translated"
"settingsRows.network","Network","네트워크","translated"
"settingsRows.networkDescription","Switch between Mainnet and Chipnet","Mainnet과 Chipnet 사이 전환","translated"
"settingsRows.nostr","Nostr & Chat","Nostr 및 채팅","translated"
"settingsRows.nostrDescription","Private messages · Identity · Relay pool","비공개 메시지 · 신원 · 릴레이","translated"
"settingsRows.pendingOutbox","Pending Tx Locks","대기 중인 거래 잠금","translated"
"settingsRows.pendingOutboxDescription","Review outgoing transaction locks","송금 거래 잠금 검토","translated"
"settingsRows.recovery","Recovery Phrase","복구 문구","translated"
"settingsRows.recoveryDescription","Back up your wallet","지갑 백업","translated"
"settingsRows.server","Servers","서버","translated"
"settingsRows.serverDescription","Electrum · Block explorer · Transaction fees","Electrum · 블록 탐색기 · 거래 수수료","translated"
"settingsRows.terms","Terms of Use","이용약관","translated"
"settingsRows.termsDescription","Read our terms","약관 읽기","translated"
"settingsRows.walletConnect","WalletConnect","WalletConnect","stable-term"
"settingsRows.walletConnectDescription","Manage dApp connections","dApp 연결 관리","translated"
"settingsRows.wizardConnect","WizardConnect","WizardConnect","stable-term"
"settingsRows.wizardConnectDescription","Connect to token wizards","토큰 wizard 연결","translated"
"terms.acceptance","1. Acceptance of Terms","1. 약관 동의","translated"
"terms.acceptanceText","By accessing and using the OPTN Wallet App (“the App”), you agree to comply with and be bound by these Terms of Use. If you do not agree, please do not use the App.","OPTN Wallet 앱(“앱”)에 접근하고 사용하면 이 이용 약관을 준수하고 이에 구속되는 데 동의하는 것입니다. 동의하지 않으면 앱을 사용하지 마세요.","translated"
"terms.deviceSecurity","Ensuring the security of your device and the App.","기기와 앱의 보안 유지","translated"
"terms.modifications","6. Modifications","6. 변경","stable-term"
"terms.modificationsText","The developers may modify, suspend, or discontinue the App without prior notice and may update these Terms. You are responsible for reviewing them periodically.","개발자는 사전 통지 없이 앱을 변경, 일시 중지 또는 종료할 수 있으며 이 약관을 업데이트할 수 있습니다. 사용자는 정기적으로 확인해야 합니다.","translated"
"terms.noLiability","4. No Liability","4. 책임 제한","translated"
"terms.noLiabilityText","The developers assume no liability for loss, damage, or unauthorized access arising from use of the App, including cryptocurrency loss, data breaches, or device malfunctions. You use the App at your own risk.","개발자는 앱 사용으로 발생하는 손실, 손해 또는 무단 접근에 대해 책임을 지지 않습니다. 여기에는 암호화폐 손실, 데이터 침해 및 기기 고장이 포함됩니다. 사용자는 자신의 책임으로 앱을 사용합니다.","translated"
"terms.noWarranty","5. No Warranty","5. 보증 없음","translated"
"terms.noWarrantyText","The App is provided “as is” without express or implied warranties. The developers do not guarantee reliability, accuracy, completeness, error-free operation, or uninterrupted service.","앱은 명시적 또는 묵시적 보증 없이 “있는 그대로” 제공됩니다. 개발자는 신뢰성, 정확성, 완전성, 오류 없는 작동 또는 중단 없는 서비스를 보장하지 않습니다.","translated"
"terms.purpose","2. Purpose","2. 목적","translated"
"terms.purposeText","The OPTN Wallet App lets users securely store, send, and receive cryptocurrency. You are responsible for the security of your private keys and assets.","OPTN Wallet 앱은 암호화폐를 안전하게 저장, 전송 및 수신할 수 있게 합니다. 개인 키와 자산의 보안은 사용자의 책임입니다.","translated"
"terms.responsibilities","3. User Responsibilities","3. 사용자 책임","translated"
"terms.responsibilitiesIntro","The OPTN Wallet App handles real cryptocurrency. You are solely responsible for:","OPTN Wallet 앱은 실제 암호화폐를 처리합니다. 다음 사항은 전적으로 사용자의 책임입니다:","translated"
"terms.responsibilitiesText","The development team is not responsible for loss of assets or unauthorized access resulting from failure to follow these practices.","이러한 절차를 따르지 않아 발생한 자산 손실이나 무단 접근에 대해 개발팀은 책임지지 않습니다.","translated"
"terms.safeguard","Safeguarding your private keys and recovery phrases.","개인 키와 복구 문구 보호","translated"
"terms.verify","Verifying transaction details before confirming any actions.","작업을 확인하기 전에 트랜잭션 세부 정보 확인","translated"
"token.activeMinting","Active Minting","활성 발행","translated"
"token.authHead","Auth Head","권한 헤드","translated"
"token.bcmr","BCMR","BCMR","stable-term"
"token.bcmrUnavailable","BCMR metadata unavailable","BCMR 메타데이터를 사용할 수 없음","translated"
"token.category","Category","카테고리","translated"
"token.chainStatsError","Unable to load token chain statistics right now.","지금 토큰 체인 통계를 불러올 수 없습니다.","translated"
"token.decimals","Decimals","소수 자릿수","translated"
"token.id","Token ID","토큰 ID","translated"
"token.loading","Loading token data…","토큰 데이터 로드 중…","translated"
"token.no","No","아니요","translated"
"token.symbol","Symbol","기호","translated"
"token.totalNfts","Total NFTs","총 NFT","translated"
"token.totalSupply","Total Supply","총 공급량","translated"
"token.unavailable","Unavailable","사용할 수 없음","translated"
"token.yes","Yes","예","translated"
"tor.appRunsOwn","The app runs its own Tor — no Tor Browser needed","앱이 자체 Tor를 실행하므로 Tor Browser가 필요하지 않습니다","translated"
"tor.autoDetect","Auto-detect (9050 / 9150)","자동 감지(9050 / 9150)","translated"
"tor.bootstrapping","Bootstrapping Tor… {percent}%","Tor 부트스트랩 중… {percent}%","translated"
"tor.check","Check Tor","Tor 확인","translated"
"tor.checking","Checking…","확인 중…","translated"
"tor.desktopOnly","Desktop only","데스크톱 전용","translated"
"tor.disable","Disable","비활성화","translated"
"tor.enable","Enable","활성화","translated"
"tor.externalOption","Or use a Tor you run yourself:","또는 직접 실행하는 Tor 사용:","translated"
"tor.foundOnPort","Tor found on port {port} ✓","{port} 포트에서 Tor 발견 ✓","translated"
"tor.integrated","Integrated Tor","통합 Tor","translated"
"tor.manualPort","Manual port","수동 포트","translated"
"tor.noExternal","No external Tor found. Either press “Start integrated Tor” above (recommended), or start Tor Browser (9150) / a system Tor daemon (9050) and press “Check Tor”. Without Tor, remote CashFusion is blocked.","외부 Tor를 찾지 못했습니다. 위의 통합 Tor(권장) 또는 Tor Browser(9150) / 시스템 Tor 데몬(9050)을 시작한 뒤 “Tor 확인”을 누르세요. Tor가 없으면 원격 CashFusion이 차단됩니다.","translated"
"tor.noProxy","No Tor proxy running ✗","실행 중인 Tor 프록시 없음 ✗","translated"
"tor.remoteRequired","Required for remote CashFusion servers","원격 CashFusion 서버에 필요","translated"
"tor.runningOn","Running on port {port} ✓","{port} 포트에서 실행 중 ✓","translated"
"tor.starting","Starting…","시작 중…","translated"
"tor.startIntegrated","Start integrated Tor","통합 Tor 시작","translated"
"tor.stop","Stop","중지","translated"
"tor.title","Tor","Tor","stable-term"
"tor.usingManual","Using manual port {port}","수동 포트 {port} 사용 중","translated"
"txDetails.bch","BCH","BCH","stable-term"
"txDetails.index","Index","인덱스","stable-term"
"txDetails.locktime","Locktime","잠금 시간","translated"
"txDetails.txid","TXID","TXID","stable-term"
"txDetails.version","Version","버전","stable-term"
"txSummary.bch","BCH","BCH","stable-term"
"txSummary.bchInput","bch input","BCH 입력","translated"
"txSummary.bytes","bytes","바이트","stable-term"
"txSummary.fee","Fee","수수료","translated"
"txSummary.feeRate","Fee rate","수수료율","translated"
"txSummary.inputs","Inputs","입력","translated"
"txSummary.outputs","Outputs","출력","translated"
"txSummary.sats","sats","sats","stable-term"
"txSummary.token","token","토큰","stable-term"
"txSummary.tokenInput","token input","토큰 입력","translated"
"txSummary.txSize","Tx size","거래 크기","translated"
"utxo.amount","Amount","금액","translated"
"utxo.bitcoinCash","Bitcoin Cash","Bitcoin Cash","stable-term"
"utxo.ft","FT","FT","stable-term"
"utxo.height","Height","높이","translated"
"utxo.loading","Loading UTXOs…","UTXO 로드 중…","translated"
"utxo.name","Name","이름","translated"
"utxo.nft","NFT","NFT","stable-term"
"utxo.none","No UTXOs to display.","표시할 UTXO가 없습니다.","translated"
"utxo.pos","Pos","위치","translated"
"utxo.tokens","tokens","토큰","stable-term"
"utxo.txHash","Tx Hash","거래 해시","translated"
"walkthrough.label","Walkthrough","단계별 안내","translated"
"watchOnly.accountXpub","Account xPub","계정 xPub","translated"
"watchOnly.back","Back to wallets","지갑으로 돌아가기","translated"
"watchOnly.change","Change #{index}","잔돈 #{index}","translated"
"watchOnly.chipnet","Chipnet","Chipnet","stable-term"
"watchOnly.comingNext","Coming next","곧 제공","translated"
"watchOnly.description","Inspect public BCH addresses without importing any private keys.","개인 키를 가져오지 않고 공개 BCH 주소를 확인합니다.","translated"
"watchOnly.mainnet","Mainnet","Mainnet","stable-term"
"watchOnly.multipleCosigners","Multiple cosigners","여러 공동 서명자","translated"
"watchOnly.multisign","Multisign","다중 서명","translated"
"watchOnly.network","Network","네트워크","translated"
"watchOnly.pathNote","Confirm that SeedCash exported this account at m/44'/145'/account'. A standalone BIP32 xPub cannot prove its parent purpose or coin path.","SeedCash가 이 계정을 m/44’/145’/account’로 내보냈는지 확인하세요. 독립형 BIP32 xPub만으로는 상위 목적이나 코인 경로를 증명할 수 없습니다.","translated"
"watchOnly.previewPublic","Preview public addresses","공개 주소 미리보기","translated"
"watchOnly.previewTitle","Public address preview","공개 주소 미리보기","translated"
"watchOnly.receive","Receive #{index}","수신 #{index}","translated"
"watchOnly.scanCamera","Scan (camera)","스캔(카메라)","translated"
"watchOnly.standard","Standard","표준","stable-term"
"watchOnly.title","Watch-Only Wallet Preview","보기 전용 지갑 미리보기","translated"
"watchOnly.type","Watch-only wallet type","보기 전용 지갑 유형","translated"
"watchOnly.uploadQr","Upload QR","QR 업로드","translated"
"watchOnly.warning","Public preview only: this screen does not save a watch-only wallet or create, sign, import, or broadcast PSBT transactions yet.","공개 미리보기 전용: 이 화면은 아직 보기 전용 지갑을 저장하거나 PSBT 트랜잭션을 생성, 서명, 가져오기 또는 브로드캐스트하지 않습니다.","translated"
"watchOnly.xpubPlaceholder","Paste the xPub exported by SeedCash","SeedCash에서 내보낸 xPub 붙여넣기","translated"
"wc.activeSessions","Active WalletConnect Sessions","활성 WalletConnect 세션","translated"
"wc.address","Address","주소","translated"
"wc.approvalFailedBody","Failed to approve the session request from {name}.","{name}의 세션 요청을 승인하지 못했습니다.","translated"
"wc.approvalFailedTitle","WalletConnect approval failed","WalletConnect 승인 실패","translated"
"wc.approve","Approve","승인","translated"
"wc.approvedBody","Connected to {name}.","{name}에 연결했습니다.","translated"
"wc.approvedTitle","WalletConnect session approved","WalletConnect 세션 승인됨","translated"
"wc.approveSession","Approve Session","세션 승인","translated"
"wc.broadcast","Broadcast","브로드캐스트","translated"
"wc.broadcastLocked","Another outgoing transaction is still syncing. To avoid duplicates while you are offline, this wallet will only broadcast one unresolved transaction at a time.","다른 출금 트랜잭션이 아직 동기화 중입니다. 오프라인에서 중복을 방지하기 위해 이 지갑은 해결되지 않은 트랜잭션을 한 번에 하나만 브로드캐스트합니다.","translated"
"wc.cancel","Cancel","취소","translated"
"wc.close","Close","닫기","translated"
"wc.connect","Connect","연결","translated"
"wc.connectionUri","Connection URI","연결 URI","translated"
"wc.dappName","DApp Name","dApp 이름","translated"
"wc.disconnect","Disconnect","연결 해제","translated"
"wc.disconnectsOn","Disconnects On","연결 해제 시간","translated"
"wc.domain","Domain","도메인","translated"
"wc.enterUri","Enter WalletConnect URI","WalletConnect URI 입력","translated"
"wc.estimatedFee","Estimated Fee","예상 수수료","translated"
"wc.fungibleAmount","Fungible Amount","대체 가능 수량","translated"
"wc.index","Index","인덱스","stable-term"
"wc.inputs","Inputs ({count})","입력({count})","translated"
"wc.invalidLockingBytecode","Invalid locking bytecode","잘못된 잠금 바이트코드","translated"
"wc.invalidQr","Not a valid WalletConnect URI.","유효한 WalletConnect URI가 아닙니다.","translated"
"wc.messageApprovedBody","Approved the WalletConnect message request.","WalletConnect 메시지 요청을 승인했습니다.","translated"
"wc.messageFailedBody","Failed to sign WalletConnect message request.","WalletConnect 메시지 요청에 서명하지 못했습니다.","translated"
"wc.messageFailedTitle","WalletConnect message failed","WalletConnect 메시지 실패","translated"
"wc.messageRejectedBody","Rejected the WalletConnect message request.","WalletConnect 메시지 요청을 거부했습니다.","translated"
"wc.messageRejectedTitle","WalletConnect message rejected","WalletConnect 메시지 거부됨","translated"
"wc.messageRejectFailedBody","Failed to reject WalletConnect message request.","WalletConnect 메시지 요청을 거부하지 못했습니다.","translated"
"wc.messageSignedBody","Approved request from {name}.","{name}의 요청을 승인했습니다.","translated"
"wc.messageSignedTitle","WalletConnect message signed","WalletConnect 메시지 서명됨","translated"
"wc.messageToSign","Message to Sign","서명할 메시지","translated"
"wc.nftCapability","NFT Capability","NFT 기능","translated"
"wc.nftCommitment","NFT Commitment","NFT 커밋먼트","translated"
"wc.no","No","아니요","translated"
"wc.noActiveSessions","No active WalletConnect sessions yet.","활성 WalletConnect 세션이 아직 없습니다.","translated"
"wc.noQr","No QR code detected. Try again.","QR 코드를 감지하지 못했습니다. 다시 시도하세요.","translated"
"wc.noSessions","No active sessions.","활성 세션이 없습니다.","translated"
"wc.opReturnOutput","OP_RETURN Output","OP_RETURN 출력","translated"
"wc.outputs","Outputs ({count})","출력({count})","translated"
"wc.pairingStarted","WalletConnect pairing started.","WalletConnect 페어링을 시작했습니다.","translated"
"wc.pairingSuccessful","WalletConnect pairing successful via QR.","QR을 통한 WalletConnect 페어링이 완료되었습니다.","translated"
"wc.prompt","Prompt","요청","translated"
"wc.reject","Reject","거부","translated"
"wc.rejectedBody","Rejected the session request from {name}.","{name}의 세션 요청을 거부했습니다.","translated"
"wc.rejectedTitle","WalletConnect session rejected","WalletConnect 세션 거부됨","translated"
"wc.rejectionFailedBody","Failed to reject the session request from {name}.","{name}의 세션 요청을 거부하지 못했습니다.","translated"
"wc.rejectionFailedTitle","WalletConnect rejection failed","WalletConnect 거부 실패","translated"
"wc.rejectionSentBody","Sent the rejection response to the dApp.","거부 응답을 dApp에 보냈습니다.","translated"
"wc.rejectionStaleBody","The dApp disconnected before the rejection response could be delivered.","거부 응답을 전달하기 전에 dApp 연결이 해제되었습니다.","translated"
"wc.requestExpiredBody","The dApp request expired before it could be completed.","완료되기 전에 dApp 요청 시간이 만료되었습니다.","translated"
"wc.requestExpiredTitle","WalletConnect request expired","WalletConnect 요청 만료","translated"
"wc.scanFailed","WalletConnect scan failed.","WalletConnect 스캔 실패","translated"
"wc.scanQr","Scan QR","QR 스캔","translated"
"wc.sessionDisconnectedBody","A WalletConnect session was disconnected remotely.","WalletConnect 세션의 원격 연결이 해제되었습니다.","translated"
"wc.sessionDisconnectedFrom","Disconnected from {name}.","{name}에서 연결을 해제했습니다.","translated"
"wc.sessionDisconnectedTitle","WalletConnect session disconnected","WalletConnect 세션 연결 해제됨","translated"
"wc.sessionRequestExpiredBody","The WalletConnect session request timed out before approval.","승인 전에 WalletConnect 세션 요청 시간이 만료되었습니다.","translated"
"wc.sessionRequestExpiredTitle","WalletConnect session request expired","WalletConnect 세션 요청 만료","translated"
"wc.sessionRequestFrom","Session request from {name}.","{name}의 세션 요청","translated"
"wc.sessionRequestGeneric","A dApp requested a WalletConnect session.","dApp이 WalletConnect 세션을 요청했습니다.","translated"
"wc.sessionRequestTitle","WalletConnect session request","WalletConnect 세션 요청","translated"
"wc.settings","Settings","설정","translated"
"wc.sign","Sign","서명","translated"
"wc.signMessageRequest","Sign Message Request","메시지 서명 요청","translated"
"wc.signTransactionRequest","Sign Transaction Request","트랜잭션 서명 요청","translated"
"wc.tokenCategory","Token Category","토큰 카테고리","translated"
"wc.totalInput","Total Input","총 입력","translated"
"wc.totalOutput","Total Output","총 출력","translated"
"wc.transactionApprovedTitle","WalletConnect transaction approved","WalletConnect 트랜잭션 승인됨","translated"
"wc.transactionFailedBody","Failed to sign WalletConnect transaction request: {message}","WalletConnect 트랜잭션 요청에 서명하지 못했습니다: {message}","translated"
"wc.transactionFailedTitle","WalletConnect transaction failed","WalletConnect 트랜잭션 실패","translated"
"wc.transactionRejectedTitle","WalletConnect transaction rejected","WalletConnect 트랜잭션 거부됨","translated"
"wc.transactionRejectionFailedBody","Failed to reject WalletConnect transaction request: {message}","WalletConnect 트랜잭션 요청을 거부하지 못했습니다: {message}","translated"
"wc.transactionResponseSentBody","Sent the WalletConnect transaction response.","WalletConnect 트랜잭션 응답을 보냈습니다.","translated"
"wc.transactionSentBody","Sent the transaction response to {name}.","{name}에 트랜잭션 응답을 보냈습니다.","translated"
"wc.transactionStaleBody","The dApp disconnected before the transaction response could be delivered.","트랜잭션 응답을 전달하기 전에 dApp 연결이 해제되었습니다.","translated"
"wc.txid","TXID","TXID","stable-term"
"wc.unknownDapp","Unknown dApp","알 수 없는 dApp","translated"
"wc.unsupportedTransaction","This request uses an unsupported transaction representation in the current OPTN Wallet integration.","현재 OPTN Wallet 통합에서 지원하지 않는 트랜잭션 표현을 사용하는 요청입니다.","translated"
"wc.validUri","Please provide a valid WalletConnect URI.","유효한 WalletConnect URI를 입력하세요.","translated"
"wc.waitingForSync","Waiting for sync","동기화 대기 중","translated"
"wc.waitPrevious","Wait for the previous outgoing transaction to sync first","이전 출금 트랜잭션이 먼저 동기화될 때까지 기다리세요","translated"
"wc.working","Working…","처리 중…","translated"
"wc.yes","Yes","예","translated"
"wizard.activeSessions","Active WizardConnect Sessions","활성 WizardConnect 세션","translated"
"wizard.address","Address","주소","translated"
"wizard.approve","Approve WizardConnect","WizardConnect 승인","translated"
"wizard.approved","WizardConnect transaction approved and sent.","WizardConnect 트랜잭션을 승인하고 전송했습니다.","translated"
"wizard.approveFailed","WizardConnect transaction failed: {message}","WizardConnect 트랜잭션 실패: {message}","translated"
"wizard.broadcast","Broadcast","브로드캐스트","translated"
"wizard.cancel","Cancel","취소","translated"
"wizard.close","Close","닫기","translated"
"wizard.connect","Connect","연결","translated"
"wizard.connectedOn","Connected On","연결 시간","translated"
"wizard.connecting","Connecting…","연결 중…","translated"
"wizard.connectionUri","Connection URI","연결 URI","translated"
"wizard.connectQuestion","Connect this wallet to the following WizardConnect request?","이 지갑을 다음 WizardConnect 요청에 연결할까요?","translated"
"wizard.dapp","DApp","dApp","stable-term"
"wizard.disconnect","Disconnect","연결 해제","translated"
"wizard.enterUri","Enter WizardConnect URI","WizardConnect URI 입력","translated"
"wizard.errorPrefix","Error: {message}","오류: {message}","translated"
"wizard.estimatedFee","Estimated Fee","예상 수수료","translated"
"wizard.fungibleAmount","Fungible Amount","대체 가능 수량","translated"
"wizard.index","Index","인덱스","stable-term"
"wizard.invalidQr","Not a valid WizardConnect QR code.","유효한 WizardConnect QR이 아닙니다.","translated"
"wizard.no","No","아니요","translated"
"wizard.noActiveSessions","No active WizardConnect sessions yet.","활성 WizardConnect 세션이 아직 없습니다.","translated"
"wizard.noQr","No QR code detected. Try again.","QR 코드를 감지하지 못했습니다. 다시 시도하세요.","translated"
"wizard.noWallet","No active wallet is available for WizardConnect.","WizardConnect에 사용할 활성 지갑이 없습니다.","translated"
"wizard.opReturnOutput","OP_RETURN Output","OP_RETURN 출력","translated"
"wizard.pairingStarted","WizardConnect pairing started.","WizardConnect 페어링을 시작했습니다.","translated"
"wizard.prompt","Prompt","요청","translated"
"wizard.rejected","WizardConnect transaction rejected.","WizardConnect 트랜잭션을 거부했습니다.","translated"
"wizard.rejectFailed","WizardConnect rejection failed: {message}","WizardConnect 거부 실패: {message}","translated"
"wizard.scanFailed","WizardConnect scan failed.","WizardConnect 스캔 실패","translated"
"wizard.sessionDisconnectedOrExpired","A WizardConnect session disconnected or expired on the dApp side.","dApp 측에서 WizardConnect 세션 연결이 해제되었거나 만료되었습니다.","translated"
"wizard.settings","Settings","설정","translated"
"wizard.sign","Sign","서명","translated"
"wizard.signRequest","WizardConnect Sign Request","WizardConnect 서명 요청","translated"
"wizard.status","Status","상태","stable-term"
"wizard.tokenCategory","Token Category","토큰 카테고리","translated"
"wizard.totalInput","Total Input","총 입력","translated"
"wizard.totalOutput","Total Output","총 출력","translated"
"wizard.txid","TXID","TXID","stable-term"
"wizard.unknownDapp","Unknown dApp","알 수 없는 dApp","translated"
"wizard.unsupportedTransaction","This request uses an unsupported transaction representation in the current OPTN Wallet integration.","현재 OPTN Wallet 통합에서 지원하지 않는 트랜잭션 표현을 사용하는 요청입니다.","translated"
"wizard.validUri","Please provide a valid WizardConnect URI.","유효한 WizardConnect URI를 입력하세요.","translated"
"wizard.yes","Yes","예","translated"
