"key","English (en)","Portuguese (Brazil) (pt-BR)","Status"
"about.building","Building and Sending Transactions","Criar e enviar transações","translated"
"about.buildingText","Construct transactions with custom covenant conditions such as time locks, multisignature requirements, or allowlisted addresses.","Construa transações com condições de covenant personalizadas, como bloqueios de tempo, requisitos de múltiplas assinaturas ou endereços permitidos.","translated"
"about.cashscriptExamples","CashScript Covenant Examples","Exemplos de covenants CashScript","translated"
"about.cashscriptGuide","CashScript - Writing Covenants & Introspection","CashScript — escrever covenants e introspecção","translated"
"about.cointelegraph","Cointelegraph - What are Bitcoin covenants, and how do they work?","Cointelegraph — O que são covenants Bitcoin e como funcionam?","translated"
"about.community","Community Feedback","Feedback da comunidade","translated"
"about.communityText","Built with input from beta testers and real user needs.","Criado com a contribuição de testadores beta e necessidades reais de usuários.","translated"
"about.creating","Creating and Importing Wallets","Criar e importar carteiras","translated"
"about.creatingText","Create new wallets or import existing ones using standard formats compatible with other Bitcoin wallets.","Crie novas carteiras ou importe carteiras existentes usando formatos padrão compatíveis com outras carteiras Bitcoin.","translated"
"about.feedback","Feedback and Support","Feedback e suporte","translated"
"about.feedbackText","Your feedback helps us improve OPTN Wallet. For suggestions, issues, or support, contact us at","Seu feedback nos ajuda a melhorar o OPTN Wallet. Para sugestões, problemas ou suporte, entre em contato conosco em","translated"
"about.flexibility","Flexibility","Flexibilidade","translated"
"about.flexibilityText","Tailor your wallet experience with custom transaction conditions.","Adapte sua experiência com condições de transação personalizadas.","translated"
"about.intended","Intended Use","Uso previsto","translated"
"about.intendedText","OPTN is ready to help you manage digital assets with advanced covenant features, whether you are handling personal funds or exploring Bitcoin covenants.","O OPTN ajuda você a gerenciar ativos digitais com recursos avançados de covenant, seja para fundos pessoais ou para explorar covenants Bitcoin.","translated"
"about.intuitive","Intuitive Design","Design intuitivo","translated"
"about.intuitiveText","A user-friendly interface that makes asset management approachable for beginners.","Uma interface amigável que torna a gestão de ativos acessível para iniciantes.","translated"
"about.keyFeatures","Key Features","Principais recursos","translated"
"about.learn","Learn More About Bitcoin Covenants","Saiba mais sobre covenants Bitcoin","translated"
"about.learnText","Explore these resources to deepen your understanding of Bitcoin covenants:","Explore estes recursos para aprofundar seu conhecimento sobre covenants Bitcoin:","translated"
"about.overview","Overview","Visão geral","translated"
"about.overviewText","The OPTN Wallet App gives you direct control and security over your digital assets. Bitcoin covenants let you set custom rules for how funds can be spent, so your wallet can match your preferences.","O aplicativo OPTN Wallet oferece controle direto e segurança sobre seus ativos digitais. Os covenants do Bitcoin permitem definir regras personalizadas para gastar fundos.","translated"
"about.security","Security","Segurança","translated"
"about.securityText","Bitcoin covenant features help protect assets from unauthorized transactions.","Os recursos de covenant do Bitcoin ajudam a proteger ativos contra transações não autorizadas.","translated"
"about.unmatched","Unmatched Security","Segurança incomparável","translated"
"about.unmatchedText","Define exactly how funds can be spent with Bitcoin covenants.","Defina exatamente como os fundos podem ser gastos com covenants Bitcoin.","translated"
"about.viewing","Viewing Covenants","Visualizar covenants","translated"
"about.viewingText","Review the rules that govern transactions so you can understand how your funds are protected.","Revise as regras que controlam as transações para entender como seus fundos são protegidos.","translated"
"about.why","Why Choose OPTN Wallet?","Por que escolher o OPTN Wallet?","translated"
"about.wiki","Bitcoin Covenants Wiki","Wiki de covenants Bitcoin","translated"
"actions.advanced","Advanced","Avançado","translated"
"actions.advancedActions","Advanced Actions","Ações avançadas","translated"
"actions.basic","Basic","Básico","translated"
"actions.basicActions","Basic Actions","Ações básicas","translated"
"actions.cashTokens","CashTokens","CashTokens","stable-term"
"actions.cashTokensDescription","Manage token families","Gerenciar famílias de tokens","translated"
"actions.commonWalletTasks","Common wallet tasks","Tarefas comuns da carteira","translated"
"actions.contracts","Contracts","Contratos","translated"
"actions.contractsDescription","Manage contract instances","Gerenciar instâncias de contratos","translated"
"actions.deeperTools","Deeper tools and workflows","Ferramentas e fluxos avançados","translated"
"actions.newAddress","New Address","Novo endereço","translated"
"actions.newAddressDescription","Generate a new address","Gerar um novo endereço","translated"
"actions.quantumroot","Quantumroot","Quantumroot","stable-term"
"actions.quantumrootBadge","Beta production","Beta em produção","translated"
"actions.quantumrootDescription","Quantum-ready vaults","Cofres preparados para o pós-quântico","translated"
"actions.receive","Receive","Receber","translated"
"actions.receiveDescription","Receive BCH or CashTokens","Receber BCH ou CashTokens","translated"
"actions.scanQr","Scan QR","Ler QR","translated"
"actions.scanQrDescription","Sweep paper wallets","Varrer carteiras de papel","translated"
"actions.send","Send","Enviar","translated"
"actions.sendDescription","Send BCH or CashTokens","Enviar BCH ou CashTokens","translated"
"actions.subtitle","Simple wallet actions for everyday use","Ações simples para o uso diário da carteira","translated"
"actions.taskMode","Task mode","Modo de tarefas","translated"
"actions.taskModeDescription","Basic tasks first, advanced tools one step deeper","Comece pelas tarefas básicas; as ferramentas avançadas ficam um nível abaixo","translated"
"actions.title","Actions","Ações","stable-term"
"actions.transactionBuilder","Transaction Builder","Construtor de transações","translated"
"actions.transactionBuilderDescription","Build custom transactions","Criar transações personalizadas","translated"
"actions.walletConnect","WalletConnect","WalletConnect","stable-term"
"actions.walletConnectDescription","Manage dApp sessions","Gerenciar sessões de dApps","translated"
"actions.wizardConnect","WizardConnect","WizardConnect","stable-term"
"actions.wizardConnectDescription","XPub-key-enabled dApp sessions","Sessões de dApps habilitadas por chave XPub","translated"
"addons.description","Addons run in a sandboxed frame with no access to your wallet's keys or memory — they can only do what the permissions you approve allow.","Add-ons executam em um frame isolado, sem acesso às chaves ou à memória da carteira — só podem fazer o que as permissões aprovadas permitem.","translated"
"addons.desktopOnly","Installing addons from a folder is only available on desktop.","Instalar add-ons de uma pasta só está disponível no desktop.","translated"
"addons.installed","Installed addons","Add-ons instalados","translated"
"addons.installedStatus","Installed “{name}”. Restart the app to load it.","“{name}” instalado. Reinicie o app para carregá-lo.","translated"
"addons.installFolder","Install from folder…","Instalar de uma pasta…","translated"
"addons.installing","Installing…","Instalando…","translated"
"addons.none","No addons installed.","Nenhum add-on instalado.","translated"
"addons.uninstall","Uninstall","Desinstalar","translated"
"addons.uninstalledStatus","Uninstalled. Restart the app for it to fully disappear.","Desinstalado. Reinicie o app para removê-lo completamente.","translated"
"app.back","Back","Voltar","translated"
"app.close","Close","Fechar","translated"
"app.confirmLogout","Confirm Logout","Confirmar saída","translated"
"app.confirmLogoutDescription","Confirm logout to remove this wallet from the device.","Confirme a saída para remover esta carteira do dispositivo.","translated"
"app.help","Help","Ajuda","translated"
"app.language","Language","Idioma","translated"
"app.languageDescription","Choose the wallet interface language","Escolha o idioma da interface da carteira","translated"
"app.logOut","Log Out","Sair","translated"
"app.quickAccess","Quick access","Acesso rápido","translated"
"app.settings","Settings","Configurações","translated"
"app.toggleTheme","Toggle theme","Alternar tema","translated"
"appLock.cancel","Cancel","Cancelar","translated"
"appLock.checking","Checking…","Verificando…","translated"
"appLock.confirm","Confirm","Confirmar","translated"
"appLock.confirmPassword","Confirm password","Confirmar senha","translated"
"appLock.incorrect","Incorrect passphrase. Try again.","Frase incorreta. Tente novamente.","translated"
"appLock.password","Password","Senha","translated"
"appLock.revealBackup","Enter your password to reveal the backup phrase.","Digite sua senha para revelar a frase de backup.","translated"
"appLock.verificationFailed","Verification failed. Please try again.","Falha na verificação. Tente novamente.","translated"
"apps.addonLoadFailed","Addon failed to load","Falha ao carregar o add-on","translated"
"apps.advanced","Advanced","Avançados","translated"
"apps.all","All","Todos","translated"
"apps.allowCapabilities","Allow {name} capabilities?","Permitir as capacidades de {name}?","translated"
"apps.allowOnce","Allow once","Permitir uma vez","translated"
"apps.allowSensitiveAction","Allow sensitive action?","Permitir ação sensível?","translated"
"apps.alwaysAllow","Always allow","Permitir sempre","translated"
"apps.appDefinition","App definition","Definição do app","translated"
"apps.approveCapabilities","Approve required capabilities to continue.","Aprove as capacidades necessárias para continuar.","translated"
"apps.back","Back","Voltar","translated"
"apps.browse","Browse apps","Explorar apps","translated"
"apps.browseSubtitle","Wallet first, then tokens, utils, and advanced platforms","Primeiro a carteira, depois tokens, utilitários e plataformas avançadas","translated"
"apps.capabilitiesMessage","This addon app is requesting wallet capabilities before launch.","Este app de add-on está solicitando capacidades da carteira antes de iniciar.","translated"
"apps.capability","Capability:","Capacidade:","translated"
"apps.capability.addOutputs","Construct transaction outputs","Construir saídas de transação","translated"
"apps.capability.addressUtxosRead","Read UTXOs for wallet addresses","Ler UTXOs dos endereços da carteira","translated"
"apps.capability.addressUtxosRefresh","Refresh and store UTXOs for wallet addresses","Atualizar e armazenar UTXOs dos endereços da carteira","translated"
"apps.capability.broadcastTransactions","Broadcast transactions","Transmitir transações","translated"
"apps.capability.buildTransactions","Build transactions","Construir transações","translated"
"apps.capability.fetchJson","Fetch JSON over HTTP","Buscar JSON por HTTP","translated"
"apps.capability.signatureTemplates","Create signature templates","Criar modelos de assinatura","translated"
"apps.capability.signMessages","Sign messages with wallet keys","Assinar mensagens com as chaves da carteira","translated"
"apps.capability.tokenHoldersRead","Read TokenIndex holder lists","Ler listas de detentores do TokenIndex","translated"
"apps.capability.tokenMetadataRead","Read CashToken metadata","Ler metadados de CashToken","translated"
"apps.capability.walletAddressesRead","Read wallet addresses","Ler endereços da carteira","translated"
"apps.capability.walletContextRead","Read wallet context","Ler contexto da carteira","translated"
"apps.capability.walletUtxosRead","Read wallet UTXOs","Ler UTXOs da carteira","translated"
"apps.capabilityRequested","{name} requested: {capability}.","{name} solicitou: {capability}.","translated"
"apps.cashFusionDescription","Private CoinJoin — server or P2P over Nostr + Tor","CoinJoin privado — servidor ou P2P via Nostr + Tor","translated"
"apps.chatDescription","Private end-to-end encrypted Nostr messaging","Mensagens Nostr privadas e criptografadas de ponta a ponta","translated"
"apps.comingSoon","Coming soon","Em breve","translated"
"apps.contractsDescription","Browse artifacts and manage deployed instances","Explorar artefatos e gerenciar instâncias implantadas","translated"
"apps.deny","Deny","Negar","translated"
"apps.empty","No apps in this category.","Nenhum app nesta categoria.","translated"
"apps.expectedScreen","Expected config.screen (or app.id) to map to a built-in app implementation.","config.screen (ou app.id) deveria mapear para uma implementação interna de app.","translated"
"apps.failedToLoad","Failed to load app","Falha ao carregar o app","translated"
"apps.goToLanding","Go to Landing","Ir para a tela inicial","translated"
"apps.loadFailed","Failed to load addon apps","Falha ao carregar apps de add-on","translated"
"apps.loadingAddon","Loading addon…","Carregando add-on…","translated"
"apps.loadingApp","Loading app…","Carregando app…","translated"
"apps.noWallet","No wallet selected","Nenhuma carteira selecionada","translated"
"apps.permissionDenied","Permission denied. App launch was blocked.","Permissão negada. O início do app foi bloqueado.","translated"
"apps.quantumrootDescription","Receive and recovery tools for advanced vaults","Ferramentas de recebimento e recuperação para cofres avançados","translated"
"apps.resolvedScreenId","Resolved screen ID","ID de tela resolvido","translated"
"apps.subtitle","Extend your wallet with tools","Estenda sua carteira com ferramentas","translated"
"apps.title","Apps","Aplicativos","translated"
"apps.token","Token","Token","stable-term"
"apps.unsupportedAppKind","Unsupported app kind:","Tipo de app não compatível:","translated"
"apps.unsupportedDeclarativeApp","Unsupported declarative app:","App declarativo não compatível:","translated"
"apps.utils","Utils","Utilitários","translated"
"apps.waitingPermission","Waiting for app permission","Aguardando permissão do app","translated"
"apps.wallet","Wallet","Carteira","stable-term"
"assets.advancedVaultDescription","Receive and recovery tools for advanced vaults","Ferramentas de recebimento e recuperação para cofres avançados","translated"
"assets.advancedVaultWorkspace","Advanced vault workspace","Área de trabalho avançada do cofre","translated"
"assets.bitcoinCash","Bitcoin Cash","Bitcoin Cash","stable-term"
"assets.cashTokenHoldings","CashToken holdings","Saldo de CashTokens","translated"
"assets.cashTokens","CashTokens","CashTokens","stable-term"
"assets.categories","categories","categorias","translated"
"assets.chipnet","Chipnet","Chipnet","stable-term"
"assets.fungible","fungible","fungíveis","translated"
"assets.fungibleHoldings","Fungible token holdings","Tokens fungíveis","translated"
"assets.mintingNfts","Minting NFTs","NFTs de emissão","translated"
"assets.mintingNftsDescription","Authority to mint additional NFTs in this category","Autoridade para emitir NFTs adicionais nesta categoria","translated"
"assets.mintTokens","Mint Tokens","Emitir tokens","translated"
"assets.mutableNfts","Mutable NFTs","NFTs mutáveis","translated"
"assets.mutableNftsDescription","Commitment may be changed by the holder","O compromisso pode ser alterado pelo titular","translated"
"assets.nfts","NFTs","NFTs","stable-term"
"assets.noFungibleTokens","No fungible CashTokens found.","Nenhum CashToken fungível encontrado.","translated"
"assets.noNfts","No NFTs found.","Nenhum NFT encontrado.","translated"
"assets.nonFungibleHoldings","Non-fungible holdings","Ativos não fungíveis","translated"
"assets.openVaults","Open vaults","Abrir cofres","translated"
"assets.plainNfts","Plain NFTs","NFTs simples","translated"
"assets.plainNftsDescription","Fixed commitment; cannot be changed or used to mint","Compromisso fixo; não pode ser alterado nem usado para emitir","translated"
"assets.primaryBalance","Primary wallet balance","Saldo principal da carteira","translated"
"assets.quantumroot","Quantumroot","Quantumroot","stable-term"
"assets.quickInventory","Quick view of your wallet inventory","Visão rápida dos ativos da carteira","translated"
"assets.tabBch","BCH","BCH","stable-term"
"assets.tabNfts","NFTs","NFTs","stable-term"
"assets.tabTokens","Tokens","Tokens","stable-term"
"assets.title","Assets","Ativos","translated"
"assets.toggleBalance","Toggle BCH and USD balance","Alternar saldo em BCH e USD","translated"
"assets.units","units","unidades","translated"
"assets.usdPriceUnavailable","USD price unavailable","Preço em USD indisponível","translated"
"assets.usdUnavailable","USD unavailable","USD indisponível","translated"
"assets.vaultWorkspace","Vault workspace","Área de trabalho do cofre","translated"
"bip37.addressesWithCoins","address(es) with coins","endereço(s) com moedas","translated"
"bip37.blocks","blocks","blocos","stable-term"
"bip37.fromNode","BCH from the node ✓","BCH do nó ✓","translated"
"bip37.height","height","altura","translated"
"bip37.inUse","● in use","● em uso","translated"
"bip37.node","Node","Nó","stable-term"
"bip37.notServes","Does not serve BIP37 ✗ (bloom filtering off)","Não oferece BIP37 ✗ (filtro Bloom desativado)","translated"
"bip37.probe","Probe","Testar","translated"
"bip37.probing","Probing…","Testando…","translated"
"bip37.protocol","protocol","protocolo","translated"
"bip37.remove","Remove","Remover","translated"
"bip37.scanned","scanned","examinados","translated"
"bip37.serves","Serves BIP37 ✓","Oferece BIP37 ✓","translated"
"bip37.sync","Sync","Sincronizar","translated"
"bip37.syncing","Syncing…","Sincronizando…","translated"
"bip37.syncingDetails","Syncing headers + scanning blocks via the node…","Sincronizando cabeçalhos e examinando blocos pelo nó…","translated"
"bip37.use","Use","Usar","translated"
"bip37.useBalanceTitle","Derive this wallet's balance directly from the node (trustless SPV)","Derivar o saldo desta carteira diretamente do nó (SPV sem confiança)","translated"
"bip37.useNodeTitle","Use ONLY this node for wallet data (trustless; Electrum servers are not consulted)","Usar SOMENTE este nó para os dados da carteira (sem confiança; servidores Electrum não são consultados)","translated"
"bip37.verified","Verified trustlessly: every matched tx proven by its block's merkle proof.","Verificado sem confiança: cada transação encontrada é provada pela prova de Merkle do bloco.","translated"
"bip37.watching","watching","observando","translated"
"builder.addFirstRecipient","Add your first recipient","Adicione seu primeiro destinatário","translated"
"builder.addOpReturnOutput","Add OP_RETURN Output","Add OP_RETURN Output","needs-review"
"builder.addOutput","Add Output","Adicionar saída","translated"
"builder.addRecipient","Add recipient","Adicionar destinatário","translated"
"builder.addRecipients","Add recipients","Adicionar destinatários","translated"
"builder.addRecipientsDescription","Add BCH recipients, token transfers, collectibles, or an optional message output.","Adicione destinatários de BCH, transferências de tokens, colecionáveis ou uma saída de mensagem opcional.","translated"
"builder.address","Address","Address","needs-review"
"builder.amount","Amount","Amount","needs-review"
"builder.amountToSend","Amount to send","Valor a enviar","translated"
"builder.attachMessage","Attach message","Anexar mensagem","translated"
"builder.back","Back","Voltar","translated"
"builder.bchAddress","BCH address","Endereço BCH","translated"
"builder.bchAmountSats","BCH amount (sats)","BCH amount (sats)","needs-review"
"builder.bchFunds","BCH funds","BCH funds","needs-review"
"builder.broadcastedSuccess","Your transaction was broadcast successfully!","Sua transação foi transmitida com sucesso!","translated"
"builder.buildTransaction","Build Transaction","Criar transação","translated"
"builder.buildTx","Build TX","Build TX","needs-review"
"builder.capability","Capability","Capability","needs-review"
"builder.category","Category","Category","needs-review"
"builder.chooseSource","Choose a source","Escolher uma fonte","translated"
"builder.chooseSourceDescription","Pick wallet addresses for normal sends, or contracts for script spends.","Escolha endereços da carteira para envios normais ou contratos para gastos de script.","translated"
"builder.chooseSourceHelp","Choose source","Escolha a fonte","translated"
"builder.close","Close","Fechar","translated"
"builder.collectibleAmount","Collectible amount","Collectible amount","needs-review"
"builder.commitment","Commitment","Commitment","needs-review"
"builder.configureCollectible","Configure collectible","Configure collectible","needs-review"
"builder.confirmAndSend","Confirm and Send Transaction","Confirmar e enviar transação","translated"
"builder.confirmTransaction","Confirm Transaction","Confirmar transação","translated"
"builder.contract","Contract","Contract","needs-review"
"builder.contractAddress","Contract address","Endereço do contrato","translated"
"builder.contractAssets","Contract assets","Contract assets","needs-review"
"builder.contractFunction","Contract Function","Contract Function","needs-review"
"builder.contractFunds","Contract funds","Contract funds","needs-review"
"builder.contracts","Contracts","Contratos","translated"
"builder.contractSourceCount","{count} contract source(s)","{count} contract source(s)","needs-review"
"builder.contractSourcePlural","{count} contract sources","{count} contract sources","needs-review"
"builder.contractSources","Contract sources","Fontes de contrato","translated"
"builder.contractSourceSingular","{count} contract source","{count} contract source","needs-review"
"builder.copyToClipboard","Copy to clipboard","Copiar para a área de transferência","translated"
"builder.createCollectible","Create collectible","Criar colecionável","translated"
"builder.createToken","Create token","Criar token","translated"
"builder.customSend","Custom Send","Envio personalizado","translated"
"builder.decodeFailed","Unable to decode transaction. Showing raw hex:","Não foi possível decodificar a transação. Exibindo hexadecimal bruto:","translated"
"builder.dragToConfirm","Drag to Confirm","Arraste para confirmar","translated"
"builder.enterTokenAmount","Enter amount (max {amount})","Enter amount (max {amount})","needs-review"
"builder.estimatedNetworkFee","Estimated network fee","Taxa de rede estimada","translated"
"builder.feeReserve","Leaving a {count} sat fee reserve.","Deixando uma reserva de taxa de {count} sat.","translated"
"builder.flow","Flow","Fluxo","translated"
"builder.flowDescription","Pick a source, choose funds, add recipients, then preview the final transaction before sending.","Escolha uma fonte, selecione os fundos, adicione destinatários e visualize a transação final antes de enviar.","translated"
"builder.fundsSelected","Funds selected","Fundos selecionados","translated"
"builder.fungibleAmount","Fungible Amount","Fungible Amount","needs-review"
"builder.fungibleTokens","Fungible Tokens","Fungible Tokens","needs-review"
"builder.genesisCollectible","Genesis input for this collectible","Genesis input for this collectible","needs-review"
"builder.genesisInput","Genesis input for this token","Genesis input for this token","needs-review"
"builder.help","Help","Ajuda","translated"
"builder.howWorks","How this works","Como funciona","translated"
"builder.inputs","Inputs","Inputs","needs-review"
"builder.leftoverBchPlaceholder","Wallet address for leftover BCH","Endereço da carteira para o BCH restante","translated"
"builder.max","Max","Máximo","translated"
"builder.maxSpendable","Set to maximum spendable (leaves 2000 sats for fees)","Definir o máximo gastável (deixa 2000 sats para taxas)","translated"
"builder.missingUnlocker","Missing unlocker!","Unlocker ausente!","translated"
"builder.next","Next","Avançar","translated"
"builder.nftCapability","NFT Capability","NFT Capability","needs-review"
"builder.nftCommitment","NFT Commitment","NFT Commitment","needs-review"
"builder.noContractAddresses","No contract addresses available.","Nenhum endereço de contrato disponível.","translated"
"builder.noFundsSelected","No funds selected yet.","Nenhum fundo selecionado ainda.","translated"
"builder.none","None","None","needs-review"
"builder.nonFungibleTokens","Non-Fungible Tokens","Non-Fungible Tokens","needs-review"
"builder.noOutputs","No outputs added yet.","Nenhuma saída adicionada ainda.","translated"
"builder.noQrCode","No QR code detected. Please try again.","No QR code detected. Please try again.","needs-review"
"builder.noSpendableBalance","No spendable balance after fee reserve","Não há saldo gastável após reservar a taxa","translated"
"builder.noUtxosSelected","No UTXOs selected.","Nenhum UTXO selecionado.","translated"
"builder.noWalletAddresses","No wallet addresses available.","Nenhum endereço de carteira disponível.","translated"
"builder.opReturnData","OP_RETURN Data","OP_RETURN Data","needs-review"
"builder.opReturnEmpty","OP_RETURN data cannot be empty.","OP_RETURN data cannot be empty.","needs-review"
"builder.opReturnOutput","OP_RETURN Output","OP_RETURN Output","needs-review"
"builder.opReturnPlaceholder","Enter space-separated ASCII words","Enter space-separated ASCII words","needs-review"
"builder.outputs","Outputs","Outputs","needs-review"
"builder.paperWallet","Paper Wallet","Paper Wallet","needs-review"
"builder.paperWalletUtxos","Paper Wallet UTXOs","Paper Wallet UTXOs","needs-review"
"builder.pickFunds","Pick funds","Selecionar fundos","translated"
"builder.pickFundsDescription","Select the BCH, tokens, or collectibles that will fund this transaction.","Selecione o BCH, tokens ou colecionáveis que financiarão esta transação.","translated"
"builder.rawTransactionDetails","Raw Transaction Details","Detalhes brutos da transação","translated"
"builder.ready","Ready","Pronto","translated"
"builder.recipient","{count} recipient","{count} recipient","needs-review"
"builder.recipientAddress","Recipient Address","Endereço do destinatário","translated"
"builder.recipientCount","{count} recipients","{count} recipients","needs-review"
"builder.recipients","Recipients","Destinatários","translated"
"builder.recipientsAdded","Recipients added","Destinatários adicionados","translated"
"builder.remove","Remove","Remover","translated"
"builder.removeAllRecipients","Remove all recipients","Remover todos os destinatários","translated"
"builder.returnLeftover","Return leftover funds to","Devolver o saldo restante para","translated"
"builder.reviewAndSend","Review and send","Revisar e enviar","translated"
"builder.reviewAndSendDescription","Preview first, then send only when the summary looks right.","Visualize primeiro e envie somente quando o resumo estiver correto.","translated"
"builder.reviewFunds","Review funds","Revisar fundos","translated"
"builder.reviewRecipients","Review recipients","Revisar destinatários","translated"
"builder.scanQrCode","Scan QR Code","Escanear código QR","translated"
"builder.selectedFunds","Selected funds","Fundos selecionados","translated"
"builder.selectedItem","{count} selected item","{count} selected item","needs-review"
"builder.selectedItems","{count} selected items","{count} selected items","needs-review"
"builder.selectGenesisInput","Select genesis input","Select genesis input","needs-review"
"builder.selectSource","Select a source to continue.","Selecione uma fonte para continuar.","translated"
"builder.sendBch","Send BCH","Enviar BCH","translated"
"builder.sendTx","Send TX","Send TX","needs-review"
"builder.sendWarning","You are about to send a transaction. Please confirm that all details are correct. This action cannot be undone.","Você está prestes a enviar uma transação. Confirme que todos os detalhes estão corretos. Esta ação não pode ser desfeita.","translated"
"builder.sourcesChosen","Sources chosen","Fontes escolhidas","translated"
"builder.step","Step {number}","Etapa {number}","translated"
"builder.token","Token","Token","needs-review"
"builder.tokenAddress","Token address","Endereço do token","translated"
"builder.tokenAmount","Token Amount","Token Amount","needs-review"
"builder.tokenCategory","Token Category","Token Category","needs-review"
"builder.tokenCategoryLabel","Token Category","Token Category","needs-review"
"builder.tokensCollectibles","Tokens & collectibles","Tokens & collectibles","needs-review"
"builder.transactionError","Transaction Error","Erro na transação","translated"
"builder.transactionSubmitted","Transaction Submitted","Transação enviada","translated"
"builder.transactionSubmittedDescription","Your transaction has been submitted. Use this txid as the reference and avoid sending it again.","Sua transação foi enviada. Use este txid como referência e evite enviá-la novamente.","translated"
"builder.transactionSuccessful","Transaction Successful","Transação concluída","translated"
"builder.transferMinimum","Transfer amount must be at least {count}.","Transfer amount must be at least {count}.","needs-review"
"builder.tryAgain","Try Again","Tentar novamente","translated"
"builder.txHash","Tx Hash","Tx Hash","needs-review"
"builder.txId","TX ID","TX ID","needs-review"
"builder.viewExplorer","View on Explorer","Ver no explorer","translated"
"builder.wallet","Wallet","Wallet","needs-review"
"builder.walletAssets","Wallet assets","Wallet assets","needs-review"
"builder.walletFunds","Wallet funds","Fundos da carteira","translated"
"builder.walletSourceCount","{count} wallet source(s)","{count} wallet source(s)","needs-review"
"builder.walletSourcePlural","{count} wallet sources","{count} wallet sources","needs-review"
"builder.walletSources","Wallet sources","Fontes da carteira","translated"
"builder.walletSourceSingular","{count} wallet source","{count} wallet source","needs-review"
"builder.warning","⚠️ Warning","⚠️ Aviso","translated"
"camera.cancel","Cancel","Cancelar","translated"
"camera.scan","Scan QR with camera","Ler QR com a câmera","translated"
"camera.unavailable","Camera unavailable: {error}. Use Upload instead.","Câmera indisponível: {error}. Use o upload.","translated"
"cauldron.active","active","ativas","translated"
"cauldron.description","Detected from the active wallet receive/change/DeFi address set through the Cauldron indexer.","Detectadas no conjunto ativo de endereços de recebimento, troco e DeFi da carteira pelo indexador do Cauldron.","translated"
"cauldron.positions","Cauldron positions","Posições do Cauldron","translated"
"cauldron.tokenCategories","token categories","categorias de tokens","translated"
"chat.back","Back to conversations","Voltar às conversas","translated"
"chat.choosePhoto","Choose photo","Escolher foto","translated"
"chat.copyNpub","Copy npub","Copiar npub","translated"
"chat.displayName","Display name","Nome de exibição","translated"
"chat.emptyDescription","Pick a conversation, or tap + to message someone by their npub. Messages are end-to-end encrypted over Nostr.","Escolha uma conversa ou toque em + para enviar uma mensagem a alguém pelo npub. As mensagens são criptografadas de ponta a ponta no Nostr.","translated"
"chat.encrypted","End-to-end encrypted","Criptografia de ponta a ponta","translated"
"chat.messagePlaceholder","Message…","Mensagem…","stable-term"
"chat.newChat","New chat","Novo chat","translated"
"chat.newConversation","New conversation","Nova conversa","translated"
"chat.noConversations","No conversations yet. Tap + to start one.","Ainda não há conversas. Toque em + para iniciar uma.","translated"
"chat.noMessages","No messages yet. Say hi — messages are end-to-end encrypted.","Ainda não há mensagens. Diga olá — as mensagens são criptografadas de ponta a ponta.","translated"
"chat.open","Open","Abrir","translated"
"chat.privateConversations","Your private conversations","Suas conversas privadas","translated"
"chat.privateMessaging","Private Nostr messaging","Mensagens privadas Nostr","translated"
"chat.profile","Profile","Perfil","translated"
"chat.profilePublished","Profile published ✓","Perfil publicado ✓","translated"
"chat.publishProfile","Publish profile","Publicar perfil","translated"
"chat.recipient","Recipient npub…","npub do destinatário…","translated"
"chat.searchConversations","Search conversations","Pesquisar conversas","translated"
"chat.send","Send","Enviar","translated"
"chat.setup","Nostr setup","Configuração do Nostr","translated"
"chat.title","Chat","Bate-papo","translated"
"chat.youPrefix","You: ","Você: ","translated"
"chat.yourNpub","Your npub","Seu npub","translated"
"confirm.action","Confirm action","Confirmar ação","translated"
"confirm.cancel","Cancel","Cancelar","translated"
"confirm.ok","OK","OK","stable-term"
"console.appLog","App Log","Registro do app","translated"
"console.clear","Clear","Limpar","translated"
"console.noEntries","No log entries yet.","Ainda não há entradas no registro.","translated"
"console.placeholder","method [params…]","method [params…]","stable-term"
"console.rpc","Electrum RPC","Electrum RPC","stable-term"
"console.send","Send","Enviar","translated"
"console.sending","…","…","stable-term"
"console.typeHint","Type: method param1 param2 — e.g. server.version or blockchain.headers.subscribe","Digite: método parâmetro1 parâmetro2 — por exemplo, server.version ou blockchain.headers.subscribe","translated"
"contract.arbiter","Arbiter: A trusted party who authorizes release of funds.","Árbitro: parte confiável que autoriza a liberação dos fundos.","translated"
"contract.available","Available Contracts","Contratos disponíveis","translated"
"contract.bip38","BIP38 (Password-Protected Private Keys)","BIP38 (chaves privadas protegidas por senha)","translated"
"contract.bip38Desc","The BIP38 contract secures private keys with a password. Its UTXOs require both the correct password and a valid signature.","O contrato BIP38 protege chaves privadas com uma senha. Seus UTXOs exigem a senha correta e uma assinatura válida.","translated"
"contract.bip38Spending","Spending Requirements: Provide a valid owner signature and a data signature verifying the password.","Requisitos de gasto: forneça uma assinatura válida do proprietário e uma assinatura de dados que confirme a senha.","translated"
"contract.bip38UseCase","Use Case: Ideal for protecting private keys against theft or unauthorized access, especially for long-term storage.","Uso: ideal para proteger chaves privadas contra roubo ou acesso não autorizado, especialmente em armazenamento de longo prazo.","translated"
"contract.enhancedTrust","Enhanced Trust: Useful for transactions requiring multiple trusted parties.","Confiança reforçada: útil para transações que exigem várias partes confiáveis.","translated"
"contract.escrow","Escrow","Escrow","stable-term"
"contract.escrowDesc","The Escrow contract supports secure transactions between a buyer and seller with a trusted arbiter. Funds are released only with the arbiter’s approval.","O contrato Escrow permite transações seguras entre comprador e vendedor com um árbitro confiável. Os fundos só são liberados com a aprovação do árbitro.","translated"
"contract.escrowMS2","EscrowMS2 (Multi-Party Escrow)","EscrowMS2 (escrow multipartes)","stable-term"
"contract.escrowMS2Desc","EscrowMS2 extends escrow with two arbiters. Funds can be released with one arbiter’s approval or both arbiters’ combined approval.","O EscrowMS2 amplia o escrow com dois árbitros. Os fundos podem ser liberados com a aprovação de um árbitro ou com a aprovação conjunta dos dois.","translated"
"contract.escrowMS2Spending","Spending Requirements: One arbiter or both arbiters provide valid signatures, and the full amount goes to the buyer or seller.","Requisitos de gasto: um ou ambos os árbitros fornecem assinaturas válidas, e o valor total vai para o comprador ou vendedor.","translated"
"contract.escrowSecurity","Security: Funds remain locked until the arbiter approves, helping prevent fraud or disputes.","Segurança: os fundos permanecem bloqueados até a aprovação do árbitro, ajudando a evitar fraude ou disputas.","translated"
"contract.escrowSpending","Spending Requirements: The arbiter provides a valid signature and the full amount goes to the buyer’s or seller’s public-key-hash address.","Requisitos de gasto: o árbitro fornece uma assinatura válida e o valor total vai para o endereço de hash da chave pública do comprador ou vendedor.","translated"
"contract.howToUse","How to Use Covenant Contracts","Como usar contratos covenant","translated"
"contract.howToUseText","Open the Contracts section, choose a contract type, configure its conditions, and deploy it. To spend from contract UTXOs, meet the specific spending requirements above. Detailed instructions and examples are available in the app documentation.","Abra a seção Contratos, escolha um tipo de contrato, configure suas condições e implante-o. Para gastar UTXOs do contrato, cumpra os requisitos específicos acima. Instruções detalhadas e exemplos estão disponíveis na documentação do app.","translated"
"contract.intro","Covenant contracts in the OPTN Wallet are smart contracts that enforce rules for spending digital assets. Each contract locks funds in UTXOs that can only be spent by meeting predefined conditions.","Os contratos covenant da OPTN Wallet são contratos inteligentes que impõem regras para gastar ativos digitais. Cada contrato bloqueia fundos em UTXOs que só podem ser gastos quando condições predefinidas são atendidas.","translated"
"contract.msvault","MSVault (Multi-Signature Vault)","MSVault (cofre multisig)","stable-term"
"contract.msvaultDesc","MSVault creates a secure shared or long-term vault requiring multiple signatures and a password. It enforces a minimum balance and time lock.","O MSVault cria um cofre compartilhado ou de longo prazo que exige várias assinaturas e uma senha. Ele impõe um saldo mínimo e um bloqueio por tempo.","translated"
"contract.msvaultSpending","Spending Requirements: Provide a valid signature and password-verified data signature while maintaining at least 4000 satoshis, or use a valid signature after the time lock expires.","Requisitos de gasto: forneça uma assinatura válida e uma assinatura de dados verificada por senha, mantendo pelo menos 4000 satoshis, ou use uma assinatura válida após o fim do bloqueio de tempo.","translated"
"contract.msvaultUseCase","Use Case: Suitable for shared ownership or long-term storage with strict access controls.","Uso: adequado para propriedade compartilhada ou armazenamento de longo prazo com controles de acesso rigorosos.","translated"
"contract.multipleArbiters","Multiple Arbiters: Two arbiters can authorize release of funds.","Vários árbitros: dois árbitros podem autorizar a liberação dos fundos.","translated"
"contract.multiSignature","Multi-Signature: Requires signatures from multiple authorized parties.","Multisignature: exige assinaturas de várias partes autorizadas.","translated"
"contract.p2pkh","P2PKH (Pay-to-Public-Key-Hash)","P2PKH (Pay-to-Public-Key-Hash)","stable-term"
"contract.p2pkhDesc","P2PKH is a standard Bitcoin script that protects UTXOs by requiring a signature from the owner of a specified public-key hash.","P2PKH é um script padrão do Bitcoin que protege UTXOs exigindo uma assinatura do proprietário do hash de chave pública especificado.","translated"
"contract.p2pkhSecurity","Security: A proven and reliable method for protecting digital assets.","Segurança: método comprovado e confiável para proteger ativos digitais.","translated"
"contract.p2pkhSpending","Spending Requirements: Provide a valid signature matching the public-key hash in the contract.","Requisitos de gasto: forneça uma assinatura válida correspondente ao hash de chave pública do contrato.","translated"
"contract.passwordProtection","Password Protection: Encrypts your private key with a user-defined password.","Proteção por senha: criptografa sua chave privada com uma senha definida pelo usuário.","translated"
"contract.simplicity","Simplicity: Easy to use and compatible with most Bitcoin wallets.","Simplicidade: fácil de usar e compatível com a maioria das carteiras Bitcoin.","translated"
"contract.timeControl","Time-Based Control: Sets a deadline for the recipient to claim funds.","Controle por tempo: define um prazo para o destinatário reivindicar os fundos.","translated"
"contract.transfer","TransferWithTimeout","TransferWithTimeout","stable-term"
"contract.transferDesc","TransferWithTimeout enables conditional transfers with a deadline. The recipient can claim funds before the timeout; the sender can reclaim them afterward.","TransferWithTimeout permite transferências condicionais com prazo. O destinatário pode reivindicar os fundos antes do prazo; depois, o remetente pode recuperá-los.","translated"
"contract.transferSpending","Spending Requirements: The recipient signs before the timeout; afterward, the sender can reclaim funds with a valid signature.","Requisitos de gasto: o destinatário assina antes do prazo; depois, o remetente pode recuperar os fundos com uma assinatura válida.","translated"
"contract.transferUseCase","Use Cases: Useful for subscriptions, conditional payments, or escrow-like scenarios.","Usos: útil para assinaturas, pagamentos condicionais ou situações semelhantes a escrow.","translated"
"contractPopup.back","Back","Voltar","translated"
"contractPopup.chooseFunction","Select a function","Selecionar uma função","translated"
"contractPopup.enterData","Please enter data to generate the message.","Insira os dados para gerar a mensagem.","translated"
"contractPopup.enterMessage","Enter message for {name}","Insira a mensagem para {name}","translated"
"contractPopup.enterValue","Enter {name}","Insira {name}","translated"
"contractPopup.fetchFailed","Failed to fetch keys.","Falha ao buscar chaves.","translated"
"contractPopup.generated","Message generated successfully!","Mensagem gerada com sucesso!","translated"
"contractPopup.generateMessage","Generate Message","Gerar mensagem","translated"
"contractPopup.generationFailed","Failed to generate message.","Falha ao gerar a mensagem.","translated"
"contractPopup.invalidFormat","Invalid {type} format. Please scan a valid QR code.","Formato de {type} inválido. Escaneie um QR válido.","translated"
"contractPopup.message","Message","Mensagem","stable-term"
"contractPopup.messageForCheck","message for checkdatasig","mensagem para checkdatasig","translated"
"contractPopup.noKeys","No keys found for address: {address}","Nenhuma chave encontrada para o endereço: {address}","translated"
"contractPopup.noQr","No QR code detected. Please try again.","Nenhum código QR detectado. Tente novamente.","translated"
"contractPopup.scanFor","Scan QR Code for {name}","Escanear QR para {name}","translated"
"contractPopup.select","Select","Selecionar","translated"
"contractPopup.selectAddress","Select Address","Selecionar endereço","translated"
"contractPopup.selected","Selected {type}","{type} selecionado","translated"
"contractPopup.title","Select a Function","Selecionar uma função","translated"
"contractView.address","Address","Endereço","translated"
"contractView.addressCopied","Address copied to clipboard!","Endereço copiado para a área de transferência!","translated"
"contractView.argumentTypeInfo","Argument type info","Informações do tipo do argumento","translated"
"contractView.back","Back","Voltar","translated"
"contractView.balance","Balance","Saldo","translated"
"contractView.blockHeight","Current Block Height","Altura atual do bloco","translated"
"contractView.blockHeightInfo","Blocks increment on an average interval of 10 minutes.","Os blocos avançam em um intervalo médio de 10 minutos.","translated"
"contractView.constructorArgs","Constructor Arguments","Argumentos do construtor","translated"
"contractView.copyFailed","Failed to copy address.","Falha ao copiar o endereço.","translated"
"contractView.create","Create Contract","Criar contrato","translated"
"contractView.created","Contract created successfully!","Contrato criado com sucesso!","translated"
"contractView.createFailed","Failed to create contract: {message}","Falha ao criar o contrato: {message}","translated"
"contractView.createStep","3. Create the contract","3. Crie o contrato","translated"
"contractView.datasigInfo","Data signature info","Informações da assinatura de dados","translated"
"contractView.delete","Delete","Excluir","translated"
"contractView.deleted","Contract deleted successfully!","Contrato excluído com sucesso!","translated"
"contractView.deleteFailed","Failed to delete contract.","Falha ao excluir o contrato.","translated"
"contractView.deleteFailedFallback","Failed to delete contract.","Falha ao excluir o contrato.","translated"
"contractView.enterMessage","Enter message for {name}","Digite a mensagem para {name}","translated"
"contractView.enterType","Enter a value matching type: {type}.","Digite um valor compatível com o tipo: {type}.","translated"
"contractView.error","Error","Erro","translated"
"contractView.errorPrefix","Error: {message}","Erro: {message}","translated"
"contractView.fillInputs","2. Fill constructor inputs","2. Preencha as entradas do construtor","translated"
"contractView.fillRequired","Fill in each required value before creating the contract.","Preencha cada valor obrigatório antes de criar o contrato.","translated"
"contractView.hashInfo","20-byte hash (hex) of an address/public key. Use “Select Address”.","Hash de 20 bytes (hexadecimal) de um endereço ou chave pública. Use “Selecionar endereço”.","translated"
"contractView.howWorks","How this works","Como funciona","translated"
"contractView.instantiated","Instantiated Contracts","Contratos instanciados","translated"
"contractView.loadContractsFailed","Failed to load available contracts.","Falha ao carregar os contratos disponíveis.","translated"
"contractView.loadDetailsFailed","Failed to load contract details.","Falha ao carregar os detalhes do contrato.","translated"
"contractView.loadInstancesFailed","Failed to load contract instances.","Falha ao carregar as instâncias de contrato.","translated"
"contractView.noInputs","This contract template has no constructor inputs.","Este modelo de contrato não tem entradas do construtor.","translated"
"contractView.noInstances","No contract instances yet.","Ainda não há instâncias de contrato.","translated"
"contractView.noQr","No QR code detected. Please try again.","Nenhum código QR detectado. Tente novamente.","translated"
"contractView.pickTemplate","1. Pick a template","1. Escolha um modelo","translated"
"contractView.privateKeyUnavailable","Private key unavailable for this address.","Chave privada indisponível para este endereço.","translated"
"contractView.publicKeyInfo","Public key in hex. Use “Select Address” to fill automatically.","Chave pública em hexadecimal. Use “Selecionar endereço” para preencher automaticamente.","translated"
"contractView.scanQr","Scan QR Code for {name}","Escanear código QR para {name}","translated"
"contractView.selectAddress","Select Address","Selecionar endereço","translated"
"contractView.selectContract","Select a contract","Selecione um contrato","translated"
"contractView.selectData","Please select an address and enter data to sign.","Selecione um endereço e digite os dados para assinar.","translated"
"contractView.selected","Selected {type}","{type} selecionado","translated"
"contractView.signature","Signature","Assinatura","stable-term"
"contractView.signatureFailed","Failed to generate signature.","Falha ao gerar a assinatura.","translated"
"contractView.signatureGenerated","Signature generated successfully!","Assinatura gerada com sucesso!","translated"
"contractView.signingAddress","Signing address","Endereço de assinatura","translated"
"contractView.signMessage","Sign Message","Assinar mensagem","translated"
"contractView.title","Contracts","Contratos","translated"
"contractView.tokenAddress","Token address","Endereço do token","translated"
"contractView.unavailable","Unavailable","Indisponível","translated"
"contractView.unknownError","Unknown error","Erro desconhecido","translated"
"contractView.update","Update","Atualizar","translated"
"contractView.updated","Contract updated successfully!","Contrato atualizado com sucesso!","translated"
"contractView.updateFailed","Failed to update contract.","Falha ao atualizar o contrato.","translated"
"contractView.updateFailedFallback","Failed to update contract.","Falha ao atualizar o contrato.","translated"
"derivation.accountIndex","Account index","Índice da conta","translated"
"derivation.addressDerivation","Address derivation","Derivação de endereço","translated"
"derivation.addressDerivationDescription","BIP44 account path used to derive this wallet.","Caminho de conta BIP44 usado para derivar esta carteira.","translated"
"derivation.bip44AccountIndex","BIP44 account index","Índice da conta BIP44","translated"
"derivation.bip44CoinType","BIP44 coin type","Tipo de moeda BIP44","translated"
"derivation.branchDescription","Hardened markers are fixed. Receive and change addresses are derived automatically from the /0/index and /1/index branches.","Os marcadores hardened são fixos. Os endereços de recebimento e troco são derivados automaticamente dos ramos /0/index e /1/index.","translated"
"derivation.coinType","Coin type","Tipo de moeda","translated"
"derivation.customize","Customize","Personalizar","translated"
"derivation.invalidActive","The active derivation path is invalid.","O caminho de derivação ativo é inválido.","translated"
"derivation.invalidValues","Invalid BIP44 path values.","Valores de caminho BIP44 inválidos.","translated"
"derivation.networkDefault","Network default: {value}","Padrão da rede: {value}","translated"
"derivation.pathDescription","The fixed BIP44 account path used by this wallet.","O caminho fixo da conta BIP44 usado por esta carteira.","translated"
"derivation.pathPreview","Path preview","Prévia do caminho","translated"
"derivation.range","Enter whole numbers from 0 to {max}.","Insira números inteiros de 0 a {max}.","translated"
"derivation.required","{field} is required.","{field} é obrigatório.","translated"
"derivation.usuallyZero","Usually 0","Normalmente 0","translated"
"derivation.walletNetwork","Wallet network","Rede da carteira","translated"
"derivation.walletNetworkDescription","Choose whether this wallet connects to live funds on Mainnet or test funds on Chipnet.","Escolha se esta carteira se conecta a fundos reais na Mainnet ou a fundos de teste no Chipnet.","translated"
"desktopMenu.about","About OPTN Wallet","Sobre o OPTN Wallet","translated"
"desktopMenu.cannotExport","This wallet cannot be exported.","Esta carteira não pode ser exportada.","translated"
"desktopMenu.exported","Wallet exported.","Carteira exportada.","translated"
"desktopMenu.exportFailed","Could not export the wallet.","Não foi possível exportar a carteira.","translated"
"desktopMenu.exportWallet","Export Wallet…","Exportar carteira…","translated"
"desktopMenu.file","File","Arquivo","translated"
"desktopMenu.help","Help","Ajuda","translated"
"desktopMenu.history","Transaction History","Histórico de transações","translated"
"desktopMenu.importNewWallet","Import New Wallet","Importar nova carteira","translated"
"desktopMenu.invalidWalletFile","That is not a valid OPTN wallet file.","Esse não é um arquivo de carteira OPTN válido.","translated"
"desktopMenu.lockWallet","Lock Wallet","Bloquear carteira","translated"
"desktopMenu.noSavedWallets","No saved wallets","Nenhuma carteira salva","translated"
"desktopMenu.openWallet","Open Wallet","Abrir carteira","translated"
"desktopMenu.openWalletFile","Open Wallet File…","Abrir arquivo da carteira…","translated"
"desktopMenu.quit","Quit","Sair","translated"
"desktopMenu.receive","Receive","Receber","translated"
"desktopMenu.refreshWallet","Refresh Wallet","Atualizar carteira","translated"
"desktopMenu.send","Send","Enviar","translated"
"desktopMenu.settings","Settings","Configurações","translated"
"desktopMenu.toggleTheme","Toggle Theme","Alternar tema","translated"
"desktopMenu.view","View","Exibir","translated"
"desktopMenu.wallet","Wallet","Carteira","translated"
"desktopSecurity.authenticating","Authenticating…","Autenticando…","translated"
"desktopSecurity.biometricFailed","Biometric unlock failed. Use your password.","Falha no desbloqueio biométrico. Use sua senha.","translated"
"desktopSecurity.confirmPassword","Confirm password","Confirmar senha","translated"
"desktopSecurity.continue","Continue","Continuar","translated"
"desktopSecurity.enterPassword","Enter your password to unlock.","Digite sua senha para desbloquear.","translated"
"desktopSecurity.forgotPassword","Forgot your password? Remove the wallet and re-import your seed phrase.","Esqueceu a senha? Remova a carteira e importe novamente sua frase de recuperação.","translated"
"desktopSecurity.incorrect","Incorrect passphrase. Please try again.","Senha incorreta. Tente novamente.","translated"
"desktopSecurity.loading","Loading wallet…","Carregando carteira…","translated"
"desktopSecurity.mismatch","Passphrases do not match.","As senhas não coincidem.","translated"
"desktopSecurity.password","Password","Senha","translated"
"desktopSecurity.passwordNeverStored","Your password is never stored — it derives your encryption key locally.","Sua senha nunca é armazenada — ela deriva sua chave de criptografia localmente.","translated"
"desktopSecurity.passwordPlaceholder","Password (or leave blank)","Senha (ou deixe em branco)","translated"
"desktopSecurity.saveFailed","Failed to save passphrase. Please try again.","Falha ao salvar a senha. Tente novamente.","translated"
"desktopSecurity.secureWallet","Secure your wallet","Proteja sua carteira","translated"
"desktopSecurity.securing","Securing…","Protegendo…","translated"
"desktopSecurity.setupDescription","Set a password to encrypt your wallet. You'll need it every time you open the app. Leave blank to use OS-account protection only.","Defina uma senha para criptografar sua carteira. Você precisará dela sempre que abrir o app. Deixe em branco para usar somente a proteção da conta do sistema.","translated"
"desktopSecurity.unlock","Unlock","Desbloquear","translated"
"desktopSecurity.unlockFailed","Unlock failed. Please try again.","Falha ao desbloquear. Tente novamente.","translated"
"desktopSecurity.unlocking","Unlocking…","Desbloqueando…","translated"
"desktopSecurity.useBiometric","Use {label}","Usar {label}","translated"
"desktopSecurity.walletLocked","Wallet locked","Carteira bloqueada","translated"
"desktopWallet.addAnother","Add another wallet","Adicionar outra carteira","translated"
"desktopWallet.alreadyOpen","That wallet is already open in another window.","Essa carteira já está aberta em outra janela.","translated"
"desktopWallet.backToWallets","Back to wallets","Voltar às carteiras","translated"
"desktopWallet.biometricFailed","Biometric unlock failed: {message}","Falha no desbloqueio biométrico: {message}","translated"
"desktopWallet.biometricUnlock","Biometric unlock","Desbloqueio biométrico","translated"
"desktopWallet.cancel","Cancel","Cancelar","translated"
"desktopWallet.delete","Delete","Excluir","translated"
"desktopWallet.deleteConfirm","Delete “{name}” ({network}, #{id})? Its saved .optn file is kept, so you can re-import it later.","Excluir “{name}” ({network}, #{id})? O arquivo .optn salvo será mantido para que você possa importá-lo novamente.","translated"
"desktopWallet.deleteLabel","Delete {name}","Excluir {name}","translated"
"desktopWallet.deleting","Deleting…","Excluindo…","translated"
"desktopWallet.device","Device","Dispositivo","translated"
"desktopWallet.filePasswordDescription","Enter this wallet file's password.","Insira a senha deste arquivo de carteira.","translated"
"desktopWallet.hardwareDescription","It will be used automatically to sign sends from software wallets while connected. Standalone hardware-only wallets with their own receive addresses are not supported yet.","Será usado automaticamente para assinar envios de carteiras de software enquanto estiver conectado. Carteiras somente de hardware, com endereços próprios de recebimento, ainda não são compatíveis.","translated"
"desktopWallet.hardwareTitle","Connect Hardware Wallet","Conectar carteira de hardware","translated"
"desktopWallet.importFailed","Could not import this wallet file.","Não foi possível importar este arquivo de carteira.","translated"
"desktopWallet.incorrectFilePassword","Incorrect password for this wallet file.","Senha incorreta para este arquivo de carteira.","translated"
"desktopWallet.open","Open","Abrir","translated"
"desktopWallet.openButton","Open","Abrir","translated"
"desktopWallet.openFailed","Could not open this wallet. Please try again.","Não foi possível abrir esta carteira. Tente novamente.","translated"
"desktopWallet.openFile","Open “{name}”","Abrir “{name}”","translated"
"desktopWallet.opening","Opening…","Abrindo…","translated"
"desktopWallet.password","Password","Senha","translated"
"desktopWallet.unlock","Unlock","Desbloquear","translated"
"desktopWallet.unlocking","Unlocking…","Desbloqueando…","translated"
"desktopWallet.useBiometric","Use {label}","Usar {label}","translated"
"desktopWallet.walletNumber","Wallet #{id}","Carteira #{id}","stable-term"
"desktopWallet.yourWallets","Your wallets","Suas carteiras","translated"
"error.somethingWrong","Something went wrong.","Algo deu errado.","translated"
"experimental.cashFusionDescription","CashFusion is a non-custodial privacy protocol that combines your UTXOs with those of other users in a way that breaks transaction history linkage. Connect to a CashFusion server to participate. Your funds are never at risk — the protocol is trustless.","CashFusion é um protocolo de privacidade sem custódia que combina seus UTXOs com os de outros usuários para quebrar o vínculo do histórico de transações. Conecte-se a um servidor CashFusion para participar. Seus fundos nunca ficam em risco — o protocolo não exige confiança.","translated"
"experimental.cashFusionWarning","Requires an active CashFusion server connection. Coming soon — toggle currently reserved.","Exige uma conexão ativa a um servidor CashFusion. Em breve — o alternador está reservado no momento.","translated"
"experimental.description","These features are under active development. Enable them to test new capabilities — they may change or be incomplete in future updates.","Esses recursos estão em desenvolvimento ativo. Ative-os para testar novas capacidades — podem mudar ou ficar incompletos em atualizações futuras.","translated"
"experimental.disable","Disable","Desativar","translated"
"experimental.enable","Enable","Ativar","translated"
"experimental.features","Experimental Features","Recursos experimentais","translated"
"experimental.privacy","Privacy","Privacidade","translated"
"experimental.quantumDescription","Quantumroot vaults protect funds with a quantum-resistant Schnorr LM-OTS scheme. Enabled by default. Turn off to hide Quantumroot from the wallet if you don't use it.","Os cofres Quantumroot protegem fundos com um esquema Schnorr LM-OTS resistente a quantum. Ativado por padrão. Desative para ocultar o Quantumroot se não o usar.","translated"
"experimental.quantumSafe","Quantum-safe","Resistente a quantum","translated"
"experimental.rpaBadge","BCH RPA","BCH RPA","stable-term"
"experimental.rpaDescription","Generates a static paycode (paycode:q...) that you can share publicly. Senders derive a unique one-time address for each payment via ECDH — no notification transaction, no chain bloat. Received stealth funds appear separately as 'Stealth BCH'. Scanning requires a Fulcrum-RPA capable server.","Gera um Paycode estático (paycode:q...) que você pode compartilhar publicamente. Remetentes derivam um endereço exclusivo para cada pagamento via ECDH — sem transação de notificação e sem inchaço da cadeia. Fundos furtivos recebidos aparecem separadamente como “BCH furtivo”. A varredura exige um servidor compatível com Fulcrum-RPA.","translated"
"experimental.rpaTitle","Reusable Payment Addresses (RPA)","Endereços de pagamento reutilizáveis (RPA)","translated"
"experimental.rpaWarning","Sending to paycodes requires signature grinding (not yet implemented). Receiving and scanning are available.","Enviar para Paycodes exige grinding de assinatura (ainda não implementado). Recebimento e varredura estão disponíveis.","translated"
"faucet.captcha","Answer the captcha question","Responda à pergunta do captcha","translated"
"faucet.clickLink","Click the Chipnet Faucet link","Clique no link do Faucet do Chipnet","translated"
"faucet.copyAddress","Copy a BCH Chipnet address","Copie um endereço BCH do Chipnet","translated"
"faucet.getCoins","Press ""Get Coins""","Pressione “Get Coins”","translated"
"faucet.instructions","Instructions","Instruções","stable-term"
"faucet.name","Chipnet Faucet","Faucet do Chipnet","stable-term"
"faucet.pasteAddress","Paste your address","Cole seu endereço","translated"
"faucet.selectNetwork","Select ""chipnet"" in the NETWORK box","Selecione “chipnet” na caixa NETWORK","translated"
"faucet.tooltip","Get Chipnet BCH","Obter BCH do Chipnet","translated"
"fusion.addPlaceholder","Add server — host:port (e.g. fusion.example.com:8789)","Adicionar servidor — host:porta (por exemplo, fusion.example.com:8789)","translated"
"fusion.autoTry","Auto — try each until one responds","Automático — tentar cada um até obter resposta","translated"
"fusion.busy","A fusion round is already running for this wallet.","Uma rodada de Fusion já está em execução para esta carteira.","translated"
"fusion.choose","Choose how to fuse:","Escolha como fundir:","translated"
"fusion.coinjoinAnyNetwork","Both the server path and P2P Fusion run real CoinJoins on any network. Some wallet-hardening items are still pending, but each round verifies your own outputs before signing, so it fails safely.","O caminho do servidor e a Fusion P2P executam CoinJoins reais em qualquer rede. Alguns itens de reforço da carteira ainda estão pendentes, mas cada rodada verifica suas próprias saídas antes da assinatura e falha com segurança.","translated"
"fusion.coinjoinBoth","Both run a real CoinJoin.","Ambos executam um CoinJoin real.","translated"
"fusion.componentFeeRate","Component fee rate","Taxa de comissão do componente","translated"
"fusion.componentsPlayer","Components / player","Componentes / participante","translated"
"fusion.connectingTor","Connecting via Tor{port}.","Conectando via Tor{port}.","translated"
"fusion.cooldown","Waiting for the auto-fusion cooldown.","Aguardando o intervalo da fusão automática.","translated"
"fusion.disable","Disable","Desativar","translated"
"fusion.donation","Donation","Doação","translated"
"fusion.enable","Enable","Ativar","translated"
"fusion.enabled","CashFusion Enabled","CashFusion ativado","translated"
"fusion.enableP2p","Enable P2P Fusion","Ativar Fusion P2P","translated"
"fusion.enableServer","Enable Server Fusion","Ativar Fusion por servidor","translated"
"fusion.excessFeeRange","Excess fee range","Faixa de comissão excedente","translated"
"fusion.experimentalPending","Experimental — still pending: {items}.","Experimental — ainda pendente: {items}.","translated"
"fusion.failed","Failed ✗","Falhou ✗","translated"
"fusion.fewServers","CashFusion intentionally has few public servers — a larger anonymity set on fewer servers is better than being spread thin. Add your own or a community server above.","O CashFusion tem intencionalmente poucos servidores públicos — um conjunto de anonimato maior em menos servidores é melhor do que se espalhar demais. Adicione seu próprio servidor ou um servidor da comunidade acima.","translated"
"fusion.fused","Fused ✓ — txid {txid}","Fundido ✓ — txid {txid}","translated"
"fusion.fusing","Fusing…","Fundindo…","translated"
"fusion.handshakeOk","Handshake OK ✓","Negociação OK ✓","translated"
"fusion.handshaking","Handshaking…","Negociando…","translated"
"fusion.hide","Hide","Ocultar","translated"
"fusion.howWorks","How does it work?","Como funciona?","translated"
"fusion.mobileUnsupported","CashFusion needs a raw TCP connection, which a mobile/web browser cannot open. Available in the desktop app.","O CashFusion precisa de uma conexão TCP bruta, que um navegador mobile/web não pode abrir. Disponível no app para desktop.","translated"
"fusion.more","more","mais","translated"
"fusion.noEligibleCoins","No coins are eligible to fuse right now.","Nenhuma moeda pode ser fundida agora.","translated"
"fusion.now","Fuse Now","Fundir agora","translated"
"fusion.nowDescription","CoinJoin via the server configured in Servers. Needs Tor + at least 2 players in a tier.","CoinJoin pelo servidor configurado em Servidores. Requer Tor e pelo menos 2 participantes em um nível.","translated"
"fusion.openWallet","Open a wallet to run a P2P round.","Abra uma carteira para executar uma rodada P2P.","translated"
"fusion.or","or","ou","translated"
"fusion.p2pMode","P2P Fusion","Fusion P2P","stable-term"
"fusion.p2pModeDescription","Serverless — peers over Nostr + Tor. Auto-fuses when on. Turning this on turns Server Fusion off.","Sem servidor — pares via Nostr + Tor. Faz a fusão automática quando ativado. Ativar desliga a Fusion por servidor.","translated"
"fusion.p2pModeLabel","P2P Fusion","Fusion P2P","stable-term"
"fusion.poolTiers","Pool tiers","Níveis do pool","translated"
"fusion.privacy","Privacy","Privacidade","translated"
"fusion.protocolNote","Steps 1–4 run end-to-end on the server path: the wallet joins a pool, exchanges blind signatures, submits over Tor, and broadcasts the assembled CoinJoin. P2P Fusion runs the same round without a server over Nostr and Tor. Experimental wallet-hardening items are still pending, but your own outputs are verified before signing, so an invalid round fails safely.","As etapas 1–4 são executadas de ponta a ponta pelo caminho do servidor: a carteira entra em um pool, troca assinaturas cegas, envia via Tor e transmite o CoinJoin montado. A Fusion P2P executa a mesma rodada sem servidor, usando Nostr e Tor. Alguns itens experimentais de reforço da carteira ainda estão pendentes, mas suas próprias saídas são verificadas antes da assinatura, portanto uma rodada inválida falha com segurança.","translated"
"fusion.queryAuto","Query (Auto)","Consultar (automático)","translated"
"fusion.queryServer","Query Server","Consultar servidor","translated"
"fusion.remoteTorRequired","This is a remote server, so Tor is required — but no Tor proxy was found. Start Tor above, or the query will be refused.","Este é um servidor remoto, então o Tor é obrigatório — mas nenhum proxy Tor foi encontrado. Inicie o Tor acima ou a consulta será recusada.","translated"
"fusion.selected","● selected","● selecionado","translated"
"fusion.serverMode","Fuse Now using CashFusion server","Fundir agora usando o servidor CashFusion","translated"
"fusion.serverModeDescription","Fuse via a CashFusion server. Auto-fuses when on.","Funda via servidor CashFusion. Faz a fusão automática quando ativado.","translated"
"fusion.serverModeLabel","Server Fusion","Fusion por servidor","translated"
"fusion.serverParameters","Server parameters (live)","Parâmetros do servidor (ao vivo)","translated"
"fusion.servers","Fusion servers","Servidores Fusion","stable-term"
"fusion.step1","1. Pool joining.","1. Entrada no pool.","translated"
"fusion.step1Text","Your wallet announces UTXOs it wants to fuse to the server.","Sua carteira anuncia ao servidor os UTXOs que deseja fundir.","translated"
"fusion.step2","2. Blind signing.","2. Assinatura cega.","translated"
"fusion.step2Text","Participants generate blinded output addresses and exchange blind signatures — nobody learns the input-to-output mapping.","Os participantes geram endereços de saída cegos e trocam assinaturas cegas — ninguém descobre o mapeamento entre entradas e saídas.","translated"
"fusion.step3","3. Covert submission.","3. Envio reservado.","translated"
"fusion.step3Text","Each participant submits the transaction via Tor or direct connection. The server assembles the final transaction.","Cada participante envia a transação via Tor ou conexão direta. O servidor monta a transação final.","translated"
"fusion.step4","4. Broadcast.","4. Transmissão.","translated"
"fusion.step4Text","All participants broadcast the jointly constructed transaction.","Todos os participantes transmitem a transação construída em conjunto.","translated"
"fusion.summary","CashFusion combines UTXOs from many participants into a single transaction, breaking blockchain history links between inputs and outputs. It is non-custodial — your funds never leave your control.","O CashFusion combina UTXOs de vários participantes em uma única transação, rompendo os vínculos entre entradas e saídas no histórico da blockchain. É não custodial — seus fundos nunca deixam seu controle.","translated"
"fusion.syncingCoins","Syncing wallet coins — try again in a moment.","Sincronizando moedas da carteira — tente novamente em instantes.","translated"
"fusion.tiers","Tiers","Níveis","translated"
"fusion.torOff","Tor is off. Remote fusion queries will be refused — enable Tor above, or use a localhost server.","O Tor está desligado. Consultas remotas de Fusion serão recusadas — ative o Tor acima ou use um servidor localhost.","translated"
"hardware.active","active","ativo","translated"
"hardware.advanced","Advanced (derivation path)","Avançado (caminho de derivação)","translated"
"hardware.airGap","air-gap","isolado","translated"
"hardware.beforeConnecting","Before connecting","Antes de conectar","translated"
"hardware.bip44Path","BIP44 path","Caminho BIP44","translated"
"hardware.comingSoon","Coming soon","Em breve","translated"
"hardware.connect","Connect {device}","Conectar {device}","translated"
"hardware.connecting","Connecting…","Conectando…","translated"
"hardware.connectionType","Connection type","Tipo de conexão","translated"
"hardware.description","The device holds your private keys. The wallet is the bridge. Keys never leave the hardware.","O dispositivo mantém suas chaves privadas. As chaves nunca saem do hardware.","translated"
"hardware.disconnect","Disconnect","Desconectar","translated"
"hardware.enableKeystone","Enable Keystone (QR mode)","Ativar Keystone (modo QR)","translated"
"hardware.howItWorks","How it works","Como funciona","translated"
"hardware.keystoneHow","Keystone's air-gapped QR signing isn't finished yet — the app can't build or read the QR codes it would need to in this build. Support is planned but not ready for real funds.","A assinatura QR isolada do Keystone ainda não está pronta para fundos reais.","translated"
"hardware.keystoneSubtitle","Air-gapped QR signing — not yet supported","Assinatura QR isolada — ainda não suportada","translated"
"hardware.ledgerStep1","USB: plug in → enter PIN → open Bitcoin Cash app","USB: conecte → digite o PIN → abra o app Bitcoin Cash","translated"
"hardware.ledgerStep2","Bluetooth (Nano X): enable BLE on device → open Bitcoin Cash app","Bluetooth (Nano X): ative BLE → abra o app Bitcoin Cash","translated"
"hardware.ledgerStep3","The browser will show a device picker prompt","O navegador exibirá um seletor de dispositivo","translated"
"hardware.ledgerSubtitle","USB (WebHID) or Bluetooth (Nano X)","USB (WebHID) ou Bluetooth (Nano X)","translated"
"hardware.notSupported","{device} support isn't finished yet — it can't connect or sign in this build. Pick another device, or use the software wallet.","O suporte a {device} ainda não está pronto. Escolha outro dispositivo ou use a carteira de software.","translated"
"hardware.onekeyStep1","Install OneKey Bridge if not already installed","Instale o OneKey Bridge se necessário","translated"
"hardware.onekeyStep2","Plug in your OneKey device or pair via Bluetooth","Conecte o OneKey por USB ou Bluetooth","translated"
"hardware.onekeyStep3","Unlock your device with your PIN","Desbloqueie o dispositivo com seu PIN","translated"
"hardware.onekeyStep4","Allow the connection when requested","Permita a conexão quando solicitado","translated"
"hardware.onekeySubtitle","USB or Bluetooth via OneKey Bridge","USB ou Bluetooth via OneKey Bridge","translated"
"hardware.path","Path","Caminho","translated"
"hardware.softwareHow","Your private keys never leave the device. The wallet builds an unsigned transaction, the device shows the details on its screen, you physically confirm, and the device sends back only the signature. Like Electron Cash's hardware wallet mode.","A carteira cria uma transação sem assinatura; o dispositivo mostra os detalhes e devolve apenas a assinatura após sua confirmação.","translated"
"hardware.softwareLabel","Software Wallet","Carteira de software","translated"
"hardware.softwareSubtitle","Encrypted keys stored on this device","Chaves criptografadas neste dispositivo","translated"
"hardware.title","Hardware Wallet","Carteira de hardware","translated"
"hardware.trezorStep1","Install Trezor Suite — it includes the Bridge daemon","Instale o Trezor Suite — ele inclui o daemon Bridge","translated"
"hardware.trezorStep2","Plug in your Trezor (USB) or pair via Bluetooth (newer models)","Conecte o Trezor por USB ou emparelhe via Bluetooth","translated"
"hardware.trezorStep3","Unlock your device with your PIN","Desbloqueie o dispositivo com seu PIN","translated"
"hardware.trezorStep4","Allow the connection popup when it appears","Permita o popup de conexão quando aparecer","translated"
"hardware.trezorSubtitle","USB or Bluetooth via Trezor Bridge","USB ou Bluetooth via Trezor Bridge","translated"
"history.awaitingConfirmation","Awaiting confirmation","Aguardando confirmação","translated"
"history.block","Block","Bloco","translated"
"history.closeDetails","Close details","Fechar detalhes","translated"
"history.confirmations","{count} confirmations","{count} confirmações","stable-term"
"history.confirmed","Confirmed","Confirmada","translated"
"history.detailsUnavailable","Transaction details are not available from Electrum right now.","Os detalhes da transação não estão disponíveis no Electrum agora.","translated"
"history.fee","Fee","Taxa","translated"
"history.first","First","Primeira","translated"
"history.last","Last","Última","translated"
"history.loadDetailsFailed","Failed to load transaction details.","Falha ao carregar os detalhes da transação.","translated"
"history.loadingDetails","Loading transaction details…","Carregando detalhes da transação…","translated"
"history.newestFirst","Newest first","Mais recentes primeiro","translated"
"history.noActivity","No activity yet","Ainda não há atividade","translated"
"history.noData","No data available.","Nenhum dado disponível.","translated"
"history.noTransactions","No transactions available yet.","Ainda não há transações disponíveis.","translated"
"history.oldestFirst","Oldest first","Mais antigas primeiro","translated"
"history.openExplorer","Open in explorer","Abrir no explorador","translated"
"history.output","Output","Saída","translated"
"history.pending","Pending","Pendente","translated"
"history.perPage","{count} per page","{count} por página","translated"
"history.recipients","Recipients","Destinatários","translated"
"history.recorded","{count} recorded","{count} registradas","translated"
"history.senders","Senders","Remetentes","translated"
"history.status","Status","Status","stable-term"
"history.sync","Sync","Sincronizar","translated"
"history.timestamp","Timestamp","Data e hora","translated"
"history.title","Transaction History","Histórico de transações","translated"
"history.transaction","Transaction","Transação","stable-term"
"history.transactionHash","Transaction Hash","Hash da transação","translated"
"history.unavailable","Unavailable","Indisponível","translated"
"history.unconfirmed","Unconfirmed","Não confirmada","translated"
"history.unknown","Unknown","Desconhecido","translated"
"history.yourWallet","Your wallet","Sua carteira","translated"
"home.block","Block","Bloco","translated"
"home.confirmed","Confirmed","Confirmada","translated"
"home.latestActivity","Latest wallet activity","Atividade mais recente da carteira","translated"
"home.noQrCode","No QR code detected. Try again.","Nenhum código QR detectado. Tente novamente.","translated"
"home.noRecentActivity","No recent activity yet.","Ainda não há atividade recente.","translated"
"home.pending","Pending","Pendente","translated"
"home.pendingConfirmation","Pending confirmation","Aguardando confirmação","translated"
"home.portfolio","Portfolio","Portfólio","translated"
"home.quickActions","Quick Actions","Ações rápidas","translated"
"home.receive","Receive","Receber","translated"
"home.recentActivity","Recent Activity","Atividade recente","translated"
"home.scanQr","Scan QR","Ler QR","translated"
"home.send","Send","Enviar","translated"
"home.sync","Sync","Sincronizar","translated"
"home.syncing","Syncing…","Sincronizando…","translated"
"home.title","Home","Início","translated"
"home.toggleBalance","Toggle BCH and USD balance","Alternar saldo em BCH e USD","translated"
"home.unsupportedQr","QR scanned, but it is not a supported wallet payload.","QR lido, mas o conteúdo não é compatível com esta carteira.","translated"
"home.usdPriceUnavailable","USD price unavailable","Preço em USD indisponível","translated"
"home.usdUnavailable","USD unavailable","USD indisponível","translated"
"home.viewAll","View all","Ver tudo","translated"
"home.walletOverview","Wallet overview","Visão geral da carteira","translated"
"nav.actions","Actions","Ações","stable-term"
"nav.apps","Apps","Aplicativos","translated"
"nav.assets","Assets","Ativos","translated"
"nav.home","Home","Início","translated"
"nav.settings","Settings","Configurações","translated"
"network.chipnet","Chipnet","Chipnet","stable-term"
"network.mainnet","Mainnet","Mainnet","stable-term"
"network.switch","Switch network. Current: {network}","Trocar de rede. Atual: {network}","translated"
"nftConfig.capability","NFT Capability","Capacidade do NFT","translated"
"nftConfig.commitment","NFT Commitment","Commitment do NFT","translated"
"nftConfig.done","Done","Concluído","translated"
"nftConfig.minting","minting","emissão","translated"
"nftConfig.mintingDescription","one NFT authority that can create multiple next NFTs.","uma autoridade NFT que pode criar vários NFTs seguintes.","translated"
"nftConfig.mutable","mutable","mutável","translated"
"nftConfig.mutableDescription","one NFT that may update its commitment when spent.","um NFT que pode atualizar seu commitment ao ser gasto.","translated"
"nftConfig.none","none","nenhuma","translated"
"nftConfig.noneDescription","one immutable NFT, best for approvals or receipts.","um NFT imutável, ideal para aprovações ou recibos.","translated"
"nftConfig.placeholder","Up to 40 bytes","Até 40 bytes","translated"
"nftConfig.title","NFT Configuration","Configuração de NFT","translated"
"nostr.active","{active}/{total} active","{active}/{total} ativos","translated"
"nostr.add","Add","Adicionar","translated"
"nostr.chat","Nostr chat","Chat Nostr","translated"
"nostr.checking","Checking…","Verificando…","translated"
"nostr.checkRelayStatus","Check relay status","Verificar status dos relays","translated"
"nostr.connected","connected","conectado","translated"
"nostr.deriving","Deriving…","Derivando…","translated"
"nostr.disable","Disable","Desativar","translated"
"nostr.dmDescription","End-to-end encrypted DMs using NIP-17.","Mensagens diretas criptografadas de ponta a ponta usando NIP-17.","translated"
"nostr.enable","Enable","Ativar","translated"
"nostr.identity","Nostr identity","Identidade Nostr","translated"
"nostr.identityDescription","Derived from your seed via NIP-06 (a separate path) — your spending keys are never reused.","Derivada da sua seed via NIP-06 (um caminho separado) — suas chaves de gasto nunca são reutilizadas.","translated"
"nostr.invalidRelay","Enter a secure relay URL beginning with wss://","Insira uma URL de relay segura começando com wss://","translated"
"nostr.privacyWarning","Relay operators can still observe connection metadata, timing, and recipient tags. Encrypted content is not the same as network anonymity.","Operadores de relay ainda podem observar metadados de conexão, horários e tags de destinatários. Conteúdo criptografado não é o mesmo que anonimato de rede.","translated"
"nostr.relays","Relays","Relays","stable-term"
"nostr.relaysDescription","WSS relays used for chat and the P2P-fusion transport. Add your own or use the defaults.","Relays WSS usados para chat e transporte P2P-Fusion. Adicione os seus ou use os padrões.","translated"
"nostr.remove","Remove","Remover","translated"
"nostr.unknown","unknown","desconhecido","translated"
"nostr.unreachable","unreachable","inacessível","translated"
"notifications.dismiss","Dismiss","Dispensar","translated"
"notifications.fundsReceived","Funds received","Fundos recebidos","translated"
"notifications.fundsReceivedBody","{amount} sats to {address} • {txid}","{amount} sats para {address} • {txid}","translated"
"notifications.incomingBch","Incoming BCH","BCH recebido","translated"
"notifications.incomingToken","Incoming token","Token recebido","translated"
"notifications.transactionConfirmed","Transaction confirmed","Transação confirmada","translated"
"notifications.unknownAddress","unknown address","endereço desconhecido","translated"
"onboarding.back","Back","Voltar","translated"
"onboarding.closeHelp","Close help","Fechar ajuda","translated"
"onboarding.confirm","Confirm","Confirmar","translated"
"onboarding.confirmError","Those don't match your seed phrase. Check the words and try again.","As palavras não correspondem à sua frase-semente. Confira-as e tente novamente.","translated"
"onboarding.confirmInstruction","Type the requested words to prove you saved them correctly.","Digite as palavras solicitadas para confirmar que você as salvou corretamente.","translated"
"onboarding.confirmPasswordPlaceholder","Confirm password","Confirmar senha","translated"
"onboarding.confirmSeed","Confirm Your Seed Phrase","Confirmar sua frase de recuperação","translated"
"onboarding.connectHardware","Connect Hardware Wallet","Conectar carteira de hardware","translated"
"onboarding.continue","Continue","Continuar","translated"
"onboarding.createNewWallet","Create New Wallet","Criar nova carteira","translated"
"onboarding.createWallet","Create Wallet","Criar carteira","translated"
"onboarding.createWatchOnly","Create Watch-Only Wallet","Criar carteira somente leitura","translated"
"onboarding.creating","Creating Wallet…","Criando carteira…","translated"
"onboarding.creationFailed","Wallet creation failed. Please try again.","Falha ao criar a carteira. Tente novamente.","translated"
"onboarding.databasePreparationFailed","Could not prepare the wallet on this device.","Não foi possível preparar a carteira neste dispositivo.","translated"
"onboarding.generatedMnemonic","Generated Mnemonic:","Frase de recuperação gerada:","translated"
"onboarding.generatingSeed","Generating seed phrase…","Gerando frase de recuperação…","translated"
"onboarding.helpCreateDescription","Use this if you want a new wallet with a fresh seed phrase on this device.","Use esta opção para criar uma nova carteira com uma frase-semente nova neste dispositivo.","translated"
"onboarding.helpCreateTitle","Create Wallet","Criar carteira","translated"
"onboarding.helpDescription","Create a wallet for the first time or restore one you already have.","Crie uma carteira pela primeira vez ou restaure uma que você já possui.","translated"
"onboarding.helpImportDescription","Use this if you already have a 12-word recovery phrase and want access to an existing wallet.","Use esta opção se você já tem uma frase de recuperação de 12 palavras e quer acessar uma carteira existente.","translated"
"onboarding.helpImportTitle","Import Wallet","Importar carteira","translated"
"onboarding.helpNetworkDescription","Select Mainnet for real funds or CHIPNET for test funds before you proceed.","Selecione Mainnet para fundos reais ou CHIPNET para fundos de teste antes de continuar.","translated"
"onboarding.helpNetworkTitle","Choose a network","Escolher uma rede","translated"
"onboarding.helpTitle","Getting started","Primeiros passos","translated"
"onboarding.importFailed","Wallet import failed. Please try again.","Falha ao importar a carteira. Tente novamente.","translated"
"onboarding.importing","Importing Wallet…","Importando carteira…","translated"
"onboarding.importWallet","Import Wallet","Importar carteira","translated"
"onboarding.invalidMnemonic","Enter a valid English BIP39 recovery phrase with 12, 15, 18, 21, or 24 words.","Insira uma frase de recuperação BIP39 válida em inglês com 12, 15, 18, 21 ou 24 palavras.","translated"
"onboarding.missingWord","Word {number} is missing.","A palavra {number} está faltando.","translated"
"onboarding.mnemonicLoading","The recovery phrase is still loading. Please wait a moment.","A frase de recuperação ainda está carregando. Aguarde um momento.","translated"
"onboarding.mnemonicWarning","Your recovery phrase is the master key to your wallet. Store it securely and never share it.","Sua frase de recuperação é a chave mestra da carteira. Guarde-a com segurança e nunca a compartilhe.","translated"
"onboarding.nameRequired","Give this wallet a name.","Dê um nome a esta carteira.","translated"
"onboarding.nameWallet","Name This Wallet","Nomear esta carteira","translated"
"onboarding.nameWalletDescription","Give this wallet a name and a password. Each wallet on this device has its own independent password.","Dê um nome e uma senha para esta carteira. Cada carteira neste dispositivo tem sua própria senha independente.","translated"
"onboarding.passwordMismatch","Passwords do not match.","As senhas não coincidem.","translated"
"onboarding.passwordPlaceholder","Password (or leave blank)","Senha (ou deixe em branco)","translated"
"onboarding.poweredBy","Powered with Bitcoin Covenants for Bitcoin Cash","Desenvolvida com Bitcoin Covenants para Bitcoin Cash","translated"
"onboarding.recoveryDescription","Enter your BIP39 recovery phrase (12, 15, 18, 21, or 24 words). Each box corresponds to the word order.","Digite sua frase de recuperação BIP39 em inglês (12, 15, 18, 21 ou 24 palavras). Cada campo corresponde à ordem da palavra.","translated"
"onboarding.recoveryPhrase","Recovery Phrase","Frase de recuperação","translated"
"onboarding.seedInstruction","Write these 12 words down in order and keep them somewhere safe. Anyone with this phrase can spend your funds — never share it or store it digitally.","Anote estas 12 palavras na ordem e guarde-as em um local seguro. Qualquer pessoa com esta frase pode gastar seus fundos — nunca a compartilhe nem a armazene digitalmente.","translated"
"onboarding.seedTitle","Your Seed Phrase","Sua frase de recuperação","translated"
"onboarding.toggleTheme","Toggle theme","Alternar tema","translated"
"onboarding.walletAlreadyAvailable","This wallet is already available on this device.","Esta carteira já está disponível neste dispositivo.","translated"
"onboarding.walletAlreadyExists","This wallet may already exist on this device.","Esta carteira pode já existir neste dispositivo.","translated"
"onboarding.walletNamePlaceholder","Wallet name","Nome da carteira","translated"
"onboarding.walletSavedIdFailed","Wallet was saved, but its wallet ID could not be resolved.","A carteira foi salva, mas não foi possível resolver o ID da carteira.","translated"
"onboarding.walletSetup","Wallet Setup","Configuração da carteira","translated"
"onboarding.walletSetupDescription","Choose the network and address path this wallet will use.","Escolha a rede e o caminho de endereços que esta carteira usará.","translated"
"onboarding.welcomeAlt","Smart BCH Wallet","Carteira Smart BCH","stable-term"
"onboarding.word","Word","Palavra","translated"
"onboarding.wordCountLabel","Phrase length","Tamanho da frase","translated"
"onboarding.wordPlaceholder","word","palavra","translated"
"onboarding.words","words","palavras","translated"
"onboarding.wroteItDown","I've written it down","Eu anotei","translated"
"outbox.amount","Amount","Valor","translated"
"outbox.clearPending","Clear pending lock","Limpar bloqueio pendente","translated"
"outbox.clearPendingTitle","Clear this pending lock if the transaction was not actually sent","Limpar este bloqueio se a transação não tiver sido enviada","translated"
"outbox.copyTxid","Copy txid","Copiar txid","translated"
"outbox.daysAgo","{count}d ago","há {count} d","translated"
"outbox.description","Offline-first protection keeps new sends paused until these transactions are seen or safely released.","A proteção offline mantém novos envios pausados até que estas transações sejam vistas ou liberadas com segurança.","translated"
"outbox.destination","Destination","Destino","stable-term"
"outbox.dismiss","Dismiss","Dispensar","translated"
"outbox.dismissPending","Dismiss pending transactions popup","Dispensar popup de transações pendentes","translated"
"outbox.finalizing","Finalizing transaction","Finalizando transação","translated"
"outbox.finalizingMultiple","Finalizing {count} transactions","Finalizando {count} transações","translated"
"outbox.historyUpdate","Your wallet history will update automatically. This usually takes a moment.","O histórico da carteira será atualizado automaticamente. Isso geralmente leva um instante.","translated"
"outbox.hoursAgo","{count}h ago","há {count} h","translated"
"outbox.justNow","just now","agora mesmo","translated"
"outbox.lastNetworkIssue","Last network issue","Último problema de rede","translated"
"outbox.minutesAgo","{count}m ago","há {count} min","translated"
"outbox.noPending","No pending outgoing transactions.","Nenhuma transação de saída pendente.","translated"
"outbox.pendingOutgoing","Pending outgoing transactions","Transações de saída pendentes","translated"
"outbox.prompt","Prompt","Solicitação","translated"
"outbox.releaseSendLock","Release send lock","Liberar bloqueio de envio","translated"
"outbox.releaseStale","Release if stale","Liberar se estiver obsoleto","translated"
"outbox.releaseStaleTitle","Available after {minutes} minutes if the transaction is still unresolved","Disponível após {minutes} minutos se a transação continuar sem resolução","translated"
"outbox.requestedBy","Requested by","Solicitado por","translated"
"outbox.title","Outbox","Caixa de saída","translated"
"outbox.txid","Txid","Txid","stable-term"
"outbox.updated","Updated {age}","Atualizado {age}","translated"
"outbox.walletSend","Wallet send","Envio da carteira","translated"
"p2p.description","No server: peers meet on Nostr relays over Tor, deterministically elect a coordinator, and run the CoinJoin peer-to-peer. Outputs are unlinkable; you sign only your own inputs after verifying your own outputs.","Sem servidor: pares se encontram em relays Nostr via Tor, elegem um coordenador determinístico e executam o CoinJoin ponto a ponto. As saídas não podem ser vinculadas; você assina apenas suas entradas após verificar suas saídas.","translated"
"p2p.phase.announce","Announcing & finding peers","Anunciando e encontrando pares","translated"
"p2p.phase.assemble","Assembling & verifying","Montando e verificando","translated"
"p2p.phase.broadcast","Broadcasting","Transmitindo","translated"
"p2p.phase.register","Registering inputs & outputs","Registrando entradas e saídas","translated"
"p2p.phase.sign","Signing","Assinando","translated"
"p2p.requiresPeers","Requires Tor + at least 2 peers in the same tier.","Exige Tor e pelo menos 2 pares na mesma categoria.","translated"
"p2p.running","Running P2P round…","Executando rodada P2P…","translated"
"p2p.start","Start P2P round","Iniciar rodada P2P","translated"
"p2p.title","P2P Fusion over Nostr","Fusion P2P via Nostr","translated"
"paper.addressConversionError","Address conversion error","Erro de conversão de endereço","translated"
"paper.addressDerivationFailed","Unable to derive a valid paper wallet address from the scanned key.","Não foi possível derivar um endereço válido da carteira de papel a partir da chave escaneada.","translated"
"paper.back","Back","Voltar","translated"
"paper.bchOutputs","BCH outputs","Saídas BCH","translated"
"paper.buildFailed","Failed to build sweep transaction.","Falha ao criar a transação de transferência.","translated"
"paper.confirmDescription","Slide to confirm the one-transaction paper wallet sweep.","Deslize para confirmar a transferência da carteira de papel em uma transação.","translated"
"paper.confirmTitle","Confirm sweep","Confirmar transferência","translated"
"paper.decodingError","Decoding error","Erro de decodificação","translated"
"paper.description","Scan a WIF paper wallet and sweep BCH + CashTokens in one transaction.","Escaneie uma carteira de papel WIF e transfira BCH + CashTokens em uma transação.","translated"
"paper.label","Paper wallet","Carteira de papel","translated"
"paper.noCashTokens","No CashTokens detected.","Nenhum CashToken detectado.","translated"
"paper.noDestination","No destination wallet address is available.","Nenhum endereço de carteira de destino disponível.","translated"
"paper.noQrCode","No QR code detected. Please try again.","Nenhum código QR detectado. Tente novamente.","translated"
"paper.notScanned","No paper wallet scanned yet.","Nenhuma carteira de papel escaneada ainda.","translated"
"paper.noUtxos","No UTXOs found for this paper wallet. If this is a mainnet wallet and you are on chipnet, try switching networks.","Nenhum UTXO encontrado para esta carteira de papel. Se for uma carteira mainnet e você estiver no chipnet, tente trocar de rede.","translated"
"paper.oneTransaction","One transaction only.","Apenas uma transação.","translated"
"paper.paperInputs","Paper wallet inputs","Entradas da carteira de papel","translated"
"paper.scan","Scan","Escanear","translated"
"paper.scanBeforeSweep","Scan a paper wallet before sweeping.","Escaneie uma carteira de papel antes de transferir.","translated"
"paper.spendableOutputPlural","spendable outputs","saídas disponíveis","translated"
"paper.spendableOutputSingular","spendable output","saída disponível","translated"
"paper.sweep","Sweep","Transferir","translated"
"paper.sweepBroadcast","Sweep broadcast","Transferência transmitida","translated"
"paper.title","Paper Wallet","Carteira de papel","translated"
"paper.tokenBacking","Token outputs are backed with 1000 sats.","As saídas de tokens são respaldadas com 1000 sats.","translated"
"paper.tokenGroups","Token groups","Grupos de tokens","translated"
"paper.tokenOutputs","Token outputs","Saídas de tokens","translated"
"paper.unexpected","An unexpected error occurred.","Ocorreu um erro inesperado.","translated"
"paper.unexpectedTryAgain","An unexpected error occurred. Please try again.","Ocorreu um erro inesperado. Tente novamente.","translated"
"paper.utxosTitle","Paper wallet UTXOs","UTXOs da carteira de papel","translated"
"paper.walletFeeInputs","Wallet fee inputs","Entradas de taxa da carteira","translated"
"priceFeed.loading","Loading…","Carregando…","translated"
"qr.animatedTransfer","Animated QR transfer","Transferência QR animada","translated"
"qr.blocksRecovered","blocks recovered","blocos recuperados","translated"
"qr.cameraActive","Camera active — point at animated QR","Câmera ativa — aponte para o QR animado","translated"
"qr.cameraError","Camera unavailable","Câmera indisponível","translated"
"qr.cameraUnavailable","Camera access is unavailable","O acesso à câmera não está disponível","translated"
"qr.cancel","Cancel","Cancelar","translated"
"qr.duplicates","duplicates","duplicados","translated"
"qr.holdSteady","Hold the phone steady and fill the frame with the QR code.","Mantenha o celular firme e preencha o quadro com o código QR.","translated"
"qr.receivingStream","Receiving QR stream","Recebendo fluxo QR","translated"
"qr.scan","Scan QR","Ler QR","translated"
"qr.scanning","Scanning…","Lendo…","translated"
"qr.streaming","Streaming frame {frame} · {blocks} blocks · {bytes} bytes","Transmitindo quadro {frame} · {blocks} blocos · {bytes} bytes","translated"
"qr.unableToDecode","Unable to decode QR stream","Não foi possível decodificar o fluxo QR","translated"
"qr.uniqueFrames","unique frames","quadros únicos","translated"
"qr.walletUpdateProgress","Wallet update progress","Progresso da atualização da carteira","translated"
"qrSigning.approvedBy","Approved by {name}","Aprovada por {name}","translated"
"qrSigning.approveDemo","Approve demo request","Aprovar solicitação de demonstração","translated"
"qrSigning.approveReturn","2. Approve and return","2. Aprovar e retornar","translated"
"qrSigning.close","Close","Fechar","translated"
"qrSigning.collectResponse","2. Collect response","2. Coletar resposta","translated"
"qrSigning.fingerprint","Fingerprint","Impressão digital","translated"
"qrSigning.invalidRequest","Invalid signing request","Solicitação de assinatura inválida","translated"
"qrSigning.invalidResponse","Invalid signing response","Resposta de assinatura inválida","translated"
"qrSigning.mismatch","Signing response does not match this request","A resposta de assinatura não corresponde a esta solicitação","translated"
"qrSigning.network","Network","Rede","translated"
"qrSigning.payload","Payload","Carga útil","translated"
"qrSigning.placeholderWarning","This demo returns a placeholder signature and never broadcasts.","Esta demonstração retorna uma assinatura de exemplo e nunca transmite.","translated"
"qrSigning.prepareFailed","Unable to prepare mocknet fixture","Não foi possível preparar a fixture de mocknet","translated"
"qrSigning.preparing","Preparing mocknet fixture…","Preparando fixture de mocknet…","translated"
"qrSigning.purpose","Purpose","Finalidade","translated"
"qrSigning.rejectedBy","Rejected by {name}","Rejeitada por {name}","translated"
"qrSigning.requestReceived","Request received","Solicitação recebida","translated"
"qrSigning.requestSignature","Request signature","Solicitar assinatura","translated"
"qrSigning.scanAnother","Scan another request","Escanear outra solicitação","translated"
"qrSigning.scanApproval","Scan approval response","Escanear resposta de aprovação","translated"
"qrSigning.scanRequest","1. Scan request","1. Escanear solicitação","translated"
"qrSigning.showRequest","1. Show request","1. Mostrar solicitação","translated"
"qrSigning.showRequestHelp","On the other wallet, choose “Sign request” and scan this stream.","No outro wallet, escolha “Assinar solicitação” e escaneie este fluxo.","translated"
"qrSigning.signRequest","Sign request","Assinar solicitação","translated"
"qrSigning.subtitle","Exchange a partially signed transaction between two OPTN wallet screens.","Troque uma transação parcialmente assinada entre duas telas do OPTN Wallet.","translated"
"qrSigning.title","QR signing demo","Demonstração de assinatura por QR","translated"
"quantumroot.activeNetwork","Quantumroot is active on this network. Use the vault workspace below to manage a normal spend lane and a quantum-safe recovery lane.","O Quantumroot está ativo nesta rede. Use a área de trabalho abaixo para gerenciar uma linha de gasto normal e uma linha de recuperação resistente a quantum.","translated"
"quantumroot.activeWorkspace","Active workspace for the beta-production Quantumroot flow.","Área de trabalho ativa para o fluxo Quantumroot de produção beta.","translated"
"quantumroot.back","Back","Voltar","translated"
"quantumroot.betaProduction","Beta production","Produção beta","translated"
"quantumroot.betaTitle","Quantumroot Beta Production","Produção beta do Quantumroot","translated"
"quantumroot.checkingBalances","Checking balances…","Verificando saldos…","translated"
"quantumroot.close","Close","Fechar","translated"
"quantumroot.funded","{count} funded","{count} financiados","translated"
"quantumroot.fundedStatus","Funded","Financiado","translated"
"quantumroot.guidedNow","Guided now: choose one approval key, lock it in Quantum Lock, then spend the matching coin.","Orientado agora: escolha uma chave de aprovação, bloqueie-a no Quantum Lock e gaste a moeda correspondente.","translated"
"quantumroot.liveNow","Live now: normal spending, balance tracking, and Quantum Lock BCH recovery.","Disponível agora: gasto normal, monitoramento de saldo e recuperação de BCH pelo Quantum Lock.","translated"
"quantumroot.livePreview","Live preview","Prévia ao vivo","translated"
"quantumroot.mainnetAhead","Quantumroot is visible on mainnet ahead of activation. The layout stays available, but key actions remain disabled until {date}.","O Quantumroot está visível na Mainnet antes da ativação. O layout continua disponível, mas as ações principais ficam desativadas até {date}.","translated"
"quantumroot.mainnetPreview","Mainnet preview stays visible before activation.","A prévia da Mainnet permanece visível antes da ativação.","translated"
"quantumroot.noFundsYet","No funds yet","Ainda sem fundos","translated"
"quantumroot.noVaults","No Quantumroot vaults derived yet. Sync vaults to provision them for existing wallet address indexes.","Nenhum cofre Quantumroot foi derivado ainda. Sincronize os cofres para provisioná-los para os índices de endereço existentes da carteira.","translated"
"quantumroot.openVaults","Open Vaults","Abrir cofres","translated"
"quantumroot.popup.action.chooseCoinLabel","Choose coin to spend","Choose coin to spend","needs-review"
"quantumroot.popup.action.chooseDescription","Choose one approval key for this vault.","Choose one approval key for this vault.","needs-review"
"quantumroot.popup.action.chooseLabel","Choose approval key","Choose approval key","needs-review"
"quantumroot.popup.action.chooseTitle","Choose an approval key","Choose an approval key","needs-review"
"quantumroot.popup.action.createDescription","Create or receive a plain NFT first, then use it as the approval key.","Create or receive a plain NFT first, then use it as the approval key.","needs-review"
"quantumroot.popup.action.createTitle","Create an approval key","Create an approval key","needs-review"
"quantumroot.popup.action.destinationDescription","Choose where the coin should go, then open the spend list.","Choose where the coin should go, then open the spend list.","needs-review"
"quantumroot.popup.action.destinationLabel","Set destination","Set destination","needs-review"
"quantumroot.popup.action.destinationTitle","Choose a destination","Choose a destination","needs-review"
"quantumroot.popup.action.disabledDescription","The spend list is ready, but spending is disabled on this network.","The spend list is ready, but spending is disabled on this network.","needs-review"
"quantumroot.popup.action.readyDescription","Tap a ready coin to spend it.","Tap a ready coin to spend it.","needs-review"
"quantumroot.popup.action.readyTitle","Ready to spend","Ready to spend","needs-review"
"quantumroot.popup.action.receiveDescription","Send the matching receive coin to the normal lane.","Send the matching receive coin to the normal lane.","needs-review"
"quantumroot.popup.action.receiveLabel","Add receive coin","Add receive coin","needs-review"
"quantumroot.popup.action.receiveTitle","Add the matching receive coin","Add the matching receive coin","needs-review"
"quantumroot.popup.action.refreshDescription","Refresh the wallet scan or choose another approval key.","Refresh the wallet scan or choose another approval key.","needs-review"
"quantumroot.popup.action.refreshLabel","Refresh vault","Refresh vault","needs-review"
"quantumroot.popup.action.refreshTitle","Refresh the vault","Refresh the vault","needs-review"
"quantumroot.popup.action.reviewLabel","Review spend","Review spend","needs-review"
"quantumroot.popup.action.sendDescription","Send the approval key to Quantum Lock.","Send the approval key to Quantum Lock.","needs-review"
"quantumroot.popup.action.sendLabel","Send approval key","Send approval key","needs-review"
"quantumroot.popup.action.sendTitle","Send the approval key","Send the approval key","needs-review"
"quantumroot.popup.addDestinationReview","Add a destination, then review spend.","Add a destination, then review spend.","needs-review"
"quantumroot.popup.addMatchingCoin","Add the matching coin to unlock spend.","Add the matching coin to unlock spend.","needs-review"
"quantumroot.popup.advanced","Advanced","Advanced","needs-review"
"quantumroot.popup.advancedRecovery","Advanced recovery","Advanced recovery","needs-review"
"quantumroot.popup.advancedRecoveryDescription","Recover regular BCH, recover Quantum Lock funds, or refresh vault status.","Recover regular BCH, recover Quantum Lock funds, or refresh vault status.","needs-review"
"quantumroot.popup.approvalKey","Approval key","Approval key","needs-review"
"quantumroot.popup.approvalKeyCapability","Approval key","Approval key","needs-review"
"quantumroot.popup.approvalKeyChanged","Approval key changed on chain","Approval key changed on chain","needs-review"
"quantumroot.popup.approvalKeyInLock","Approval key is in Quantum Lock.","Approval key is in Quantum Lock.","needs-review"
"quantumroot.popup.approvalKeyInQuantumLock","Your approval key is in Quantum Lock.","Your approval key is in Quantum Lock.","needs-review"
"quantumroot.popup.approvalKeyPicked","Approval key picked.","Approval key picked.","needs-review"
"quantumroot.popup.approvalKeySelected","Approval key selected","Approval key selected","needs-review"
"quantumroot.popup.approvalLane","Approval lane","Approval lane","needs-review"
"quantumroot.popup.approvalLaneDescription","Your approval key goes to Quantum Lock.","Your approval key goes to Quantum Lock.","needs-review"
"quantumroot.popup.available","{count} available","{count} available","needs-review"
"quantumroot.popup.availableApprovalKeys","Available approval keys","Available approval keys","needs-review"
"quantumroot.popup.bchRecoveryDescription","BCH recovery sends back to the matching standard wallet address for this vault index when available.","BCH recovery sends back to the matching standard wallet address for this vault index when available.","needs-review"
"quantumroot.popup.bchRecoveryDisabled","BCH recovery is temporarily disabled until the on-chain receive-script validation issue is resolved.","BCH recovery is temporarily disabled until the on-chain receive-script validation issue is resolved.","needs-review"
"quantumroot.popup.block.approvalPending","Send one approval key to Quantum Lock.","Send one approval key to Quantum Lock.","needs-review"
"quantumroot.popup.block.inactiveNetwork","Quantumroot spending is disabled on this network.","Quantumroot spending is disabled on this network.","needs-review"
"quantumroot.popup.block.noDestination","Choose a destination address before spending.","Choose a destination address before spending.","needs-review"
"quantumroot.popup.block.noFamily","Create or receive a plain NFT first. It becomes your approval key.","Create or receive a plain NFT first. It becomes your approval key.","needs-review"
"quantumroot.popup.block.pickFamily","Choose one plain NFT to use as the approval key.","Choose one plain NFT to use as the approval key.","needs-review"
"quantumroot.popup.block.receivePending","Send the matching receive coin to the normal lane.","Send the matching receive coin to the normal lane.","needs-review"
"quantumroot.popup.block.staleInventory","Your selected approval key is not visible right now. Refresh the vault or choose another key.","Your selected approval key is not visible right now. Refresh the vault or choose another key.","needs-review"
"quantumroot.popup.broadcastWarning","This will broadcast after confirmation.","This will broadcast after confirmation.","needs-review"
"quantumroot.popup.category","Category:","Category:","needs-review"
"quantumroot.popup.chooseApprovalKey","Choose approval key","Choose approval key","needs-review"
"quantumroot.popup.chooseApprovalKeyDescription","Quantumroot uses one plain NFT as the approval key. Advanced token tools live in CashTokens.","Quantumroot uses one plain NFT as the approval key. Advanced token tools live in CashTokens.","needs-review"
"quantumroot.popup.chooseOneApproval","Choose one approval key to continue.","Choose one approval key to continue.","needs-review"
"quantumroot.popup.commitment","Commitment:","Commitment:","needs-review"
"quantumroot.popup.completeSteps","Complete the approval key and matching receive coin steps before spending.","Complete the approval key and matching receive coin steps before spending.","needs-review"
"quantumroot.popup.confirmed","Confirmed","Confirmed","needs-review"
"quantumroot.popup.copyDestination","Copy destination","Copy destination","needs-review"
"quantumroot.popup.copyOrScanFund","Copy or scan to fund this vault.","Copy or scan to fund this vault.","needs-review"
"quantumroot.popup.copyQuantumLock","Copy Quantum Lock","Copy Quantum Lock","needs-review"
"quantumroot.popup.copyReceiveAddress","Copy receive address","Copy receive address","needs-review"
"quantumroot.popup.copyRecoveryAddress","Copy recovery address","Copy recovery address","needs-review"
"quantumroot.popup.createOrReceive","Create or receive a plain NFT first, then it will appear here as an approval key you can choose.","Create or receive a plain NFT first, then it will appear here as an approval key you can choose.","needs-review"
"quantumroot.popup.destination","Destination","Destination","needs-review"
"quantumroot.popup.destinationAddress","Destination address","Destination address","needs-review"
"quantumroot.popup.done","Done","Done","needs-review"
"quantumroot.popup.empty","empty","empty","needs-review"
"quantumroot.popup.found","{count} found","{count} found","needs-review"
"quantumroot.popup.fundMatchingReceive","Fund matching receive coin","Fund matching receive coin","needs-review"
"quantumroot.popup.fundMatchingReceiveDescription","Open the send screen prefilled to the vault receive address with the same approval key.","Open the send screen prefilled to the vault receive address with the same approval key.","needs-review"
"quantumroot.popup.helpShortcuts","Help and shortcuts","Help and shortcuts","needs-review"
"quantumroot.popup.inQuantumLock","{count} in Quantum Lock","{count} in Quantum Lock","needs-review"
"quantumroot.popup.inWallet","{count} in wallet","{count} in wallet","needs-review"
"quantumroot.popup.locked","{count} locked","{count} locked","needs-review"
"quantumroot.popup.mainnetDisabled","Mainnet Quantumroot uses the same UI as Chipnet, but the spend, recovery, and token-configuration actions remain disabled until activation on {date}.","Mainnet Quantumroot uses the same UI as Chipnet, but the spend, recovery, and token-configuration actions remain disabled until activation on {date}.","needs-review"
"quantumroot.popup.mintingNft","Minting NFT","Minting NFT","needs-review"
"quantumroot.popup.missing","Missing","Missing","needs-review"
"quantumroot.popup.mutableNft","Mutable NFT","Mutable NFT","needs-review"
"quantumroot.popup.needed","Needed","Needed","needs-review"
"quantumroot.popup.neededLater","Needed later","Needed later","needs-review"
"quantumroot.popup.nextStep","Next step","Next step","needs-review"
"quantumroot.popup.noApprovalKey","No approval key","No approval key","needs-review"
"quantumroot.popup.noDestination","No destination set","No destination set","needs-review"
"quantumroot.popup.noReadyCoin","No ready coin is available yet. After the approval key and the matching receive coin are present, spendable coins appear here.","No ready coin is available yet. After the approval key and the matching receive coin are present, spendable coins appear here.","needs-review"
"quantumroot.popup.normalLane","Normal vault lane","Normal vault lane","needs-review"
"quantumroot.popup.normalLaneDescription","Your BCH and matching receive coin go here.","Your BCH and matching receive coin go here.","needs-review"
"quantumroot.popup.normalLanePending","Add the matching receive coin after the approval key is in Quantum Lock.","Add the matching receive coin after the approval key is in Quantum Lock.","needs-review"
"quantumroot.popup.normalLaneReady","Your normal lane is ready.","Your normal lane is ready.","needs-review"
"quantumroot.popup.noStandardAddress","No standard wallet address available","No standard wallet address available","needs-review"
"quantumroot.popup.openCashTokens","Open CashTokens","Open CashTokens","needs-review"
"quantumroot.popup.openReceiveScreen","Open receive screen","Open receive screen","needs-review"
"quantumroot.popup.otherNft","Other NFT","Other NFT","needs-review"
"quantumroot.popup.otherNftDescription","It sits in Quantum Lock, but it is not the selected approval key. No direct withdrawal path exists yet.","It sits in Quantum Lock, but it is not the selected approval key. No direct withdrawal path exists yet.","needs-review"
"quantumroot.popup.otherNftInQuantumLock","Other NFT in Quantum Lock","Other NFT in Quantum Lock","needs-review"
"quantumroot.popup.otherNfts","{count} other NFT(s)","{count} other NFT(s)","needs-review"
"quantumroot.popup.outpoint","Outpoint","Outpoint","stable-term"
"quantumroot.popup.pending","Pending","Pending","needs-review"
"quantumroot.popup.pendingCoin","Pending coin","Pending coin","needs-review"
"quantumroot.popup.pickApprovalKey","Pick one approval key.","Pick one approval key.","needs-review"
"quantumroot.popup.plainBchCoins","{count} plain BCH coin(s)","{count} plain BCH coin(s)","needs-review"
"quantumroot.popup.plainBchDescription","Use this for plain BCH coins. Protected coins stay in the lanes above.","Use this for plain BCH coins. Protected coins stay in the lanes above.","needs-review"
"quantumroot.popup.previewOnly","Preview only on mainnet until activation.","Preview only on mainnet until activation.","needs-review"
"quantumroot.popup.protectedReceiveCount","Coins already handled by Protected spend: {count}","Coins already handled by Protected spend: {count}","needs-review"
"quantumroot.popup.protectedSpend","Protected spend","Protected spend","needs-review"
"quantumroot.popup.protectedSpendDescription","When the approval key and matching receive coin are present, spending opens here.","When the approval key and matching receive coin are present, spending opens here.","needs-review"
"quantumroot.popup.quantumLock","Quantum Lock","Quantum Lock","stable-term"
"quantumroot.popup.quantumLockBch","Quantum Lock BCH","Quantum Lock BCH","needs-review"
"quantumroot.popup.quantumLockRecovery","Quantum Lock recovery","Quantum Lock recovery","needs-review"
"quantumroot.popup.quantumLockRecoveryCount","Quantum Lock recovery coins: {count}","Quantum Lock recovery coins: {count}","needs-review"
"quantumroot.popup.quantumrootOpens","Quantumroot opens once the approval key sits in Quantum Lock and the matching receive coin sits in the normal lane.","Quantumroot opens once the approval key sits in Quantum Lock and the matching receive coin sits in the normal lane.","needs-review"
"quantumroot.popup.ready","Ready","Ready","needs-review"
"quantumroot.popup.readyCoin","Ready coin","Ready coin","needs-review"
"quantumroot.popup.readyCoinAvailable","Ready coin available.","Ready coin available.","needs-review"
"quantumroot.popup.readyCoins","{count} ready coin(s)","{count} ready coin(s)","needs-review"
"quantumroot.popup.receiveAddress","Receive address","Receive address","needs-review"
"quantumroot.popup.receiveBch","Receive BCH","Receive BCH","needs-review"
"quantumroot.popup.recover","Recover","Recover","needs-review"
"quantumroot.popup.recoverableBchCoins","Recoverable BCH coins","Recoverable BCH coins","needs-review"
"quantumroot.popup.recoverableBchCount","Recoverable BCH coins: {count}","Recoverable BCH coins: {count}","needs-review"
"quantumroot.popup.recovering","Recovering…","Recovering…","needs-review"
"quantumroot.popup.recoverRegularBch","Recover regular BCH","Recover regular BCH","needs-review"
"quantumroot.popup.refresh","Refresh","Refresh","needs-review"
"quantumroot.popup.refreshChooseAnother","Refresh the vault or choose another approval key.","Refresh the vault or choose another approval key.","needs-review"
"quantumroot.popup.refreshVault","Refresh vault","Refresh vault","needs-review"
"quantumroot.popup.refreshVaultStatus","Refresh vault status","Refresh vault status","needs-review"
"quantumroot.popup.reviewDestination","Review the destination before broadcasting.","Review the destination before broadcasting.","needs-review"
"quantumroot.popup.reviewSpend","Review spend","Review spend","needs-review"
"quantumroot.popup.reviewSpendSubtitle","Check the destination, approval key, and ready coin before you broadcast.","Check the destination, approval key, and ready coin before you broadcast.","needs-review"
"quantumroot.popup.reviewSpendTitle","Review spend","Review spend","needs-review"
"quantumroot.popup.saveApprovalKey","Save approval key","Save approval key","needs-review"
"quantumroot.popup.saving","Saving…","Saving…","needs-review"
"quantumroot.popup.selectedApprovalKey","Selected approval key","Selected approval key","needs-review"
"quantumroot.popup.selectedAsApproval","Selected as approval key","Selected as approval key","needs-review"
"quantumroot.popup.sendApprovalHere","Send the approval key here.","Send the approval key here.","needs-review"
"quantumroot.popup.sendApprovalKey","Send approval key","Send approval key","needs-review"
"quantumroot.popup.sendApprovalKeyDescription","Open the send screen prefilled to Quantum Lock with the selected approval key.","Open the send screen prefilled to Quantum Lock with the selected approval key.","needs-review"
"quantumroot.popup.sendApprovalKeyToLock","Send the approval key to Quantum Lock.","Send the approval key to Quantum Lock.","needs-review"
"quantumroot.popup.sendSelectedApprovalKey","Send the selected approval key to Quantum Lock.","Send the selected approval key to Quantum Lock.","needs-review"
"quantumroot.popup.spend","Spend","Spend","needs-review"
"quantumroot.popup.spendDestination","Spend destination","Spend destination","needs-review"
"quantumroot.popup.spending","Spending…","Spending…","needs-review"
"quantumroot.popup.sweepBch","Sweep BCH coins ({count})","Sweep BCH coins ({count})","needs-review"
"quantumroot.popup.sweeping","Sweeping…","Sweeping…","needs-review"
"quantumroot.popup.tapToOpen","Tap to open","Tap to open","needs-review"
"quantumroot.popup.unsupportedQuantumLock","Coins in Quantum Lock that belong to Protected spend are handled above; this recovery list only includes plain BCH coins.","Coins in Quantum Lock that belong to Protected spend are handled above; this recovery list only includes plain BCH coins.","needs-review"
"quantumroot.popup.unsupportedReceive","Coins with an approval key stay in Protected spend; this recovery list only includes plain BCH coins.","Coins with an approval key stay in Protected spend; this recovery list only includes plain BCH coins.","needs-review"
"quantumroot.popup.useRecoveryAddress","Use wallet recovery address","Use wallet recovery address","needs-review"
"quantumroot.popup.vaultSetup","Vault setup","Vault setup","needs-review"
"quantumroot.popup.vaultSetupDescription","Copy addresses and choose the approval key.","Copy addresses and choose the approval key.","needs-review"
"quantumroot.popup.waiting","Waiting","Waiting","needs-review"
"quantumroot.popup.walletRecoveryAddress","Wallet recovery address","Wallet recovery address","needs-review"
"quantumroot.readyToRecover","{count} ready to recover","{count} prontos para recuperar","translated"
"quantumroot.refreshing","Refreshing balances and UTXO status. Vaults remain available while sync completes.","Atualizando saldos e o status dos UTXOs. Os cofres permanecem disponíveis enquanto a sincronização termina.","translated"
"quantumroot.subtitle","Two spending lanes in one vault","Duas linhas de gasto em um único cofre","translated"
"quantumroot.syncingVaults","Syncing Vaults…","Sincronizando cofres…","translated"
"quantumroot.syncVaults","Sync Vaults","Sincronizar cofres","translated"
"quantumroot.toast.approvalKeyMissing","This approval key is no longer visible. Refresh the vault or choose another key.","This approval key is no longer visible. Refresh the vault or choose another key.","needs-review"
"quantumroot.toast.authorizedBroadcast","Quantumroot authorized spend broadcast: {txid}","Quantumroot authorized spend broadcast: {txid}","needs-review"
"quantumroot.toast.authorizedFailed","Quantumroot authorized spend failed: {message}","Quantumroot authorized spend failed: {message}","needs-review"
"quantumroot.toast.broadcastAuthorizedFailed","Failed to broadcast Quantumroot authorized spend.","Failed to broadcast Quantumroot authorized spend.","needs-review"
"quantumroot.toast.broadcastLockRecoveryFailed","Failed to broadcast Quantum Lock recovery.","Failed to broadcast Quantum Lock recovery.","needs-review"
"quantumroot.toast.broadcastSpendFailed","Failed to broadcast Quantumroot spend.","Failed to broadcast Quantumroot spend.","needs-review"
"quantumroot.toast.broadcastSweepFailed","Failed to broadcast Quantumroot sweep.","Failed to broadcast Quantumroot sweep.","needs-review"
"quantumroot.toast.configureFailed","Failed to configure vault: {message}","Failed to configure vault: {message}","needs-review"
"quantumroot.toast.destinationRequired","Destination address is required.","Destination address is required.","needs-review"
"quantumroot.toast.ineligibleReceiveUtxo","That receive UTXO is not eligible for authorized spend.","That receive UTXO is not eligible for authorized spend.","needs-review"
"quantumroot.toast.invalidTokenCategory","Token category must be 64 hexadecimal characters.","Token category must be 64 hexadecimal characters.","needs-review"
"quantumroot.toast.lockRecoveryBroadcast","Quantum Lock recovery broadcast: {txid}","Quantum Lock recovery broadcast: {txid}","needs-review"
"quantumroot.toast.lockRecoveryFailed","Quantum Lock recovery failed: {message}","Quantum Lock recovery failed: {message}","needs-review"
"quantumroot.toast.noBchUtxos","No BCH-only receive UTXOs available to sweep.","No BCH-only receive UTXOs available to sweep.","needs-review"
"quantumroot.toast.noControlToken","No matching Quantum Lock control token is available yet.","No matching Quantum Lock control token is available yet.","needs-review"
"quantumroot.toast.previewActive","Quantumroot mainnet preview is active until activation.","Quantumroot mainnet preview is active until activation.","needs-review"
"quantumroot.toast.reconfigured","Quantumroot vault reconfigured.","Quantumroot vault reconfigured.","needs-review"
"quantumroot.toast.spendBroadcast","Quantumroot spend broadcast: {txid}","Quantumroot spend broadcast: {txid}","needs-review"
"quantumroot.toast.spendFailed","Quantumroot spend failed: {message}","Quantumroot spend failed: {message}","needs-review"
"quantumroot.toast.sweepBroadcast","Quantumroot sweep broadcast: {txid}","Quantumroot sweep broadcast: {txid}","needs-review"
"quantumroot.toast.sweepFailed","Quantumroot sweep failed: {message}","Quantumroot sweep failed: {message}","needs-review"
"quantumroot.toast.unavailable","Quantumroot vault unavailable.","Quantumroot vault unavailable.","needs-review"
"quantumroot.trackedBalance","Tracked Balance","Saldo monitorado","translated"
"quantumroot.vaultNumber","Vault #{id}","Cofre #{id}","translated"
"quantumroot.vaults","Vaults","Cofres","translated"
"quantumroot.workspaceRefreshFailed","Workspace Refresh Failed","Falha ao atualizar a área de trabalho","translated"
"receive.addressesNotReady","Receive addresses not ready","Endereços de recebimento não estão prontos","translated"
"receive.amountBch","Amount (BCH)","Valor (BCH)","translated"
"receive.back","Back","Voltar","translated"
"receive.bip21Active","Request details are active and the QR is now encoding the BIP21 URI.","Os detalhes estão ativos e o QR agora codifica a URI BIP21.","translated"
"receive.bip21Description","Encode amount, label, and message into the QR payload.","Codifique valor, rótulo e mensagem no payload do QR.","translated"
"receive.bip21Help","When enabled, the QR and copied payload use a BIP21-style `bitcoincash:` URI so compatible wallets can autofill request details.","Quando ativado, o QR e o payload copiado usam uma URI no estilo BIP21 `bitcoincash:` para preencher os detalhes em carteiras compatíveis.","translated"
"receive.bip21Title","BIP21 payment request","Solicitação de pagamento BIP21","translated"
"receive.cashToken","CashToken","CashToken","stable-term"
"receive.change","Change","Troco","translated"
"receive.changeAddressCount","{count} change addresses","{count} endereços de troco","translated"
"receive.clear","Clear","Limpar","translated"
"receive.close","Close","Fechar","translated"
"receive.copied","Copied to clipboard!","Copiado para a área de transferência!","translated"
"receive.copyBip21","Copy BIP21 URI","Copiar URI BIP21","translated"
"receive.copyFailed","Failed to copy.","Falha ao copiar.","translated"
"receive.copyQrPayload","Copy receive QR payload","Copiar payload do QR de recebimento","translated"
"receive.dismiss","Dismiss","Dispensar","translated"
"receive.dismissUnlockAlert","Dismiss unlock alert","Dispensar alerta de desbloqueio","translated"
"receive.label","Label","Rótulo","translated"
"receive.main","Main","Principal","translated"
"receive.mainAddressCount","{count} main addresses","{count} endereços principais","translated"
"receive.message","Message","Mensagem","stable-term"
"receive.noAddressesLoaded","This wallet does not have receive addresses loaded yet.","Esta carteira ainda não carregou endereços de recebimento.","translated"
"receive.noBranchAddresses","No addresses found in this branch yet.","Nenhum endereço encontrado neste ramo.","translated"
"receive.noVaultFunds","No Quantumroot vault funds detected yet.","Nenhum fundo do cofre Quantumroot foi detectado.","translated"
"receive.openQrPreview","Open larger QR code preview","Abrir visualização ampliada do QR","translated"
"receive.optional","Optional","Opcional","translated"
"receive.optionalExample","Optional, e.g. 0.0105","Opcional, ex.: 0,0105","translated"
"receive.prepareAddresses","Prepare receive addresses","Preparar endereços de recebimento","translated"
"receive.prepareAddressesDescription","Prepare addresses to show your receive QR and address list.","Prepare os endereços para mostrar o QR e a lista de recebimento.","translated"
"receive.privKeyReady","Private key view unlocked","Visualização da chave privada desbloqueada","translated"
"receive.privKeyUnlock","Private key unlock in {count} taps","Desbloqueio da chave privada em {count} toques","translated"
"receive.pubKeyTapProgress","PubKey pressed {count}/{total} times","PubKey pressionada {count}/{total} vezes","translated"
"receive.qrCopyDescription","Tap the QR to copy the current payload. Close to return.","Toque no QR para copiar o payload atual. Feche para voltar.","translated"
"receive.quantumLock","Quantum Lock","Quantum Lock","stable-term"
"receive.quantumLockAddress","Quantum Lock Address","Endereço do Quantum Lock","translated"
"receive.quantumrootStatus","Quantumroot Status","Status do Quantumroot","translated"
"receive.readOnlyStatus","This view is read-only. It shows vault status and key receive data, but no spending or recovery actions.","Esta visualização é somente leitura. Ela mostra o status do cofre e dados de recebimento, sem ações de gasto ou recuperação.","translated"
"receive.receiveAddress","Receive Address","Endereço de recebimento","translated"
"receive.receiveBalance","Receive Balance","Saldo para recebimento","translated"
"receive.receiveQr","Receive QR","QR de recebimento","translated"
"receive.regular","Regular","Normal","translated"
"receive.seeAllAddresses","See all addresses","Ver todos os endereços","translated"
"receive.switch","Switch","Trocar","translated"
"receive.switchAddress","Switch address","Trocar endereço","translated"
"receive.syncing","Syncing…","Sincronizando…","translated"
"receive.tapPubKey","Tap PubKey to reveal the private key view.","Toque em PubKey para revelar a chave privada.","translated"
"receive.title","Receive","Receber","translated"
"receive.toggleAddressType","Toggle receive address type","Alternar tipo de endereço de recebimento","translated"
"receive.unavailable","Unavailable","Indisponível","translated"
"reconfiguration.changingPath","Changing derivation path","Alterando caminho de derivação","translated"
"reconfiguration.clearing","Clearing old wallet data","Limpando dados antigos da carteira","translated"
"reconfiguration.clearingDetail","Removing the previous address, history, and UTXO records.","Removendo registros anteriores de endereços, histórico e UTXOs.","translated"
"reconfiguration.deriving","Generating wallet addresses","Gerando endereços da carteira","translated"
"reconfiguration.derivingDetail","Creating the receive and change addresses for this wallet path.","Criando os endereços de recebimento e troco para este caminho de carteira.","translated"
"reconfiguration.dismiss","Dismiss","Dispensar","translated"
"reconfiguration.failed","Wallet update failed","Falha na atualização da carteira","translated"
"reconfiguration.failedDetail","The wallet could not be reconfigured.","Não foi possível reconfigurar a carteira.","translated"
"reconfiguration.keepOpen","Please keep OPTN Wallet open. Navigation is temporarily disabled while wallet data is rebuilt.","Mantenha o OPTN Wallet aberto. A navegação está temporariamente desativada enquanto os dados da carteira são recriados.","translated"
"reconfiguration.movingTo","Moving to {network}","Movendo para {network}","translated"
"reconfiguration.preparing","Preparing wallet","Preparando carteira","translated"
"reconfiguration.preparingDetail","Stopping background sync and reconnecting to the selected network.","Parando a sincronização em segundo plano e reconectando à rede selecionada.","translated"
"reconfiguration.progress","Wallet update progress","Progresso da atualização da carteira","translated"
"reconfiguration.reloading","Reloading wallet","Recarregando carteira","translated"
"reconfiguration.stepOf","Step {current} of {total}","Etapa {current} de {total}","translated"
"reconfiguration.switchingNetwork","Switching network","Trocando de rede","translated"
"reconfiguration.syncing","Synchronizing wallet","Sincronizando carteira","translated"
"reconfiguration.syncingDetail","Fetching balances, UTXOs, and transaction history. This can take 15–20 seconds.","Buscando saldos, UTXOs e histórico de transações. Isso pode levar de 15 a 20 segundos.","translated"
"reconfiguration.updating","Updating wallet","Atualizando carteira","translated"
"reconfiguration.working","Working…","Processando…","translated"
"recovery.hide","Hide Backup Phrase","Ocultar frase de backup","translated"
"recovery.reveal","Reveal Backup Phrase","Revelar frase de backup","translated"
"recovery.warning","Warning","Aviso","translated"
"recovery.warningDescription","Displaying your mnemonic backup phrase can compromise your funds. Ensure you keep it secure.","Exibir a frase mnemônica pode comprometer seus fundos. Mantenha-a segura.","translated"
"rpa.confirmedPayment","confirmed stealth payment","pagamento furtivo confirmado","translated"
"rpa.confirmedPayments","{count} confirmed stealth payment(s) found","{count} pagamento(s) furtivo(s) confirmado(s) encontrado(s)","translated"
"rpa.copyFailed","Copy failed.","Falha ao copiar.","translated"
"rpa.copySuccess","Paycode copied!","Paycode copiado!","translated"
"rpa.derivationFailed","Paycode derivation failed. Unlock your wallet and try again.","Falha ao derivar o Paycode. Desbloqueie a carteira e tente novamente.","translated"
"rpa.derivationPaths","Derivation paths","Caminhos de derivação","translated"
"rpa.deriving","Deriving paycode…","Derivando Paycode…","translated"
"rpa.found","found","encontrado(s)","translated"
"rpa.howWorks","How it works","Como funciona","translated"
"rpa.lastScanned","Last scanned","Último escaneamento","translated"
"rpa.noNotification","No notification tx.","Nenhuma transação de notificação.","translated"
"rpa.noNotificationText","The sender grinds their signature nonce until the input hash prefix matches your scan key — detectability is embedded in the signature itself.","O remetente testa o nonce da assinatura até que o prefixo do hash da entrada corresponda à sua chave de varredura — a detectabilidade fica incorporada à própria assinatura.","translated"
"rpa.paycode","Paycode","Paycode","stable-term"
"rpa.prefixFilter","Prefix filter","Filtro de prefixo","translated"
"rpa.scanDescription","Scans a Fulcrum-RPA server for transactions whose input signature prefix matches your scan key. Uses ECDH to verify each candidate and detect your stealth outputs.","Consulta um servidor Fulcrum-RPA em busca de transações cujo prefixo de assinatura de entrada corresponde à sua chave de varredura. Usa ECDH para verificar candidatos e detectar suas saídas furtivas.","translated"
"rpa.scanKey","Scan key","Chave de varredura","translated"
"rpa.scanning","Scanning…","Escaneando…","translated"
"rpa.serverUnsupported","This server does not support RPA scanning.","Este servidor não oferece suporte à varredura RPA.","translated"
"rpa.shareDescription","Share this paycode with senders. Each payment creates a unique stealth address — no link between payments on-chain.","Compartilhe este Paycode com remetentes. Cada pagamento cria um endereço furtivo exclusivo, sem vínculo entre pagamentos na cadeia.","translated"
"rpa.spendKey","Spend key","Chave de gasto","translated"
"rpa.stealthBalance","Stealth BCH","BCH furtivo","translated"
"rpa.sync","Sync","Sincronizar","translated"
"rpa.title","RPA Paycode","Paycode RPA","stable-term"
"rpa.walletUnavailable","Wallet not available","Carteira indisponível","translated"
"send.address","Address","Endereço","translated"
"send.advanced","Advanced","Avançado","translated"
"send.advancedBuilder","Open Advanced Builder","Abrir construtor avançado","translated"
"send.airdrops","Airdrops","Distribuições","translated"
"send.amount","Amount","Valor","translated"
"send.amountBch","Amount (BCH)","Valor (BCH)","translated"
"send.amountUsd","Amount (USD)","Valor (USD)","translated"
"send.asset","Asset","Ativo","translated"
"send.assetControl","Asset control","Controle de ativos","translated"
"send.back","Back","Voltar","translated"
"send.balance","Balance","Saldo","translated"
"send.bcmrMetadata","Parsed using BCMR metadata from the selected category.","Analisado com metadados BCMR da categoria selecionada.","translated"
"send.bytes","bytes","bytes","stable-term"
"send.changeAddress","Change address","Endereço de troco","translated"
"send.clearForm","Clear form","Limpar formulário","translated"
"send.confirmed","Confirmed","Confirmada","translated"
"send.contract","Contract","Contrato","translated"
"send.contractInputs","Contract inputs","Entradas de contrato","translated"
"send.copy","Copy","Copiar","translated"
"send.debug","Debug","Depuração","translated"
"send.decimals","{count} decimals","{count} casas decimais","translated"
"send.details","Details","Detalhes","translated"
"send.enterBchForUsd","Enter a BCH amount to see the USD equivalent.","Informe um valor em BCH para ver o equivalente em USD.","translated"
"send.enterUsdForBch","Enter a USD amount to see the BCH equivalent.","Informe um valor em USD para ver o equivalente em BCH.","translated"
"send.fee","Fee","Taxa","translated"
"send.fillMax","Fill the full spendable balance minus network fee","Preencher todo o saldo disponível menos a taxa de rede","translated"
"send.fillRequired","Fill the required fields first","Preencha primeiro os campos obrigatórios","translated"
"send.finalOutputs","Final outputs","Saídas finais","translated"
"send.guidedDescription","Send BCH, fungible tokens, or NFTs with one guided flow.","Envie BCH, tokens fungíveis ou NFTs em um único fluxo guiado.","translated"
"send.height","Height","Altura","translated"
"send.hide","Hide","Ocultar","translated"
"send.inputs","Inputs","Entradas","translated"
"send.inputsUsed","Inputs used","Entradas usadas","translated"
"send.insufficientFunds","Not enough funds. Check your balance or reduce the amount.","Saldo insuficiente. Verifique seu saldo ou reduza o valor.","translated"
"send.integer","integer","inteiro","translated"
"send.invalidAddress","Invalid address—double-check for typos or try scanning a QR code.","Endereço inválido — verifique os erros ou tente escanear um QR.","translated"
"send.keepTxid","Keep this txid as your reference and avoid sending it again.","Guarde este txid como referência e não o envie novamente.","translated"
"send.leaveBlankNft","Leave blank to send the first available NFT in this category.","Deixe em branco para enviar o primeiro NFT disponível nesta categoria.","translated"
"send.loading","Loading…","Carregando…","translated"
"send.max","Max","Máximo","stable-term"
"send.networkError","Network error. Check your connection and try again.","Erro de rede. Verifique sua conexão e tente novamente.","translated"
"send.nft","NFT","NFT","stable-term"
"send.nftCategory","NFT category","Categoria do NFT","translated"
"send.nftCommitment","NFT commitment","Compromisso do NFT","translated"
"send.nfts","NFTs","NFTs","stable-term"
"send.noInputs","No inputs selected yet (run Review).","Nenhuma entrada selecionada (execute Revisar).","translated"
"send.noOutputs","No outputs yet (run Review).","Nenhuma saída (execute Revisar).","translated"
"send.noTxBuilt","(no tx built yet)","(nenhuma transação criada ainda)","translated"
"send.openAirdrops","Open Airdrops","Abrir Airdrops","translated"
"send.optionalHexCommitment","Optional hex commitment…","Compromisso hexadecimal opcional…","translated"
"send.outpoint","Outpoint","Outpoint","stable-term"
"send.outputsCreated","Outputs created","Saídas criadas","translated"
"send.pending","Pending","Pendente","translated"
"send.quantumrootApproval","approval key to Quantum Lock","chave de aprovação para o Quantum Lock","translated"
"send.quantumrootHint","Review the recipient and token category, then tap Review to build the transaction.","Revise o destinatário e a categoria do token; toque em Revisar para criar a transação.","translated"
"send.quantumrootNftHint","If there are multiple NFT entries, choose the one that matches the approval key.","Se houver várias entradas NFT, escolha a que corresponde à chave de aprovação.","translated"
"send.quantumrootPrefilled","Prefilled to send the {label}","Preenchido para enviar o {label}","translated"
"send.quantumrootReceive","matching receive coin to the vault receive address","moeda de recebimento correspondente ao endereço de recebimento do cofre","translated"
"send.quantumrootShortcut","Quantumroot shortcut","Atalho do Quantumroot","translated"
"send.rawTransaction","Raw transaction","Transação bruta","translated"
"send.recipient","Recipient","Destinatário","translated"
"send.recipientAmountLoaded","Recipient and amount loaded from QR.","Destinatário e valor carregados do QR.","translated"
"send.recipientLoaded","Recipient loaded from QR.","Destinatário carregado do QR.","translated"
"send.releaseToSend","Release to send","Liberar para enviar","translated"
"send.reset","Reset","Redefinir","translated"
"send.review","Review","Revisar","translated"
"send.reviewTitle","Review Transaction","Revisar transação","translated"
"send.sats","Sats","Sats","stable-term"
"send.scanQr","Scan QR","Escanear QR","translated"
"send.selectCategory","Select category…","Selecionar categoria…","translated"
"send.selectedInputs","Selected inputs","Entradas selecionadas","translated"
"send.send","Send","Enviar","translated"
"send.sending","Sending…","Enviando…","translated"
"send.sent","Transaction sent","Transação enviada","translated"
"send.show","Show","Mostrar","translated"
"send.slideToConfirm","Slide to confirm","Deslize para confirmar","translated"
"send.submitted","Transaction submitted","Transação enviada","translated"
"send.summary","Summary","Resumo","translated"
"send.switchToBch","Switch amount input to BCH","Mudar a entrada do valor para BCH","translated"
"send.switchToUsd","Switch amount input to USD","Mudar a entrada do valor para USD","translated"
"send.technicalDetails","Technical details","Detalhes técnicos","translated"
"send.title","Simple Send","Envio simples","translated"
"send.to","To","Para","translated"
"send.token","Token","Token","stable-term"
"send.tokenAmount","Token amount","Quantidade do token","translated"
"send.tokenCategory","Token category","Categoria do token","translated"
"send.tokenChange","Token change","Troco de token","translated"
"send.tokenInputs","Token inputs","Entradas de token","translated"
"send.tokenLabel","Token","Token","stable-term"
"send.totalBch","Total (BCH)","Total (BCH)","stable-term"
"send.transactionSize","Transaction size","Tamanho da transação","translated"
"send.transferMode","Transfer mode","Modo de transferência","translated"
"send.type","Type","Tipo","stable-term"
"send.unconfirmedInputs","Unconfirmed inputs","Entradas não confirmadas","translated"
"send.usdUnavailable","USD conversion is unavailable right now.","A conversão para USD está indisponível no momento.","translated"
"send.verifyRecipient","QR scanned. Verify recipient before sending.","QR escaneado. Verifique o destinatário antes de enviar.","translated"
"send.verifySlide","Verify details and slide to send.","Verifique os detalhes e deslize para enviar.","translated"
"send.waitingSync","Waiting for sync","Aguardando sincronização","translated"
"send.waitPrevious","Wait for your previous outgoing transaction to sync first","Aguarde a sincronização da transação de saída anterior","translated"
"server.active","● active","● ativo","translated"
"server.add","Add","Adicionar","translated"
"server.addDesktopPlaceholder","Add server — Fulcrum host:50002, or a node host:8333","Adicionar servidor — host Fulcrum:50002 ou host de nó:8333","translated"
"server.addMobilePlaceholder","Add WSS server — host:50004","Adicionar servidor WSS — host:50004","translated"
"server.addressUrlPlaceholder","Address URL, e.g. https://example.com/address/{address}","URL do endereço, ex.: https://example.com/address/{address}","translated"
"server.auto","Auto","Automático","translated"
"server.autoBackend","Auto — server pool, with failover","Automático — pool de servidores com failover","translated"
"server.automatic","Automatic","Automática","translated"
"server.backend","Backend","Backend","stable-term"
"server.blockExplorer","Block explorer","Explorador de blocos","translated"
"server.connect","Connect","Conectar","translated"
"server.connected","Connected.","Conectado.","translated"
"server.connectedServer","Connected server","Servidor conectado","translated"
"server.connecting","Connecting…","Conectando…","translated"
"server.connectionFailed","Connection failed","Falha na conexão","translated"
"server.connectTitle","Connect to this server","Conectar a este servidor","translated"
"server.custom","Custom…","Personalizado…","translated"
"server.customFee","Custom","Personalizada","translated"
"server.defaultPortHint","Default port: 50004 (WSS). Use wss:// prefix to force WSS, or ws:// for unencrypted.","Porta padrão: 50004 (WSS). Use o prefixo wss:// para forçar WSS ou ws:// para conexão sem criptografia.","translated"
"server.explorerDescription","Used for “open in explorer” links on transactions.","Usado nos links “abrir no explorador” das transações.","translated"
"server.feeDescription","Fee rate for new transactions. Automatic uses the network minimum (~1 sat/byte, Electron Cash default).","Taxa para novas transações. Automático usa o mínimo da rede (~1 sat/byte, padrão do Electron Cash).","translated"
"server.feeUnit","sat/byte — applies to your next transaction","sat/byte — aplica-se à próxima transação","translated"
"server.invalidHost","Enter a valid host:port (e.g. 192.168.0.129:50002).","Digite um host:porta válido (ex.: 192.168.0.129:50002).","translated"
"server.manual","Manual","Manual","stable-term"
"server.node","Node","Nó","stable-term"
"server.notConnected","Not connected","Não conectado","translated"
"server.onlyBackend","Only this backend is used — pinning a node means Electrum servers aren't consulted.","Somente este backend é usado — fixar um nó ignora os servidores Electrum.","translated"
"server.placeholderHelp","Use {txid} and {address} as placeholders.","Use {txid} e {address} como marcadores.","translated"
"server.pool","{network} server pool","Pool de servidores {network}","translated"
"server.rawNodeMobileError","Raw BCH node connections are only available on desktop. Add an Electrum/Fulcrum WSS server instead.","Conexões diretas a nós BCH só estão disponíveis no desktop. Adicione um servidor Electrum/Fulcrum WSS.","translated"
"server.remove","Remove","Remover","translated"
"server.saveCustom","Save custom explorer","Salvar explorador personalizado","translated"
"server.server","Server","Servidor","translated"
"server.serverInputPlaceholder","host, host:50004, or wss://host:50004","host, host:50004 ou wss://host:50004","translated"
"server.transactionFee","Transaction fee","Taxa de transação","translated"
"server.trustless","trustless","sem confiança","translated"
"server.txUrlPlaceholder","Tx URL, e.g. https://example.com/tx/{txid}","URL da transação, ex.: https://example.com/tx/{txid}","translated"
"server.useAuto","Use Auto","Usar automático","translated"
"settings.about","About OPTN","Sobre o OPTN","translated"
"settings.aboutSupport","About & support","Sobre e suporte","translated"
"settings.aboutSupportDescription","Help, contact, terms, and app information","Ajuda, contato, termos e informações do aplicativo","translated"
"settings.connectionsFeatures","Connections & features","Conexões e recursos","translated"
"settings.connectionsFeaturesDescription","Servers, integrations, privacy features, and advanced tools","Servidores, integrações, privacidade e ferramentas avançadas","translated"
"settings.contact","Contact Us","Fale conosco","translated"
"settings.language","Language","Idioma","translated"
"settings.languageDescription","Choose the wallet interface language","Escolha o idioma da interface da carteira","translated"
"settings.network","Network","Rede","translated"
"settings.recovery","Recovery Phrase","Frase de recuperação","translated"
"settings.terms","Terms of Use","Termos de uso","translated"
"settings.walletSecurity","Wallet & security","Carteira e segurança","translated"
"settings.walletSecurityDescription","Recovery, derivation path, app lock, and wallet controls","Recuperação, caminho de derivação, bloqueio e controles da carteira","translated"
"settingsAppLock.autoLockAfter","Auto-lock after","Bloquear automaticamente após","translated"
"settingsAppLock.biometricDescription","Use {label} to unlock instead of typing your password.","Use {label} para desbloquear sem digitar sua senha.","translated"
"settingsAppLock.biometricSetupFailed","Biometric setup failed: {message}","Falha na configuração biométrica: {message}","translated"
"settingsAppLock.biometricUnlock","Biometric unlock","Desbloqueio biométrico","translated"
"settingsAppLock.cancel","Cancel","Cancelar","translated"
"settingsAppLock.changePassword","Change Password","Alterar senha","translated"
"settingsAppLock.confirm","Confirm","Confirmar","translated"
"settingsAppLock.confirmNewPassword","Confirm new password","Confirmar nova senha","translated"
"settingsAppLock.currentPassword","Current password","Senha atual","translated"
"settingsAppLock.currentPasswordIncorrect","Current password is incorrect.","A senha atual está incorreta.","translated"
"settingsAppLock.disabled","Disabled","Desativado","translated"
"settingsAppLock.enabled","Enabled","Ativado","translated"
"settingsAppLock.enabling","Enabling…","Ativando…","translated"
"settingsAppLock.encryption","Encryption","Criptografia","translated"
"settingsAppLock.encryptionDescription","Your wallet is encrypted with a password-derived key (PBKDF2 · 600k iterations · AES-256-GCM). The key is never stored — it is derived in memory each time you unlock.","Sua carteira é criptografada com uma chave derivada da senha (PBKDF2 · 600 mil iterações · AES-256-GCM). A chave nunca é armazenada: ela é derivada na memória a cada desbloqueio.","translated"
"settingsAppLock.lockNow","Lock Now","Bloquear agora","translated"
"settingsAppLock.minute","1 minute","1 minuto","stable-term"
"settingsAppLock.minutes","{count} minutes","{count} minutos","stable-term"
"settingsAppLock.never","Never","Nunca","translated"
"settingsAppLock.newPassword","New password","Nova senha","translated"
"settingsAppLock.noWalletOpen","No wallet is open.","Nenhuma carteira aberta.","translated"
"settingsAppLock.passwordChanged","Password changed successfully.","Senha alterada com sucesso.","translated"
"settingsAppLock.passwordChangeFailed","Password change failed. Please try again.","Falha ao alterar a senha. Tente novamente.","translated"
"settingsAppLock.passwordMismatch","New passwords do not match.","As novas senhas não coincidem.","translated"
"settingsAppLock.updating","Updating…","Atualizando…","translated"
"settingsDerivation.activePath","Active BIP44 account path","Caminho de conta BIP44 ativo","translated"
"settingsDerivation.alreadyActive","This derivation path is already active.","Este caminho de derivação já está ativo.","translated"
"settingsDerivation.changeResync","Change and resync","Alterar e sincronizar novamente","translated"
"settingsDerivation.completed","Derivation path changed and wallet resync completed.","Caminho de derivação alterado e sincronização da carteira concluída.","translated"
"settingsDerivation.confirm","Changing the derivation path clears the current address, history, and UTXO records. The wallet will then regenerate and resync only the new path. Continue?","Alterar o caminho de derivação limpa os registros atuais de endereços, histórico e UTXOs. A carteira regenerará e sincronizará somente o novo caminho. Continuar?","translated"
"settingsDerivation.currentMode","Current mode: {mode}.","Modo atual: {mode}.","translated"
"settingsDerivation.custom","custom","personalizado","translated"
"settingsDerivation.description","OPTN supports one active BIP44 account path at a time. Reconfiguring it removes the old derived records and performs a fresh receive/change discovery and resync.","O OPTN aceita um caminho de conta BIP44 ativo por vez. Reconfigurá-lo remove os registros derivados antigos e faz uma nova descoberta e sincronização de recebimento e troco.","translated"
"settingsDerivation.failed","Wallet reconfiguration failed.","Falha na reconfiguração da carteira.","translated"
"settingsDerivation.invalidPath","Invalid derivation path.","Caminho de derivação inválido.","translated"
"settingsDerivation.networkDefault","network default","padrão da rede","translated"
"settingsDerivation.reconfiguring","Reconfiguring…","Reconfigurando…","translated"
"settingsDerivation.useDefault","Use network default","Usar padrão da rede","translated"
"settingsNetwork.active","Active","Ativa","translated"
"settingsNetwork.chipnet","Chipnet","Chipnet","stable-term"
"settingsNetwork.chipnetDescription","BCH testnet for upcoming CHIPs — test funds only","Rede de teste BCH para CHIPs futuros — somente fundos de teste","translated"
"settingsNetwork.comingSoon","Coming soon","Em breve","translated"
"settingsNetwork.description","Switching networks clears the active network records, derives the network path, and resynchronizes receive/change addresses. Custom paths are preserved across network changes.","Trocar de rede limpa os registros da rede ativa, deriva o caminho da rede e sincroniza novamente os endereços de recebimento e troco. Caminhos personalizados são preservados.","translated"
"settingsNetwork.mainnet","Mainnet","Mainnet","stable-term"
"settingsNetwork.mainnetDescription","Live BCH network — real funds","Rede BCH ativa — fundos reais","translated"
"settingsNetwork.regtest","Regtest","Regtest","stable-term"
"settingsNetwork.reload","Reload and resync current wallet","Recarregar e sincronizar a carteira","translated"
"settingsNetwork.reloading","Reloading wallet…","Recarregando a carteira…","translated"
"settingsNetwork.switching","Switching…","Trocando…","translated"
"settingsNetwork.testnet3","Testnet3","Testnet3","stable-term"
"settingsNetwork.testnet4","Testnet4","Testnet4","stable-term"
"settingsPanels.addons","Addons","Add-ons","translated"
"settingsPanels.appLock","App Lock","Bloqueio do app","translated"
"settingsPanels.cashfusion","CashFusion","CashFusion","stable-term"
"settingsPanels.console","Console","Console","stable-term"
"settingsPanels.contract","Contract Info","Informações do contrato","translated"
"settingsPanels.derivation","Derivation Path","Caminho de derivação","translated"
"settingsPanels.experimental","Experimental Features","Recursos experimentais","translated"
"settingsPanels.faucet","Chipnet Faucet","Faucet do Chipnet","stable-term"
"settingsPanels.nostr","Nostr & Chat","Nostr e chat","translated"
"settingsPanels.server","Server","Servidor","stable-term"
"settingsPanels.walletConnect","WalletConnect","WalletConnect","stable-term"
"settingsPanels.wizardConnect","WizardConnect","WizardConnect","stable-term"
"settingsRows.about","About OPTN","Sobre o OPTN","translated"
"settingsRows.aboutDescription","Version info","Informações da versão","translated"
"settingsRows.addons","Addons","Add-ons","translated"
"settingsRows.addonsDescription","Install and manage third-party addons","Instalar e gerenciar add-ons de terceiros","translated"
"settingsRows.appLock","App Lock","Bloqueio do app","translated"
"settingsRows.appLockDescription","Auto-lock · Change password","Bloqueio automático · Alterar senha","translated"
"settingsRows.console","Console","Console","stable-term"
"settingsRows.consoleDescription","App log · Electrum RPC","Log do app · Electrum RPC","translated"
"settingsRows.contact","Contact Us","Fale conosco","translated"
"settingsRows.contactDescription","Get help and support","Obter ajuda e suporte","translated"
"settingsRows.contractInfo","Contract Info","Informações de contratos","translated"
"settingsRows.contractInfoDescription","View contract details","Ver detalhes dos contratos","translated"
"settingsRows.derivation","Derivation Path","Caminho de derivação","translated"
"settingsRows.derivationDescription","Customize and resync the active BIP44 path","Personalizar e sincronizar novamente o caminho BIP44 ativo","translated"
"settingsRows.experimental","Experimental Features","Recursos experimentais","translated"
"settingsRows.experimentalDescription","RPA · CashFusion","RPA · CashFusion","stable-term"
"settingsRows.faucet","Chipnet Faucet","Faucet do Chipnet","stable-term"
"settingsRows.faucetDescription","Get test BCH on Chipnet","Obter BCH de teste no Chipnet","translated"
"settingsRows.language","Language","Idioma","translated"
"settingsRows.languageDescription","Choose the wallet interface language","Escolher o idioma da interface","translated"
"settingsRows.network","Network","Rede","translated"
"settingsRows.networkDescription","Switch between Mainnet and Chipnet","Alternar entre Mainnet e Chipnet","translated"
"settingsRows.nostr","Nostr & Chat","Nostr e chat","translated"
"settingsRows.nostrDescription","Private messages · Identity · Relay pool","Mensagens privadas · Identidade · Relays","translated"
"settingsRows.pendingOutbox","Pending Tx Locks","Bloqueios de transações pendentes","translated"
"settingsRows.pendingOutboxDescription","Review outgoing transaction locks","Revisar bloqueios de transações de saída","translated"
"settingsRows.recovery","Recovery Phrase","Frase de recuperação","translated"
"settingsRows.recoveryDescription","Back up your wallet","Fazer backup da carteira","translated"
"settingsRows.server","Servers","Servidores","translated"
"settingsRows.serverDescription","Electrum · Block explorer · Transaction fees","Electrum · Explorador de blocos · Taxas de transação","translated"
"settingsRows.terms","Terms of Use","Termos de uso","translated"
"settingsRows.termsDescription","Read our terms","Ler nossos termos","translated"
"settingsRows.walletConnect","WalletConnect","WalletConnect","stable-term"
"settingsRows.walletConnectDescription","Manage dApp connections","Gerenciar conexões dApp","translated"
"settingsRows.wizardConnect","WizardConnect","WizardConnect","stable-term"
"settingsRows.wizardConnectDescription","Connect to token wizards","Conectar a token wizards","translated"
"terms.acceptance","1. Acceptance of Terms","1. Aceitação dos termos","translated"
"terms.acceptanceText","By accessing and using the OPTN Wallet App (“the App”), you agree to comply with and be bound by these Terms of Use. If you do not agree, please do not use the App.","Ao acessar e usar o aplicativo OPTN Wallet (“o Aplicativo”), você concorda em cumprir estes Termos de Uso. Se não concordar, não use o Aplicativo.","translated"
"terms.deviceSecurity","Ensuring the security of your device and the App.","Garantir a segurança do seu dispositivo e do Aplicativo.","translated"
"terms.modifications","6. Modifications","6. Alterações","stable-term"
"terms.modificationsText","The developers may modify, suspend, or discontinue the App without prior notice and may update these Terms. You are responsible for reviewing them periodically.","Os desenvolvedores podem modificar, suspender ou descontinuar o Aplicativo sem aviso prévio e podem atualizar estes Termos. Você é responsável por revisá-los periodicamente.","translated"
"terms.noLiability","4. No Liability","4. Ausência de responsabilidade","translated"
"terms.noLiabilityText","The developers assume no liability for loss, damage, or unauthorized access arising from use of the App, including cryptocurrency loss, data breaches, or device malfunctions. You use the App at your own risk.","Os desenvolvedores não assumem responsabilidade por perda, dano ou acesso não autorizado decorrente do uso do Aplicativo, incluindo perda de criptomoedas, violações de dados ou falhas do dispositivo. Você usa o Aplicativo por sua conta e risco.","translated"
"terms.noWarranty","5. No Warranty","5. Ausência de garantia","translated"
"terms.noWarrantyText","The App is provided “as is” without express or implied warranties. The developers do not guarantee reliability, accuracy, completeness, error-free operation, or uninterrupted service.","O Aplicativo é fornecido “como está”, sem garantias expressas ou implícitas. Os desenvolvedores não garantem confiabilidade, precisão, integralidade, operação sem erros ou serviço ininterrupto.","translated"
"terms.purpose","2. Purpose","2. Finalidade","translated"
"terms.purposeText","The OPTN Wallet App lets users securely store, send, and receive cryptocurrency. You are responsible for the security of your private keys and assets.","O aplicativo OPTN Wallet permite armazenar, enviar e receber criptomoedas com segurança. Você é responsável pela segurança de suas chaves privadas e ativos.","translated"
"terms.responsibilities","3. User Responsibilities","3. Responsabilidades do usuário","translated"
"terms.responsibilitiesIntro","The OPTN Wallet App handles real cryptocurrency. You are solely responsible for:","O aplicativo OPTN Wallet lida com criptomoedas reais. Você é o único responsável por:","translated"
"terms.responsibilitiesText","The development team is not responsible for loss of assets or unauthorized access resulting from failure to follow these practices.","A equipe de desenvolvimento não se responsabiliza por perda de ativos ou acesso não autorizado resultante do descumprimento dessas práticas.","translated"
"terms.safeguard","Safeguarding your private keys and recovery phrases.","Proteger suas chaves privadas e frases de recuperação.","translated"
"terms.verify","Verifying transaction details before confirming any actions.","Verificar os detalhes das transações antes de confirmar qualquer ação.","translated"
"token.activeMinting","Active Minting","Emissão ativa","translated"
"token.authHead","Auth Head","Cabeça de autoridade","translated"
"token.bcmr","BCMR","BCMR","stable-term"
"token.bcmrUnavailable","BCMR metadata unavailable","Metadados BCMR indisponíveis","translated"
"token.category","Category","Categoria","translated"
"token.chainStatsError","Unable to load token chain statistics right now.","Não foi possível carregar as estatísticas da rede do token agora.","translated"
"token.decimals","Decimals","Casas decimais","translated"
"token.id","Token ID","ID do token","translated"
"token.loading","Loading token data…","Carregando dados do token…","translated"
"token.no","No","Não","translated"
"token.symbol","Symbol","Símbolo","translated"
"token.totalNfts","Total NFTs","Total de NFTs","translated"
"token.totalSupply","Total Supply","Oferta total","translated"
"token.unavailable","Unavailable","Indisponível","translated"
"token.yes","Yes","Sim","translated"
"tor.appRunsOwn","The app runs its own Tor — no Tor Browser needed","O app executa seu próprio Tor — não é necessário o Tor Browser","translated"
"tor.autoDetect","Auto-detect (9050 / 9150)","Detectar automaticamente (9050 / 9150)","translated"
"tor.bootstrapping","Bootstrapping Tor… {percent}%","Inicializando Tor… {percent}%","translated"
"tor.check","Check Tor","Verificar Tor","translated"
"tor.checking","Checking…","Verificando…","translated"
"tor.desktopOnly","Desktop only","Somente desktop","translated"
"tor.disable","Disable","Desativar","translated"
"tor.enable","Enable","Ativar","translated"
"tor.externalOption","Or use a Tor you run yourself:","Ou use um Tor executado por você:","translated"
"tor.foundOnPort","Tor found on port {port} ✓","Tor encontrado na porta {port} ✓","translated"
"tor.integrated","Integrated Tor","Tor integrado","translated"
"tor.manualPort","Manual port","Porta manual","translated"
"tor.noExternal","No external Tor found. Either press “Start integrated Tor” above (recommended), or start Tor Browser (9150) / a system Tor daemon (9050) and press “Check Tor”. Without Tor, remote CashFusion is blocked.","Nenhum Tor externo encontrado. Inicie o Tor integrado acima (recomendado) ou o Tor Browser (9150) / daemon Tor do sistema (9050) e pressione “Verificar Tor”. Sem Tor, o CashFusion remoto é bloqueado.","translated"
"tor.noProxy","No Tor proxy running ✗","Nenhum proxy Tor em execução ✗","translated"
"tor.remoteRequired","Required for remote CashFusion servers","Obrigatório para servidores CashFusion remotos","translated"
"tor.runningOn","Running on port {port} ✓","Executando na porta {port} ✓","translated"
"tor.starting","Starting…","Iniciando…","translated"
"tor.startIntegrated","Start integrated Tor","Iniciar Tor integrado","translated"
"tor.stop","Stop","Parar","translated"
"tor.title","Tor","Tor","stable-term"
"tor.usingManual","Using manual port {port}","Usando a porta manual {port}","translated"
"txDetails.bch","BCH","BCH","stable-term"
"txDetails.index","Index","Índice","stable-term"
"txDetails.locktime","Locktime","Tempo de bloqueio","translated"
"txDetails.txid","TXID","TXID","stable-term"
"txDetails.version","Version","Versão","stable-term"
"txSummary.bch","BCH","BCH","stable-term"
"txSummary.bchInput","bch input","entrada de BCH","translated"
"txSummary.bytes","bytes","bytes","stable-term"
"txSummary.fee","Fee","Taxa","translated"
"txSummary.feeRate","Fee rate","Taxa de taxa","translated"
"txSummary.inputs","Inputs","Entradas","translated"
"txSummary.outputs","Outputs","Saídas","translated"
"txSummary.sats","sats","sats","stable-term"
"txSummary.token","token","token","stable-term"
"txSummary.tokenInput","token input","entrada de token","translated"
"txSummary.txSize","Tx size","Tamanho da transação","translated"
"utxo.amount","Amount","Valor","translated"
"utxo.bitcoinCash","Bitcoin Cash","Bitcoin Cash","stable-term"
"utxo.ft","FT","FT","stable-term"
"utxo.height","Height","Altura","translated"
"utxo.loading","Loading UTXOs…","Carregando UTXOs…","translated"
"utxo.name","Name","Nome","translated"
"utxo.nft","NFT","NFT","stable-term"
"utxo.none","No UTXOs to display.","Nenhum UTXO para exibir.","translated"
"utxo.pos","Pos","Posição","translated"
"utxo.tokens","tokens","tokens","stable-term"
"utxo.txHash","Tx Hash","Hash da transação","translated"
"walkthrough.label","Walkthrough","Passo a passo","translated"
"watchOnly.accountXpub","Account xPub","xPub da conta","translated"
"watchOnly.back","Back to wallets","Voltar às carteiras","translated"
"watchOnly.change","Change #{index}","Troco #{index}","translated"
"watchOnly.chipnet","Chipnet","Chipnet","stable-term"
"watchOnly.comingNext","Coming next","Em breve","translated"
"watchOnly.description","Inspect public BCH addresses without importing any private keys.","Inspecione endereços públicos BCH sem importar chaves privadas.","translated"
"watchOnly.mainnet","Mainnet","Mainnet","stable-term"
"watchOnly.multipleCosigners","Multiple cosigners","Vários signatários","translated"
"watchOnly.multisign","Multisign","Multissig","translated"
"watchOnly.network","Network","Rede","translated"
"watchOnly.pathNote","Confirm that SeedCash exported this account at m/44'/145'/account'. A standalone BIP32 xPub cannot prove its parent purpose or coin path.","Confirme que o SeedCash exportou esta conta em m/44’/145’/account’. Um xPub BIP32 independente não comprova seu propósito pai ou caminho da moeda.","translated"
"watchOnly.previewPublic","Preview public addresses","Visualizar endereços públicos","translated"
"watchOnly.previewTitle","Public address preview","Prévia de endereços públicos","translated"
"watchOnly.receive","Receive #{index}","Receber #{index}","translated"
"watchOnly.scanCamera","Scan (camera)","Escanear (câmera)","translated"
"watchOnly.standard","Standard","Padrão","stable-term"
"watchOnly.title","Watch-Only Wallet Preview","Prévia de carteira somente leitura","translated"
"watchOnly.type","Watch-only wallet type","Tipo de carteira somente leitura","translated"
"watchOnly.uploadQr","Upload QR","Enviar QR","translated"
"watchOnly.warning","Public preview only: this screen does not save a watch-only wallet or create, sign, import, or broadcast PSBT transactions yet.","Apenas prévia pública: esta tela ainda não salva uma carteira somente leitura nem cria, assina, importa ou transmite transações PSBT.","translated"
"watchOnly.xpubPlaceholder","Paste the xPub exported by SeedCash","Cole o xPub exportado pelo SeedCash","translated"
"wc.activeSessions","Active WalletConnect Sessions","Sessões ativas do WalletConnect","translated"
"wc.address","Address","Endereço","translated"
"wc.approvalFailedBody","Failed to approve the session request from {name}.","Não foi possível aprovar a solicitação de sessão de {name}.","translated"
"wc.approvalFailedTitle","WalletConnect approval failed","Falha ao aprovar o WalletConnect","translated"
"wc.approve","Approve","Aprovar","translated"
"wc.approvedBody","Connected to {name}.","Conectado a {name}.","translated"
"wc.approvedTitle","WalletConnect session approved","Sessão do WalletConnect aprovada","translated"
"wc.approveSession","Approve Session","Aprovar sessão","translated"
"wc.broadcast","Broadcast","Transmitir","translated"
"wc.broadcastLocked","Another outgoing transaction is still syncing. To avoid duplicates while you are offline, this wallet will only broadcast one unresolved transaction at a time.","Outra transação de saída ainda está sincronizando. Para evitar duplicatas enquanto você está offline, esta carteira transmite apenas uma transação não resolvida por vez.","translated"
"wc.cancel","Cancel","Cancelar","translated"
"wc.close","Close","Fechar","translated"
"wc.connect","Connect","Conectar","translated"
"wc.connectionUri","Connection URI","URI de conexão","translated"
"wc.dappName","DApp Name","Nome do dApp","translated"
"wc.disconnect","Disconnect","Desconectar","translated"
"wc.disconnectsOn","Disconnects On","Desconecta em","translated"
"wc.domain","Domain","Domínio","translated"
"wc.enterUri","Enter WalletConnect URI","Insira a URI do WalletConnect","translated"
"wc.estimatedFee","Estimated Fee","Taxa estimada","translated"
"wc.fungibleAmount","Fungible Amount","Quantidade fungível","translated"
"wc.index","Index","Índice","stable-term"
"wc.inputs","Inputs ({count})","Entradas ({count})","translated"
"wc.invalidLockingBytecode","Invalid locking bytecode","Bytecode de bloqueio inválido","translated"
"wc.invalidQr","Not a valid WalletConnect URI.","Não é uma URI válida do WalletConnect.","translated"
"wc.messageApprovedBody","Approved the WalletConnect message request.","Solicitação de mensagem do WalletConnect aprovada.","translated"
"wc.messageFailedBody","Failed to sign WalletConnect message request.","Não foi possível assinar a solicitação de mensagem do WalletConnect.","translated"
"wc.messageFailedTitle","WalletConnect message failed","Falha na mensagem do WalletConnect","translated"
"wc.messageRejectedBody","Rejected the WalletConnect message request.","A solicitação de mensagem do WalletConnect foi rejeitada.","translated"
"wc.messageRejectedTitle","WalletConnect message rejected","Mensagem do WalletConnect rejeitada","translated"
"wc.messageRejectFailedBody","Failed to reject WalletConnect message request.","Não foi possível rejeitar a solicitação de mensagem do WalletConnect.","translated"
"wc.messageSignedBody","Approved request from {name}.","Solicitação de {name} aprovada.","translated"
"wc.messageSignedTitle","WalletConnect message signed","Mensagem do WalletConnect assinada","translated"
"wc.messageToSign","Message to Sign","Mensagem a assinar","translated"
"wc.nftCapability","NFT Capability","Capacidade do NFT","translated"
"wc.nftCommitment","NFT Commitment","Compromisso do NFT","translated"
"wc.no","No","Não","translated"
"wc.noActiveSessions","No active WalletConnect sessions yet.","Ainda não há sessões ativas do WalletConnect.","translated"
"wc.noQr","No QR code detected. Try again.","Nenhum código QR detectado. Tente novamente.","translated"
"wc.noSessions","No active sessions.","Nenhuma sessão ativa.","translated"
"wc.opReturnOutput","OP_RETURN Output","Saída OP_RETURN","translated"
"wc.outputs","Outputs ({count})","Saídas ({count})","translated"
"wc.pairingStarted","WalletConnect pairing started.","Pareamento do WalletConnect iniciado.","translated"
"wc.pairingSuccessful","WalletConnect pairing successful via QR.","Pareamento do WalletConnect concluído via QR.","translated"
"wc.prompt","Prompt","Solicitação","translated"
"wc.reject","Reject","Rejeitar","translated"
"wc.rejectedBody","Rejected the session request from {name}.","A solicitação de sessão de {name} foi rejeitada.","translated"
"wc.rejectedTitle","WalletConnect session rejected","Sessão do WalletConnect rejeitada","translated"
"wc.rejectionFailedBody","Failed to reject the session request from {name}.","Não foi possível rejeitar a solicitação de sessão de {name}.","translated"
"wc.rejectionFailedTitle","WalletConnect rejection failed","Falha ao rejeitar o WalletConnect","translated"
"wc.rejectionSentBody","Sent the rejection response to the dApp.","Resposta de rejeição enviada ao dApp.","translated"
"wc.rejectionStaleBody","The dApp disconnected before the rejection response could be delivered.","O dApp se desconectou antes que a resposta de rejeição pudesse ser entregue.","translated"
"wc.requestExpiredBody","The dApp request expired before it could be completed.","A solicitação do dApp expirou antes de ser concluída.","translated"
"wc.requestExpiredTitle","WalletConnect request expired","Solicitação do WalletConnect expirada","translated"
"wc.scanFailed","WalletConnect scan failed.","Falha ao escanear o WalletConnect.","translated"
"wc.scanQr","Scan QR","Escanear QR","translated"
"wc.sessionDisconnectedBody","A WalletConnect session was disconnected remotely.","Uma sessão do WalletConnect foi desconectada remotamente.","translated"
"wc.sessionDisconnectedFrom","Disconnected from {name}.","Desconectado de {name}.","translated"
"wc.sessionDisconnectedTitle","WalletConnect session disconnected","Sessão do WalletConnect desconectada","translated"
"wc.sessionRequestExpiredBody","The WalletConnect session request timed out before approval.","A solicitação de sessão do WalletConnect expirou antes da aprovação.","translated"
"wc.sessionRequestExpiredTitle","WalletConnect session request expired","Solicitação de sessão do WalletConnect expirada","translated"
"wc.sessionRequestFrom","Session request from {name}.","Solicitação de sessão de {name}.","translated"
"wc.sessionRequestGeneric","A dApp requested a WalletConnect session.","Um dApp solicitou uma sessão do WalletConnect.","translated"
"wc.sessionRequestTitle","WalletConnect session request","Solicitação de sessão do WalletConnect","translated"
"wc.settings","Settings","Configurações","translated"
"wc.sign","Sign","Assinar","translated"
"wc.signMessageRequest","Sign Message Request","Solicitação de assinatura de mensagem","translated"
"wc.signTransactionRequest","Sign Transaction Request","Solicitação de assinatura de transação","translated"
"wc.tokenCategory","Token Category","Categoria do token","translated"
"wc.totalInput","Total Input","Entrada total","translated"
"wc.totalOutput","Total Output","Saída total","translated"
"wc.transactionApprovedTitle","WalletConnect transaction approved","Transação do WalletConnect aprovada","translated"
"wc.transactionFailedBody","Failed to sign WalletConnect transaction request: {message}","Falha ao assinar a solicitação de transação do WalletConnect: {message}","translated"
"wc.transactionFailedTitle","WalletConnect transaction failed","Falha na transação do WalletConnect","translated"
"wc.transactionRejectedTitle","WalletConnect transaction rejected","Transação do WalletConnect rejeitada","translated"
"wc.transactionRejectionFailedBody","Failed to reject WalletConnect transaction request: {message}","Falha ao rejeitar a solicitação de transação do WalletConnect: {message}","translated"
"wc.transactionResponseSentBody","Sent the WalletConnect transaction response.","Resposta da transação do WalletConnect enviada.","translated"
"wc.transactionSentBody","Sent the transaction response to {name}.","Resposta da transação enviada para {name}.","translated"
"wc.transactionStaleBody","The dApp disconnected before the transaction response could be delivered.","O dApp se desconectou antes que a resposta da transação pudesse ser entregue.","translated"
"wc.txid","TXID","TXID","stable-term"
"wc.unknownDapp","Unknown dApp","dApp desconhecido","translated"
"wc.unsupportedTransaction","This request uses an unsupported transaction representation in the current OPTN Wallet integration.","Esta solicitação usa uma representação de transação não compatível com a integração atual do OPTN Wallet.","translated"
"wc.validUri","Please provide a valid WalletConnect URI.","Insira uma URI válida do WalletConnect.","translated"
"wc.waitingForSync","Waiting for sync","Aguardando sincronização","translated"
"wc.waitPrevious","Wait for the previous outgoing transaction to sync first","Aguarde a sincronização da transação de saída anterior","translated"
"wc.working","Working…","Processando…","translated"
"wc.yes","Yes","Sim","translated"
"wizard.activeSessions","Active WizardConnect Sessions","Sessões ativas do WizardConnect","translated"
"wizard.address","Address","Endereço","translated"
"wizard.approve","Approve WizardConnect","Aprovar WizardConnect","translated"
"wizard.approved","WizardConnect transaction approved and sent.","Transação do WizardConnect aprovada e enviada.","translated"
"wizard.approveFailed","WizardConnect transaction failed: {message}","Falha na transação do WizardConnect: {message}","translated"
"wizard.broadcast","Broadcast","Transmitir","translated"
"wizard.cancel","Cancel","Cancelar","translated"
"wizard.close","Close","Fechar","translated"
"wizard.connect","Connect","Conectar","translated"
"wizard.connectedOn","Connected On","Conectado em","translated"
"wizard.connecting","Connecting…","Conectando…","translated"
"wizard.connectionUri","Connection URI","URI de conexão","translated"
"wizard.connectQuestion","Connect this wallet to the following WizardConnect request?","Conectar esta carteira à seguinte solicitação do WizardConnect?","translated"
"wizard.dapp","DApp","dApp","stable-term"
"wizard.disconnect","Disconnect","Desconectar","translated"
"wizard.enterUri","Enter WizardConnect URI","Insira a URI do WizardConnect","translated"
"wizard.errorPrefix","Error: {message}","Erro: {message}","translated"
"wizard.estimatedFee","Estimated Fee","Taxa estimada","translated"
"wizard.fungibleAmount","Fungible Amount","Quantidade fungível","translated"
"wizard.index","Index","Índice","stable-term"
"wizard.invalidQr","Not a valid WizardConnect QR code.","Não é um QR válido do WizardConnect.","translated"
"wizard.no","No","Não","translated"
"wizard.noActiveSessions","No active WizardConnect sessions yet.","Ainda não há sessões ativas do WizardConnect.","translated"
"wizard.noQr","No QR code detected. Try again.","Nenhum código QR detectado. Tente novamente.","translated"
"wizard.noWallet","No active wallet is available for WizardConnect.","Nenhuma carteira ativa está disponível para o WizardConnect.","translated"
"wizard.opReturnOutput","OP_RETURN Output","Saída OP_RETURN","translated"
"wizard.pairingStarted","WizardConnect pairing started.","Pareamento do WizardConnect iniciado.","translated"
"wizard.prompt","Prompt","Solicitação","translated"
"wizard.rejected","WizardConnect transaction rejected.","Transação do WizardConnect rejeitada.","translated"
"wizard.rejectFailed","WizardConnect rejection failed: {message}","Falha ao rejeitar o WizardConnect: {message}","translated"
"wizard.scanFailed","WizardConnect scan failed.","Falha ao escanear o WizardConnect.","translated"
"wizard.sessionDisconnectedOrExpired","A WizardConnect session disconnected or expired on the dApp side.","Uma sessão do WizardConnect foi desconectada ou expirou no lado do dApp.","translated"
"wizard.settings","Settings","Configurações","translated"
"wizard.sign","Sign","Assinar","translated"
"wizard.signRequest","WizardConnect Sign Request","Solicitação de assinatura do WizardConnect","translated"
"wizard.status","Status","Status","stable-term"
"wizard.tokenCategory","Token Category","Categoria do token","translated"
"wizard.totalInput","Total Input","Entrada total","translated"
"wizard.totalOutput","Total Output","Saída total","translated"
"wizard.txid","TXID","TXID","stable-term"
"wizard.unknownDapp","Unknown dApp","dApp desconhecido","translated"
"wizard.unsupportedTransaction","This request uses an unsupported transaction representation in the current OPTN Wallet integration.","Esta solicitação usa uma representação de transação não compatível com a integração atual do OPTN Wallet.","translated"
"wizard.validUri","Please provide a valid WizardConnect URI.","Insira uma URI válida do WizardConnect.","translated"
"wizard.yes","Yes","Sim","translated"
