"key","English (en)","Russian (ru)","Status"
"about.building","Building and Sending Transactions","Создание и отправка транзакций","translated"
"about.buildingText","Construct transactions with custom covenant conditions such as time locks, multisignature requirements, or allowlisted addresses.","Создавайте транзакции с условиями covenant: временными блокировками, мультиподписью или разрешёнными адресами.","translated"
"about.cashscriptExamples","CashScript Covenant Examples","Примеры covenant CashScript","translated"
"about.cashscriptGuide","CashScript - Writing Covenants & Introspection","CashScript — написание covenant и introspection","translated"
"about.cointelegraph","Cointelegraph - What are Bitcoin covenants, and how do they work?","Cointelegraph — что такое Bitcoin covenant и как они работают?","translated"
"about.community","Community Feedback","Отзывы сообщества","translated"
"about.communityText","Built with input from beta testers and real user needs.","Создано с учётом отзывов бета-тестеров и реальных потребностей пользователей.","translated"
"about.creating","Creating and Importing Wallets","Создание и импорт кошельков","translated"
"about.creatingText","Create new wallets or import existing ones using standard formats compatible with other Bitcoin wallets.","Создавайте новые кошельки или импортируйте существующие в стандартных форматах, совместимых с другими Bitcoin-кошельками.","translated"
"about.feedback","Feedback and Support","Отзывы и поддержка","translated"
"about.feedbackText","Your feedback helps us improve OPTN Wallet. For suggestions, issues, or support, contact us at","Ваши отзывы помогают улучшать OPTN Wallet. Для предложений, проблем или поддержки свяжитесь с нами:","translated"
"about.flexibility","Flexibility","Гибкость","translated"
"about.flexibilityText","Tailor your wallet experience with custom transaction conditions.","Настраивайте кошелёк с помощью собственных условий транзакций.","translated"
"about.intended","Intended Use","Назначение","translated"
"about.intendedText","OPTN is ready to help you manage digital assets with advanced covenant features, whether you are handling personal funds or exploring Bitcoin covenants.","OPTN помогает управлять цифровыми активами с расширенными covenant — для личных средств и изучения Bitcoin covenant.","translated"
"about.intuitive","Intuitive Design","Интуитивный дизайн","translated"
"about.intuitiveText","A user-friendly interface that makes asset management approachable for beginners.","Понятный интерфейс делает управление активами доступным новичкам.","translated"
"about.keyFeatures","Key Features","Основные возможности","translated"
"about.learn","Learn More About Bitcoin Covenants","Подробнее о Bitcoin covenant","translated"
"about.learnText","Explore these resources to deepen your understanding of Bitcoin covenants:","Изучите эти материалы, чтобы глубже понять Bitcoin covenant:","translated"
"about.overview","Overview","Обзор","translated"
"about.overviewText","The OPTN Wallet App gives you direct control and security over your digital assets. Bitcoin covenants let you set custom rules for how funds can be spent, so your wallet can match your preferences.","Приложение OPTN Wallet даёт прямой контроль и защиту цифровых активов. Bitcoin covenant позволяют задавать правила расходования средств.","translated"
"about.security","Security","Безопасность","translated"
"about.securityText","Bitcoin covenant features help protect assets from unauthorized transactions.","Возможности Bitcoin covenant помогают защищать активы от несанкционированных транзакций.","translated"
"about.unmatched","Unmatched Security","Непревзойдённая безопасность","translated"
"about.unmatchedText","Define exactly how funds can be spent with Bitcoin covenants.","Точно определяйте способы расходования средств с помощью Bitcoin covenant.","translated"
"about.viewing","Viewing Covenants","Просмотр covenant","translated"
"about.viewingText","Review the rules that govern transactions so you can understand how your funds are protected.","Изучайте правила транзакций, чтобы понимать, как защищены ваши средства.","translated"
"about.why","Why Choose OPTN Wallet?","Почему стоит выбрать OPTN Wallet?","translated"
"about.wiki","Bitcoin Covenants Wiki","Wiki Bitcoin covenant","translated"
"actions.advanced","Advanced","Расширенные","translated"
"actions.advancedActions","Advanced Actions","Расширенные действия","translated"
"actions.basic","Basic","Основные","translated"
"actions.basicActions","Basic Actions","Основные действия","translated"
"actions.cashTokens","CashTokens","CashTokens","stable-term"
"actions.cashTokensDescription","Manage token families","Управлять семействами токенов","translated"
"actions.commonWalletTasks","Common wallet tasks","Обычные задачи кошелька","translated"
"actions.contracts","Contracts","Контракты","translated"
"actions.contractsDescription","Manage contract instances","Управлять экземплярами контрактов","translated"
"actions.deeperTools","Deeper tools and workflows","Расширенные инструменты и процессы","translated"
"actions.newAddress","New Address","Новый адрес","translated"
"actions.newAddressDescription","Generate a new address","Создать новый адрес","translated"
"actions.quantumroot","Quantumroot","Quantumroot","stable-term"
"actions.quantumrootBadge","Beta production","Бета в рабочем режиме","translated"
"actions.quantumrootDescription","Quantum-ready vaults","Хранилища с защитой от квантовых угроз","translated"
"actions.receive","Receive","Получить","translated"
"actions.receiveDescription","Receive BCH or CashTokens","Получить BCH или CashTokens","translated"
"actions.scanQr","Scan QR","Сканировать QR","translated"
"actions.scanQrDescription","Sweep paper wallets","Сканировать бумажный кошелёк","translated"
"actions.send","Send","Отправить","translated"
"actions.sendDescription","Send BCH or CashTokens","Отправить BCH или CashTokens","translated"
"actions.subtitle","Simple wallet actions for everyday use","Простые действия для повседневного использования кошелька","translated"
"actions.taskMode","Task mode","Режим задач","translated"
"actions.taskModeDescription","Basic tasks first, advanced tools one step deeper","Сначала основные задачи, расширенные инструменты — уровнем глубже","translated"
"actions.title","Actions","Действия","stable-term"
"actions.transactionBuilder","Transaction Builder","Конструктор транзакций","translated"
"actions.transactionBuilderDescription","Build custom transactions","Создавать пользовательские транзакции","translated"
"actions.walletConnect","WalletConnect","WalletConnect","stable-term"
"actions.walletConnectDescription","Manage dApp sessions","Управлять сессиями dApp","translated"
"actions.wizardConnect","WizardConnect","WizardConnect","stable-term"
"actions.wizardConnectDescription","XPub-key-enabled dApp sessions","Сессии dApp с поддержкой ключей XPub","translated"
"addons.description","Addons run in a sandboxed frame with no access to your wallet's keys or memory — they can only do what the permissions you approve allow.","Дополнения работают в изолированном фрейме без доступа к ключам или памяти кошелька и могут делать только разрешённое вами.","translated"
"addons.desktopOnly","Installing addons from a folder is only available on desktop.","Установка дополнений из папки доступна только на компьютере.","translated"
"addons.installed","Installed addons","Установленные дополнения","translated"
"addons.installedStatus","Installed “{name}”. Restart the app to load it.","«{name}» установлено. Перезапустите приложение для загрузки.","translated"
"addons.installFolder","Install from folder…","Установить из папки…","translated"
"addons.installing","Installing…","Установка…","translated"
"addons.none","No addons installed.","Дополнения не установлены.","translated"
"addons.uninstall","Uninstall","Удалить","translated"
"addons.uninstalledStatus","Uninstalled. Restart the app for it to fully disappear.","Удалено. Перезапустите приложение, чтобы оно исчезло полностью.","translated"
"app.back","Back","Назад","translated"
"app.close","Close","Закрыть","translated"
"app.confirmLogout","Confirm Logout","Подтвердить выход","translated"
"app.confirmLogoutDescription","Confirm logout to remove this wallet from the device.","После выхода этот кошелёк будет удалён с устройства.","translated"
"app.help","Help","Помощь","translated"
"app.language","Language","Язык","translated"
"app.languageDescription","Choose the wallet interface language","Выберите язык интерфейса кошелька","translated"
"app.logOut","Log Out","Выйти","translated"
"app.quickAccess","Quick access","Быстрый доступ","translated"
"app.settings","Settings","Настройки","translated"
"app.toggleTheme","Toggle theme","Сменить тему","translated"
"appLock.cancel","Cancel","Отмена","translated"
"appLock.checking","Checking…","Проверка…","translated"
"appLock.confirm","Confirm","Подтвердить","translated"
"appLock.confirmPassword","Confirm password","Подтвердите пароль","translated"
"appLock.incorrect","Incorrect passphrase. Try again.","Неверная фраза. Повторите попытку.","translated"
"appLock.password","Password","Пароль","translated"
"appLock.revealBackup","Enter your password to reveal the backup phrase.","Введите пароль, чтобы показать резервную фразу.","translated"
"appLock.verificationFailed","Verification failed. Please try again.","Проверка не удалась. Повторите попытку.","translated"
"apps.addonLoadFailed","Addon failed to load","Не удалось загрузить дополнение","translated"
"apps.advanced","Advanced","Расширенные","translated"
"apps.all","All","Все","translated"
"apps.allowCapabilities","Allow {name} capabilities?","Разрешить приложению {name} эти возможности?","translated"
"apps.allowOnce","Allow once","Разрешить один раз","translated"
"apps.allowSensitiveAction","Allow sensitive action?","Разрешить чувствительное действие?","translated"
"apps.alwaysAllow","Always allow","Всегда разрешать","translated"
"apps.appDefinition","App definition","Определение приложения","translated"
"apps.approveCapabilities","Approve required capabilities to continue.","Одобрите необходимые разрешения, чтобы продолжить.","translated"
"apps.back","Back","Назад","translated"
"apps.browse","Browse apps","Обзор приложений","translated"
"apps.browseSubtitle","Wallet first, then tokens, utils, and advanced platforms","Сначала кошелёк, затем токены, утилиты и расширенные платформы","translated"
"apps.capabilitiesMessage","This addon app is requesting wallet capabilities before launch.","Это приложение-дополнение запрашивает разрешения кошелька перед запуском.","translated"
"apps.capability","Capability:","Возможность:","translated"
"apps.capability.addOutputs","Construct transaction outputs","Создавать выходы транзакций","translated"
"apps.capability.addressUtxosRead","Read UTXOs for wallet addresses","Читать UTXO адресов кошелька","translated"
"apps.capability.addressUtxosRefresh","Refresh and store UTXOs for wallet addresses","Обновлять и хранить UTXO адресов кошелька","translated"
"apps.capability.broadcastTransactions","Broadcast transactions","Транслировать транзакции","translated"
"apps.capability.buildTransactions","Build transactions","Создавать транзакции","translated"
"apps.capability.fetchJson","Fetch JSON over HTTP","Получать JSON по HTTP","translated"
"apps.capability.signatureTemplates","Create signature templates","Создавать шаблоны подписей","translated"
"apps.capability.signMessages","Sign messages with wallet keys","Подписывать сообщения ключами кошелька","translated"
"apps.capability.tokenHoldersRead","Read TokenIndex holder lists","Читать списки держателей TokenIndex","translated"
"apps.capability.tokenMetadataRead","Read CashToken metadata","Читать метаданные CashToken","translated"
"apps.capability.walletAddressesRead","Read wallet addresses","Читать адреса кошелька","translated"
"apps.capability.walletContextRead","Read wallet context","Читать контекст кошелька","translated"
"apps.capability.walletUtxosRead","Read wallet UTXOs","Читать UTXO кошелька","translated"
"apps.capabilityRequested","{name} requested: {capability}.","{name} запросил: {capability}.","translated"
"apps.cashFusionDescription","Private CoinJoin — server or P2P over Nostr + Tor","Приватный CoinJoin — сервер или P2P через Nostr + Tor","translated"
"apps.chatDescription","Private end-to-end encrypted Nostr messaging","Приватные сквозные зашифрованные сообщения Nostr","translated"
"apps.comingSoon","Coming soon","Скоро","translated"
"apps.contractsDescription","Browse artifacts and manage deployed instances","Просмотр артефактов и управление развёрнутыми экземплярами","translated"
"apps.deny","Deny","Запретить","translated"
"apps.empty","No apps in this category.","В этой категории нет приложений.","translated"
"apps.expectedScreen","Expected config.screen (or app.id) to map to a built-in app implementation.","config.screen (или app.id) должен соответствовать встроенной реализации приложения.","translated"
"apps.failedToLoad","Failed to load app","Не удалось загрузить приложение","translated"
"apps.goToLanding","Go to Landing","На главный экран","translated"
"apps.loadFailed","Failed to load addon apps","Не удалось загрузить приложения дополнений","translated"
"apps.loadingAddon","Loading addon…","Загрузка дополнения…","translated"
"apps.loadingApp","Loading app…","Загрузка приложения…","translated"
"apps.noWallet","No wallet selected","Кошелёк не выбран","translated"
"apps.permissionDenied","Permission denied. App launch was blocked.","Доступ запрещён. Запуск приложения заблокирован.","translated"
"apps.quantumrootDescription","Receive and recovery tools for advanced vaults","Инструменты получения и восстановления расширенных хранилищ","translated"
"apps.resolvedScreenId","Resolved screen ID","Разрешённый ID экрана","translated"
"apps.subtitle","Extend your wallet with tools","Расширяйте кошелёк с помощью инструментов","translated"
"apps.title","Apps","Приложения","translated"
"apps.token","Token","Токен","stable-term"
"apps.unsupportedAppKind","Unsupported app kind:","Неподдерживаемый тип приложения:","translated"
"apps.unsupportedDeclarativeApp","Unsupported declarative app:","Неподдерживаемое декларативное приложение:","translated"
"apps.utils","Utils","Утилиты","translated"
"apps.waitingPermission","Waiting for app permission","Ожидание разрешения приложения","translated"
"apps.wallet","Wallet","Кошелёк","stable-term"
"assets.advancedVaultDescription","Receive and recovery tools for advanced vaults","Инструменты получения и восстановления для расширенных хранилищ","translated"
"assets.advancedVaultWorkspace","Advanced vault workspace","Расширенная рабочая область хранилища","translated"
"assets.bitcoinCash","Bitcoin Cash","Bitcoin Cash","stable-term"
"assets.cashTokenHoldings","CashToken holdings","Баланс CashTokens","translated"
"assets.cashTokens","CashTokens","CashTokens","stable-term"
"assets.categories","categories","категории","translated"
"assets.chipnet","Chipnet","Chipnet","stable-term"
"assets.fungible","fungible","взаимозаменяемые","translated"
"assets.fungibleHoldings","Fungible token holdings","Баланс взаимозаменяемых токенов","translated"
"assets.mintingNfts","Minting NFTs","NFT для выпуска","translated"
"assets.mintingNftsDescription","Authority to mint additional NFTs in this category","Полномочие выпускать дополнительные NFT в этой категории","translated"
"assets.mintTokens","Mint Tokens","Выпустить токены","translated"
"assets.mutableNfts","Mutable NFTs","Изменяемые NFT","translated"
"assets.mutableNftsDescription","Commitment may be changed by the holder","Владелец может изменить обязательство","translated"
"assets.nfts","NFTs","NFT","stable-term"
"assets.noFungibleTokens","No fungible CashTokens found.","Взаимозаменяемые CashTokens не найдены.","translated"
"assets.noNfts","No NFTs found.","NFT не найдены.","translated"
"assets.nonFungibleHoldings","Non-fungible holdings","Баланс невзаимозаменяемых активов","translated"
"assets.openVaults","Open vaults","Открыть хранилища","translated"
"assets.plainNfts","Plain NFTs","Обычные NFT","translated"
"assets.plainNftsDescription","Fixed commitment; cannot be changed or used to mint","Фиксированное обязательство; нельзя изменить или использовать для выпуска","translated"
"assets.primaryBalance","Primary wallet balance","Основной баланс кошелька","translated"
"assets.quantumroot","Quantumroot","Quantumroot","stable-term"
"assets.quickInventory","Quick view of your wallet inventory","Быстрый обзор активов кошелька","translated"
"assets.tabBch","BCH","BCH","stable-term"
"assets.tabNfts","NFTs","NFT","stable-term"
"assets.tabTokens","Tokens","Токены","stable-term"
"assets.title","Assets","Активы","translated"
"assets.toggleBalance","Toggle BCH and USD balance","Переключить баланс BCH и USD","translated"
"assets.units","units","единицы","translated"
"assets.usdPriceUnavailable","USD price unavailable","Цена в USD недоступна","translated"
"assets.usdUnavailable","USD unavailable","USD недоступен","translated"
"assets.vaultWorkspace","Vault workspace","Рабочая область хранилища","translated"
"bip37.addressesWithCoins","address(es) with coins","адресов со средствами","translated"
"bip37.blocks","blocks","блоков","stable-term"
"bip37.fromNode","BCH from the node ✓","BCH из узла ✓","translated"
"bip37.height","height","высота","translated"
"bip37.inUse","● in use","● используется","translated"
"bip37.node","Node","Узел","stable-term"
"bip37.notServes","Does not serve BIP37 ✗ (bloom filtering off)","Не поддерживает BIP37 ✗ (фильтрация Блума отключена)","translated"
"bip37.probe","Probe","Проверить","translated"
"bip37.probing","Probing…","Проверка…","translated"
"bip37.protocol","protocol","протокол","translated"
"bip37.remove","Remove","Удалить","translated"
"bip37.scanned","scanned","просканировано","translated"
"bip37.serves","Serves BIP37 ✓","Поддерживает BIP37 ✓","translated"
"bip37.sync","Sync","Синхронизировать","translated"
"bip37.syncing","Syncing…","Синхронизация…","translated"
"bip37.syncingDetails","Syncing headers + scanning blocks via the node…","Синхронизация заголовков и сканирование блоков через узел…","translated"
"bip37.use","Use","Использовать","translated"
"bip37.useBalanceTitle","Derive this wallet's balance directly from the node (trustless SPV)","Получать баланс кошелька напрямую из узла (SPV без доверия)","translated"
"bip37.useNodeTitle","Use ONLY this node for wallet data (trustless; Electrum servers are not consulted)","Использовать ТОЛЬКО этот узел для данных кошелька (без доверия; серверы Electrum не используются)","translated"
"bip37.verified","Verified trustlessly: every matched tx proven by its block's merkle proof.","Проверено без доверия: каждая найденная транзакция подтверждена меркль-доказательством блока.","translated"
"bip37.watching","watching","отслеживается","translated"
"builder.addFirstRecipient","Add your first recipient","Добавьте первого получателя","translated"
"builder.addOpReturnOutput","Add OP_RETURN Output","Add OP_RETURN Output","needs-review"
"builder.addOutput","Add Output","Добавить выход","translated"
"builder.addRecipient","Add recipient","Добавить получателя","translated"
"builder.addRecipients","Add recipients","Добавить получателей","translated"
"builder.addRecipientsDescription","Add BCH recipients, token transfers, collectibles, or an optional message output.","Добавьте получателей BCH, переводы токенов, коллекционные предметы или необязательный выход сообщения.","translated"
"builder.address","Address","Address","needs-review"
"builder.amount","Amount","Amount","needs-review"
"builder.amountToSend","Amount to send","Сумма отправки","translated"
"builder.attachMessage","Attach message","Прикрепить сообщение","translated"
"builder.back","Back","Назад","translated"
"builder.bchAddress","BCH address","Адрес BCH","translated"
"builder.bchAmountSats","BCH amount (sats)","BCH amount (sats)","needs-review"
"builder.bchFunds","BCH funds","BCH funds","needs-review"
"builder.broadcastedSuccess","Your transaction was broadcast successfully!","Транзакция успешно транслирована!","translated"
"builder.buildTransaction","Build Transaction","Создать транзакцию","translated"
"builder.buildTx","Build TX","Build TX","needs-review"
"builder.capability","Capability","Capability","needs-review"
"builder.category","Category","Category","needs-review"
"builder.chooseSource","Choose a source","Выбрать источник","translated"
"builder.chooseSourceDescription","Pick wallet addresses for normal sends, or contracts for script spends.","Для обычной отправки выберите адреса кошелька, а для расходов скрипта — контракты.","translated"
"builder.chooseSourceHelp","Choose source","Выберите источник","translated"
"builder.close","Close","Закрыть","translated"
"builder.collectibleAmount","Collectible amount","Collectible amount","needs-review"
"builder.commitment","Commitment","Commitment","needs-review"
"builder.configureCollectible","Configure collectible","Configure collectible","needs-review"
"builder.confirmAndSend","Confirm and Send Transaction","Подтвердить и отправить транзакцию","translated"
"builder.confirmTransaction","Confirm Transaction","Подтвердить транзакцию","translated"
"builder.contract","Contract","Contract","needs-review"
"builder.contractAddress","Contract address","Адрес контракта","translated"
"builder.contractAssets","Contract assets","Contract assets","needs-review"
"builder.contractFunction","Contract Function","Contract Function","needs-review"
"builder.contractFunds","Contract funds","Contract funds","needs-review"
"builder.contracts","Contracts","Контракты","translated"
"builder.contractSourceCount","{count} contract source(s)","{count} contract source(s)","needs-review"
"builder.contractSourcePlural","{count} contract sources","{count} contract sources","needs-review"
"builder.contractSources","Contract sources","Источники контрактов","translated"
"builder.contractSourceSingular","{count} contract source","{count} contract source","needs-review"
"builder.copyToClipboard","Copy to clipboard","Копировать в буфер обмена","translated"
"builder.createCollectible","Create collectible","Создать коллекционный предмет","translated"
"builder.createToken","Create token","Создать токен","translated"
"builder.customSend","Custom Send","Настраиваемая отправка","translated"
"builder.decodeFailed","Unable to decode transaction. Showing raw hex:","Не удалось декодировать транзакцию. Показаны исходные hex-данные:","translated"
"builder.dragToConfirm","Drag to Confirm","Перетащите для подтверждения","translated"
"builder.enterTokenAmount","Enter amount (max {amount})","Enter amount (max {amount})","needs-review"
"builder.estimatedNetworkFee","Estimated network fee","Расчётная комиссия сети","translated"
"builder.feeReserve","Leaving a {count} sat fee reserve.","Резерв комиссии: {count} sat.","translated"
"builder.flow","Flow","Процесс","translated"
"builder.flowDescription","Pick a source, choose funds, add recipients, then preview the final transaction before sending.","Выберите источник и средства, добавьте получателей, затем просмотрите итоговую транзакцию перед отправкой.","translated"
"builder.fundsSelected","Funds selected","Средства выбраны","translated"
"builder.fungibleAmount","Fungible Amount","Fungible Amount","needs-review"
"builder.fungibleTokens","Fungible Tokens","Fungible Tokens","needs-review"
"builder.genesisCollectible","Genesis input for this collectible","Genesis input for this collectible","needs-review"
"builder.genesisInput","Genesis input for this token","Genesis input for this token","needs-review"
"builder.help","Help","Справка","translated"
"builder.howWorks","How this works","Как это работает","translated"
"builder.inputs","Inputs","Inputs","needs-review"
"builder.leftoverBchPlaceholder","Wallet address for leftover BCH","Адрес кошелька для остатка BCH","translated"
"builder.max","Max","Максимум","translated"
"builder.maxSpendable","Set to maximum spendable (leaves 2000 sats for fees)","Установить максимальную сумму (оставить 2000 sats на комиссию)","translated"
"builder.missingUnlocker","Missing unlocker!","Нет unlocker!","translated"
"builder.next","Next","Далее","translated"
"builder.nftCapability","NFT Capability","NFT Capability","needs-review"
"builder.nftCommitment","NFT Commitment","NFT Commitment","needs-review"
"builder.noContractAddresses","No contract addresses available.","Нет доступных адресов контрактов.","translated"
"builder.noFundsSelected","No funds selected yet.","Средства ещё не выбраны.","translated"
"builder.none","None","None","needs-review"
"builder.nonFungibleTokens","Non-Fungible Tokens","Non-Fungible Tokens","needs-review"
"builder.noOutputs","No outputs added yet.","Выходы ещё не добавлены.","translated"
"builder.noQrCode","No QR code detected. Please try again.","No QR code detected. Please try again.","needs-review"
"builder.noSpendableBalance","No spendable balance after fee reserve","После резерва комиссии нет доступного баланса","translated"
"builder.noUtxosSelected","No UTXOs selected.","UTXO не выбраны.","translated"
"builder.noWalletAddresses","No wallet addresses available.","Нет доступных адресов кошелька.","translated"
"builder.opReturnData","OP_RETURN Data","OP_RETURN Data","needs-review"
"builder.opReturnEmpty","OP_RETURN data cannot be empty.","OP_RETURN data cannot be empty.","needs-review"
"builder.opReturnOutput","OP_RETURN Output","OP_RETURN Output","needs-review"
"builder.opReturnPlaceholder","Enter space-separated ASCII words","Enter space-separated ASCII words","needs-review"
"builder.outputs","Outputs","Outputs","needs-review"
"builder.paperWallet","Paper Wallet","Paper Wallet","needs-review"
"builder.paperWalletUtxos","Paper Wallet UTXOs","Paper Wallet UTXOs","needs-review"
"builder.pickFunds","Pick funds","Выбрать средства","translated"
"builder.pickFundsDescription","Select the BCH, tokens, or collectibles that will fund this transaction.","Выберите BCH, токены или коллекционные предметы для финансирования транзакции.","translated"
"builder.rawTransactionDetails","Raw Transaction Details","Подробности сырой транзакции","translated"
"builder.ready","Ready","Готово","translated"
"builder.recipient","{count} recipient","{count} recipient","needs-review"
"builder.recipientAddress","Recipient Address","Адрес получателя","translated"
"builder.recipientCount","{count} recipients","{count} recipients","needs-review"
"builder.recipients","Recipients","Получатели","translated"
"builder.recipientsAdded","Recipients added","Получатели добавлены","translated"
"builder.remove","Remove","Удалить","translated"
"builder.removeAllRecipients","Remove all recipients","Удалить всех получателей","translated"
"builder.returnLeftover","Return leftover funds to","Вернуть остаток на","translated"
"builder.reviewAndSend","Review and send","Проверить и отправить","translated"
"builder.reviewAndSendDescription","Preview first, then send only when the summary looks right.","Сначала просмотрите данные и отправляйте только после проверки сводки.","translated"
"builder.reviewFunds","Review funds","Проверить средства","translated"
"builder.reviewRecipients","Review recipients","Проверить получателей","translated"
"builder.scanQrCode","Scan QR Code","Сканировать QR-код","translated"
"builder.selectedFunds","Selected funds","Выбранные средства","translated"
"builder.selectedItem","{count} selected item","{count} selected item","needs-review"
"builder.selectedItems","{count} selected items","{count} selected items","needs-review"
"builder.selectGenesisInput","Select genesis input","Select genesis input","needs-review"
"builder.selectSource","Select a source to continue.","Выберите источник, чтобы продолжить.","translated"
"builder.sendBch","Send BCH","Отправить BCH","translated"
"builder.sendTx","Send TX","Send TX","needs-review"
"builder.sendWarning","You are about to send a transaction. Please confirm that all details are correct. This action cannot be undone.","Вы собираетесь отправить транзакцию. Убедитесь, что все сведения верны. Это действие нельзя отменить.","translated"
"builder.sourcesChosen","Sources chosen","Источники выбраны","translated"
"builder.step","Step {number}","Шаг {number}","translated"
"builder.token","Token","Token","needs-review"
"builder.tokenAddress","Token address","Адрес токена","translated"
"builder.tokenAmount","Token Amount","Token Amount","needs-review"
"builder.tokenCategory","Token Category","Token Category","needs-review"
"builder.tokenCategoryLabel","Token Category","Token Category","needs-review"
"builder.tokensCollectibles","Tokens & collectibles","Tokens & collectibles","needs-review"
"builder.transactionError","Transaction Error","Ошибка транзакции","translated"
"builder.transactionSubmitted","Transaction Submitted","Транзакция отправлена","translated"
"builder.transactionSubmittedDescription","Your transaction has been submitted. Use this txid as the reference and avoid sending it again.","Транзакция отправлена. Используйте этот txid как ссылку и не отправляйте её повторно.","translated"
"builder.transactionSuccessful","Transaction Successful","Транзакция выполнена","translated"
"builder.transferMinimum","Transfer amount must be at least {count}.","Transfer amount must be at least {count}.","needs-review"
"builder.tryAgain","Try Again","Повторить","translated"
"builder.txHash","Tx Hash","Tx Hash","needs-review"
"builder.txId","TX ID","TX ID","needs-review"
"builder.viewExplorer","View on Explorer","Открыть в обозревателе","translated"
"builder.wallet","Wallet","Wallet","needs-review"
"builder.walletAssets","Wallet assets","Wallet assets","needs-review"
"builder.walletFunds","Wallet funds","Средства кошелька","translated"
"builder.walletSourceCount","{count} wallet source(s)","{count} wallet source(s)","needs-review"
"builder.walletSourcePlural","{count} wallet sources","{count} wallet sources","needs-review"
"builder.walletSources","Wallet sources","Источники кошелька","translated"
"builder.walletSourceSingular","{count} wallet source","{count} wallet source","needs-review"
"builder.warning","⚠️ Warning","⚠️ Предупреждение","translated"
"camera.cancel","Cancel","Отмена","translated"
"camera.scan","Scan QR with camera","Сканировать QR камерой","translated"
"camera.unavailable","Camera unavailable: {error}. Use Upload instead.","Камера недоступна: {error}. Используйте загрузку.","translated"
"cauldron.active","active","активны","translated"
"cauldron.description","Detected from the active wallet receive/change/DeFi address set through the Cauldron indexer.","Обнаружены индексатором Cauldron в активном наборе адресов получения, сдачи и DeFi кошелька.","translated"
"cauldron.positions","Cauldron positions","Позиции Cauldron","translated"
"cauldron.tokenCategories","token categories","категории токенов","translated"
"chat.back","Back to conversations","Назад к беседам","translated"
"chat.choosePhoto","Choose photo","Выбрать фото","translated"
"chat.copyNpub","Copy npub","Копировать npub","translated"
"chat.displayName","Display name","Отображаемое имя","translated"
"chat.emptyDescription","Pick a conversation, or tap + to message someone by their npub. Messages are end-to-end encrypted over Nostr.","Выберите беседу или нажмите +, чтобы написать кому-то по npub. Сообщения шифруются сквозным шифрованием через Nostr.","translated"
"chat.encrypted","End-to-end encrypted","Сквозное шифрование","translated"
"chat.messagePlaceholder","Message…","Сообщение…","stable-term"
"chat.newChat","New chat","Новый чат","translated"
"chat.newConversation","New conversation","Новая беседа","translated"
"chat.noConversations","No conversations yet. Tap + to start one.","Бесед пока нет. Нажмите +, чтобы начать.","translated"
"chat.noMessages","No messages yet. Say hi — messages are end-to-end encrypted.","Сообщений пока нет. Поздоровайтесь — сообщения шифруются сквозным шифрованием.","translated"
"chat.open","Open","Открыть","translated"
"chat.privateConversations","Your private conversations","Ваши приватные беседы","translated"
"chat.privateMessaging","Private Nostr messaging","Приватные сообщения Nostr","translated"
"chat.profile","Profile","Профиль","translated"
"chat.profilePublished","Profile published ✓","Профиль опубликован ✓","translated"
"chat.publishProfile","Publish profile","Опубликовать профиль","translated"
"chat.recipient","Recipient npub…","npub получателя…","translated"
"chat.searchConversations","Search conversations","Поиск бесед","translated"
"chat.send","Send","Отправить","translated"
"chat.setup","Nostr setup","Настройка Nostr","translated"
"chat.title","Chat","Чат","translated"
"chat.youPrefix","You: ","Вы: ","translated"
"chat.yourNpub","Your npub","Ваш npub","translated"
"confirm.action","Confirm action","Подтвердить действие","translated"
"confirm.cancel","Cancel","Отмена","translated"
"confirm.ok","OK","ОК","stable-term"
"console.appLog","App Log","Журнал приложения","translated"
"console.clear","Clear","Очистить","translated"
"console.noEntries","No log entries yet.","Записей в журнале пока нет.","translated"
"console.placeholder","method [params…]","method [params…]","stable-term"
"console.rpc","Electrum RPC","Electrum RPC","stable-term"
"console.send","Send","Отправить","translated"
"console.sending","…","…","stable-term"
"console.typeHint","Type: method param1 param2 — e.g. server.version or blockchain.headers.subscribe","Введите: метод параметр1 параметр2 — например server.version или blockchain.headers.subscribe","translated"
"contract.arbiter","Arbiter: A trusted party who authorizes release of funds.","Арбитр: доверенная сторона, разрешающая выпуск средств.","translated"
"contract.available","Available Contracts","Доступные контракты","translated"
"contract.bip38","BIP38 (Password-Protected Private Keys)","BIP38 (закрытые ключи, защищённые паролем)","translated"
"contract.bip38Desc","The BIP38 contract secures private keys with a password. Its UTXOs require both the correct password and a valid signature.","Контракт BIP38 защищает закрытые ключи паролем. Для его UTXO нужны правильный пароль и действительная подпись.","translated"
"contract.bip38Spending","Spending Requirements: Provide a valid owner signature and a data signature verifying the password.","Условия расходования: действительная подпись владельца и подпись данных, подтверждающая пароль.","translated"
"contract.bip38UseCase","Use Case: Ideal for protecting private keys against theft or unauthorized access, especially for long-term storage.","Применение: подходит для защиты закрытых ключей от кражи или несанкционированного доступа, особенно при долгосрочном хранении.","translated"
"contract.enhancedTrust","Enhanced Trust: Useful for transactions requiring multiple trusted parties.","Повышенное доверие: полезно для сделок, требующих нескольких доверенных сторон.","translated"
"contract.escrow","Escrow","Escrow","stable-term"
"contract.escrowDesc","The Escrow contract supports secure transactions between a buyer and seller with a trusted arbiter. Funds are released only with the arbiter’s approval.","Контракт Escrow обеспечивает безопасные сделки между покупателем и продавцом с доверенным арбитром. Средства выпускаются только с одобрения арбитра.","translated"
"contract.escrowMS2","EscrowMS2 (Multi-Party Escrow)","EscrowMS2 (многосторонний escrow)","stable-term"
"contract.escrowMS2Desc","EscrowMS2 extends escrow with two arbiters. Funds can be released with one arbiter’s approval or both arbiters’ combined approval.","EscrowMS2 расширяет escrow двумя арбитрами. Средства можно выпустить по одобрению одного арбитра или совместному одобрению обоих.","translated"
"contract.escrowMS2Spending","Spending Requirements: One arbiter or both arbiters provide valid signatures, and the full amount goes to the buyer or seller.","Условия расходования: один или оба арбитра предоставляют действительные подписи, а вся сумма поступает покупателю или продавцу.","translated"
"contract.escrowSecurity","Security: Funds remain locked until the arbiter approves, helping prevent fraud or disputes.","Безопасность: средства остаются заблокированными до одобрения арбитра, что помогает предотвращать мошенничество и споры.","translated"
"contract.escrowSpending","Spending Requirements: The arbiter provides a valid signature and the full amount goes to the buyer’s or seller’s public-key-hash address.","Условия расходования: арбитр предоставляет действительную подпись, а вся сумма поступает на адрес хеша открытого ключа покупателя или продавца.","translated"
"contract.howToUse","How to Use Covenant Contracts","Как использовать covenant-контракты","translated"
"contract.howToUseText","Open the Contracts section, choose a contract type, configure its conditions, and deploy it. To spend from contract UTXOs, meet the specific spending requirements above. Detailed instructions and examples are available in the app documentation.","Откройте раздел «Контракты», выберите тип, настройте условия и разверните контракт. Чтобы потратить UTXO контракта, выполните соответствующие условия расходования выше. Подробные инструкции и примеры доступны в документации приложения.","translated"
"contract.intro","Covenant contracts in the OPTN Wallet are smart contracts that enforce rules for spending digital assets. Each contract locks funds in UTXOs that can only be spent by meeting predefined conditions.","Covenant-контракты в OPTN Wallet — это смарт-контракты, которые устанавливают правила расходования цифровых активов. Каждый контракт блокирует средства в UTXO, которые можно потратить только при выполнении заданных условий.","translated"
"contract.msvault","MSVault (Multi-Signature Vault)","MSVault (мультиподписное хранилище)","stable-term"
"contract.msvaultDesc","MSVault creates a secure shared or long-term vault requiring multiple signatures and a password. It enforces a minimum balance and time lock.","MSVault создаёт общее или долгосрочное хранилище, требующее нескольких подписей и пароля. Он устанавливает минимальный баланс и блокировку по времени.","translated"
"contract.msvaultSpending","Spending Requirements: Provide a valid signature and password-verified data signature while maintaining at least 4000 satoshis, or use a valid signature after the time lock expires.","Условия расходования: действительная подпись и подтверждённая паролем подпись данных при сохранении не менее 4000 satoshis либо действительная подпись после окончания блокировки по времени.","translated"
"contract.msvaultUseCase","Use Case: Suitable for shared ownership or long-term storage with strict access controls.","Применение: подходит для совместного владения или долгосрочного хранения со строгим контролем доступа.","translated"
"contract.multipleArbiters","Multiple Arbiters: Two arbiters can authorize release of funds.","Несколько арбитров: два арбитра могут разрешить выпуск средств.","translated"
"contract.multiSignature","Multi-Signature: Requires signatures from multiple authorized parties.","Мультиподпись: нужны подписи нескольких уполномоченных сторон.","translated"
"contract.p2pkh","P2PKH (Pay-to-Public-Key-Hash)","P2PKH (Pay-to-Public-Key-Hash)","stable-term"
"contract.p2pkhDesc","P2PKH is a standard Bitcoin script that protects UTXOs by requiring a signature from the owner of a specified public-key hash.","P2PKH — стандартный Bitcoin-скрипт, защищающий UTXO требованием подписи владельца указанного хеша открытого ключа.","translated"
"contract.p2pkhSecurity","Security: A proven and reliable method for protecting digital assets.","Безопасность: проверенный и надёжный способ защиты цифровых активов.","translated"
"contract.p2pkhSpending","Spending Requirements: Provide a valid signature matching the public-key hash in the contract.","Условия расходования: действительная подпись, соответствующая хешу открытого ключа в контракте.","translated"
"contract.passwordProtection","Password Protection: Encrypts your private key with a user-defined password.","Защита паролем: шифрует закрытый ключ паролем, заданным пользователем.","translated"
"contract.simplicity","Simplicity: Easy to use and compatible with most Bitcoin wallets.","Простота: легко использовать, совместим с большинством Bitcoin-кошельков.","translated"
"contract.timeControl","Time-Based Control: Sets a deadline for the recipient to claim funds.","Контроль времени: задаёт срок, до которого получатель может получить средства.","translated"
"contract.transfer","TransferWithTimeout","TransferWithTimeout","stable-term"
"contract.transferDesc","TransferWithTimeout enables conditional transfers with a deadline. The recipient can claim funds before the timeout; the sender can reclaim them afterward.","TransferWithTimeout поддерживает условные переводы с крайним сроком. Получатель может получить средства до срока, а после него отправитель может вернуть их.","translated"
"contract.transferSpending","Spending Requirements: The recipient signs before the timeout; afterward, the sender can reclaim funds with a valid signature.","Условия расходования: получатель подписывает до срока; после него отправитель может вернуть средства действительной подписью.","translated"
"contract.transferUseCase","Use Cases: Useful for subscriptions, conditional payments, or escrow-like scenarios.","Применение: полезно для подписок, условных платежей и сценариев, похожих на escrow.","translated"
"contractPopup.back","Back","Назад","translated"
"contractPopup.chooseFunction","Select a function","Выберите функцию","translated"
"contractPopup.enterData","Please enter data to generate the message.","Введите данные для создания сообщения.","translated"
"contractPopup.enterMessage","Enter message for {name}","Введите сообщение для {name}","translated"
"contractPopup.enterValue","Enter {name}","Введите {name}","translated"
"contractPopup.fetchFailed","Failed to fetch keys.","Не удалось получить ключи.","translated"
"contractPopup.generated","Message generated successfully!","Сообщение создано.","translated"
"contractPopup.generateMessage","Generate Message","Создать сообщение","translated"
"contractPopup.generationFailed","Failed to generate message.","Не удалось создать сообщение.","translated"
"contractPopup.invalidFormat","Invalid {type} format. Please scan a valid QR code.","Недействительный формат {type}. Отсканируйте действительный QR.","translated"
"contractPopup.message","Message","Сообщение","stable-term"
"contractPopup.messageForCheck","message for checkdatasig","сообщение для checkdatasig","translated"
"contractPopup.noKeys","No keys found for address: {address}","Ключи для адреса не найдены: {address}","translated"
"contractPopup.noQr","No QR code detected. Please try again.","QR-код не обнаружен. Повторите попытку.","translated"
"contractPopup.scanFor","Scan QR Code for {name}","Сканировать QR для {name}","translated"
"contractPopup.select","Select","Выбрать","translated"
"contractPopup.selectAddress","Select Address","Выбрать адрес","translated"
"contractPopup.selected","Selected {type}","Выбрано: {type}","translated"
"contractPopup.title","Select a Function","Выберите функцию","translated"
"contractView.address","Address","Адрес","translated"
"contractView.addressCopied","Address copied to clipboard!","Адрес скопирован в буфер обмена!","translated"
"contractView.argumentTypeInfo","Argument type info","Сведения о типе аргумента","translated"
"contractView.back","Back","Назад","translated"
"contractView.balance","Balance","Баланс","translated"
"contractView.blockHeight","Current Block Height","Текущая высота блока","translated"
"contractView.blockHeightInfo","Blocks increment on an average interval of 10 minutes.","Блоки добавляются в среднем каждые 10 минут.","translated"
"contractView.constructorArgs","Constructor Arguments","Аргументы конструктора","translated"
"contractView.copyFailed","Failed to copy address.","Не удалось скопировать адрес.","translated"
"contractView.create","Create Contract","Создать контракт","translated"
"contractView.created","Contract created successfully!","Контракт успешно создан!","translated"
"contractView.createFailed","Failed to create contract: {message}","Не удалось создать контракт: {message}","translated"
"contractView.createStep","3. Create the contract","3. Создайте контракт","translated"
"contractView.datasigInfo","Data signature info","Сведения о подписи данных","translated"
"contractView.delete","Delete","Удалить","translated"
"contractView.deleted","Contract deleted successfully!","Контракт успешно удалён!","translated"
"contractView.deleteFailed","Failed to delete contract.","Не удалось удалить контракт.","translated"
"contractView.deleteFailedFallback","Failed to delete contract.","Не удалось удалить контракт.","translated"
"contractView.enterMessage","Enter message for {name}","Введите сообщение для {name}","translated"
"contractView.enterType","Enter a value matching type: {type}.","Введите значение типа {type}.","translated"
"contractView.error","Error","Ошибка","translated"
"contractView.errorPrefix","Error: {message}","Ошибка: {message}","translated"
"contractView.fillInputs","2. Fill constructor inputs","2. Заполните входы конструктора","translated"
"contractView.fillRequired","Fill in each required value before creating the contract.","Заполните все обязательные значения перед созданием контракта.","translated"
"contractView.hashInfo","20-byte hash (hex) of an address/public key. Use “Select Address”.","20-байтный хеш адреса или открытого ключа (hex). Используйте «Выбрать адрес».","translated"
"contractView.howWorks","How this works","Как это работает","translated"
"contractView.instantiated","Instantiated Contracts","Созданные экземпляры контрактов","translated"
"contractView.loadContractsFailed","Failed to load available contracts.","Не удалось загрузить доступные контракты.","translated"
"contractView.loadDetailsFailed","Failed to load contract details.","Не удалось загрузить сведения о контракте.","translated"
"contractView.loadInstancesFailed","Failed to load contract instances.","Не удалось загрузить экземпляры контрактов.","translated"
"contractView.noInputs","This contract template has no constructor inputs.","В этом шаблоне контракта нет входов конструктора.","translated"
"contractView.noInstances","No contract instances yet.","Экземпляров контрактов пока нет.","translated"
"contractView.noQr","No QR code detected. Please try again.","QR-код не обнаружен. Повторите попытку.","translated"
"contractView.pickTemplate","1. Pick a template","1. Выберите шаблон","translated"
"contractView.privateKeyUnavailable","Private key unavailable for this address.","Закрытый ключ для этого адреса недоступен.","translated"
"contractView.publicKeyInfo","Public key in hex. Use “Select Address” to fill automatically.","Открытый ключ в шестнадцатеричном виде. Используйте «Выбрать адрес» для автоматического заполнения.","translated"
"contractView.scanQr","Scan QR Code for {name}","Сканировать QR-код для {name}","translated"
"contractView.selectAddress","Select Address","Выбрать адрес","translated"
"contractView.selectContract","Select a contract","Выберите контракт","translated"
"contractView.selectData","Please select an address and enter data to sign.","Выберите адрес и введите данные для подписи.","translated"
"contractView.selected","Selected {type}","Выбрано: {type}","translated"
"contractView.signature","Signature","Подпись","stable-term"
"contractView.signatureFailed","Failed to generate signature.","Не удалось создать подпись.","translated"
"contractView.signatureGenerated","Signature generated successfully!","Подпись успешно создана!","translated"
"contractView.signingAddress","Signing address","Адрес подписи","translated"
"contractView.signMessage","Sign Message","Подписать сообщение","translated"
"contractView.title","Contracts","Контракты","translated"
"contractView.tokenAddress","Token address","Адрес токена","translated"
"contractView.unavailable","Unavailable","Недоступно","translated"
"contractView.unknownError","Unknown error","Неизвестная ошибка","translated"
"contractView.update","Update","Обновить","translated"
"contractView.updated","Contract updated successfully!","Контракт успешно обновлён!","translated"
"contractView.updateFailed","Failed to update contract.","Не удалось обновить контракт.","translated"
"contractView.updateFailedFallback","Failed to update contract.","Не удалось обновить контракт.","translated"
"derivation.accountIndex","Account index","Индекс аккаунта","translated"
"derivation.addressDerivation","Address derivation","Деривация адреса","translated"
"derivation.addressDerivationDescription","BIP44 account path used to derive this wallet.","Путь аккаунта BIP44, используемый для создания этого кошелька.","translated"
"derivation.bip44AccountIndex","BIP44 account index","Индекс аккаунта BIP44","translated"
"derivation.bip44CoinType","BIP44 coin type","Тип coin BIP44","translated"
"derivation.branchDescription","Hardened markers are fixed. Receive and change addresses are derived automatically from the /0/index and /1/index branches.","Маркеры hardened фиксированы. Адреса получения и сдачи автоматически выводятся из ветвей /0/index и /1/index.","translated"
"derivation.coinType","Coin type","Тип coin","translated"
"derivation.customize","Customize","Настроить","translated"
"derivation.invalidActive","The active derivation path is invalid.","Активный путь деривации недействителен.","translated"
"derivation.invalidValues","Invalid BIP44 path values.","Недействительные значения пути BIP44.","translated"
"derivation.networkDefault","Network default: {value}","Сетевое значение по умолчанию: {value}","translated"
"derivation.pathDescription","The fixed BIP44 account path used by this wallet.","Фиксированный путь аккаунта BIP44, используемый этим кошельком.","translated"
"derivation.pathPreview","Path preview","Предпросмотр пути","translated"
"derivation.range","Enter whole numbers from 0 to {max}.","Введите целые числа от 0 до {max}.","translated"
"derivation.required","{field} is required.","{field} обязателен.","translated"
"derivation.usuallyZero","Usually 0","Обычно 0","translated"
"derivation.walletNetwork","Wallet network","Сеть кошелька","translated"
"derivation.walletNetworkDescription","Choose whether this wallet connects to live funds on Mainnet or test funds on Chipnet.","Выберите реальные средства в Mainnet или тестовые средства в Chipnet.","translated"
"desktopMenu.about","About OPTN Wallet","Об OPTN Wallet","translated"
"desktopMenu.cannotExport","This wallet cannot be exported.","Этот кошелёк нельзя экспортировать.","translated"
"desktopMenu.exported","Wallet exported.","Кошелёк экспортирован.","translated"
"desktopMenu.exportFailed","Could not export the wallet.","Не удалось экспортировать кошелёк.","translated"
"desktopMenu.exportWallet","Export Wallet…","Экспортировать кошелёк…","translated"
"desktopMenu.file","File","Файл","translated"
"desktopMenu.help","Help","Помощь","translated"
"desktopMenu.history","Transaction History","История транзакций","translated"
"desktopMenu.importNewWallet","Import New Wallet","Импортировать новый кошелёк","translated"
"desktopMenu.invalidWalletFile","That is not a valid OPTN wallet file.","Это недопустимый файл кошелька OPTN.","translated"
"desktopMenu.lockWallet","Lock Wallet","Заблокировать кошелёк","translated"
"desktopMenu.noSavedWallets","No saved wallets","Нет сохранённых кошельков","translated"
"desktopMenu.openWallet","Open Wallet","Открыть кошелёк","translated"
"desktopMenu.openWalletFile","Open Wallet File…","Открыть файл кошелька…","translated"
"desktopMenu.quit","Quit","Выйти","translated"
"desktopMenu.receive","Receive","Получить","translated"
"desktopMenu.refreshWallet","Refresh Wallet","Обновить кошелёк","translated"
"desktopMenu.send","Send","Отправить","translated"
"desktopMenu.settings","Settings","Настройки","translated"
"desktopMenu.toggleTheme","Toggle Theme","Сменить тему","translated"
"desktopMenu.view","View","Вид","translated"
"desktopMenu.wallet","Wallet","Кошелёк","translated"
"desktopSecurity.authenticating","Authenticating…","Аутентификация…","translated"
"desktopSecurity.biometricFailed","Biometric unlock failed. Use your password.","Не удалось разблокировать биометрией. Используйте пароль.","translated"
"desktopSecurity.confirmPassword","Confirm password","Подтвердите пароль","translated"
"desktopSecurity.continue","Continue","Продолжить","translated"
"desktopSecurity.enterPassword","Enter your password to unlock.","Введите пароль для разблокировки.","translated"
"desktopSecurity.forgotPassword","Forgot your password? Remove the wallet and re-import your seed phrase.","Забыли пароль? Удалите кошелёк и повторно импортируйте фразу восстановления.","translated"
"desktopSecurity.incorrect","Incorrect passphrase. Please try again.","Неверный пароль. Повторите попытку.","translated"
"desktopSecurity.loading","Loading wallet…","Загрузка кошелька…","translated"
"desktopSecurity.mismatch","Passphrases do not match.","Пароли не совпадают.","translated"
"desktopSecurity.password","Password","Пароль","translated"
"desktopSecurity.passwordNeverStored","Your password is never stored — it derives your encryption key locally.","Пароль не сохраняется — ключ шифрования выводится локально.","translated"
"desktopSecurity.passwordPlaceholder","Password (or leave blank)","Пароль (или оставьте пустым)","translated"
"desktopSecurity.saveFailed","Failed to save passphrase. Please try again.","Не удалось сохранить пароль. Повторите попытку.","translated"
"desktopSecurity.secureWallet","Secure your wallet","Защитите кошелёк","translated"
"desktopSecurity.securing","Securing…","Защита…","translated"
"desktopSecurity.setupDescription","Set a password to encrypt your wallet. You'll need it every time you open the app. Leave blank to use OS-account protection only.","Задайте пароль для шифрования кошелька. Он понадобится при каждом открытии приложения. Оставьте поле пустым, чтобы использовать только защиту учётной записи ОС.","translated"
"desktopSecurity.unlock","Unlock","Разблокировать","translated"
"desktopSecurity.unlockFailed","Unlock failed. Please try again.","Не удалось разблокировать. Повторите попытку.","translated"
"desktopSecurity.unlocking","Unlocking…","Разблокировка…","translated"
"desktopSecurity.useBiometric","Use {label}","Использовать {label}","translated"
"desktopSecurity.walletLocked","Wallet locked","Кошелёк заблокирован","translated"
"desktopWallet.addAnother","Add another wallet","Добавить кошелёк","translated"
"desktopWallet.alreadyOpen","That wallet is already open in another window.","Этот кошелёк уже открыт в другом окне.","translated"
"desktopWallet.backToWallets","Back to wallets","Назад к кошелькам","translated"
"desktopWallet.biometricFailed","Biometric unlock failed: {message}","Не удалось разблокировать биометрией: {message}","translated"
"desktopWallet.biometricUnlock","Biometric unlock","Биометрическая разблокировка","translated"
"desktopWallet.cancel","Cancel","Отмена","translated"
"desktopWallet.delete","Delete","Удалить","translated"
"desktopWallet.deleteConfirm","Delete “{name}” ({network}, #{id})? Its saved .optn file is kept, so you can re-import it later.","Удалить «{name}» ({network}, №{id})? Сохранённый файл .optn останется, и его можно будет импортировать снова.","translated"
"desktopWallet.deleteLabel","Delete {name}","Удалить {name}","translated"
"desktopWallet.deleting","Deleting…","Удаление…","translated"
"desktopWallet.device","Device","Устройство","translated"
"desktopWallet.filePasswordDescription","Enter this wallet file's password.","Введите пароль файла кошелька.","translated"
"desktopWallet.hardwareDescription","It will be used automatically to sign sends from software wallets while connected. Standalone hardware-only wallets with their own receive addresses are not supported yet.","При подключении он будет автоматически подписывать отправку из программных кошельков. Отдельные аппаратные кошельки со своими адресами получения пока не поддерживаются.","translated"
"desktopWallet.hardwareTitle","Connect Hardware Wallet","Подключить аппаратный кошелёк","translated"
"desktopWallet.importFailed","Could not import this wallet file.","Не удалось импортировать файл кошелька.","translated"
"desktopWallet.incorrectFilePassword","Incorrect password for this wallet file.","Неверный пароль для файла кошелька.","translated"
"desktopWallet.open","Open","Открыть","translated"
"desktopWallet.openButton","Open","Открыть","translated"
"desktopWallet.openFailed","Could not open this wallet. Please try again.","Не удалось открыть кошелёк. Повторите попытку.","translated"
"desktopWallet.openFile","Open “{name}”","Открыть «{name}»","translated"
"desktopWallet.opening","Opening…","Открытие…","translated"
"desktopWallet.password","Password","Пароль","translated"
"desktopWallet.unlock","Unlock","Разблокировать","translated"
"desktopWallet.unlocking","Unlocking…","Разблокировка…","translated"
"desktopWallet.useBiometric","Use {label}","Использовать {label}","translated"
"desktopWallet.walletNumber","Wallet #{id}","Кошелёк №{id}","stable-term"
"desktopWallet.yourWallets","Your wallets","Ваши кошельки","translated"
"error.somethingWrong","Something went wrong.","Что-то пошло не так.","translated"
"experimental.cashFusionDescription","CashFusion is a non-custodial privacy protocol that combines your UTXOs with those of other users in a way that breaks transaction history linkage. Connect to a CashFusion server to participate. Your funds are never at risk — the protocol is trustless.","CashFusion — некастодиальный протокол конфиденциальности, который объединяет ваши UTXO с UTXO других пользователей и разрывает связи истории транзакций. Подключитесь к серверу CashFusion для участия. Средства не подвергаются риску: протокол не требует доверия.","translated"
"experimental.cashFusionWarning","Requires an active CashFusion server connection. Coming soon — toggle currently reserved.","Требуется активное подключение к серверу CashFusion. Скоро; переключатель пока зарезервирован.","translated"
"experimental.description","These features are under active development. Enable them to test new capabilities — they may change or be incomplete in future updates.","Эти функции активно разрабатываются. Включите их для проверки новых возможностей; в будущих обновлениях они могут измениться или остаться незавершёнными.","translated"
"experimental.disable","Disable","Отключить","translated"
"experimental.enable","Enable","Включить","translated"
"experimental.features","Experimental Features","Экспериментальные функции","translated"
"experimental.privacy","Privacy","Конфиденциальность","translated"
"experimental.quantumDescription","Quantumroot vaults protect funds with a quantum-resistant Schnorr LM-OTS scheme. Enabled by default. Turn off to hide Quantumroot from the wallet if you don't use it.","Хранилища Quantumroot защищают средства квантово-устойчивой схемой Schnorr LM-OTS. Включено по умолчанию. Отключите, чтобы скрыть Quantumroot, если не используете его.","translated"
"experimental.quantumSafe","Quantum-safe","Квантово-безопасный","translated"
"experimental.rpaBadge","BCH RPA","BCH RPA","stable-term"
"experimental.rpaDescription","Generates a static paycode (paycode:q...) that you can share publicly. Senders derive a unique one-time address for each payment via ECDH — no notification transaction, no chain bloat. Received stealth funds appear separately as 'Stealth BCH'. Scanning requires a Fulcrum-RPA capable server.","Создаёт статический Paycode (paycode:q...), которым можно делиться публично. Отправители выводят уникальный одноразовый адрес для каждого платежа через ECDH — без транзакции уведомления и раздувания цепочки. Полученные скрытые средства отображаются отдельно как «Скрытый BCH». Для сканирования нужен сервер Fulcrum-RPA.","translated"
"experimental.rpaTitle","Reusable Payment Addresses (RPA)","Повторно используемые платёжные адреса (RPA)","translated"
"experimental.rpaWarning","Sending to paycodes requires signature grinding (not yet implemented). Receiving and scanning are available.","Отправка на Paycode требует signature grinding (ещё не реализовано). Получение и сканирование доступны.","translated"
"faucet.captcha","Answer the captcha question","Ответьте на вопрос captcha","translated"
"faucet.clickLink","Click the Chipnet Faucet link","Нажмите ссылку Faucet Chipnet","translated"
"faucet.copyAddress","Copy a BCH Chipnet address","Скопируйте адрес BCH Chipnet","translated"
"faucet.getCoins","Press ""Get Coins""","Нажмите «Get Coins»","translated"
"faucet.instructions","Instructions","Инструкции","stable-term"
"faucet.name","Chipnet Faucet","Faucet Chipnet","stable-term"
"faucet.pasteAddress","Paste your address","Вставьте свой адрес","translated"
"faucet.selectNetwork","Select ""chipnet"" in the NETWORK box","Выберите «chipnet» в поле NETWORK","translated"
"faucet.tooltip","Get Chipnet BCH","Получить BCH Chipnet","translated"
"fusion.addPlaceholder","Add server — host:port (e.g. fusion.example.com:8789)","Добавить сервер — хост:порт (например fusion.example.com:8789)","translated"
"fusion.autoTry","Auto — try each until one responds","Автоматически — пробовать каждый до ответа","translated"
"fusion.busy","A fusion round is already running for this wallet.","Для этого кошелька уже выполняется раунд Fusion.","translated"
"fusion.choose","Choose how to fuse:","Выберите способ объединения:","translated"
"fusion.coinjoinAnyNetwork","Both the server path and P2P Fusion run real CoinJoins on any network. Some wallet-hardening items are still pending, but each round verifies your own outputs before signing, so it fails safely.","И серверный путь, и P2P Fusion выполняют настоящие CoinJoin в любой сети. Некоторые усиления кошелька ещё ожидаются, но каждый раунд проверяет ваши выходы до подписи и безопасно завершается при ошибке.","translated"
"fusion.coinjoinBoth","Both run a real CoinJoin.","Оба режима выполняют настоящий CoinJoin.","translated"
"fusion.componentFeeRate","Component fee rate","Ставка комиссии компонента","translated"
"fusion.componentsPlayer","Components / player","Компоненты / участник","translated"
"fusion.connectingTor","Connecting via Tor{port}.","Подключение через Tor{port}.","translated"
"fusion.cooldown","Waiting for the auto-fusion cooldown.","Ожидание паузы автоматического объединения.","translated"
"fusion.disable","Disable","Отключить","translated"
"fusion.donation","Donation","Пожертвование","translated"
"fusion.enable","Enable","Включить","translated"
"fusion.enabled","CashFusion Enabled","CashFusion включён","translated"
"fusion.enableP2p","Enable P2P Fusion","Включить P2P Fusion","translated"
"fusion.enableServer","Enable Server Fusion","Включить Fusion через сервер","translated"
"fusion.excessFeeRange","Excess fee range","Диапазон дополнительной комиссии","translated"
"fusion.experimentalPending","Experimental — still pending: {items}.","Экспериментальная функция — ещё ожидается: {items}.","translated"
"fusion.failed","Failed ✗","Ошибка ✗","translated"
"fusion.fewServers","CashFusion intentionally has few public servers — a larger anonymity set on fewer servers is better than being spread thin. Add your own or a community server above.","У CashFusion намеренно мало публичных серверов: большой набор анонимности на меньшем числе серверов лучше, чем чрезмерное распределение. Добавьте выше свой сервер или сервер сообщества.","translated"
"fusion.fused","Fused ✓ — txid {txid}","Объединено ✓ — txid {txid}","translated"
"fusion.fusing","Fusing…","Объединение…","translated"
"fusion.handshakeOk","Handshake OK ✓","Связь установлена ✓","translated"
"fusion.handshaking","Handshaking…","Установка связи…","translated"
"fusion.hide","Hide","Скрыть","translated"
"fusion.howWorks","How does it work?","Как это работает?","translated"
"fusion.mobileUnsupported","CashFusion needs a raw TCP connection, which a mobile/web browser cannot open. Available in the desktop app.","CashFusion требует необработанное TCP-соединение, которое мобильный или веб-браузер открыть не может. Доступно в приложении для компьютера.","translated"
"fusion.more","more","ещё","translated"
"fusion.noEligibleCoins","No coins are eligible to fuse right now.","Сейчас нет монет, подходящих для объединения.","translated"
"fusion.now","Fuse Now","Объединить сейчас","translated"
"fusion.nowDescription","CoinJoin via the server configured in Servers. Needs Tor + at least 2 players in a tier.","CoinJoin через сервер, настроенный в разделе «Серверы». Нужны Tor и минимум 2 участника в одном уровне.","translated"
"fusion.openWallet","Open a wallet to run a P2P round.","Откройте кошелёк, чтобы запустить раунд P2P.","translated"
"fusion.or","or","или","translated"
"fusion.p2pMode","P2P Fusion","P2P Fusion","stable-term"
"fusion.p2pModeDescription","Serverless — peers over Nostr + Tor. Auto-fuses when on. Turning this on turns Server Fusion off.","Без сервера — пиры через Nostr + Tor. При включении выполняется автоматически и отключает Fusion через сервер.","translated"
"fusion.p2pModeLabel","P2P Fusion","P2P Fusion","stable-term"
"fusion.poolTiers","Pool tiers","Уровни пула","translated"
"fusion.privacy","Privacy","Конфиденциальность","translated"
"fusion.protocolNote","Steps 1–4 run end-to-end on the server path: the wallet joins a pool, exchanges blind signatures, submits over Tor, and broadcasts the assembled CoinJoin. P2P Fusion runs the same round without a server over Nostr and Tor. Experimental wallet-hardening items are still pending, but your own outputs are verified before signing, so an invalid round fails safely.","Шаги 1–4 полностью выполняются через сервер: кошелёк входит в пул, обменивается слепыми подписями, отправляет через Tor и транслирует собранный CoinJoin. P2P Fusion выполняет тот же раунд без сервера через Nostr и Tor. Некоторые экспериментальные усиления кошелька ещё ожидаются, но ваши выходы проверяются до подписи, поэтому недействительный раунд безопасно завершается ошибкой.","translated"
"fusion.queryAuto","Query (Auto)","Запрос (автоматически)","translated"
"fusion.queryServer","Query Server","Запросить сервер","translated"
"fusion.remoteTorRequired","This is a remote server, so Tor is required — but no Tor proxy was found. Start Tor above, or the query will be refused.","Это удалённый сервер, поэтому нужен Tor, но прокси Tor не найден. Запустите Tor выше, иначе запрос будет отклонён.","translated"
"fusion.selected","● selected","● выбран","translated"
"fusion.serverMode","Fuse Now using CashFusion server","Объединить сейчас через сервер CashFusion","translated"
"fusion.serverModeDescription","Fuse via a CashFusion server. Auto-fuses when on.","Объединение через сервер CashFusion. При включении выполняется автоматически.","translated"
"fusion.serverModeLabel","Server Fusion","Fusion через сервер","translated"
"fusion.serverParameters","Server parameters (live)","Параметры сервера (текущие)","translated"
"fusion.servers","Fusion servers","Серверы Fusion","stable-term"
"fusion.step1","1. Pool joining.","1. Вход в пул.","translated"
"fusion.step1Text","Your wallet announces UTXOs it wants to fuse to the server.","Кошелёк сообщает серверу, какие UTXO он хочет объединить.","translated"
"fusion.step2","2. Blind signing.","2. Слепая подпись.","translated"
"fusion.step2Text","Participants generate blinded output addresses and exchange blind signatures — nobody learns the input-to-output mapping.","Участники создают слепые адреса выходов и обмениваются слепыми подписями — никто не узнаёт соответствие входов и выходов.","translated"
"fusion.step3","3. Covert submission.","3. Скрытая отправка.","translated"
"fusion.step3Text","Each participant submits the transaction via Tor or direct connection. The server assembles the final transaction.","Каждый участник отправляет транзакцию через Tor или напрямую. Сервер собирает итоговую транзакцию.","translated"
"fusion.step4","4. Broadcast.","4. Трансляция.","translated"
"fusion.step4Text","All participants broadcast the jointly constructed transaction.","Все участники транслируют совместно созданную транзакцию.","translated"
"fusion.summary","CashFusion combines UTXOs from many participants into a single transaction, breaking blockchain history links between inputs and outputs. It is non-custodial — your funds never leave your control.","CashFusion объединяет UTXO многих участников в одну транзакцию, разрывая связи между входами и выходами в истории блокчейна. Это некастодиальный протокол: средства остаются под вашим контролем.","translated"
"fusion.syncingCoins","Syncing wallet coins — try again in a moment.","Синхронизация монет кошелька — повторите попытку через мгновение.","translated"
"fusion.tiers","Tiers","Уровни","translated"
"fusion.torOff","Tor is off. Remote fusion queries will be refused — enable Tor above, or use a localhost server.","Tor выключен. Удалённые запросы Fusion будут отклонены — включите Tor выше или используйте сервер localhost.","translated"
"hardware.active","active","активен","translated"
"hardware.advanced","Advanced (derivation path)","Расширенные (путь деривации)","translated"
"hardware.airGap","air-gap","изолированный","translated"
"hardware.beforeConnecting","Before connecting","Перед подключением","translated"
"hardware.bip44Path","BIP44 path","Путь BIP44","translated"
"hardware.comingSoon","Coming soon","Скоро","translated"
"hardware.connect","Connect {device}","Подключить {device}","translated"
"hardware.connecting","Connecting…","Подключение…","translated"
"hardware.connectionType","Connection type","Тип подключения","translated"
"hardware.description","The device holds your private keys. The wallet is the bridge. Keys never leave the hardware.","Устройство хранит ваши приватные ключи. Ключи не покидают устройство.","translated"
"hardware.disconnect","Disconnect","Отключить","translated"
"hardware.enableKeystone","Enable Keystone (QR mode)","Включить Keystone (режим QR)","translated"
"hardware.howItWorks","How it works","Как это работает","translated"
"hardware.keystoneHow","Keystone's air-gapped QR signing isn't finished yet — the app can't build or read the QR codes it would need to in this build. Support is planned but not ready for real funds.","Изолированная QR-подпись Keystone пока не готова для реальных средств.","translated"
"hardware.keystoneSubtitle","Air-gapped QR signing — not yet supported","Изолированная QR-подпись — пока не поддерживается","translated"
"hardware.ledgerStep1","USB: plug in → enter PIN → open Bitcoin Cash app","USB: подключите → введите PIN → откройте Bitcoin Cash","translated"
"hardware.ledgerStep2","Bluetooth (Nano X): enable BLE on device → open Bitcoin Cash app","Bluetooth (Nano X): включите BLE → откройте Bitcoin Cash","translated"
"hardware.ledgerStep3","The browser will show a device picker prompt","Браузер покажет окно выбора устройства","translated"
"hardware.ledgerSubtitle","USB (WebHID) or Bluetooth (Nano X)","USB (WebHID) или Bluetooth (Nano X)","translated"
"hardware.notSupported","{device} support isn't finished yet — it can't connect or sign in this build. Pick another device, or use the software wallet.","Поддержка {device} ещё не завершена. Выберите другое устройство или используйте программный кошелёк.","translated"
"hardware.onekeyStep1","Install OneKey Bridge if not already installed","При необходимости установите OneKey Bridge","translated"
"hardware.onekeyStep2","Plug in your OneKey device or pair via Bluetooth","Подключите OneKey по USB или Bluetooth","translated"
"hardware.onekeyStep3","Unlock your device with your PIN","Разблокируйте устройство с помощью PIN","translated"
"hardware.onekeyStep4","Allow the connection when requested","Разрешите подключение по запросу","translated"
"hardware.onekeySubtitle","USB or Bluetooth via OneKey Bridge","USB или Bluetooth через OneKey Bridge","translated"
"hardware.path","Path","Путь","translated"
"hardware.softwareHow","Your private keys never leave the device. The wallet builds an unsigned transaction, the device shows the details on its screen, you physically confirm, and the device sends back only the signature. Like Electron Cash's hardware wallet mode.","Кошелёк создаёт неподписанную транзакцию, устройство показывает детали, а после вашего подтверждения возвращает только подпись.","translated"
"hardware.softwareLabel","Software Wallet","Программный кошелёк","translated"
"hardware.softwareSubtitle","Encrypted keys stored on this device","Зашифрованные ключи на этом устройстве","translated"
"hardware.title","Hardware Wallet","Аппаратный кошелёк","translated"
"hardware.trezorStep1","Install Trezor Suite — it includes the Bridge daemon","Установите Trezor Suite — в него входит служба Bridge","translated"
"hardware.trezorStep2","Plug in your Trezor (USB) or pair via Bluetooth (newer models)","Подключите Trezor по USB или выполните сопряжение по Bluetooth","translated"
"hardware.trezorStep3","Unlock your device with your PIN","Разблокируйте устройство с помощью PIN","translated"
"hardware.trezorStep4","Allow the connection popup when it appears","Разрешите окно подключения при появлении","translated"
"hardware.trezorSubtitle","USB or Bluetooth via Trezor Bridge","USB или Bluetooth через Trezor Bridge","translated"
"history.awaitingConfirmation","Awaiting confirmation","Ожидание подтверждения","translated"
"history.block","Block","Блок","translated"
"history.closeDetails","Close details","Закрыть сведения","translated"
"history.confirmations","{count} confirmations","Подтверждений: {count}","stable-term"
"history.confirmed","Confirmed","Подтверждено","translated"
"history.detailsUnavailable","Transaction details are not available from Electrum right now.","Сведения о транзакции сейчас недоступны из Electrum.","translated"
"history.fee","Fee","Комиссия","translated"
"history.first","First","Первая","translated"
"history.last","Last","Последняя","translated"
"history.loadDetailsFailed","Failed to load transaction details.","Не удалось загрузить сведения о транзакции.","translated"
"history.loadingDetails","Loading transaction details…","Загрузка сведений о транзакции…","translated"
"history.newestFirst","Newest first","Сначала новые","translated"
"history.noActivity","No activity yet","Нет активности","translated"
"history.noData","No data available.","Нет данных","translated"
"history.noTransactions","No transactions available yet.","Нет транзакций","translated"
"history.oldestFirst","Oldest first","Сначала старые","translated"
"history.openExplorer","Open in explorer","Открыть в обозревателе","translated"
"history.output","Output","Выход","translated"
"history.pending","Pending","Ожидание","translated"
"history.perPage","{count} per page","{count} на странице","translated"
"history.recipients","Recipients","Получатели","translated"
"history.recorded","{count} recorded","{count} записей","translated"
"history.senders","Senders","Отправители","translated"
"history.status","Status","Статус","stable-term"
"history.sync","Sync","Синхронизировать","translated"
"history.timestamp","Timestamp","Временная метка","translated"
"history.title","Transaction History","История","translated"
"history.transaction","Transaction","Транзакция","stable-term"
"history.transactionHash","Transaction Hash","Хеш транзакции","translated"
"history.unavailable","Unavailable","Недоступна","translated"
"history.unconfirmed","Unconfirmed","Неподтверждённая","translated"
"history.unknown","Unknown","Неизвестная","translated"
"history.yourWallet","Your wallet","Ваш кошелёк","translated"
"home.block","Block","Блок","translated"
"home.confirmed","Confirmed","Подтверждено","translated"
"home.latestActivity","Latest wallet activity","Последняя активность кошелька","translated"
"home.noQrCode","No QR code detected. Try again.","QR-код не найден. Попробуйте ещё раз.","translated"
"home.noRecentActivity","No recent activity yet.","Недавней активности пока нет.","translated"
"home.pending","Pending","Ожидание","translated"
"home.pendingConfirmation","Pending confirmation","Ожидает подтверждения","translated"
"home.portfolio","Portfolio","Портфель","translated"
"home.quickActions","Quick Actions","Быстрые действия","translated"
"home.receive","Receive","Получить","translated"
"home.recentActivity","Recent Activity","Недавняя активность","translated"
"home.scanQr","Scan QR","Сканировать QR","translated"
"home.send","Send","Отправить","translated"
"home.sync","Sync","Синхронизировать","translated"
"home.syncing","Syncing…","Синхронизация…","translated"
"home.title","Home","Главная","translated"
"home.toggleBalance","Toggle BCH and USD balance","Переключить баланс BCH и USD","translated"
"home.unsupportedQr","QR scanned, but it is not a supported wallet payload.","QR отсканирован, но это неподдерживаемые данные кошелька.","translated"
"home.usdPriceUnavailable","USD price unavailable","Цена в USD недоступна","translated"
"home.usdUnavailable","USD unavailable","USD недоступен","translated"
"home.viewAll","View all","Показать всё","translated"
"home.walletOverview","Wallet overview","Обзор кошелька","translated"
"nav.actions","Actions","Действия","stable-term"
"nav.apps","Apps","Приложения","translated"
"nav.assets","Assets","Активы","translated"
"nav.home","Home","Главная","translated"
"nav.settings","Settings","Настройки","translated"
"network.chipnet","Chipnet","Chipnet","stable-term"
"network.mainnet","Mainnet","Mainnet","stable-term"
"network.switch","Switch network. Current: {network}","Сменить сеть. Текущая: {network}","translated"
"nftConfig.capability","NFT Capability","Возможность NFT","translated"
"nftConfig.commitment","NFT Commitment","Commitment NFT","translated"
"nftConfig.done","Done","Готово","translated"
"nftConfig.minting","minting","эмиссия","translated"
"nftConfig.mintingDescription","one NFT authority that can create multiple next NFTs.","одно право NFT, создающее несколько следующих NFT.","translated"
"nftConfig.mutable","mutable","изменяемый","translated"
"nftConfig.mutableDescription","one NFT that may update its commitment when spent.","один NFT, commitment которого может измениться при расходовании.","translated"
"nftConfig.none","none","нет","translated"
"nftConfig.noneDescription","one immutable NFT, best for approvals or receipts.","один неизменяемый NFT, подходящий для подтверждений или квитанций.","translated"
"nftConfig.placeholder","Up to 40 bytes","До 40 байт","translated"
"nftConfig.title","NFT Configuration","Настройка NFT","translated"
"nostr.active","{active}/{total} active","Активно: {active}/{total}","translated"
"nostr.add","Add","Добавить","translated"
"nostr.chat","Nostr chat","Чат Nostr","translated"
"nostr.checking","Checking…","Проверка…","translated"
"nostr.checkRelayStatus","Check relay status","Проверить состояние relays","translated"
"nostr.connected","connected","подключено","translated"
"nostr.deriving","Deriving…","Вывод…","translated"
"nostr.disable","Disable","Отключить","translated"
"nostr.dmDescription","End-to-end encrypted DMs using NIP-17.","Сквозные зашифрованные личные сообщения с NIP-17.","translated"
"nostr.enable","Enable","Включить","translated"
"nostr.identity","Nostr identity","Идентичность Nostr","translated"
"nostr.identityDescription","Derived from your seed via NIP-06 (a separate path) — your spending keys are never reused.","Выводится из seed через NIP-06 (отдельный путь); ключи траты не используются повторно.","translated"
"nostr.invalidRelay","Enter a secure relay URL beginning with wss://","Введите безопасный URL relay, начинающийся с wss://","translated"
"nostr.privacyWarning","Relay operators can still observe connection metadata, timing, and recipient tags. Encrypted content is not the same as network anonymity.","Операторы relay всё ещё могут видеть метаданные подключения, время и теги получателей. Шифрование содержимого не означает анонимность сети.","translated"
"nostr.relays","Relays","Ретрансляторы","stable-term"
"nostr.relaysDescription","WSS relays used for chat and the P2P-fusion transport. Add your own or use the defaults.","WSS relays для чата и транспорта P2P-Fusion. Добавьте свои или используйте стандартные.","translated"
"nostr.remove","Remove","Удалить","translated"
"nostr.unknown","unknown","неизвестно","translated"
"nostr.unreachable","unreachable","недоступно","translated"
"notifications.dismiss","Dismiss","Закрыть","translated"
"notifications.fundsReceived","Funds received","Средства получены","translated"
"notifications.fundsReceivedBody","{amount} sats to {address} • {txid}","{amount} sats на адрес {address} • {txid}","translated"
"notifications.incomingBch","Incoming BCH","Получены BCH","translated"
"notifications.incomingToken","Incoming token","Получен токен","translated"
"notifications.transactionConfirmed","Transaction confirmed","Транзакция подтверждена","translated"
"notifications.unknownAddress","unknown address","неизвестный адрес","translated"
"onboarding.back","Back","Назад","translated"
"onboarding.closeHelp","Close help","Закрыть помощь","translated"
"onboarding.confirm","Confirm","Подтвердить","translated"
"onboarding.confirmError","Those don't match your seed phrase. Check the words and try again.","Слова не совпадают с сид-фразой. Проверьте их и повторите попытку.","translated"
"onboarding.confirmInstruction","Type the requested words to prove you saved them correctly.","Введите запрошенные слова, чтобы подтвердить правильность сохранения.","translated"
"onboarding.confirmPasswordPlaceholder","Confirm password","Подтвердите пароль","translated"
"onboarding.confirmSeed","Confirm Your Seed Phrase","Подтвердить сид-фразу","translated"
"onboarding.connectHardware","Connect Hardware Wallet","Подключить аппаратный кошелёк","translated"
"onboarding.continue","Continue","Продолжить","translated"
"onboarding.createNewWallet","Create New Wallet","Создать новый кошелёк","translated"
"onboarding.createWallet","Create Wallet","Создать кошелёк","translated"
"onboarding.createWatchOnly","Create Watch-Only Wallet","Создать кошелёк только для просмотра","translated"
"onboarding.creating","Creating Wallet…","Создание…","translated"
"onboarding.creationFailed","Wallet creation failed. Please try again.","Не удалось создать кошелёк. Попробуйте ещё раз.","translated"
"onboarding.databasePreparationFailed","Could not prepare the wallet on this device.","Не удалось подготовить кошелёк на этом устройстве.","translated"
"onboarding.generatedMnemonic","Generated Mnemonic:","Созданная мнемоника:","translated"
"onboarding.generatingSeed","Generating seed phrase…","Создание сид-фразы…","translated"
"onboarding.helpCreateDescription","Use this if you want a new wallet with a fresh seed phrase on this device.","Выберите этот вариант, чтобы создать новый кошелёк с новой сид-фразой на этом устройстве.","translated"
"onboarding.helpCreateTitle","Create Wallet","Создать кошелёк","translated"
"onboarding.helpDescription","Create a wallet for the first time or restore one you already have.","Создайте новый кошелёк или восстановите существующий.","translated"
"onboarding.helpImportDescription","Use this if you already have a 12-word recovery phrase and want access to an existing wallet.","Выберите этот вариант, если у вас уже есть фраза восстановления из 12 слов и нужен доступ к существующему кошельку.","translated"
"onboarding.helpImportTitle","Import Wallet","Импортировать кошелёк","translated"
"onboarding.helpNetworkDescription","Select Mainnet for real funds or CHIPNET for test funds before you proceed.","Перед продолжением выберите Mainnet для реальных средств или CHIPNET для тестовых средств.","translated"
"onboarding.helpNetworkTitle","Choose a network","Выбрать сеть","translated"
"onboarding.helpTitle","Getting started","Начало работы","translated"
"onboarding.importFailed","Wallet import failed. Please try again.","Не удалось импортировать кошелёк. Попробуйте ещё раз.","translated"
"onboarding.importing","Importing Wallet…","Импорт…","translated"
"onboarding.importWallet","Import Wallet","Импортировать кошелёк","translated"
"onboarding.invalidMnemonic","Enter a valid English BIP39 recovery phrase with 12, 15, 18, 21, or 24 words.","Введите корректную английскую фразу восстановления BIP39 из 12, 15, 18, 21 или 24 слов.","translated"
"onboarding.missingWord","Word {number} is missing.","Отсутствует слово {number}.","translated"
"onboarding.mnemonicLoading","The recovery phrase is still loading. Please wait a moment.","Фраза восстановления всё ещё загружается. Подождите немного.","translated"
"onboarding.mnemonicWarning","Your recovery phrase is the master key to your wallet. Store it securely and never share it.","Фраза восстановления — главный ключ вашего кошелька. Храните её в безопасности и никогда не сообщайте.","translated"
"onboarding.nameRequired","Give this wallet a name.","Укажите название кошелька.","translated"
"onboarding.nameWallet","Name This Wallet","Назвать этот кошелёк","translated"
"onboarding.nameWalletDescription","Give this wallet a name and a password. Each wallet on this device has its own independent password.","Задайте кошельку имя и пароль. Каждый кошелёк на этом устройстве имеет отдельный пароль.","translated"
"onboarding.passwordMismatch","Passwords do not match.","Пароли не совпадают.","translated"
"onboarding.passwordPlaceholder","Password (or leave blank)","Пароль (можно оставить пустым)","translated"
"onboarding.poweredBy","Powered with Bitcoin Covenants for Bitcoin Cash","Работает на Bitcoin Covenants для Bitcoin Cash","translated"
"onboarding.recoveryDescription","Enter your BIP39 recovery phrase (12, 15, 18, 21, or 24 words). Each box corresponds to the word order.","Введите английскую фразу восстановления BIP39 (12, 15, 18, 21 или 24 слова). Каждое поле соответствует порядку слова.","translated"
"onboarding.recoveryPhrase","Recovery Phrase","Фраза восстановления","translated"
"onboarding.seedInstruction","Write these 12 words down in order and keep them somewhere safe. Anyone with this phrase can spend your funds — never share it or store it digitally.","Запишите эти 12 слов по порядку и храните их в безопасном месте. Любой, у кого есть эта фраза, может потратить ваши средства — никогда не сообщайте её и не храните в цифровом виде.","translated"
"onboarding.seedTitle","Your Seed Phrase","Ваша сид-фраза","translated"
"onboarding.toggleTheme","Toggle theme","Сменить тему","translated"
"onboarding.walletAlreadyAvailable","This wallet is already available on this device.","Этот кошелёк уже доступен на устройстве.","translated"
"onboarding.walletAlreadyExists","This wallet may already exist on this device.","Возможно, этот кошелёк уже существует на устройстве.","translated"
"onboarding.walletNamePlaceholder","Wallet name","Название кошелька","translated"
"onboarding.walletSavedIdFailed","Wallet was saved, but its wallet ID could not be resolved.","Кошелёк сохранён, но не удалось определить его ID.","translated"
"onboarding.walletSetup","Wallet Setup","Настройка кошелька","translated"
"onboarding.walletSetupDescription","Choose the network and address path this wallet will use.","Выберите сеть и путь адресов, которые будет использовать этот кошелёк.","translated"
"onboarding.welcomeAlt","OPTN Wallet","Кошелёк OPTN","stable-term"
"onboarding.word","Word","Слово","translated"
"onboarding.wordCountLabel","Phrase length","Длина фразы","translated"
"onboarding.wordPlaceholder","word","слово","translated"
"onboarding.words","words","слов","translated"
"onboarding.wroteItDown","I've written it down","Я записал её","translated"
"outbox.amount","Amount","Сумма","translated"
"outbox.clearPending","Clear pending lock","Очистить ожидающую блокировку","translated"
"outbox.clearPendingTitle","Clear this pending lock if the transaction was not actually sent","Очистите эту блокировку, если транзакция фактически не была отправлена","translated"
"outbox.copyTxid","Copy txid","Копировать txid","translated"
"outbox.daysAgo","{count}d ago","{count} дн назад","translated"
"outbox.description","Offline-first protection keeps new sends paused until these transactions are seen or safely released.","Офлайн-защита приостанавливает новые отправки, пока эти транзакции не будут замечены или безопасно освобождены.","translated"
"outbox.destination","Destination","Назначение","stable-term"
"outbox.dismiss","Dismiss","Закрыть","translated"
"outbox.dismissPending","Dismiss pending transactions popup","Закрыть окно ожидающих транзакций","translated"
"outbox.finalizing","Finalizing transaction","Завершение транзакции","translated"
"outbox.finalizingMultiple","Finalizing {count} transactions","Завершение транзакций: {count}","translated"
"outbox.historyUpdate","Your wallet history will update automatically. This usually takes a moment.","История кошелька обновится автоматически. Обычно это занимает мгновение.","translated"
"outbox.hoursAgo","{count}h ago","{count} ч назад","translated"
"outbox.justNow","just now","только что","translated"
"outbox.lastNetworkIssue","Last network issue","Последняя проблема сети","translated"
"outbox.minutesAgo","{count}m ago","{count} мин назад","translated"
"outbox.noPending","No pending outgoing transactions.","Нет ожидающих исходящих транзакций.","translated"
"outbox.pendingOutgoing","Pending outgoing transactions","Ожидающие исходящие транзакции","translated"
"outbox.prompt","Prompt","Запрос","translated"
"outbox.releaseSendLock","Release send lock","Освободить блокировку отправки","translated"
"outbox.releaseStale","Release if stale","Освободить устаревшую","translated"
"outbox.releaseStaleTitle","Available after {minutes} minutes if the transaction is still unresolved","Доступно через {minutes} минут, если транзакция всё ещё не решена","translated"
"outbox.requestedBy","Requested by","Запросил","translated"
"outbox.title","Outbox","Исходящие","translated"
"outbox.txid","Txid","Txid","stable-term"
"outbox.updated","Updated {age}","Обновлено {age}","translated"
"outbox.walletSend","Wallet send","Отправка из кошелька","translated"
"p2p.description","No server: peers meet on Nostr relays over Tor, deterministically elect a coordinator, and run the CoinJoin peer-to-peer. Outputs are unlinkable; you sign only your own inputs after verifying your own outputs.","Без сервера: пиры встречаются в relays Nostr через Tor, детерминированно выбирают координатора и выполняют CoinJoin между собой. Выходы невозможно связать; после проверки своих выходов вы подписываете только свои входы.","translated"
"p2p.phase.announce","Announcing & finding peers","Объявление и поиск пиров","translated"
"p2p.phase.assemble","Assembling & verifying","Сборка и проверка","translated"
"p2p.phase.broadcast","Broadcasting","Трансляция","translated"
"p2p.phase.register","Registering inputs & outputs","Регистрация входов и выходов","translated"
"p2p.phase.sign","Signing","Подписание","translated"
"p2p.requiresPeers","Requires Tor + at least 2 peers in the same tier.","Требуются Tor и как минимум 2 пира в одном уровне.","translated"
"p2p.running","Running P2P round…","Выполняется раунд P2P…","translated"
"p2p.start","Start P2P round","Начать раунд P2P","translated"
"p2p.title","P2P Fusion over Nostr","P2P Fusion через Nostr","translated"
"paper.addressConversionError","Address conversion error","Ошибка преобразования адреса","translated"
"paper.addressDerivationFailed","Unable to derive a valid paper wallet address from the scanned key.","Не удалось вывести действительный адрес бумажного кошелька из отсканированного ключа.","translated"
"paper.back","Back","Назад","translated"
"paper.bchOutputs","BCH outputs","Выходы BCH","translated"
"paper.buildFailed","Failed to build sweep transaction.","Не удалось создать транзакцию перевода.","translated"
"paper.confirmDescription","Slide to confirm the one-transaction paper wallet sweep.","Сдвиньте, чтобы подтвердить перевод бумажного кошелька одной транзакцией.","translated"
"paper.confirmTitle","Confirm sweep","Подтвердить перевод","translated"
"paper.decodingError","Decoding error","Ошибка декодирования","translated"
"paper.description","Scan a WIF paper wallet and sweep BCH + CashTokens in one transaction.","Сканируйте бумажный кошелёк WIF и переведите BCH + CashTokens одной транзакцией.","translated"
"paper.label","Paper wallet","Бумажный кошелёк","translated"
"paper.noCashTokens","No CashTokens detected.","CashToken не обнаружены.","translated"
"paper.noDestination","No destination wallet address is available.","Адрес кошелька назначения недоступен.","translated"
"paper.noQrCode","No QR code detected. Please try again.","QR-код не обнаружен. Повторите попытку.","translated"
"paper.notScanned","No paper wallet scanned yet.","Бумажный кошелёк ещё не отсканирован.","translated"
"paper.noUtxos","No UTXOs found for this paper wallet. If this is a mainnet wallet and you are on chipnet, try switching networks.","UTXO для этого бумажного кошелька не найдены. Если кошелёк mainnet открыт в chipnet, попробуйте сменить сеть.","translated"
"paper.oneTransaction","One transaction only.","Только одна транзакция.","translated"
"paper.paperInputs","Paper wallet inputs","Входы бумажного кошелька","translated"
"paper.scan","Scan","Сканировать","translated"
"paper.scanBeforeSweep","Scan a paper wallet before sweeping.","Сначала отсканируйте бумажный кошелёк.","translated"
"paper.spendableOutputPlural","spendable outputs","доступных выхода","translated"
"paper.spendableOutputSingular","spendable output","доступный выход","translated"
"paper.sweep","Sweep","Перевести","translated"
"paper.sweepBroadcast","Sweep broadcast","Перевод транслирован","translated"
"paper.title","Paper Wallet","Бумажный кошелёк","translated"
"paper.tokenBacking","Token outputs are backed with 1000 sats.","Выходы токенов обеспечены 1000 sats.","translated"
"paper.tokenGroups","Token groups","Группы токенов","translated"
"paper.tokenOutputs","Token outputs","Выходы токенов","translated"
"paper.unexpected","An unexpected error occurred.","Произошла неожиданная ошибка.","translated"
"paper.unexpectedTryAgain","An unexpected error occurred. Please try again.","Произошла неожиданная ошибка. Повторите попытку.","translated"
"paper.utxosTitle","Paper wallet UTXOs","UTXO бумажного кошелька","translated"
"paper.walletFeeInputs","Wallet fee inputs","Входы комиссии кошелька","translated"
"priceFeed.loading","Loading…","Загрузка…","translated"
"qr.animatedTransfer","Animated QR transfer","Анимированный QR-перевод","translated"
"qr.blocksRecovered","blocks recovered","восстановленных блоков","translated"
"qr.cameraActive","Camera active — point at animated QR","Камера активна — наведите на анимированный QR","translated"
"qr.cameraError","Camera unavailable","Камера недоступна","translated"
"qr.cameraUnavailable","Camera access is unavailable","Доступ к камере недоступен","translated"
"qr.cancel","Cancel","Отмена","translated"
"qr.duplicates","duplicates","дубликатов","translated"
"qr.holdSteady","Hold the phone steady and fill the frame with the QR code.","Держите телефон неподвижно и заполните кадр QR-кодом.","translated"
"qr.receivingStream","Receiving QR stream","Получение QR-потока","translated"
"qr.scan","Scan QR","Сканировать QR","translated"
"qr.scanning","Scanning…","Сканирование…","translated"
"qr.streaming","Streaming frame {frame} · {blocks} blocks · {bytes} bytes","Передача кадра {frame} · блоков: {blocks} · байт: {bytes}","translated"
"qr.unableToDecode","Unable to decode QR stream","Не удалось декодировать QR-поток","translated"
"qr.uniqueFrames","unique frames","уникальных кадров","translated"
"qr.walletUpdateProgress","Wallet update progress","Ход обновления кошелька","translated"
"qrSigning.approvedBy","Approved by {name}","Одобрено {name}","translated"
"qrSigning.approveDemo","Approve demo request","Одобрить демонстрационный запрос","translated"
"qrSigning.approveReturn","2. Approve and return","2. Одобрить и вернуться","translated"
"qrSigning.close","Close","Закрыть","translated"
"qrSigning.collectResponse","2. Collect response","2. Получить ответ","translated"
"qrSigning.fingerprint","Fingerprint","Отпечаток","translated"
"qrSigning.invalidRequest","Invalid signing request","Недействительный запрос подписи","translated"
"qrSigning.invalidResponse","Invalid signing response","Недействительный ответ подписи","translated"
"qrSigning.mismatch","Signing response does not match this request","Ответ подписи не соответствует этому запросу","translated"
"qrSigning.network","Network","Сеть","translated"
"qrSigning.payload","Payload","Полезная нагрузка","translated"
"qrSigning.placeholderWarning","This demo returns a placeholder signature and never broadcasts.","Демонстрация возвращает фиктивную подпись и никогда не транслирует транзакцию.","translated"
"qrSigning.prepareFailed","Unable to prepare mocknet fixture","Не удалось подготовить fixture mocknet","translated"
"qrSigning.preparing","Preparing mocknet fixture…","Подготовка fixture mocknet…","translated"
"qrSigning.purpose","Purpose","Назначение","translated"
"qrSigning.rejectedBy","Rejected by {name}","Отклонено {name}","translated"
"qrSigning.requestReceived","Request received","Запрос получен","translated"
"qrSigning.requestSignature","Request signature","Запросить подпись","translated"
"qrSigning.scanAnother","Scan another request","Сканировать другой запрос","translated"
"qrSigning.scanApproval","Scan approval response","Сканировать ответ об одобрении","translated"
"qrSigning.scanRequest","1. Scan request","1. Сканировать запрос","translated"
"qrSigning.showRequest","1. Show request","1. Показать запрос","translated"
"qrSigning.showRequestHelp","On the other wallet, choose “Sign request” and scan this stream.","На другом кошельке выберите «Подписать запрос» и отсканируйте этот поток.","translated"
"qrSigning.signRequest","Sign request","Подписать запрос","translated"
"qrSigning.subtitle","Exchange a partially signed transaction between two OPTN wallet screens.","Обменивайтесь частично подписанной транзакцией между двумя экранами OPTN Wallet.","translated"
"qrSigning.title","QR signing demo","Демонстрация QR-подписи","translated"
"quantumroot.activeNetwork","Quantumroot is active on this network. Use the vault workspace below to manage a normal spend lane and a quantum-safe recovery lane.","Quantumroot активен в этой сети. Используйте рабочую область ниже для управления обычным путём расходования и квантово-безопасным путём восстановления.","translated"
"quantumroot.activeWorkspace","Active workspace for the beta-production Quantumroot flow.","Активная рабочая область бета-процесса Quantumroot.","translated"
"quantumroot.back","Back","Назад","translated"
"quantumroot.betaProduction","Beta production","Бета-версия в работе","translated"
"quantumroot.betaTitle","Quantumroot Beta Production","Quantumroot в бета-версии","translated"
"quantumroot.checkingBalances","Checking balances…","Проверка балансов…","translated"
"quantumroot.close","Close","Закрыть","translated"
"quantumroot.funded","{count} funded","Пополнено: {count}","translated"
"quantumroot.fundedStatus","Funded","Пополнено","translated"
"quantumroot.guidedNow","Guided now: choose one approval key, lock it in Quantum Lock, then spend the matching coin.","С подсказками: выберите ключ подтверждения, заблокируйте его в Quantum Lock и потратьте соответствующую монету.","translated"
"quantumroot.liveNow","Live now: normal spending, balance tracking, and Quantum Lock BCH recovery.","Уже доступно: обычные расходы, отслеживание баланса и восстановление BCH через Quantum Lock.","translated"
"quantumroot.livePreview","Live preview","Предпросмотр в реальном времени","translated"
"quantumroot.mainnetAhead","Quantumroot is visible on mainnet ahead of activation. The layout stays available, but key actions remain disabled until {date}.","Quantumroot отображается в Mainnet до активации. Макет доступен, но основные действия отключены до {date}.","translated"
"quantumroot.mainnetPreview","Mainnet preview stays visible before activation.","Предпросмотр Mainnet остаётся видимым до активации.","translated"
"quantumroot.noFundsYet","No funds yet","Средств пока нет","translated"
"quantumroot.noVaults","No Quantumroot vaults derived yet. Sync vaults to provision them for existing wallet address indexes.","Производные хранилища Quantumroot ещё не созданы. Синхронизируйте хранилища, чтобы подготовить их для существующих индексов адресов кошелька.","translated"
"quantumroot.openVaults","Open Vaults","Открыть хранилища","translated"
"quantumroot.popup.action.chooseCoinLabel","Choose coin to spend","Choose coin to spend","needs-review"
"quantumroot.popup.action.chooseDescription","Choose one approval key for this vault.","Choose one approval key for this vault.","needs-review"
"quantumroot.popup.action.chooseLabel","Choose approval key","Choose approval key","needs-review"
"quantumroot.popup.action.chooseTitle","Choose an approval key","Choose an approval key","needs-review"
"quantumroot.popup.action.createDescription","Create or receive a plain NFT first, then use it as the approval key.","Create or receive a plain NFT first, then use it as the approval key.","needs-review"
"quantumroot.popup.action.createTitle","Create an approval key","Create an approval key","needs-review"
"quantumroot.popup.action.destinationDescription","Choose where the coin should go, then open the spend list.","Choose where the coin should go, then open the spend list.","needs-review"
"quantumroot.popup.action.destinationLabel","Set destination","Set destination","needs-review"
"quantumroot.popup.action.destinationTitle","Choose a destination","Choose a destination","needs-review"
"quantumroot.popup.action.disabledDescription","The spend list is ready, but spending is disabled on this network.","The spend list is ready, but spending is disabled on this network.","needs-review"
"quantumroot.popup.action.readyDescription","Tap a ready coin to spend it.","Tap a ready coin to spend it.","needs-review"
"quantumroot.popup.action.readyTitle","Ready to spend","Ready to spend","needs-review"
"quantumroot.popup.action.receiveDescription","Send the matching receive coin to the normal lane.","Send the matching receive coin to the normal lane.","needs-review"
"quantumroot.popup.action.receiveLabel","Add receive coin","Add receive coin","needs-review"
"quantumroot.popup.action.receiveTitle","Add the matching receive coin","Add the matching receive coin","needs-review"
"quantumroot.popup.action.refreshDescription","Refresh the wallet scan or choose another approval key.","Refresh the wallet scan or choose another approval key.","needs-review"
"quantumroot.popup.action.refreshLabel","Refresh vault","Refresh vault","needs-review"
"quantumroot.popup.action.refreshTitle","Refresh the vault","Refresh the vault","needs-review"
"quantumroot.popup.action.reviewLabel","Review spend","Review spend","needs-review"
"quantumroot.popup.action.sendDescription","Send the approval key to Quantum Lock.","Send the approval key to Quantum Lock.","needs-review"
"quantumroot.popup.action.sendLabel","Send approval key","Send approval key","needs-review"
"quantumroot.popup.action.sendTitle","Send the approval key","Send the approval key","needs-review"
"quantumroot.popup.addDestinationReview","Add a destination, then review spend.","Add a destination, then review spend.","needs-review"
"quantumroot.popup.addMatchingCoin","Add the matching coin to unlock spend.","Add the matching coin to unlock spend.","needs-review"
"quantumroot.popup.advanced","Advanced","Advanced","needs-review"
"quantumroot.popup.advancedRecovery","Advanced recovery","Advanced recovery","needs-review"
"quantumroot.popup.advancedRecoveryDescription","Recover regular BCH, recover Quantum Lock funds, or refresh vault status.","Recover regular BCH, recover Quantum Lock funds, or refresh vault status.","needs-review"
"quantumroot.popup.approvalKey","Approval key","Approval key","needs-review"
"quantumroot.popup.approvalKeyCapability","Approval key","Approval key","needs-review"
"quantumroot.popup.approvalKeyChanged","Approval key changed on chain","Approval key changed on chain","needs-review"
"quantumroot.popup.approvalKeyInLock","Approval key is in Quantum Lock.","Approval key is in Quantum Lock.","needs-review"
"quantumroot.popup.approvalKeyInQuantumLock","Your approval key is in Quantum Lock.","Your approval key is in Quantum Lock.","needs-review"
"quantumroot.popup.approvalKeyPicked","Approval key picked.","Approval key picked.","needs-review"
"quantumroot.popup.approvalKeySelected","Approval key selected","Approval key selected","needs-review"
"quantumroot.popup.approvalLane","Approval lane","Approval lane","needs-review"
"quantumroot.popup.approvalLaneDescription","Your approval key goes to Quantum Lock.","Your approval key goes to Quantum Lock.","needs-review"
"quantumroot.popup.available","{count} available","{count} available","needs-review"
"quantumroot.popup.availableApprovalKeys","Available approval keys","Available approval keys","needs-review"
"quantumroot.popup.bchRecoveryDescription","BCH recovery sends back to the matching standard wallet address for this vault index when available.","BCH recovery sends back to the matching standard wallet address for this vault index when available.","needs-review"
"quantumroot.popup.bchRecoveryDisabled","BCH recovery is temporarily disabled until the on-chain receive-script validation issue is resolved.","BCH recovery is temporarily disabled until the on-chain receive-script validation issue is resolved.","needs-review"
"quantumroot.popup.block.approvalPending","Send one approval key to Quantum Lock.","Send one approval key to Quantum Lock.","needs-review"
"quantumroot.popup.block.inactiveNetwork","Quantumroot spending is disabled on this network.","Quantumroot spending is disabled on this network.","needs-review"
"quantumroot.popup.block.noDestination","Choose a destination address before spending.","Choose a destination address before spending.","needs-review"
"quantumroot.popup.block.noFamily","Create or receive a plain NFT first. It becomes your approval key.","Create or receive a plain NFT first. It becomes your approval key.","needs-review"
"quantumroot.popup.block.pickFamily","Choose one plain NFT to use as the approval key.","Choose one plain NFT to use as the approval key.","needs-review"
"quantumroot.popup.block.receivePending","Send the matching receive coin to the normal lane.","Send the matching receive coin to the normal lane.","needs-review"
"quantumroot.popup.block.staleInventory","Your selected approval key is not visible right now. Refresh the vault or choose another key.","Your selected approval key is not visible right now. Refresh the vault or choose another key.","needs-review"
"quantumroot.popup.broadcastWarning","This will broadcast after confirmation.","This will broadcast after confirmation.","needs-review"
"quantumroot.popup.category","Category:","Category:","needs-review"
"quantumroot.popup.chooseApprovalKey","Choose approval key","Choose approval key","needs-review"
"quantumroot.popup.chooseApprovalKeyDescription","Quantumroot uses one plain NFT as the approval key. Advanced token tools live in CashTokens.","Quantumroot uses one plain NFT as the approval key. Advanced token tools live in CashTokens.","needs-review"
"quantumroot.popup.chooseOneApproval","Choose one approval key to continue.","Choose one approval key to continue.","needs-review"
"quantumroot.popup.commitment","Commitment:","Commitment:","needs-review"
"quantumroot.popup.completeSteps","Complete the approval key and matching receive coin steps before spending.","Complete the approval key and matching receive coin steps before spending.","needs-review"
"quantumroot.popup.confirmed","Confirmed","Confirmed","needs-review"
"quantumroot.popup.copyDestination","Copy destination","Copy destination","needs-review"
"quantumroot.popup.copyOrScanFund","Copy or scan to fund this vault.","Copy or scan to fund this vault.","needs-review"
"quantumroot.popup.copyQuantumLock","Copy Quantum Lock","Copy Quantum Lock","needs-review"
"quantumroot.popup.copyReceiveAddress","Copy receive address","Copy receive address","needs-review"
"quantumroot.popup.copyRecoveryAddress","Copy recovery address","Copy recovery address","needs-review"
"quantumroot.popup.createOrReceive","Create or receive a plain NFT first, then it will appear here as an approval key you can choose.","Create or receive a plain NFT first, then it will appear here as an approval key you can choose.","needs-review"
"quantumroot.popup.destination","Destination","Destination","needs-review"
"quantumroot.popup.destinationAddress","Destination address","Destination address","needs-review"
"quantumroot.popup.done","Done","Done","needs-review"
"quantumroot.popup.empty","empty","empty","needs-review"
"quantumroot.popup.found","{count} found","{count} found","needs-review"
"quantumroot.popup.fundMatchingReceive","Fund matching receive coin","Fund matching receive coin","needs-review"
"quantumroot.popup.fundMatchingReceiveDescription","Open the send screen prefilled to the vault receive address with the same approval key.","Open the send screen prefilled to the vault receive address with the same approval key.","needs-review"
"quantumroot.popup.helpShortcuts","Help and shortcuts","Help and shortcuts","needs-review"
"quantumroot.popup.inQuantumLock","{count} in Quantum Lock","{count} in Quantum Lock","needs-review"
"quantumroot.popup.inWallet","{count} in wallet","{count} in wallet","needs-review"
"quantumroot.popup.locked","{count} locked","{count} locked","needs-review"
"quantumroot.popup.mainnetDisabled","Mainnet Quantumroot uses the same UI as Chipnet, but the spend, recovery, and token-configuration actions remain disabled until activation on {date}.","Mainnet Quantumroot uses the same UI as Chipnet, but the spend, recovery, and token-configuration actions remain disabled until activation on {date}.","needs-review"
"quantumroot.popup.mintingNft","Minting NFT","Minting NFT","needs-review"
"quantumroot.popup.missing","Missing","Missing","needs-review"
"quantumroot.popup.mutableNft","Mutable NFT","Mutable NFT","needs-review"
"quantumroot.popup.needed","Needed","Needed","needs-review"
"quantumroot.popup.neededLater","Needed later","Needed later","needs-review"
"quantumroot.popup.nextStep","Next step","Next step","needs-review"
"quantumroot.popup.noApprovalKey","No approval key","No approval key","needs-review"
"quantumroot.popup.noDestination","No destination set","No destination set","needs-review"
"quantumroot.popup.noReadyCoin","No ready coin is available yet. After the approval key and the matching receive coin are present, spendable coins appear here.","No ready coin is available yet. After the approval key and the matching receive coin are present, spendable coins appear here.","needs-review"
"quantumroot.popup.normalLane","Normal vault lane","Normal vault lane","needs-review"
"quantumroot.popup.normalLaneDescription","Your BCH and matching receive coin go here.","Your BCH and matching receive coin go here.","needs-review"
"quantumroot.popup.normalLanePending","Add the matching receive coin after the approval key is in Quantum Lock.","Add the matching receive coin after the approval key is in Quantum Lock.","needs-review"
"quantumroot.popup.normalLaneReady","Your normal lane is ready.","Your normal lane is ready.","needs-review"
"quantumroot.popup.noStandardAddress","No standard wallet address available","No standard wallet address available","needs-review"
"quantumroot.popup.openCashTokens","Open CashTokens","Open CashTokens","needs-review"
"quantumroot.popup.openReceiveScreen","Open receive screen","Open receive screen","needs-review"
"quantumroot.popup.otherNft","Other NFT","Other NFT","needs-review"
"quantumroot.popup.otherNftDescription","It sits in Quantum Lock, but it is not the selected approval key. No direct withdrawal path exists yet.","It sits in Quantum Lock, but it is not the selected approval key. No direct withdrawal path exists yet.","needs-review"
"quantumroot.popup.otherNftInQuantumLock","Other NFT in Quantum Lock","Other NFT in Quantum Lock","needs-review"
"quantumroot.popup.otherNfts","{count} other NFT(s)","{count} other NFT(s)","needs-review"
"quantumroot.popup.outpoint","Outpoint","Outpoint","stable-term"
"quantumroot.popup.pending","Pending","Pending","needs-review"
"quantumroot.popup.pendingCoin","Pending coin","Pending coin","needs-review"
"quantumroot.popup.pickApprovalKey","Pick one approval key.","Pick one approval key.","needs-review"
"quantumroot.popup.plainBchCoins","{count} plain BCH coin(s)","{count} plain BCH coin(s)","needs-review"
"quantumroot.popup.plainBchDescription","Use this for plain BCH coins. Protected coins stay in the lanes above.","Use this for plain BCH coins. Protected coins stay in the lanes above.","needs-review"
"quantumroot.popup.previewOnly","Preview only on mainnet until activation.","Preview only on mainnet until activation.","needs-review"
"quantumroot.popup.protectedReceiveCount","Coins already handled by Protected spend: {count}","Coins already handled by Protected spend: {count}","needs-review"
"quantumroot.popup.protectedSpend","Protected spend","Protected spend","needs-review"
"quantumroot.popup.protectedSpendDescription","When the approval key and matching receive coin are present, spending opens here.","When the approval key and matching receive coin are present, spending opens here.","needs-review"
"quantumroot.popup.quantumLock","Quantum Lock","Quantum Lock","stable-term"
"quantumroot.popup.quantumLockBch","Quantum Lock BCH","Quantum Lock BCH","needs-review"
"quantumroot.popup.quantumLockRecovery","Quantum Lock recovery","Quantum Lock recovery","needs-review"
"quantumroot.popup.quantumLockRecoveryCount","Quantum Lock recovery coins: {count}","Quantum Lock recovery coins: {count}","needs-review"
"quantumroot.popup.quantumrootOpens","Quantumroot opens once the approval key sits in Quantum Lock and the matching receive coin sits in the normal lane.","Quantumroot opens once the approval key sits in Quantum Lock and the matching receive coin sits in the normal lane.","needs-review"
"quantumroot.popup.ready","Ready","Ready","needs-review"
"quantumroot.popup.readyCoin","Ready coin","Ready coin","needs-review"
"quantumroot.popup.readyCoinAvailable","Ready coin available.","Ready coin available.","needs-review"
"quantumroot.popup.readyCoins","{count} ready coin(s)","{count} ready coin(s)","needs-review"
"quantumroot.popup.receiveAddress","Receive address","Receive address","needs-review"
"quantumroot.popup.receiveBch","Receive BCH","Receive BCH","needs-review"
"quantumroot.popup.recover","Recover","Recover","needs-review"
"quantumroot.popup.recoverableBchCoins","Recoverable BCH coins","Recoverable BCH coins","needs-review"
"quantumroot.popup.recoverableBchCount","Recoverable BCH coins: {count}","Recoverable BCH coins: {count}","needs-review"
"quantumroot.popup.recovering","Recovering…","Recovering…","needs-review"
"quantumroot.popup.recoverRegularBch","Recover regular BCH","Recover regular BCH","needs-review"
"quantumroot.popup.refresh","Refresh","Refresh","needs-review"
"quantumroot.popup.refreshChooseAnother","Refresh the vault or choose another approval key.","Refresh the vault or choose another approval key.","needs-review"
"quantumroot.popup.refreshVault","Refresh vault","Refresh vault","needs-review"
"quantumroot.popup.refreshVaultStatus","Refresh vault status","Refresh vault status","needs-review"
"quantumroot.popup.reviewDestination","Review the destination before broadcasting.","Review the destination before broadcasting.","needs-review"
"quantumroot.popup.reviewSpend","Review spend","Review spend","needs-review"
"quantumroot.popup.reviewSpendSubtitle","Check the destination, approval key, and ready coin before you broadcast.","Check the destination, approval key, and ready coin before you broadcast.","needs-review"
"quantumroot.popup.reviewSpendTitle","Review spend","Review spend","needs-review"
"quantumroot.popup.saveApprovalKey","Save approval key","Save approval key","needs-review"
"quantumroot.popup.saving","Saving…","Saving…","needs-review"
"quantumroot.popup.selectedApprovalKey","Selected approval key","Selected approval key","needs-review"
"quantumroot.popup.selectedAsApproval","Selected as approval key","Selected as approval key","needs-review"
"quantumroot.popup.sendApprovalHere","Send the approval key here.","Send the approval key here.","needs-review"
"quantumroot.popup.sendApprovalKey","Send approval key","Send approval key","needs-review"
"quantumroot.popup.sendApprovalKeyDescription","Open the send screen prefilled to Quantum Lock with the selected approval key.","Open the send screen prefilled to Quantum Lock with the selected approval key.","needs-review"
"quantumroot.popup.sendApprovalKeyToLock","Send the approval key to Quantum Lock.","Send the approval key to Quantum Lock.","needs-review"
"quantumroot.popup.sendSelectedApprovalKey","Send the selected approval key to Quantum Lock.","Send the selected approval key to Quantum Lock.","needs-review"
"quantumroot.popup.spend","Spend","Spend","needs-review"
"quantumroot.popup.spendDestination","Spend destination","Spend destination","needs-review"
"quantumroot.popup.spending","Spending…","Spending…","needs-review"
"quantumroot.popup.sweepBch","Sweep BCH coins ({count})","Sweep BCH coins ({count})","needs-review"
"quantumroot.popup.sweeping","Sweeping…","Sweeping…","needs-review"
"quantumroot.popup.tapToOpen","Tap to open","Tap to open","needs-review"
"quantumroot.popup.unsupportedQuantumLock","Coins in Quantum Lock that belong to Protected spend are handled above; this recovery list only includes plain BCH coins.","Coins in Quantum Lock that belong to Protected spend are handled above; this recovery list only includes plain BCH coins.","needs-review"
"quantumroot.popup.unsupportedReceive","Coins with an approval key stay in Protected spend; this recovery list only includes plain BCH coins.","Coins with an approval key stay in Protected spend; this recovery list only includes plain BCH coins.","needs-review"
"quantumroot.popup.useRecoveryAddress","Use wallet recovery address","Use wallet recovery address","needs-review"
"quantumroot.popup.vaultSetup","Vault setup","Vault setup","needs-review"
"quantumroot.popup.vaultSetupDescription","Copy addresses and choose the approval key.","Copy addresses and choose the approval key.","needs-review"
"quantumroot.popup.waiting","Waiting","Waiting","needs-review"
"quantumroot.popup.walletRecoveryAddress","Wallet recovery address","Wallet recovery address","needs-review"
"quantumroot.readyToRecover","{count} ready to recover","Готово к восстановлению: {count}","translated"
"quantumroot.refreshing","Refreshing balances and UTXO status. Vaults remain available while sync completes.","Обновление балансов и состояния UTXO. Хранилища остаются доступны во время синхронизации.","translated"
"quantumroot.subtitle","Two spending lanes in one vault","Два пути расходования в одном хранилище","translated"
"quantumroot.syncingVaults","Syncing Vaults…","Синхронизация хранилищ…","translated"
"quantumroot.syncVaults","Sync Vaults","Синхронизировать хранилища","translated"
"quantumroot.toast.approvalKeyMissing","This approval key is no longer visible. Refresh the vault or choose another key.","This approval key is no longer visible. Refresh the vault or choose another key.","needs-review"
"quantumroot.toast.authorizedBroadcast","Quantumroot authorized spend broadcast: {txid}","Quantumroot authorized spend broadcast: {txid}","needs-review"
"quantumroot.toast.authorizedFailed","Quantumroot authorized spend failed: {message}","Quantumroot authorized spend failed: {message}","needs-review"
"quantumroot.toast.broadcastAuthorizedFailed","Failed to broadcast Quantumroot authorized spend.","Failed to broadcast Quantumroot authorized spend.","needs-review"
"quantumroot.toast.broadcastLockRecoveryFailed","Failed to broadcast Quantum Lock recovery.","Failed to broadcast Quantum Lock recovery.","needs-review"
"quantumroot.toast.broadcastSpendFailed","Failed to broadcast Quantumroot spend.","Failed to broadcast Quantumroot spend.","needs-review"
"quantumroot.toast.broadcastSweepFailed","Failed to broadcast Quantumroot sweep.","Failed to broadcast Quantumroot sweep.","needs-review"
"quantumroot.toast.configureFailed","Failed to configure vault: {message}","Failed to configure vault: {message}","needs-review"
"quantumroot.toast.destinationRequired","Destination address is required.","Destination address is required.","needs-review"
"quantumroot.toast.ineligibleReceiveUtxo","That receive UTXO is not eligible for authorized spend.","That receive UTXO is not eligible for authorized spend.","needs-review"
"quantumroot.toast.invalidTokenCategory","Token category must be 64 hexadecimal characters.","Token category must be 64 hexadecimal characters.","needs-review"
"quantumroot.toast.lockRecoveryBroadcast","Quantum Lock recovery broadcast: {txid}","Quantum Lock recovery broadcast: {txid}","needs-review"
"quantumroot.toast.lockRecoveryFailed","Quantum Lock recovery failed: {message}","Quantum Lock recovery failed: {message}","needs-review"
"quantumroot.toast.noBchUtxos","No BCH-only receive UTXOs available to sweep.","No BCH-only receive UTXOs available to sweep.","needs-review"
"quantumroot.toast.noControlToken","No matching Quantum Lock control token is available yet.","No matching Quantum Lock control token is available yet.","needs-review"
"quantumroot.toast.previewActive","Quantumroot mainnet preview is active until activation.","Quantumroot mainnet preview is active until activation.","needs-review"
"quantumroot.toast.reconfigured","Quantumroot vault reconfigured.","Quantumroot vault reconfigured.","needs-review"
"quantumroot.toast.spendBroadcast","Quantumroot spend broadcast: {txid}","Quantumroot spend broadcast: {txid}","needs-review"
"quantumroot.toast.spendFailed","Quantumroot spend failed: {message}","Quantumroot spend failed: {message}","needs-review"
"quantumroot.toast.sweepBroadcast","Quantumroot sweep broadcast: {txid}","Quantumroot sweep broadcast: {txid}","needs-review"
"quantumroot.toast.sweepFailed","Quantumroot sweep failed: {message}","Quantumroot sweep failed: {message}","needs-review"
"quantumroot.toast.unavailable","Quantumroot vault unavailable.","Quantumroot vault unavailable.","needs-review"
"quantumroot.trackedBalance","Tracked Balance","Отслеживаемый баланс","translated"
"quantumroot.vaultNumber","Vault #{id}","Хранилище №{id}","translated"
"quantumroot.vaults","Vaults","Хранилища","translated"
"quantumroot.workspaceRefreshFailed","Workspace Refresh Failed","Не удалось обновить рабочую область","translated"
"receive.addressesNotReady","Receive addresses not ready","Адреса получения не готовы","translated"
"receive.amountBch","Amount (BCH)","Сумма (BCH)","translated"
"receive.back","Back","Назад","translated"
"receive.bip21Active","Request details are active and the QR is now encoding the BIP21 URI.","Данные запроса активны, и QR теперь кодирует URI BIP21.","translated"
"receive.bip21Description","Encode amount, label, and message into the QR payload.","Закодируйте сумму, метку и сообщение в нагрузке QR.","translated"
"receive.bip21Help","When enabled, the QR and copied payload use a BIP21-style `bitcoincash:` URI so compatible wallets can autofill request details.","После включения QR и скопированная нагрузка используют URI в стиле BIP21 `bitcoincash:`, чтобы совместимые кошельки могли заполнить данные запроса автоматически.","translated"
"receive.bip21Title","BIP21 payment request","Платёжный запрос BIP21","translated"
"receive.cashToken","CashToken","CashToken","stable-term"
"receive.change","Change","Сдача","translated"
"receive.changeAddressCount","{count} change addresses","Адресов сдачи: {count}","translated"
"receive.clear","Clear","Очистить","translated"
"receive.close","Close","Закрыть","translated"
"receive.copied","Copied to clipboard!","Скопировано в буфер обмена!","translated"
"receive.copyBip21","Copy BIP21 URI","Копировать URI BIP21","translated"
"receive.copyFailed","Failed to copy.","Не удалось скопировать.","translated"
"receive.copyQrPayload","Copy receive QR payload","Копировать нагрузку QR получения","translated"
"receive.dismiss","Dismiss","Закрыть","translated"
"receive.dismissUnlockAlert","Dismiss unlock alert","Закрыть предупреждение о разблокировке","translated"
"receive.label","Label","Метка","translated"
"receive.main","Main","Основные","translated"
"receive.mainAddressCount","{count} main addresses","Основных адресов: {count}","translated"
"receive.message","Message","Сообщение","stable-term"
"receive.noAddressesLoaded","This wallet does not have receive addresses loaded yet.","Адреса получения этого кошелька ещё не загружены.","translated"
"receive.noBranchAddresses","No addresses found in this branch yet.","В этой ветви адреса не найдены.","translated"
"receive.noVaultFunds","No Quantumroot vault funds detected yet.","Средства хранилища Quantumroot пока не обнаружены.","translated"
"receive.openQrPreview","Open larger QR code preview","Открыть увеличенный просмотр QR","translated"
"receive.optional","Optional","Необязательно","translated"
"receive.optionalExample","Optional, e.g. 0.0105","Необязательно, например 0,0105","translated"
"receive.prepareAddresses","Prepare receive addresses","Подготовить адреса получения","translated"
"receive.prepareAddressesDescription","Prepare addresses to show your receive QR and address list.","Подготовьте адреса, чтобы показать QR и список адресов получения.","translated"
"receive.privKeyReady","Private key view unlocked","Просмотр закрытого ключа разблокирован","translated"
"receive.privKeyUnlock","Private key unlock in {count} taps","Разблокировка закрытого ключа через {count} нажатий","translated"
"receive.pubKeyTapProgress","PubKey pressed {count}/{total} times","PubKey нажата {count}/{total} раз","translated"
"receive.qrCopyDescription","Tap the QR to copy the current payload. Close to return.","Нажмите QR, чтобы скопировать текущую нагрузку. Закройте окно, чтобы вернуться.","translated"
"receive.quantumLock","Quantum Lock","Quantum Lock","stable-term"
"receive.quantumLockAddress","Quantum Lock Address","Адрес Quantum Lock","translated"
"receive.quantumrootStatus","Quantumroot Status","Состояние Quantumroot","translated"
"receive.readOnlyStatus","This view is read-only. It shows vault status and key receive data, but no spending or recovery actions.","Это представление доступно только для чтения. Здесь показаны состояние хранилища и данные получения, но нет операций траты или восстановления.","translated"
"receive.receiveAddress","Receive Address","Адрес получения","translated"
"receive.receiveBalance","Receive Balance","Баланс получения","translated"
"receive.receiveQr","Receive QR","QR получения","translated"
"receive.regular","Regular","Обычный","translated"
"receive.seeAllAddresses","See all addresses","Показать все адреса","translated"
"receive.switch","Switch","Сменить","translated"
"receive.switchAddress","Switch address","Сменить адрес","translated"
"receive.syncing","Syncing…","Синхронизация…","translated"
"receive.tapPubKey","Tap PubKey to reveal the private key view.","Нажмите PubKey, чтобы открыть просмотр закрытого ключа.","translated"
"receive.title","Receive","Получить","translated"
"receive.toggleAddressType","Toggle receive address type","Сменить тип адреса получения","translated"
"receive.unavailable","Unavailable","Недоступно","translated"
"reconfiguration.changingPath","Changing derivation path","Изменение пути деривации","translated"
"reconfiguration.clearing","Clearing old wallet data","Очистка старых данных кошелька","translated"
"reconfiguration.clearingDetail","Removing the previous address, history, and UTXO records.","Удаление прежних адресов, истории и записей UTXO.","translated"
"reconfiguration.deriving","Generating wallet addresses","Создание адресов кошелька","translated"
"reconfiguration.derivingDetail","Creating the receive and change addresses for this wallet path.","Создание адресов получения и сдачи для этого пути.","translated"
"reconfiguration.dismiss","Dismiss","Закрыть","translated"
"reconfiguration.failed","Wallet update failed","Не удалось обновить кошелёк","translated"
"reconfiguration.failedDetail","The wallet could not be reconfigured.","Не удалось перенастроить кошелёк.","translated"
"reconfiguration.keepOpen","Please keep OPTN Wallet open. Navigation is temporarily disabled while wallet data is rebuilt.","Не закрывайте OPTN Wallet. Навигация временно отключена, пока данные кошелька перестраиваются.","translated"
"reconfiguration.movingTo","Moving to {network}","Переход в {network}","translated"
"reconfiguration.preparing","Preparing wallet","Подготовка кошелька","translated"
"reconfiguration.preparingDetail","Stopping background sync and reconnecting to the selected network.","Остановка фоновой синхронизации и подключение к выбранной сети.","translated"
"reconfiguration.progress","Wallet update progress","Прогресс обновления кошелька","translated"
"reconfiguration.reloading","Reloading wallet","Перезагрузка кошелька","translated"
"reconfiguration.stepOf","Step {current} of {total}","Шаг {current} из {total}","translated"
"reconfiguration.switchingNetwork","Switching network","Смена сети","translated"
"reconfiguration.syncing","Synchronizing wallet","Синхронизация кошелька","translated"
"reconfiguration.syncingDetail","Fetching balances, UTXOs, and transaction history. This can take 15–20 seconds.","Получение балансов, UTXO и истории транзакций. Это может занять 15–20 секунд.","translated"
"reconfiguration.updating","Updating wallet","Обновление кошелька","translated"
"reconfiguration.working","Working…","Обработка…","translated"
"recovery.hide","Hide Backup Phrase","Скрыть резервную фразу","translated"
"recovery.reveal","Reveal Backup Phrase","Показать резервную фразу","translated"
"recovery.warning","Warning","Предупреждение","translated"
"recovery.warningDescription","Displaying your mnemonic backup phrase can compromise your funds. Ensure you keep it secure.","Показ мнемонической фразы может поставить средства под угрозу. Храните её в безопасности.","translated"
"rpa.confirmedPayment","confirmed stealth payment","подтверждённый скрытый платёж","translated"
"rpa.confirmedPayments","{count} confirmed stealth payment(s) found","Найдено подтверждённых скрытых платежей: {count}","translated"
"rpa.copyFailed","Copy failed.","Не удалось скопировать.","translated"
"rpa.copySuccess","Paycode copied!","Paycode скопирован!","translated"
"rpa.derivationFailed","Paycode derivation failed. Unlock your wallet and try again.","Не удалось вывести Paycode. Разблокируйте кошелёк и повторите попытку.","translated"
"rpa.derivationPaths","Derivation paths","Пути деривации","translated"
"rpa.deriving","Deriving paycode…","Вывод Paycode…","translated"
"rpa.found","found","найдено","translated"
"rpa.howWorks","How it works","Как это работает","translated"
"rpa.lastScanned","Last scanned","Последнее сканирование","translated"
"rpa.noNotification","No notification tx.","Нет транзакции уведомления.","translated"
"rpa.noNotificationText","The sender grinds their signature nonce until the input hash prefix matches your scan key — detectability is embedded in the signature itself.","Отправитель изменяет nonce подписи, пока префикс хэша входа не совпадёт с ключом сканирования; обнаруживаемость встроена в саму подпись.","translated"
"rpa.paycode","Paycode","Paycode","stable-term"
"rpa.prefixFilter","Prefix filter","Фильтр префикса","translated"
"rpa.scanDescription","Scans a Fulcrum-RPA server for transactions whose input signature prefix matches your scan key. Uses ECDH to verify each candidate and detect your stealth outputs.","Сканирует сервер Fulcrum-RPA на наличие транзакций, чей префикс подписи входа совпадает с ключом сканирования. Использует ECDH для проверки кандидатов и обнаружения скрытых выходов.","translated"
"rpa.scanKey","Scan key","Ключ сканирования","translated"
"rpa.scanning","Scanning…","Сканирование…","translated"
"rpa.serverUnsupported","This server does not support RPA scanning.","Этот сервер не поддерживает сканирование RPA.","translated"
"rpa.shareDescription","Share this paycode with senders. Each payment creates a unique stealth address — no link between payments on-chain.","Поделитесь этим Paycode с отправителями. Каждый платёж создаёт уникальный скрытый адрес, поэтому платежи не связаны в цепочке.","translated"
"rpa.spendKey","Spend key","Ключ траты","translated"
"rpa.stealthBalance","Stealth BCH","Скрытый BCH","translated"
"rpa.sync","Sync","Синхронизировать","translated"
"rpa.title","RPA Paycode","RPA Paycode","stable-term"
"rpa.walletUnavailable","Wallet not available","Кошелёк недоступен","translated"
"send.address","Address","Адрес","translated"
"send.advanced","Advanced","Расширенные","translated"
"send.advancedBuilder","Open Advanced Builder","Открыть расширенный конструктор","translated"
"send.airdrops","Airdrops","Airdrop","translated"
"send.amount","Amount","Сумма","translated"
"send.amountBch","Amount (BCH)","Сумма (BCH)","translated"
"send.amountUsd","Amount (USD)","Сумма (USD)","translated"
"send.asset","Asset","Актив","translated"
"send.assetControl","Asset control","Управление активами","translated"
"send.back","Back","Назад","translated"
"send.balance","Balance","Баланс","translated"
"send.bcmrMetadata","Parsed using BCMR metadata from the selected category.","Разобрано с помощью метаданных BCMR выбранной категории.","translated"
"send.bytes","bytes","байт","stable-term"
"send.changeAddress","Change address","Адрес сдачи","translated"
"send.clearForm","Clear form","Очистить форму","translated"
"send.confirmed","Confirmed","Подтверждено","translated"
"send.contract","Contract","Контракт","translated"
"send.contractInputs","Contract inputs","Входы контрактов","translated"
"send.copy","Copy","Копировать","translated"
"send.debug","Debug","Отладка","translated"
"send.decimals","{count} decimals","{count} знаков после запятой","translated"
"send.details","Details","Подробности","translated"
"send.enterBchForUsd","Enter a BCH amount to see the USD equivalent.","Введите сумму в BCH, чтобы увидеть эквивалент в USD.","translated"
"send.enterUsdForBch","Enter a USD amount to see the BCH equivalent.","Введите сумму в USD, чтобы увидеть эквивалент в BCH.","translated"
"send.fee","Fee","Комиссия","translated"
"send.fillMax","Fill the full spendable balance minus network fee","Заполнить весь доступный баланс за вычетом сетевой комиссии","translated"
"send.fillRequired","Fill the required fields first","Сначала заполните обязательные поля","translated"
"send.finalOutputs","Final outputs","Итоговые выходы","translated"
"send.guidedDescription","Send BCH, fungible tokens, or NFTs with one guided flow.","Отправляйте BCH, взаимозаменяемые токены или NFT в одном пошаговом процессе.","translated"
"send.height","Height","Высота","translated"
"send.hide","Hide","Скрыть","translated"
"send.inputs","Inputs","Входы","translated"
"send.inputsUsed","Inputs used","Использованные входы","translated"
"send.insufficientFunds","Not enough funds. Check your balance or reduce the amount.","Недостаточно средств. Проверьте баланс или уменьшите сумму.","translated"
"send.integer","integer","целое число","translated"
"send.invalidAddress","Invalid address—double-check for typos or try scanning a QR code.","Недействительный адрес — проверьте опечатки или отсканируйте QR.","translated"
"send.keepTxid","Keep this txid as your reference and avoid sending it again.","Сохраните этот txid для справки и не отправляйте его повторно.","translated"
"send.leaveBlankNft","Leave blank to send the first available NFT in this category.","Оставьте пустым, чтобы отправить первый доступный NFT этой категории.","translated"
"send.loading","Loading…","Загрузка…","translated"
"send.max","Max","Максимум","stable-term"
"send.networkError","Network error. Check your connection and try again.","Ошибка сети. Проверьте соединение и повторите попытку.","translated"
"send.nft","NFT","NFT","stable-term"
"send.nftCategory","NFT category","Категория NFT","translated"
"send.nftCommitment","NFT commitment","Коммитмент NFT","translated"
"send.nfts","NFTs","NFT","stable-term"
"send.noInputs","No inputs selected yet (run Review).","Входы ещё не выбраны (запустите проверку).","translated"
"send.noOutputs","No outputs yet (run Review).","Выходов ещё нет (запустите проверку).","translated"
"send.noTxBuilt","(no tx built yet)","(транзакция ещё не создана)","translated"
"send.openAirdrops","Open Airdrops","Открыть Airdrop","translated"
"send.optionalHexCommitment","Optional hex commitment…","Необязательный шестнадцатеричный коммитмент…","translated"
"send.outpoint","Outpoint","Outpoint","stable-term"
"send.outputsCreated","Outputs created","Созданные выходы","translated"
"send.pending","Pending","Ожидает","translated"
"send.quantumrootApproval","approval key to Quantum Lock","ключ подтверждения Quantum Lock","translated"
"send.quantumrootHint","Review the recipient and token category, then tap Review to build the transaction.","Проверьте получателя и категорию токена, затем нажмите «Проверить» для создания транзакции.","translated"
"send.quantumrootNftHint","If there are multiple NFT entries, choose the one that matches the approval key.","Если записей NFT несколько, выберите запись, соответствующую ключу подтверждения.","translated"
"send.quantumrootPrefilled","Prefilled to send the {label}","Заполнено для отправки {label}","translated"
"send.quantumrootReceive","matching receive coin to the vault receive address","монета получения, соответствующая адресу получения хранилища","translated"
"send.quantumrootShortcut","Quantumroot shortcut","Ярлык Quantumroot","translated"
"send.rawTransaction","Raw transaction","Необработанная транзакция","translated"
"send.recipient","Recipient","Получатель","translated"
"send.recipientAmountLoaded","Recipient and amount loaded from QR.","Получатель и сумма загружены из QR.","translated"
"send.recipientLoaded","Recipient loaded from QR.","Получатель загружен из QR.","translated"
"send.releaseToSend","Release to send","Разблокировать для отправки","translated"
"send.reset","Reset","Сбросить","translated"
"send.review","Review","Проверить","translated"
"send.reviewTitle","Review Transaction","Проверка транзакции","translated"
"send.sats","Sats","Sats","stable-term"
"send.scanQr","Scan QR","Сканировать QR","translated"
"send.selectCategory","Select category…","Выберите категорию…","translated"
"send.selectedInputs","Selected inputs","Выбранные входы","translated"
"send.send","Send","Отправить","translated"
"send.sending","Sending…","Отправка…","translated"
"send.sent","Transaction sent","Транзакция отправлена","translated"
"send.show","Show","Показать","translated"
"send.slideToConfirm","Slide to confirm","Сдвиньте для подтверждения","translated"
"send.submitted","Transaction submitted","Транзакция отправлена на обработку","translated"
"send.summary","Summary","Сводка","translated"
"send.switchToBch","Switch amount input to BCH","Вводить сумму в BCH","translated"
"send.switchToUsd","Switch amount input to USD","Вводить сумму в USD","translated"
"send.technicalDetails","Technical details","Технические детали","translated"
"send.title","Simple Send","Простая отправка","translated"
"send.to","To","Кому","translated"
"send.token","Token","Токен","stable-term"
"send.tokenAmount","Token amount","Количество токенов","translated"
"send.tokenCategory","Token category","Категория токена","translated"
"send.tokenChange","Token change","Сдача токенов","translated"
"send.tokenInputs","Token inputs","Входы токенов","translated"
"send.tokenLabel","Token","Токен","stable-term"
"send.totalBch","Total (BCH)","Итого (BCH)","stable-term"
"send.transactionSize","Transaction size","Размер транзакции","translated"
"send.transferMode","Transfer mode","Режим перевода","translated"
"send.type","Type","Тип","stable-term"
"send.unconfirmedInputs","Unconfirmed inputs","Неподтверждённые входы","translated"
"send.usdUnavailable","USD conversion is unavailable right now.","Конвертация в USD сейчас недоступна.","translated"
"send.verifyRecipient","QR scanned. Verify recipient before sending.","QR отсканирован. Проверьте получателя перед отправкой.","translated"
"send.verifySlide","Verify details and slide to send.","Проверьте детали и сдвиньте, чтобы отправить.","translated"
"send.waitingSync","Waiting for sync","Ожидание синхронизации","translated"
"send.waitPrevious","Wait for your previous outgoing transaction to sync first","Сначала дождитесь синхронизации предыдущей исходящей транзакции","translated"
"server.active","● active","● активен","translated"
"server.add","Add","Добавить","translated"
"server.addDesktopPlaceholder","Add server — Fulcrum host:50002, or a node host:8333","Добавить сервер — Fulcrum host:50002 или узел host:8333","translated"
"server.addMobilePlaceholder","Add WSS server — host:50004","Добавить WSS-сервер — host:50004","translated"
"server.addressUrlPlaceholder","Address URL, e.g. https://example.com/address/{address}","URL адреса, например https://example.com/address/{address}","translated"
"server.auto","Auto","Авто","translated"
"server.autoBackend","Auto — server pool, with failover","Автоматически — пул серверов с переключением","translated"
"server.automatic","Automatic","Автоматически","translated"
"server.backend","Backend","Бэкенд","stable-term"
"server.blockExplorer","Block explorer","Обозреватель блоков","translated"
"server.connect","Connect","Подключить","translated"
"server.connected","Connected.","Подключено.","translated"
"server.connectedServer","Connected server","Подключённый сервер","translated"
"server.connecting","Connecting…","Подключение…","translated"
"server.connectionFailed","Connection failed","Ошибка подключения","translated"
"server.connectTitle","Connect to this server","Подключиться к этому серверу","translated"
"server.custom","Custom…","Пользовательский…","translated"
"server.customFee","Custom","Пользовательская","translated"
"server.defaultPortHint","Default port: 50004 (WSS). Use wss:// prefix to force WSS, or ws:// for unencrypted.","Порт по умолчанию: 50004 (WSS). Используйте префикс wss:// для WSS или ws:// для незашифрованного соединения.","translated"
"server.explorerDescription","Used for “open in explorer” links on transactions.","Используется для ссылок «открыть в обозревателе» у транзакций.","translated"
"server.feeDescription","Fee rate for new transactions. Automatic uses the network minimum (~1 sat/byte, Electron Cash default).","Ставка для новых транзакций. Авто использует минимум сети (~1 sat/byte, значение Electron Cash по умолчанию).","translated"
"server.feeUnit","sat/byte — applies to your next transaction","sat/byte — для следующей транзакции","translated"
"server.invalidHost","Enter a valid host:port (e.g. 192.168.0.129:50002).","Введите корректный host:port (например, 192.168.0.129:50002).","translated"
"server.manual","Manual","Вручную","stable-term"
"server.node","Node","Узел","stable-term"
"server.notConnected","Not connected","Не подключено","translated"
"server.onlyBackend","Only this backend is used — pinning a node means Electrum servers aren't consulted.","Используется только этот бэкенд — при фиксации узла серверы Electrum не запрашиваются.","translated"
"server.placeholderHelp","Use {txid} and {address} as placeholders.","Используйте {txid} и {address} как заполнители.","translated"
"server.pool","{network} server pool","Пул серверов {network}","translated"
"server.rawNodeMobileError","Raw BCH node connections are only available on desktop. Add an Electrum/Fulcrum WSS server instead.","Прямые подключения к BCH-узлам доступны только на компьютере. Добавьте сервер Electrum/Fulcrum WSS.","translated"
"server.remove","Remove","Удалить","translated"
"server.saveCustom","Save custom explorer","Сохранить пользовательский обозреватель","translated"
"server.server","Server","Сервер","translated"
"server.serverInputPlaceholder","host, host:50004, or wss://host:50004","host, host:50004 или wss://host:50004","translated"
"server.transactionFee","Transaction fee","Комиссия транзакции","translated"
"server.trustless","trustless","без доверия","translated"
"server.txUrlPlaceholder","Tx URL, e.g. https://example.com/tx/{txid}","URL транзакции, например https://example.com/tx/{txid}","translated"
"server.useAuto","Use Auto","Использовать авто","translated"
"settings.about","About OPTN","Об OPTN","translated"
"settings.aboutSupport","About & support","О приложении и поддержка","translated"
"settings.aboutSupportDescription","Help, contact, terms, and app information","Помощь, контакты, условия и сведения о приложении","translated"
"settings.connectionsFeatures","Connections & features","Подключения и функции","translated"
"settings.connectionsFeaturesDescription","Servers, integrations, privacy features, and advanced tools","Серверы, интеграции, конфиденциальность и расширенные инструменты","translated"
"settings.contact","Contact Us","Контакты","translated"
"settings.language","Language","Язык","translated"
"settings.languageDescription","Choose the wallet interface language","Выберите язык интерфейса кошелька","translated"
"settings.network","Network","Сеть","translated"
"settings.recovery","Recovery Phrase","Фраза восстановления","translated"
"settings.terms","Terms of Use","Условия использования","translated"
"settings.walletSecurity","Wallet & security","Кошелёк и безопасность","translated"
"settings.walletSecurityDescription","Recovery, derivation path, app lock, and wallet controls","Восстановление, путь деривации, блокировка приложения и управление кошельком","translated"
"settingsAppLock.autoLockAfter","Auto-lock after","Автоблокировка через","translated"
"settingsAppLock.biometricDescription","Use {label} to unlock instead of typing your password.","Используйте {label}, чтобы разблокировать кошелёк без ввода пароля.","translated"
"settingsAppLock.biometricSetupFailed","Biometric setup failed: {message}","Не удалось настроить биометрию: {message}","translated"
"settingsAppLock.biometricUnlock","Biometric unlock","Биометрическая разблокировка","translated"
"settingsAppLock.cancel","Cancel","Отмена","translated"
"settingsAppLock.changePassword","Change Password","Изменить пароль","translated"
"settingsAppLock.confirm","Confirm","Подтвердить","translated"
"settingsAppLock.confirmNewPassword","Confirm new password","Подтвердите новый пароль","translated"
"settingsAppLock.currentPassword","Current password","Текущий пароль","translated"
"settingsAppLock.currentPasswordIncorrect","Current password is incorrect.","Текущий пароль неверен.","translated"
"settingsAppLock.disabled","Disabled","Отключено","translated"
"settingsAppLock.enabled","Enabled","Включено","translated"
"settingsAppLock.enabling","Enabling…","Включение…","translated"
"settingsAppLock.encryption","Encryption","Шифрование","translated"
"settingsAppLock.encryptionDescription","Your wallet is encrypted with a password-derived key (PBKDF2 · 600k iterations · AES-256-GCM). The key is never stored — it is derived in memory each time you unlock.","Ваш кошелёк зашифрован ключом, производным от пароля (PBKDF2 · 600 000 итераций · AES-256-GCM). Ключ не хранится и создаётся в памяти при каждом разблокировании.","translated"
"settingsAppLock.lockNow","Lock Now","Заблокировать сейчас","translated"
"settingsAppLock.minute","1 minute","1 минута","stable-term"
"settingsAppLock.minutes","{count} minutes","{count} минут","stable-term"
"settingsAppLock.never","Never","Никогда","translated"
"settingsAppLock.newPassword","New password","Новый пароль","translated"
"settingsAppLock.noWalletOpen","No wallet is open.","Кошелёк не открыт.","translated"
"settingsAppLock.passwordChanged","Password changed successfully.","Пароль успешно изменён.","translated"
"settingsAppLock.passwordChangeFailed","Password change failed. Please try again.","Не удалось изменить пароль. Повторите попытку.","translated"
"settingsAppLock.passwordMismatch","New passwords do not match.","Новые пароли не совпадают.","translated"
"settingsAppLock.updating","Updating…","Обновление…","translated"
"settingsDerivation.activePath","Active BIP44 account path","Активный путь аккаунта BIP44","translated"
"settingsDerivation.alreadyActive","This derivation path is already active.","Этот путь деривации уже активен.","translated"
"settingsDerivation.changeResync","Change and resync","Изменить и синхронизировать","translated"
"settingsDerivation.completed","Derivation path changed and wallet resync completed.","Путь изменён, синхронизация кошелька завершена.","translated"
"settingsDerivation.confirm","Changing the derivation path clears the current address, history, and UTXO records. The wallet will then regenerate and resync only the new path. Continue?","Изменение пути очистит текущие адреса, историю и UTXO. Кошелёк создаст и синхронизирует только новый путь. Продолжить?","translated"
"settingsDerivation.currentMode","Current mode: {mode}.","Текущий режим: {mode}.","translated"
"settingsDerivation.custom","custom","пользовательский","translated"
"settingsDerivation.description","OPTN supports one active BIP44 account path at a time. Reconfiguring it removes the old derived records and performs a fresh receive/change discovery and resync.","OPTN поддерживает один активный путь аккаунта BIP44. Перенастройка удаляет старые записи деривации и заново выполняет поиск и синхронизацию адресов получения и сдачи.","translated"
"settingsDerivation.failed","Wallet reconfiguration failed.","Не удалось перенастроить кошелёк.","translated"
"settingsDerivation.invalidPath","Invalid derivation path.","Недействительный путь деривации.","translated"
"settingsDerivation.networkDefault","network default","сеть по умолчанию","translated"
"settingsDerivation.reconfiguring","Reconfiguring…","Перенастройка…","translated"
"settingsDerivation.useDefault","Use network default","Использовать сеть по умолчанию","translated"
"settingsNetwork.active","Active","Активна","translated"
"settingsNetwork.chipnet","Chipnet","Chipnet","stable-term"
"settingsNetwork.chipnetDescription","BCH testnet for upcoming CHIPs — test funds only","Тестовая сеть BCH для будущих CHIPs — только тестовые средства","translated"
"settingsNetwork.comingSoon","Coming soon","Скоро","translated"
"settingsNetwork.description","Switching networks clears the active network records, derives the network path, and resynchronizes receive/change addresses. Custom paths are preserved across network changes.","Смена сети очищает записи активной сети, выводит путь сети и повторно синхронизирует адреса получения и сдачи. Пользовательские пути сохраняются.","translated"
"settingsNetwork.mainnet","Mainnet","Mainnet","stable-term"
"settingsNetwork.mainnetDescription","Live BCH network — real funds","Рабочая сеть BCH — реальные средства","translated"
"settingsNetwork.regtest","Regtest","Regtest","stable-term"
"settingsNetwork.reload","Reload and resync current wallet","Перезагрузить и синхронизировать кошелёк","translated"
"settingsNetwork.reloading","Reloading wallet…","Перезагрузка кошелька…","translated"
"settingsNetwork.switching","Switching…","Переключение…","translated"
"settingsNetwork.testnet3","Testnet3","Testnet3","stable-term"
"settingsNetwork.testnet4","Testnet4","Testnet4","stable-term"
"settingsPanels.addons","Addons","Дополнения","translated"
"settingsPanels.appLock","App Lock","Блокировка приложения","translated"
"settingsPanels.cashfusion","CashFusion","CashFusion","stable-term"
"settingsPanels.console","Console","Консоль","stable-term"
"settingsPanels.contract","Contract Info","Сведения о контракте","translated"
"settingsPanels.derivation","Derivation Path","Путь деривации","translated"
"settingsPanels.experimental","Experimental Features","Экспериментальные функции","translated"
"settingsPanels.faucet","Chipnet Faucet","Faucet Chipnet","stable-term"
"settingsPanels.nostr","Nostr & Chat","Nostr и чат","translated"
"settingsPanels.server","Server","Сервер","stable-term"
"settingsPanels.walletConnect","WalletConnect","WalletConnect","stable-term"
"settingsPanels.wizardConnect","WizardConnect","WizardConnect","stable-term"
"settingsRows.about","About OPTN","Об OPTN","translated"
"settingsRows.aboutDescription","Version info","Сведения о версии","translated"
"settingsRows.addons","Addons","Дополнения","translated"
"settingsRows.addonsDescription","Install and manage third-party addons","Устанавливать дополнения сторонних разработчиков","translated"
"settingsRows.appLock","App Lock","Блокировка приложения","translated"
"settingsRows.appLockDescription","Auto-lock · Change password","Автоблокировка · Изменить пароль","translated"
"settingsRows.console","Console","Консоль","stable-term"
"settingsRows.consoleDescription","App log · Electrum RPC","Журнал приложения · Electrum RPC","translated"
"settingsRows.contact","Contact Us","Связаться с нами","translated"
"settingsRows.contactDescription","Get help and support","Получить помощь и поддержку","translated"
"settingsRows.contractInfo","Contract Info","Сведения о контрактах","translated"
"settingsRows.contractInfoDescription","View contract details","Просмотреть сведения о контракте","translated"
"settingsRows.derivation","Derivation Path","Путь деривации","translated"
"settingsRows.derivationDescription","Customize and resync the active BIP44 path","Настроить и повторно синхронизировать активный путь BIP44","translated"
"settingsRows.experimental","Experimental Features","Экспериментальные функции","translated"
"settingsRows.experimentalDescription","RPA · CashFusion","RPA · CashFusion","stable-term"
"settingsRows.faucet","Chipnet Faucet","Фаусет Chipnet","stable-term"
"settingsRows.faucetDescription","Get test BCH on Chipnet","Получить тестовые BCH в Chipnet","translated"
"settingsRows.language","Language","Язык","translated"
"settingsRows.languageDescription","Choose the wallet interface language","Выбрать язык интерфейса кошелька","translated"
"settingsRows.network","Network","Сеть","translated"
"settingsRows.networkDescription","Switch between Mainnet and Chipnet","Переключаться между Mainnet и Chipnet","translated"
"settingsRows.nostr","Nostr & Chat","Nostr и чат","translated"
"settingsRows.nostrDescription","Private messages · Identity · Relay pool","Личные сообщения · Идентичность · Ретрансляторы","translated"
"settingsRows.pendingOutbox","Pending Tx Locks","Блокировки ожидающих транзакций","translated"
"settingsRows.pendingOutboxDescription","Review outgoing transaction locks","Проверить блокировки исходящих транзакций","translated"
"settingsRows.recovery","Recovery Phrase","Фраза восстановления","translated"
"settingsRows.recoveryDescription","Back up your wallet","Создать резервную копию кошелька","translated"
"settingsRows.server","Servers","Серверы","translated"
"settingsRows.serverDescription","Electrum · Block explorer · Transaction fees","Electrum · Обозреватель блоков · Комиссии транзакций","translated"
"settingsRows.terms","Terms of Use","Условия использования","translated"
"settingsRows.termsDescription","Read our terms","Прочитать наши условия","translated"
"settingsRows.walletConnect","WalletConnect","WalletConnect","stable-term"
"settingsRows.walletConnectDescription","Manage dApp connections","Управлять подключениями dApp","translated"
"settingsRows.wizardConnect","WizardConnect","WizardConnect","stable-term"
"settingsRows.wizardConnectDescription","Connect to token wizards","Подключаться к token wizard","translated"
"terms.acceptance","1. Acceptance of Terms","1. Принятие условий","translated"
"terms.acceptanceText","By accessing and using the OPTN Wallet App (“the App”), you agree to comply with and be bound by these Terms of Use. If you do not agree, please do not use the App.","Получая доступ к приложению OPTN Wallet («Приложение») и используя его, вы соглашаетесь соблюдать настоящие условия использования. Если вы не согласны, не используйте Приложение.","translated"
"terms.deviceSecurity","Ensuring the security of your device and the App.","Безопасность устройства и Приложения.","translated"
"terms.modifications","6. Modifications","6. Изменения","stable-term"
"terms.modificationsText","The developers may modify, suspend, or discontinue the App without prior notice and may update these Terms. You are responsible for reviewing them periodically.","Разработчики могут без предварительного уведомления изменять, приостанавливать или прекращать работу Приложения и обновлять эти условия. Вы должны периодически их проверять.","translated"
"terms.noLiability","4. No Liability","4. Отсутствие ответственности","translated"
"terms.noLiabilityText","The developers assume no liability for loss, damage, or unauthorized access arising from use of the App, including cryptocurrency loss, data breaches, or device malfunctions. You use the App at your own risk.","Разработчики не отвечают за потери, ущерб или несанкционированный доступ, связанные с использованием Приложения, включая потерю криптовалюты, утечки данных и неисправности устройства. Вы используете его на свой риск.","translated"
"terms.noWarranty","5. No Warranty","5. Отсутствие гарантии","translated"
"terms.noWarrantyText","The App is provided “as is” without express or implied warranties. The developers do not guarantee reliability, accuracy, completeness, error-free operation, or uninterrupted service.","Приложение предоставляется «как есть» без явных или подразумеваемых гарантий. Разработчики не гарантируют надёжность, точность, полноту, работу без ошибок или бесперебойность сервиса.","translated"
"terms.purpose","2. Purpose","2. Назначение","translated"
"terms.purposeText","The OPTN Wallet App lets users securely store, send, and receive cryptocurrency. You are responsible for the security of your private keys and assets.","OPTN Wallet позволяет безопасно хранить, отправлять и получать криптовалюту. Вы отвечаете за безопасность своих закрытых ключей и активов.","translated"
"terms.responsibilities","3. User Responsibilities","3. Обязанности пользователя","translated"
"terms.responsibilitiesIntro","The OPTN Wallet App handles real cryptocurrency. You are solely responsible for:","OPTN Wallet работает с реальной криптовалютой. Вы полностью отвечаете за:","translated"
"terms.responsibilitiesText","The development team is not responsible for loss of assets or unauthorized access resulting from failure to follow these practices.","Команда разработки не отвечает за потерю активов или несанкционированный доступ из-за несоблюдения этих правил.","translated"
"terms.safeguard","Safeguarding your private keys and recovery phrases.","Защиту закрытых ключей и фраз восстановления.","translated"
"terms.verify","Verifying transaction details before confirming any actions.","Проверку данных транзакции перед подтверждением действий.","translated"
"token.activeMinting","Active Minting","Активная эмиссия","translated"
"token.authHead","Auth Head","Голова авторизации","translated"
"token.bcmr","BCMR","BCMR","stable-term"
"token.bcmrUnavailable","BCMR metadata unavailable","Метаданные BCMR недоступны","translated"
"token.category","Category","Категория","translated"
"token.chainStatsError","Unable to load token chain statistics right now.","Не удалось загрузить статистику токена в сети.","translated"
"token.decimals","Decimals","Десятичные знаки","translated"
"token.id","Token ID","ID токена","translated"
"token.loading","Loading token data…","Загрузка данных токена…","translated"
"token.no","No","Нет","translated"
"token.symbol","Symbol","Символ","translated"
"token.totalNfts","Total NFTs","Всего NFT","translated"
"token.totalSupply","Total Supply","Общее предложение","translated"
"token.unavailable","Unavailable","Недоступно","translated"
"token.yes","Yes","Да","translated"
"tor.appRunsOwn","The app runs its own Tor — no Tor Browser needed","Приложение запускает собственный Tor — Tor Browser не нужен","translated"
"tor.autoDetect","Auto-detect (9050 / 9150)","Автоопределение (9050 / 9150)","translated"
"tor.bootstrapping","Bootstrapping Tor… {percent}%","Запуск Tor… {percent}%","translated"
"tor.check","Check Tor","Проверить Tor","translated"
"tor.checking","Checking…","Проверка…","translated"
"tor.desktopOnly","Desktop only","Только на компьютере","translated"
"tor.disable","Disable","Отключить","translated"
"tor.enable","Enable","Включить","translated"
"tor.externalOption","Or use a Tor you run yourself:","Или используйте самостоятельно запущенный Tor:","translated"
"tor.foundOnPort","Tor found on port {port} ✓","Tor найден на порту {port} ✓","translated"
"tor.integrated","Integrated Tor","Встроенный Tor","translated"
"tor.manualPort","Manual port","Порт вручную","translated"
"tor.noExternal","No external Tor found. Either press “Start integrated Tor” above (recommended), or start Tor Browser (9150) / a system Tor daemon (9050) and press “Check Tor”. Without Tor, remote CashFusion is blocked.","Внешний Tor не найден. Запустите встроенный Tor выше (рекомендуется) или Tor Browser (9150) / системный daemon Tor (9050), затем нажмите «Проверить Tor». Без Tor удалённый CashFusion заблокирован.","translated"
"tor.noProxy","No Tor proxy running ✗","Запущенный прокси Tor не найден ✗","translated"
"tor.remoteRequired","Required for remote CashFusion servers","Требуется для удалённых серверов CashFusion","translated"
"tor.runningOn","Running on port {port} ✓","Работает на порту {port} ✓","translated"
"tor.starting","Starting…","Запуск…","translated"
"tor.startIntegrated","Start integrated Tor","Запустить встроенный Tor","translated"
"tor.stop","Stop","Остановить","translated"
"tor.title","Tor","Tor","stable-term"
"tor.usingManual","Using manual port {port}","Используется порт {port}","translated"
"txDetails.bch","BCH","BCH","stable-term"
"txDetails.index","Index","Индекс","stable-term"
"txDetails.locktime","Locktime","Время блокировки","translated"
"txDetails.txid","TXID","TXID","stable-term"
"txDetails.version","Version","Версия","stable-term"
"txSummary.bch","BCH","BCH","stable-term"
"txSummary.bchInput","bch input","вход BCH","translated"
"txSummary.bytes","bytes","байт","stable-term"
"txSummary.fee","Fee","Комиссия","translated"
"txSummary.feeRate","Fee rate","Ставка комиссии","translated"
"txSummary.inputs","Inputs","Входы","translated"
"txSummary.outputs","Outputs","Выходы","translated"
"txSummary.sats","sats","sats","stable-term"
"txSummary.token","token","токен","stable-term"
"txSummary.tokenInput","token input","вход токена","translated"
"txSummary.txSize","Tx size","Размер транзакции","translated"
"utxo.amount","Amount","Сумма","translated"
"utxo.bitcoinCash","Bitcoin Cash","Bitcoin Cash","stable-term"
"utxo.ft","FT","FT","stable-term"
"utxo.height","Height","Высота","translated"
"utxo.loading","Loading UTXOs…","Загрузка UTXO…","translated"
"utxo.name","Name","Название","translated"
"utxo.nft","NFT","NFT","stable-term"
"utxo.none","No UTXOs to display.","Нет UTXO для отображения.","translated"
"utxo.pos","Pos","Позиция","translated"
"utxo.tokens","tokens","токенов","stable-term"
"utxo.txHash","Tx Hash","Хеш транзакции","translated"
"walkthrough.label","Walkthrough","Пошаговое руководство","translated"
"watchOnly.accountXpub","Account xPub","xPub аккаунта","translated"
"watchOnly.back","Back to wallets","Назад к кошелькам","translated"
"watchOnly.change","Change #{index}","Сдача #{index}","translated"
"watchOnly.chipnet","Chipnet","Chipnet","stable-term"
"watchOnly.comingNext","Coming next","Скоро","translated"
"watchOnly.description","Inspect public BCH addresses without importing any private keys.","Просматривайте публичные BCH-адреса без импорта закрытых ключей.","translated"
"watchOnly.mainnet","Mainnet","Mainnet","stable-term"
"watchOnly.multipleCosigners","Multiple cosigners","Несколько соавторов подписи","translated"
"watchOnly.multisign","Multisign","Мультиподпись","translated"
"watchOnly.network","Network","Сеть","translated"
"watchOnly.pathNote","Confirm that SeedCash exported this account at m/44'/145'/account'. A standalone BIP32 xPub cannot prove its parent purpose or coin path.","Убедитесь, что SeedCash экспортировал этот аккаунт в m/44’/145’/account’. Отдельный BIP32 xPub не подтверждает родительское назначение или путь coin.","translated"
"watchOnly.previewPublic","Preview public addresses","Предпросмотр публичных адресов","translated"
"watchOnly.previewTitle","Public address preview","Предпросмотр публичных адресов","translated"
"watchOnly.receive","Receive #{index}","Получение #{index}","translated"
"watchOnly.scanCamera","Scan (camera)","Сканировать (камера)","translated"
"watchOnly.standard","Standard","Стандартный","stable-term"
"watchOnly.title","Watch-Only Wallet Preview","Предпросмотр кошелька только для просмотра","translated"
"watchOnly.type","Watch-only wallet type","Тип кошелька только для просмотра","translated"
"watchOnly.uploadQr","Upload QR","Загрузить QR","translated"
"watchOnly.warning","Public preview only: this screen does not save a watch-only wallet or create, sign, import, or broadcast PSBT transactions yet.","Только публичный просмотр: этот экран пока не сохраняет кошелёк, не создаёт, не подписывает, не импортирует и не транслирует транзакции PSBT.","translated"
"watchOnly.xpubPlaceholder","Paste the xPub exported by SeedCash","Вставьте xPub, экспортированный SeedCash","translated"
"wc.activeSessions","Active WalletConnect Sessions","Активные сессии WalletConnect","translated"
"wc.address","Address","Адрес","translated"
"wc.approvalFailedBody","Failed to approve the session request from {name}.","Не удалось одобрить запрос сессии от {name}.","translated"
"wc.approvalFailedTitle","WalletConnect approval failed","Не удалось одобрить WalletConnect","translated"
"wc.approve","Approve","Одобрить","translated"
"wc.approvedBody","Connected to {name}.","Подключено к {name}.","translated"
"wc.approvedTitle","WalletConnect session approved","Сессия WalletConnect одобрена","translated"
"wc.approveSession","Approve Session","Одобрить сессию","translated"
"wc.broadcast","Broadcast","Транслировать","translated"
"wc.broadcastLocked","Another outgoing transaction is still syncing. To avoid duplicates while you are offline, this wallet will only broadcast one unresolved transaction at a time.","Другая исходящая транзакция ещё синхронизируется. Чтобы избежать дубликатов офлайн, кошелёк транслирует только одну нерешённую транзакцию за раз.","translated"
"wc.cancel","Cancel","Отмена","translated"
"wc.close","Close","Закрыть","translated"
"wc.connect","Connect","Подключить","translated"
"wc.connectionUri","Connection URI","URI подключения","translated"
"wc.dappName","DApp Name","Имя dApp","translated"
"wc.disconnect","Disconnect","Отключить","translated"
"wc.disconnectsOn","Disconnects On","Отключение","translated"
"wc.domain","Domain","Домен","translated"
"wc.enterUri","Enter WalletConnect URI","Введите URI WalletConnect","translated"
"wc.estimatedFee","Estimated Fee","Расчётная комиссия","translated"
"wc.fungibleAmount","Fungible Amount","Количество взаимозаменяемых токенов","translated"
"wc.index","Index","Индекс","stable-term"
"wc.inputs","Inputs ({count})","Входы ({count})","translated"
"wc.invalidLockingBytecode","Invalid locking bytecode","Недействительный запирающий байткод","translated"
"wc.invalidQr","Not a valid WalletConnect URI.","Это недействительный URI WalletConnect.","translated"
"wc.messageApprovedBody","Approved the WalletConnect message request.","Запрос сообщения WalletConnect одобрен.","translated"
"wc.messageFailedBody","Failed to sign WalletConnect message request.","Не удалось подписать запрос сообщения WalletConnect.","translated"
"wc.messageFailedTitle","WalletConnect message failed","Ошибка сообщения WalletConnect","translated"
"wc.messageRejectedBody","Rejected the WalletConnect message request.","Запрос сообщения WalletConnect отклонён.","translated"
"wc.messageRejectedTitle","WalletConnect message rejected","Сообщение WalletConnect отклонено","translated"
"wc.messageRejectFailedBody","Failed to reject WalletConnect message request.","Не удалось отклонить запрос сообщения WalletConnect.","translated"
"wc.messageSignedBody","Approved request from {name}.","Запрос от {name} одобрен.","translated"
"wc.messageSignedTitle","WalletConnect message signed","Сообщение WalletConnect подписано","translated"
"wc.messageToSign","Message to Sign","Сообщение для подписи","translated"
"wc.nftCapability","NFT Capability","Возможность NFT","translated"
"wc.nftCommitment","NFT Commitment","Коммитмент NFT","translated"
"wc.no","No","Нет","translated"
"wc.noActiveSessions","No active WalletConnect sessions yet.","Активных сессий WalletConnect пока нет.","translated"
"wc.noQr","No QR code detected. Try again.","QR-код не обнаружен. Повторите попытку.","translated"
"wc.noSessions","No active sessions.","Активных сессий нет.","translated"
"wc.opReturnOutput","OP_RETURN Output","Выход OP_RETURN","translated"
"wc.outputs","Outputs ({count})","Выходы ({count})","translated"
"wc.pairingStarted","WalletConnect pairing started.","Сопряжение WalletConnect начато.","translated"
"wc.pairingSuccessful","WalletConnect pairing successful via QR.","Сопряжение WalletConnect через QR выполнено.","translated"
"wc.prompt","Prompt","Запрос","translated"
"wc.reject","Reject","Отклонить","translated"
"wc.rejectedBody","Rejected the session request from {name}.","Запрос сессии от {name} отклонён.","translated"
"wc.rejectedTitle","WalletConnect session rejected","Сессия WalletConnect отклонена","translated"
"wc.rejectionFailedBody","Failed to reject the session request from {name}.","Не удалось отклонить запрос сессии от {name}.","translated"
"wc.rejectionFailedTitle","WalletConnect rejection failed","Не удалось отклонить WalletConnect","translated"
"wc.rejectionSentBody","Sent the rejection response to the dApp.","Ответ об отклонении отправлен dApp.","translated"
"wc.rejectionStaleBody","The dApp disconnected before the rejection response could be delivered.","dApp отключился до доставки ответа об отклонении.","translated"
"wc.requestExpiredBody","The dApp request expired before it could be completed.","Запрос dApp истёк до завершения.","translated"
"wc.requestExpiredTitle","WalletConnect request expired","Запрос WalletConnect истёк","translated"
"wc.scanFailed","WalletConnect scan failed.","Не удалось сканировать WalletConnect.","translated"
"wc.scanQr","Scan QR","Сканировать QR","translated"
"wc.sessionDisconnectedBody","A WalletConnect session was disconnected remotely.","Сессия WalletConnect была отключена удалённо.","translated"
"wc.sessionDisconnectedFrom","Disconnected from {name}.","Отключено от {name}.","translated"
"wc.sessionDisconnectedTitle","WalletConnect session disconnected","Сессия WalletConnect отключена","translated"
"wc.sessionRequestExpiredBody","The WalletConnect session request timed out before approval.","Запрос сессии WalletConnect истёк до одобрения.","translated"
"wc.sessionRequestExpiredTitle","WalletConnect session request expired","Запрос сессии WalletConnect истёк","translated"
"wc.sessionRequestFrom","Session request from {name}.","Запрос сессии от {name}.","translated"
"wc.sessionRequestGeneric","A dApp requested a WalletConnect session.","dApp запросил сессию WalletConnect.","translated"
"wc.sessionRequestTitle","WalletConnect session request","Запрос сессии WalletConnect","translated"
"wc.settings","Settings","Настройки","translated"
"wc.sign","Sign","Подписать","translated"
"wc.signMessageRequest","Sign Message Request","Запрос на подпись сообщения","translated"
"wc.signTransactionRequest","Sign Transaction Request","Запрос на подпись транзакции","translated"
"wc.tokenCategory","Token Category","Категория токена","translated"
"wc.totalInput","Total Input","Всего входов","translated"
"wc.totalOutput","Total Output","Всего выходов","translated"
"wc.transactionApprovedTitle","WalletConnect transaction approved","Транзакция WalletConnect одобрена","translated"
"wc.transactionFailedBody","Failed to sign WalletConnect transaction request: {message}","Не удалось подписать запрос транзакции WalletConnect: {message}","translated"
"wc.transactionFailedTitle","WalletConnect transaction failed","Ошибка транзакции WalletConnect","translated"
"wc.transactionRejectedTitle","WalletConnect transaction rejected","Транзакция WalletConnect отклонена","translated"
"wc.transactionRejectionFailedBody","Failed to reject WalletConnect transaction request: {message}","Не удалось отклонить запрос транзакции WalletConnect: {message}","translated"
"wc.transactionResponseSentBody","Sent the WalletConnect transaction response.","Ответ транзакции WalletConnect отправлен.","translated"
"wc.transactionSentBody","Sent the transaction response to {name}.","Ответ транзакции отправлен в {name}.","translated"
"wc.transactionStaleBody","The dApp disconnected before the transaction response could be delivered.","dApp отключился до доставки ответа транзакции.","translated"
"wc.txid","TXID","TXID","stable-term"
"wc.unknownDapp","Unknown dApp","Неизвестный dApp","translated"
"wc.unsupportedTransaction","This request uses an unsupported transaction representation in the current OPTN Wallet integration.","Этот запрос использует представление транзакции, которое не поддерживается текущей интеграцией OPTN Wallet.","translated"
"wc.validUri","Please provide a valid WalletConnect URI.","Укажите действительный URI WalletConnect.","translated"
"wc.waitingForSync","Waiting for sync","Ожидание синхронизации","translated"
"wc.waitPrevious","Wait for the previous outgoing transaction to sync first","Сначала дождитесь синхронизации предыдущей исходящей транзакции","translated"
"wc.working","Working…","Обработка…","translated"
"wc.yes","Yes","Да","translated"
"wizard.activeSessions","Active WizardConnect Sessions","Активные сессии WizardConnect","translated"
"wizard.address","Address","Адрес","translated"
"wizard.approve","Approve WizardConnect","Одобрить WizardConnect","translated"
"wizard.approved","WizardConnect transaction approved and sent.","Транзакция WizardConnect одобрена и отправлена.","translated"
"wizard.approveFailed","WizardConnect transaction failed: {message}","Ошибка транзакции WizardConnect: {message}","translated"
"wizard.broadcast","Broadcast","Транслировать","translated"
"wizard.cancel","Cancel","Отмена","translated"
"wizard.close","Close","Закрыть","translated"
"wizard.connect","Connect","Подключить","translated"
"wizard.connectedOn","Connected On","Подключено","translated"
"wizard.connecting","Connecting…","Подключение…","translated"
"wizard.connectionUri","Connection URI","URI подключения","translated"
"wizard.connectQuestion","Connect this wallet to the following WizardConnect request?","Подключить этот кошелёк к следующему запросу WizardConnect?","translated"
"wizard.dapp","DApp","dApp","stable-term"
"wizard.disconnect","Disconnect","Отключить","translated"
"wizard.enterUri","Enter WizardConnect URI","Введите URI WizardConnect","translated"
"wizard.errorPrefix","Error: {message}","Ошибка: {message}","translated"
"wizard.estimatedFee","Estimated Fee","Расчётная комиссия","translated"
"wizard.fungibleAmount","Fungible Amount","Количество взаимозаменяемых токенов","translated"
"wizard.index","Index","Индекс","stable-term"
"wizard.invalidQr","Not a valid WizardConnect QR code.","Это недействительный QR WizardConnect.","translated"
"wizard.no","No","Нет","translated"
"wizard.noActiveSessions","No active WizardConnect sessions yet.","Активных сессий WizardConnect пока нет.","translated"
"wizard.noQr","No QR code detected. Try again.","QR-код не обнаружен. Повторите попытку.","translated"
"wizard.noWallet","No active wallet is available for WizardConnect.","Нет активного кошелька для WizardConnect.","translated"
"wizard.opReturnOutput","OP_RETURN Output","Выход OP_RETURN","translated"
"wizard.pairingStarted","WizardConnect pairing started.","Сопряжение WizardConnect начато.","translated"
"wizard.prompt","Prompt","Запрос","translated"
"wizard.rejected","WizardConnect transaction rejected.","Транзакция WizardConnect отклонена.","translated"
"wizard.rejectFailed","WizardConnect rejection failed: {message}","Не удалось отклонить WizardConnect: {message}","translated"
"wizard.scanFailed","WizardConnect scan failed.","Не удалось сканировать WizardConnect.","translated"
"wizard.sessionDisconnectedOrExpired","A WizardConnect session disconnected or expired on the dApp side.","Сессия WizardConnect отключена или истекла на стороне dApp.","translated"
"wizard.settings","Settings","Настройки","translated"
"wizard.sign","Sign","Подписать","translated"
"wizard.signRequest","WizardConnect Sign Request","Запрос подписи WizardConnect","translated"
"wizard.status","Status","Состояние","stable-term"
"wizard.tokenCategory","Token Category","Категория токена","translated"
"wizard.totalInput","Total Input","Всего входов","translated"
"wizard.totalOutput","Total Output","Всего выходов","translated"
"wizard.txid","TXID","TXID","stable-term"
"wizard.unknownDapp","Unknown dApp","Неизвестный dApp","translated"
"wizard.unsupportedTransaction","This request uses an unsupported transaction representation in the current OPTN Wallet integration.","Этот запрос использует представление транзакции, которое не поддерживается текущей интеграцией OPTN Wallet.","translated"
"wizard.validUri","Please provide a valid WizardConnect URI.","Укажите действительный URI WizardConnect.","translated"
"wizard.yes","Yes","Да","translated"
