"key","English (en)","Vietnamese (vi)","Status"
"about.building","Building and Sending Transactions","Tạo và gửi giao dịch","translated"
"about.buildingText","Construct transactions with custom covenant conditions such as time locks, multisignature requirements, or allowlisted addresses.","Tạo giao dịch với điều kiện covenant tùy chỉnh như khóa thời gian, yêu cầu nhiều chữ ký hoặc địa chỉ cho phép.","translated"
"about.cashscriptExamples","CashScript Covenant Examples","Ví dụ covenant CashScript","translated"
"about.cashscriptGuide","CashScript - Writing Covenants & Introspection","CashScript — viết covenant và introspection","translated"
"about.cointelegraph","Cointelegraph - What are Bitcoin covenants, and how do they work?","Cointelegraph — Covenant Bitcoin là gì và hoạt động thế nào?","translated"
"about.community","Community Feedback","Phản hồi cộng đồng","translated"
"about.communityText","Built with input from beta testers and real user needs.","Được xây dựng với ý kiến của người thử nghiệm beta và nhu cầu thực tế.","translated"
"about.creating","Creating and Importing Wallets","Tạo và nhập ví","translated"
"about.creatingText","Create new wallets or import existing ones using standard formats compatible with other Bitcoin wallets.","Tạo ví mới hoặc nhập ví hiện có bằng các định dạng chuẩn tương thích với ví Bitcoin khác.","translated"
"about.feedback","Feedback and Support","Phản hồi và hỗ trợ","translated"
"about.feedbackText","Your feedback helps us improve OPTN Wallet. For suggestions, issues, or support, contact us at","Phản hồi giúp chúng tôi cải thiện OPTN Wallet. Để gửi góp ý, báo lỗi hoặc cần hỗ trợ, hãy liên hệ tại","translated"
"about.flexibility","Flexibility","Linh hoạt","translated"
"about.flexibilityText","Tailor your wallet experience with custom transaction conditions.","Tùy chỉnh trải nghiệm ví với điều kiện giao dịch riêng.","translated"
"about.intended","Intended Use","Mục đích sử dụng","translated"
"about.intendedText","OPTN is ready to help you manage digital assets with advanced covenant features, whether you are handling personal funds or exploring Bitcoin covenants.","OPTN hỗ trợ quản lý tài sản số với tính năng covenant nâng cao, dù bạn quản lý tiền cá nhân hay tìm hiểu covenant Bitcoin.","translated"
"about.intuitive","Intuitive Design","Thiết kế trực quan","translated"
"about.intuitiveText","A user-friendly interface that makes asset management approachable for beginners.","Giao diện thân thiện giúp người mới dễ quản lý tài sản.","translated"
"about.keyFeatures","Key Features","Tính năng chính","translated"
"about.learn","Learn More About Bitcoin Covenants","Tìm hiểu thêm về covenant Bitcoin","translated"
"about.learnText","Explore these resources to deepen your understanding of Bitcoin covenants:","Khám phá các tài nguyên sau để hiểu sâu hơn về covenant Bitcoin:","translated"
"about.overview","Overview","Tổng quan","translated"
"about.overviewText","The OPTN Wallet App gives you direct control and security over your digital assets. Bitcoin covenants let you set custom rules for how funds can be spent, so your wallet can match your preferences.","Ứng dụng OPTN Wallet cho bạn quyền kiểm soát trực tiếp và bảo mật tài sản số. Covenant Bitcoin cho phép đặt quy tắc tùy chỉnh cho việc chi tiêu tiền.","translated"
"about.security","Security","Bảo mật","translated"
"about.securityText","Bitcoin covenant features help protect assets from unauthorized transactions.","Tính năng covenant Bitcoin giúp bảo vệ tài sản khỏi giao dịch trái phép.","translated"
"about.unmatched","Unmatched Security","Bảo mật vượt trội","translated"
"about.unmatchedText","Define exactly how funds can be spent with Bitcoin covenants.","Xác định chính xác cách tiền có thể được chi tiêu bằng covenant Bitcoin.","translated"
"about.viewing","Viewing Covenants","Xem covenant","translated"
"about.viewingText","Review the rules that govern transactions so you can understand how your funds are protected.","Xem các quy tắc điều khiển giao dịch để hiểu cách tiền của bạn được bảo vệ.","translated"
"about.why","Why Choose OPTN Wallet?","Vì sao chọn OPTN Wallet?","translated"
"about.wiki","Bitcoin Covenants Wiki","Wiki Covenant Bitcoin","translated"
"actions.advanced","Advanced","Nâng cao","translated"
"actions.advancedActions","Advanced Actions","Thao tác nâng cao","translated"
"actions.basic","Basic","Cơ bản","translated"
"actions.basicActions","Basic Actions","Thao tác cơ bản","translated"
"actions.cashTokens","CashTokens","CashTokens","stable-term"
"actions.cashTokensDescription","Manage token families","Quản lý các nhóm token","translated"
"actions.commonWalletTasks","Common wallet tasks","Tác vụ ví thường dùng","translated"
"actions.contracts","Contracts","Hợp đồng","translated"
"actions.contractsDescription","Manage contract instances","Quản lý các phiên bản hợp đồng","translated"
"actions.deeperTools","Deeper tools and workflows","Công cụ và quy trình nâng cao","translated"
"actions.newAddress","New Address","Địa chỉ mới","translated"
"actions.newAddressDescription","Generate a new address","Tạo địa chỉ mới","translated"
"actions.quantumroot","Quantumroot","Quantumroot","stable-term"
"actions.quantumrootBadge","Beta production","Bản beta sản phẩm","translated"
"actions.quantumrootDescription","Quantum-ready vaults","Vault sẵn sàng cho kỷ nguyên lượng tử","translated"
"actions.receive","Receive","Nhận","translated"
"actions.receiveDescription","Receive BCH or CashTokens","Nhận BCH hoặc CashTokens","translated"
"actions.scanQr","Scan QR","Quét QR","translated"
"actions.scanQrDescription","Sweep paper wallets","Quét ví giấy","translated"
"actions.send","Send","Gửi","translated"
"actions.sendDescription","Send BCH or CashTokens","Gửi BCH hoặc CashTokens","translated"
"actions.subtitle","Simple wallet actions for everyday use","Các thao tác ví đơn giản cho nhu cầu hằng ngày","translated"
"actions.taskMode","Task mode","Chế độ tác vụ","translated"
"actions.taskModeDescription","Basic tasks first, advanced tools one step deeper","Ưu tiên tác vụ cơ bản; công cụ nâng cao nằm ở bước tiếp theo","translated"
"actions.title","Actions","Thao tác","stable-term"
"actions.transactionBuilder","Transaction Builder","Trình tạo giao dịch","translated"
"actions.transactionBuilderDescription","Build custom transactions","Tạo giao dịch tùy chỉnh","translated"
"actions.walletConnect","WalletConnect","WalletConnect","stable-term"
"actions.walletConnectDescription","Manage dApp sessions","Quản lý phiên dApp","translated"
"actions.wizardConnect","WizardConnect","WizardConnect","stable-term"
"actions.wizardConnectDescription","XPub-key-enabled dApp sessions","Phiên dApp có khóa XPub","translated"
"addons.description","Addons run in a sandboxed frame with no access to your wallet's keys or memory — they can only do what the permissions you approve allow.","Add-on chạy trong frame sandbox, không truy cập khóa hoặc bộ nhớ ví — chỉ làm được những gì quyền bạn phê duyệt cho phép.","translated"
"addons.desktopOnly","Installing addons from a folder is only available on desktop.","Chỉ có thể cài add-on từ thư mục trên máy tính.","translated"
"addons.installed","Installed addons","Add-on đã cài","translated"
"addons.installedStatus","Installed “{name}”. Restart the app to load it.","Đã cài “{name}”. Khởi động lại ứng dụng để tải.","translated"
"addons.installFolder","Install from folder…","Cài từ thư mục…","translated"
"addons.installing","Installing…","Đang cài…","translated"
"addons.none","No addons installed.","Chưa cài add-on.","translated"
"addons.uninstall","Uninstall","Gỡ cài đặt","translated"
"addons.uninstalledStatus","Uninstalled. Restart the app for it to fully disappear.","Đã gỡ. Khởi động lại ứng dụng để biến mất hoàn toàn.","translated"
"app.back","Back","Quay lại","translated"
"app.close","Close","Đóng","translated"
"app.confirmLogout","Confirm Logout","Xác nhận đăng xuất","translated"
"app.confirmLogoutDescription","Confirm logout to remove this wallet from the device.","Xác nhận đăng xuất để xóa ví này khỏi thiết bị.","translated"
"app.help","Help","Trợ giúp","translated"
"app.language","Language","Ngôn ngữ","translated"
"app.languageDescription","Choose the wallet interface language","Chọn ngôn ngữ giao diện ví","translated"
"app.logOut","Log Out","Đăng xuất","translated"
"app.quickAccess","Quick access","Truy cập nhanh","translated"
"app.settings","Settings","Cài đặt","translated"
"app.toggleTheme","Toggle theme","Đổi giao diện","translated"
"appLock.cancel","Cancel","Hủy","translated"
"appLock.checking","Checking…","Đang kiểm tra…","translated"
"appLock.confirm","Confirm","Xác nhận","translated"
"appLock.confirmPassword","Confirm password","Xác nhận mật khẩu","translated"
"appLock.incorrect","Incorrect passphrase. Try again.","Cụm từ không đúng. Hãy thử lại.","translated"
"appLock.password","Password","Mật khẩu","translated"
"appLock.revealBackup","Enter your password to reveal the backup phrase.","Nhập mật khẩu để hiện cụm từ sao lưu.","translated"
"appLock.verificationFailed","Verification failed. Please try again.","Xác minh thất bại. Hãy thử lại.","translated"
"apps.addonLoadFailed","Addon failed to load","Tải add-on thất bại","translated"
"apps.advanced","Advanced","Nâng cao","translated"
"apps.all","All","Tất cả","translated"
"apps.allowCapabilities","Allow {name} capabilities?","Cho phép {name} sử dụng các quyền?","translated"
"apps.allowOnce","Allow once","Cho phép một lần","translated"
"apps.allowSensitiveAction","Allow sensitive action?","Cho phép thao tác nhạy cảm?","translated"
"apps.alwaysAllow","Always allow","Luôn cho phép","translated"
"apps.appDefinition","App definition","Định nghĩa ứng dụng","translated"
"apps.approveCapabilities","Approve required capabilities to continue.","Phê duyệt các quyền cần thiết để tiếp tục.","translated"
"apps.back","Back","Quay lại","translated"
"apps.browse","Browse apps","Duyệt ứng dụng","translated"
"apps.browseSubtitle","Wallet first, then tokens, utils, and advanced platforms","Ví trước, rồi token, tiện ích và nền tảng nâng cao","translated"
"apps.capabilitiesMessage","This addon app is requesting wallet capabilities before launch.","Ứng dụng add-on này yêu cầu quyền ví trước khi khởi chạy.","translated"
"apps.capability","Capability:","Quyền:","translated"
"apps.capability.addOutputs","Construct transaction outputs","Tạo đầu ra giao dịch","translated"
"apps.capability.addressUtxosRead","Read UTXOs for wallet addresses","Đọc UTXO của địa chỉ ví","translated"
"apps.capability.addressUtxosRefresh","Refresh and store UTXOs for wallet addresses","Làm mới và lưu UTXO của địa chỉ ví","translated"
"apps.capability.broadcastTransactions","Broadcast transactions","Phát giao dịch","translated"
"apps.capability.buildTransactions","Build transactions","Tạo giao dịch","translated"
"apps.capability.fetchJson","Fetch JSON over HTTP","Lấy JSON qua HTTP","translated"
"apps.capability.signatureTemplates","Create signature templates","Tạo mẫu chữ ký","translated"
"apps.capability.signMessages","Sign messages with wallet keys","Ký tin nhắn bằng khóa ví","translated"
"apps.capability.tokenHoldersRead","Read TokenIndex holder lists","Đọc danh sách holder TokenIndex","translated"
"apps.capability.tokenMetadataRead","Read CashToken metadata","Đọc siêu dữ liệu CashToken","translated"
"apps.capability.walletAddressesRead","Read wallet addresses","Đọc địa chỉ ví","translated"
"apps.capability.walletContextRead","Read wallet context","Đọc ngữ cảnh ví","translated"
"apps.capability.walletUtxosRead","Read wallet UTXOs","Đọc UTXO của ví","translated"
"apps.capabilityRequested","{name} requested: {capability}.","{name} yêu cầu: {capability}.","translated"
"apps.cashFusionDescription","Private CoinJoin — server or P2P over Nostr + Tor","CoinJoin riêng tư — máy chủ hoặc P2P qua Nostr + Tor","translated"
"apps.chatDescription","Private end-to-end encrypted Nostr messaging","Nhắn tin Nostr riêng tư mã hóa đầu cuối","translated"
"apps.comingSoon","Coming soon","Sắp có","translated"
"apps.contractsDescription","Browse artifacts and manage deployed instances","Duyệt artifact và quản lý instance đã triển khai","translated"
"apps.deny","Deny","Từ chối","translated"
"apps.empty","No apps in this category.","Không có ứng dụng trong danh mục này.","translated"
"apps.expectedScreen","Expected config.screen (or app.id) to map to a built-in app implementation.","config.screen (hoặc app.id) phải ánh xạ tới triển khai ứng dụng tích hợp.","translated"
"apps.failedToLoad","Failed to load app","Tải ứng dụng thất bại","translated"
"apps.goToLanding","Go to Landing","Đi tới trang đầu","translated"
"apps.loadFailed","Failed to load addon apps","Tải ứng dụng add-on thất bại","translated"
"apps.loadingAddon","Loading addon…","Đang tải add-on…","translated"
"apps.loadingApp","Loading app…","Đang tải ứng dụng…","translated"
"apps.noWallet","No wallet selected","Chưa chọn ví","translated"
"apps.permissionDenied","Permission denied. App launch was blocked.","Từ chối quyền. Đã chặn khởi chạy ứng dụng.","translated"
"apps.quantumrootDescription","Receive and recovery tools for advanced vaults","Công cụ nhận và khôi phục cho vault nâng cao","translated"
"apps.resolvedScreenId","Resolved screen ID","ID màn hình đã giải quyết","translated"
"apps.subtitle","Extend your wallet with tools","Mở rộng ví bằng các công cụ","translated"
"apps.title","Apps","Ứng dụng","translated"
"apps.token","Token","Token","stable-term"
"apps.unsupportedAppKind","Unsupported app kind:","Loại ứng dụng không được hỗ trợ:","translated"
"apps.unsupportedDeclarativeApp","Unsupported declarative app:","Ứng dụng khai báo không được hỗ trợ:","translated"
"apps.utils","Utils","Tiện ích","translated"
"apps.waitingPermission","Waiting for app permission","Đang chờ quyền ứng dụng","translated"
"apps.wallet","Wallet","Ví","stable-term"
"assets.advancedVaultDescription","Receive and recovery tools for advanced vaults","Công cụ nhận và khôi phục cho vault nâng cao","translated"
"assets.advancedVaultWorkspace","Advanced vault workspace","Không gian vault nâng cao","translated"
"assets.bitcoinCash","Bitcoin Cash","Bitcoin Cash","stable-term"
"assets.cashTokenHoldings","CashToken holdings","CashToken đang nắm giữ","translated"
"assets.cashTokens","CashTokens","CashTokens","stable-term"
"assets.categories","categories","danh mục","translated"
"assets.chipnet","Chipnet","Chipnet","stable-term"
"assets.fungible","fungible","có thể thay thế","translated"
"assets.fungibleHoldings","Fungible token holdings","Token có thể thay thế","translated"
"assets.mintingNfts","Minting NFTs","NFT đúc","translated"
"assets.mintingNftsDescription","Authority to mint additional NFTs in this category","Quyền đúc thêm NFT trong danh mục này","translated"
"assets.mintTokens","Mint Tokens","Đúc token","translated"
"assets.mutableNfts","Mutable NFTs","NFT có thể thay đổi","translated"
"assets.mutableNftsDescription","Commitment may be changed by the holder","Chủ sở hữu có thể thay đổi cam kết","translated"
"assets.nfts","NFTs","NFT","stable-term"
"assets.noFungibleTokens","No fungible CashTokens found.","Không tìm thấy CashToken có thể thay thế.","translated"
"assets.noNfts","No NFTs found.","Không tìm thấy NFT.","translated"
"assets.nonFungibleHoldings","Non-fungible holdings","Tài sản không thể thay thế","translated"
"assets.openVaults","Open vaults","Mở vault","translated"
"assets.plainNfts","Plain NFTs","NFT thường","translated"
"assets.plainNftsDescription","Fixed commitment; cannot be changed or used to mint","Cam kết cố định; không thể thay đổi hoặc dùng để đúc","translated"
"assets.primaryBalance","Primary wallet balance","Số dư ví chính","translated"
"assets.quantumroot","Quantumroot","Quantumroot","stable-term"
"assets.quickInventory","Quick view of your wallet inventory","Xem nhanh tài sản trong ví","translated"
"assets.tabBch","BCH","BCH","stable-term"
"assets.tabNfts","NFTs","NFT","stable-term"
"assets.tabTokens","Tokens","Token","stable-term"
"assets.title","Assets","Tài sản","translated"
"assets.toggleBalance","Toggle BCH and USD balance","Đổi số dư BCH và USD","translated"
"assets.units","units","đơn vị","translated"
"assets.usdPriceUnavailable","USD price unavailable","Không có giá USD","translated"
"assets.usdUnavailable","USD unavailable","Không có USD","translated"
"assets.vaultWorkspace","Vault workspace","Không gian vault","translated"
"bip37.addressesWithCoins","address(es) with coins","địa chỉ có coin","translated"
"bip37.blocks","blocks","block","stable-term"
"bip37.fromNode","BCH from the node ✓","BCH từ node ✓","translated"
"bip37.height","height","chiều cao","translated"
"bip37.inUse","● in use","● đang dùng","translated"
"bip37.node","Node","Nút","stable-term"
"bip37.notServes","Does not serve BIP37 ✗ (bloom filtering off)","Không phục vụ BIP37 ✗ (đã tắt lọc Bloom)","translated"
"bip37.probe","Probe","Thăm dò","translated"
"bip37.probing","Probing…","Đang thăm dò…","translated"
"bip37.protocol","protocol","giao thức","translated"
"bip37.remove","Remove","Xóa","translated"
"bip37.scanned","scanned","đã quét","translated"
"bip37.serves","Serves BIP37 ✓","Phục vụ BIP37 ✓","translated"
"bip37.sync","Sync","Đồng bộ","translated"
"bip37.syncing","Syncing…","Đang đồng bộ…","translated"
"bip37.syncingDetails","Syncing headers + scanning blocks via the node…","Đang đồng bộ header và quét block qua node…","translated"
"bip37.use","Use","Dùng","translated"
"bip37.useBalanceTitle","Derive this wallet's balance directly from the node (trustless SPV)","Dẫn xuất số dư ví trực tiếp từ node (SPV không cần tin cậy)","translated"
"bip37.useNodeTitle","Use ONLY this node for wallet data (trustless; Electrum servers are not consulted)","CHỈ dùng node này cho dữ liệu ví (không cần tin cậy; không hỏi máy chủ Electrum)","translated"
"bip37.verified","Verified trustlessly: every matched tx proven by its block's merkle proof.","Đã xác minh không cần tin cậy: mọi giao dịch khớp đều được chứng minh bằng Merkle proof của block.","translated"
"bip37.watching","watching","đang theo dõi","translated"
"builder.addFirstRecipient","Add your first recipient","Thêm người nhận đầu tiên","translated"
"builder.addOpReturnOutput","Add OP_RETURN Output","Add OP_RETURN Output","needs-review"
"builder.addOutput","Add Output","Thêm đầu ra","translated"
"builder.addRecipient","Add recipient","Thêm người nhận","translated"
"builder.addRecipients","Add recipients","Thêm người nhận","translated"
"builder.addRecipientsDescription","Add BCH recipients, token transfers, collectibles, or an optional message output.","Thêm người nhận BCH, chuyển token, vật phẩm sưu tầm hoặc đầu ra thông điệp tùy chọn.","translated"
"builder.address","Address","Address","needs-review"
"builder.amount","Amount","Amount","needs-review"
"builder.amountToSend","Amount to send","Số tiền gửi","translated"
"builder.attachMessage","Attach message","Đính kèm thông điệp","translated"
"builder.back","Back","Quay lại","translated"
"builder.bchAddress","BCH address","Địa chỉ BCH","translated"
"builder.bchAmountSats","BCH amount (sats)","BCH amount (sats)","needs-review"
"builder.bchFunds","BCH funds","BCH funds","needs-review"
"builder.broadcastedSuccess","Your transaction was broadcast successfully!","Đã phát giao dịch thành công!","translated"
"builder.buildTransaction","Build Transaction","Tạo giao dịch","translated"
"builder.buildTx","Build TX","Build TX","needs-review"
"builder.capability","Capability","Capability","needs-review"
"builder.category","Category","Category","needs-review"
"builder.chooseSource","Choose a source","Chọn nguồn","translated"
"builder.chooseSourceDescription","Pick wallet addresses for normal sends, or contracts for script spends.","Chọn địa chỉ ví cho giao dịch thường hoặc hợp đồng cho giao dịch script.","translated"
"builder.chooseSourceHelp","Choose source","Chọn nguồn","translated"
"builder.close","Close","Đóng","translated"
"builder.collectibleAmount","Collectible amount","Collectible amount","needs-review"
"builder.commitment","Commitment","Commitment","needs-review"
"builder.configureCollectible","Configure collectible","Configure collectible","needs-review"
"builder.confirmAndSend","Confirm and Send Transaction","Xác nhận và gửi giao dịch","translated"
"builder.confirmTransaction","Confirm Transaction","Xác nhận giao dịch","translated"
"builder.contract","Contract","Contract","needs-review"
"builder.contractAddress","Contract address","Địa chỉ hợp đồng","translated"
"builder.contractAssets","Contract assets","Contract assets","needs-review"
"builder.contractFunction","Contract Function","Contract Function","needs-review"
"builder.contractFunds","Contract funds","Contract funds","needs-review"
"builder.contracts","Contracts","Hợp đồng","translated"
"builder.contractSourceCount","{count} contract source(s)","{count} contract source(s)","needs-review"
"builder.contractSourcePlural","{count} contract sources","{count} contract sources","needs-review"
"builder.contractSources","Contract sources","Nguồn hợp đồng","translated"
"builder.contractSourceSingular","{count} contract source","{count} contract source","needs-review"
"builder.copyToClipboard","Copy to clipboard","Sao chép vào bộ nhớ tạm","translated"
"builder.createCollectible","Create collectible","Tạo vật phẩm sưu tầm","translated"
"builder.createToken","Create token","Tạo token","translated"
"builder.customSend","Custom Send","Gửi tùy chỉnh","translated"
"builder.decodeFailed","Unable to decode transaction. Showing raw hex:","Không thể giải mã giao dịch. Hiển thị hex thô:","translated"
"builder.dragToConfirm","Drag to Confirm","Kéo để xác nhận","translated"
"builder.enterTokenAmount","Enter amount (max {amount})","Enter amount (max {amount})","needs-review"
"builder.estimatedNetworkFee","Estimated network fee","Phí mạng ước tính","translated"
"builder.feeReserve","Leaving a {count} sat fee reserve.","Để lại khoản dự phòng phí {count} sat.","translated"
"builder.flow","Flow","Quy trình","translated"
"builder.flowDescription","Pick a source, choose funds, add recipients, then preview the final transaction before sending.","Chọn nguồn, chọn tiền, thêm người nhận rồi xem trước giao dịch cuối trước khi gửi.","translated"
"builder.fundsSelected","Funds selected","Tiền đã chọn","translated"
"builder.fungibleAmount","Fungible Amount","Fungible Amount","needs-review"
"builder.fungibleTokens","Fungible Tokens","Fungible Tokens","needs-review"
"builder.genesisCollectible","Genesis input for this collectible","Genesis input for this collectible","needs-review"
"builder.genesisInput","Genesis input for this token","Genesis input for this token","needs-review"
"builder.help","Help","Trợ giúp","translated"
"builder.howWorks","How this works","Cách hoạt động","translated"
"builder.inputs","Inputs","Inputs","needs-review"
"builder.leftoverBchPlaceholder","Wallet address for leftover BCH","Địa chỉ ví nhận BCH thừa","translated"
"builder.max","Max","Tối đa","translated"
"builder.maxSpendable","Set to maximum spendable (leaves 2000 sats for fees)","Đặt mức tối đa có thể chi (để lại 2000 sats cho phí)","translated"
"builder.missingUnlocker","Missing unlocker!","Thiếu unlocker!","translated"
"builder.next","Next","Tiếp","translated"
"builder.nftCapability","NFT Capability","NFT Capability","needs-review"
"builder.nftCommitment","NFT Commitment","NFT Commitment","needs-review"
"builder.noContractAddresses","No contract addresses available.","Không có địa chỉ hợp đồng.","translated"
"builder.noFundsSelected","No funds selected yet.","Chưa chọn tiền.","translated"
"builder.none","None","None","needs-review"
"builder.nonFungibleTokens","Non-Fungible Tokens","Non-Fungible Tokens","needs-review"
"builder.noOutputs","No outputs added yet.","Chưa thêm đầu ra.","translated"
"builder.noQrCode","No QR code detected. Please try again.","No QR code detected. Please try again.","needs-review"
"builder.noSpendableBalance","No spendable balance after fee reserve","Không còn số dư có thể chi sau khi giữ phí","translated"
"builder.noUtxosSelected","No UTXOs selected.","Chưa chọn UTXO.","translated"
"builder.noWalletAddresses","No wallet addresses available.","Không có địa chỉ ví.","translated"
"builder.opReturnData","OP_RETURN Data","OP_RETURN Data","needs-review"
"builder.opReturnEmpty","OP_RETURN data cannot be empty.","OP_RETURN data cannot be empty.","needs-review"
"builder.opReturnOutput","OP_RETURN Output","OP_RETURN Output","needs-review"
"builder.opReturnPlaceholder","Enter space-separated ASCII words","Enter space-separated ASCII words","needs-review"
"builder.outputs","Outputs","Outputs","needs-review"
"builder.paperWallet","Paper Wallet","Paper Wallet","needs-review"
"builder.paperWalletUtxos","Paper Wallet UTXOs","Paper Wallet UTXOs","needs-review"
"builder.pickFunds","Pick funds","Chọn tiền","translated"
"builder.pickFundsDescription","Select the BCH, tokens, or collectibles that will fund this transaction.","Chọn BCH, token hoặc vật phẩm sưu tầm dùng để cấp tiền cho giao dịch này.","translated"
"builder.rawTransactionDetails","Raw Transaction Details","Chi tiết giao dịch thô","translated"
"builder.ready","Ready","Sẵn sàng","translated"
"builder.recipient","{count} recipient","{count} recipient","needs-review"
"builder.recipientAddress","Recipient Address","Địa chỉ người nhận","translated"
"builder.recipientCount","{count} recipients","{count} recipients","needs-review"
"builder.recipients","Recipients","Người nhận","translated"
"builder.recipientsAdded","Recipients added","Đã thêm người nhận","translated"
"builder.remove","Remove","Xóa","translated"
"builder.removeAllRecipients","Remove all recipients","Xóa tất cả người nhận","translated"
"builder.returnLeftover","Return leftover funds to","Trả tiền thừa về","translated"
"builder.reviewAndSend","Review and send","Xem lại và gửi","translated"
"builder.reviewAndSendDescription","Preview first, then send only when the summary looks right.","Xem trước rồi chỉ gửi khi bản tóm tắt đã chính xác.","translated"
"builder.reviewFunds","Review funds","Xem lại tiền","translated"
"builder.reviewRecipients","Review recipients","Xem lại người nhận","translated"
"builder.scanQrCode","Scan QR Code","Quét mã QR","translated"
"builder.selectedFunds","Selected funds","Tiền đã chọn","translated"
"builder.selectedItem","{count} selected item","{count} selected item","needs-review"
"builder.selectedItems","{count} selected items","{count} selected items","needs-review"
"builder.selectGenesisInput","Select genesis input","Select genesis input","needs-review"
"builder.selectSource","Select a source to continue.","Chọn nguồn để tiếp tục.","translated"
"builder.sendBch","Send BCH","Gửi BCH","translated"
"builder.sendTx","Send TX","Send TX","needs-review"
"builder.sendWarning","You are about to send a transaction. Please confirm that all details are correct. This action cannot be undone.","Bạn sắp gửi một giao dịch. Hãy xác nhận mọi chi tiết đều đúng. Không thể hoàn tác hành động này.","translated"
"builder.sourcesChosen","Sources chosen","Nguồn đã chọn","translated"
"builder.step","Step {number}","Bước {number}","translated"
"builder.token","Token","Token","needs-review"
"builder.tokenAddress","Token address","Địa chỉ token","translated"
"builder.tokenAmount","Token Amount","Token Amount","needs-review"
"builder.tokenCategory","Token Category","Token Category","needs-review"
"builder.tokenCategoryLabel","Token Category","Token Category","needs-review"
"builder.tokensCollectibles","Tokens & collectibles","Tokens & collectibles","needs-review"
"builder.transactionError","Transaction Error","Lỗi giao dịch","translated"
"builder.transactionSubmitted","Transaction Submitted","Đã gửi giao dịch","translated"
"builder.transactionSubmittedDescription","Your transaction has been submitted. Use this txid as the reference and avoid sending it again.","Giao dịch đã được gửi. Dùng txid này làm tham chiếu và tránh gửi lại.","translated"
"builder.transactionSuccessful","Transaction Successful","Giao dịch thành công","translated"
"builder.transferMinimum","Transfer amount must be at least {count}.","Transfer amount must be at least {count}.","needs-review"
"builder.tryAgain","Try Again","Thử lại","translated"
"builder.txHash","Tx Hash","Tx Hash","needs-review"
"builder.txId","TX ID","TX ID","needs-review"
"builder.viewExplorer","View on Explorer","Xem trên explorer","translated"
"builder.wallet","Wallet","Wallet","needs-review"
"builder.walletAssets","Wallet assets","Wallet assets","needs-review"
"builder.walletFunds","Wallet funds","Tiền của ví","translated"
"builder.walletSourceCount","{count} wallet source(s)","{count} wallet source(s)","needs-review"
"builder.walletSourcePlural","{count} wallet sources","{count} wallet sources","needs-review"
"builder.walletSources","Wallet sources","Nguồn của ví","translated"
"builder.walletSourceSingular","{count} wallet source","{count} wallet source","needs-review"
"builder.warning","⚠️ Warning","⚠️ Cảnh báo","translated"
"camera.cancel","Cancel","Hủy","translated"
"camera.scan","Scan QR with camera","Quét QR bằng máy ảnh","translated"
"camera.unavailable","Camera unavailable: {error}. Use Upload instead.","Máy ảnh không khả dụng: {error}. Hãy dùng Tải lên.","translated"
"cauldron.active","active","đang hoạt động","translated"
"cauldron.description","Detected from the active wallet receive/change/DeFi address set through the Cauldron indexer.","Được phát hiện từ nhóm địa chỉ nhận, tiền thừa và DeFi đang hoạt động của ví qua bộ lập chỉ mục Cauldron.","translated"
"cauldron.positions","Cauldron positions","Vị thế Cauldron","translated"
"cauldron.tokenCategories","token categories","danh mục token","translated"
"chat.back","Back to conversations","Quay lại cuộc trò chuyện","translated"
"chat.choosePhoto","Choose photo","Chọn ảnh","translated"
"chat.copyNpub","Copy npub","Sao chép npub","translated"
"chat.displayName","Display name","Tên hiển thị","translated"
"chat.emptyDescription","Pick a conversation, or tap + to message someone by their npub. Messages are end-to-end encrypted over Nostr.","Chọn một cuộc trò chuyện hoặc chạm + để nhắn cho ai đó bằng npub. Tin nhắn được mã hóa đầu cuối qua Nostr.","translated"
"chat.encrypted","End-to-end encrypted","Mã hóa đầu cuối","translated"
"chat.messagePlaceholder","Message…","Tin nhắn…","stable-term"
"chat.newChat","New chat","Trò chuyện mới","translated"
"chat.newConversation","New conversation","Cuộc trò chuyện mới","translated"
"chat.noConversations","No conversations yet. Tap + to start one.","Chưa có cuộc trò chuyện. Chạm + để bắt đầu.","translated"
"chat.noMessages","No messages yet. Say hi — messages are end-to-end encrypted.","Chưa có tin nhắn. Hãy chào — tin nhắn được mã hóa đầu cuối.","translated"
"chat.open","Open","Mở","translated"
"chat.privateConversations","Your private conversations","Cuộc trò chuyện riêng tư của bạn","translated"
"chat.privateMessaging","Private Nostr messaging","Nhắn tin Nostr riêng tư","translated"
"chat.profile","Profile","Hồ sơ","translated"
"chat.profilePublished","Profile published ✓","Đã đăng hồ sơ ✓","translated"
"chat.publishProfile","Publish profile","Đăng hồ sơ","translated"
"chat.recipient","Recipient npub…","npub người nhận…","translated"
"chat.searchConversations","Search conversations","Tìm kiếm cuộc trò chuyện","translated"
"chat.send","Send","Gửi","translated"
"chat.setup","Nostr setup","Thiết lập Nostr","translated"
"chat.title","Chat","Trò chuyện","translated"
"chat.youPrefix","You: ","Bạn: ","translated"
"chat.yourNpub","Your npub","npub của bạn","translated"
"confirm.action","Confirm action","Xác nhận hành động","translated"
"confirm.cancel","Cancel","Hủy","translated"
"confirm.ok","OK","OK","stable-term"
"console.appLog","App Log","Nhật ký ứng dụng","translated"
"console.clear","Clear","Xóa","translated"
"console.noEntries","No log entries yet.","Chưa có mục nhật ký nào.","translated"
"console.placeholder","method [params…]","method [params…]","stable-term"
"console.rpc","Electrum RPC","Electrum RPC","stable-term"
"console.send","Send","Gửi","translated"
"console.sending","…","…","stable-term"
"console.typeHint","Type: method param1 param2 — e.g. server.version or blockchain.headers.subscribe","Nhập: phương_thức tham_số1 tham_số2 — ví dụ server.version hoặc blockchain.headers.subscribe","translated"
"contract.arbiter","Arbiter: A trusted party who authorizes release of funds.","Trọng tài: bên đáng tin cậy cho phép giải ngân.","translated"
"contract.available","Available Contracts","Hợp đồng có sẵn","translated"
"contract.bip38","BIP38 (Password-Protected Private Keys)","BIP38 (khóa riêng được bảo vệ bằng mật khẩu)","translated"
"contract.bip38Desc","The BIP38 contract secures private keys with a password. Its UTXOs require both the correct password and a valid signature.","Hợp đồng BIP38 bảo vệ khóa riêng bằng mật khẩu. UTXO cần đúng mật khẩu và chữ ký hợp lệ.","translated"
"contract.bip38Spending","Spending Requirements: Provide a valid owner signature and a data signature verifying the password.","Điều kiện chi: cung cấp chữ ký chủ sở hữu hợp lệ và chữ ký dữ liệu xác minh mật khẩu.","translated"
"contract.bip38UseCase","Use Case: Ideal for protecting private keys against theft or unauthorized access, especially for long-term storage.","Trường hợp dùng: phù hợp để bảo vệ khóa riêng khỏi trộm cắp hoặc truy cập trái phép, nhất là khi lưu trữ dài hạn.","translated"
"contract.enhancedTrust","Enhanced Trust: Useful for transactions requiring multiple trusted parties.","Tin cậy nâng cao: hữu ích cho giao dịch cần nhiều bên đáng tin cậy.","translated"
"contract.escrow","Escrow","Escrow","stable-term"
"contract.escrowDesc","The Escrow contract supports secure transactions between a buyer and seller with a trusted arbiter. Funds are released only with the arbiter’s approval.","Hợp đồng Escrow hỗ trợ giao dịch an toàn giữa người mua và người bán với trọng tài đáng tin cậy. Tiền chỉ được giải ngân khi trọng tài chấp thuận.","translated"
"contract.escrowMS2","EscrowMS2 (Multi-Party Escrow)","EscrowMS2 (escrow nhiều bên)","stable-term"
"contract.escrowMS2Desc","EscrowMS2 extends escrow with two arbiters. Funds can be released with one arbiter’s approval or both arbiters’ combined approval.","EscrowMS2 mở rộng escrow với hai trọng tài. Tiền có thể được giải ngân khi một trọng tài hoặc cả hai cùng chấp thuận.","translated"
"contract.escrowMS2Spending","Spending Requirements: One arbiter or both arbiters provide valid signatures, and the full amount goes to the buyer or seller.","Điều kiện chi: một hoặc cả hai trọng tài cung cấp chữ ký hợp lệ, và toàn bộ số tiền chuyển đến người mua hoặc người bán.","translated"
"contract.escrowSecurity","Security: Funds remain locked until the arbiter approves, helping prevent fraud or disputes.","Bảo mật: tiền vẫn bị khóa đến khi trọng tài chấp thuận, giúp ngăn gian lận hoặc tranh chấp.","translated"
"contract.escrowSpending","Spending Requirements: The arbiter provides a valid signature and the full amount goes to the buyer’s or seller’s public-key-hash address.","Điều kiện chi: trọng tài cung cấp chữ ký hợp lệ và toàn bộ số tiền chuyển đến địa chỉ băm khóa công khai của người mua hoặc người bán.","translated"
"contract.howToUse","How to Use Covenant Contracts","Cách dùng hợp đồng covenant","translated"
"contract.howToUseText","Open the Contracts section, choose a contract type, configure its conditions, and deploy it. To spend from contract UTXOs, meet the specific spending requirements above. Detailed instructions and examples are available in the app documentation.","Mở mục Hợp đồng, chọn loại hợp đồng, cấu hình điều kiện rồi triển khai. Để chi từ UTXO của hợp đồng, hãy đáp ứng các điều kiện chi tương ứng ở trên. Hướng dẫn chi tiết và ví dụ có trong tài liệu ứng dụng.","translated"
"contract.intro","Covenant contracts in the OPTN Wallet are smart contracts that enforce rules for spending digital assets. Each contract locks funds in UTXOs that can only be spent by meeting predefined conditions.","Hợp đồng covenant trong OPTN Wallet là hợp đồng thông minh áp đặt quy tắc chi tiêu tài sản số. Mỗi hợp đồng khóa tiền trong UTXO và chỉ có thể chi khi đáp ứng các điều kiện định trước.","translated"
"contract.msvault","MSVault (Multi-Signature Vault)","MSVault (vault đa chữ ký)","stable-term"
"contract.msvaultDesc","MSVault creates a secure shared or long-term vault requiring multiple signatures and a password. It enforces a minimum balance and time lock.","MSVault tạo vault dùng chung hoặc dài hạn, yêu cầu nhiều chữ ký và mật khẩu. Vault áp dụng số dư tối thiểu và khóa theo thời gian.","translated"
"contract.msvaultSpending","Spending Requirements: Provide a valid signature and password-verified data signature while maintaining at least 4000 satoshis, or use a valid signature after the time lock expires.","Điều kiện chi: cung cấp chữ ký hợp lệ và chữ ký dữ liệu xác minh bằng mật khẩu, duy trì ít nhất 4000 satoshi, hoặc dùng chữ ký hợp lệ sau khi hết thời gian khóa.","translated"
"contract.msvaultUseCase","Use Case: Suitable for shared ownership or long-term storage with strict access controls.","Trường hợp dùng: phù hợp với sở hữu chung hoặc lưu trữ dài hạn có kiểm soát truy cập nghiêm ngặt.","translated"
"contract.multipleArbiters","Multiple Arbiters: Two arbiters can authorize release of funds.","Nhiều trọng tài: hai trọng tài có thể cho phép giải ngân.","translated"
"contract.multiSignature","Multi-Signature: Requires signatures from multiple authorized parties.","Đa chữ ký: yêu cầu chữ ký từ nhiều bên được ủy quyền.","translated"
"contract.p2pkh","P2PKH (Pay-to-Public-Key-Hash)","P2PKH (Pay-to-Public-Key-Hash)","stable-term"
"contract.p2pkhDesc","P2PKH is a standard Bitcoin script that protects UTXOs by requiring a signature from the owner of a specified public-key hash.","P2PKH là script Bitcoin tiêu chuẩn bảo vệ UTXO bằng cách yêu cầu chữ ký của chủ hash khóa công khai được chỉ định.","translated"
"contract.p2pkhSecurity","Security: A proven and reliable method for protecting digital assets.","Bảo mật: phương pháp đã được kiểm chứng và đáng tin cậy để bảo vệ tài sản số.","translated"
"contract.p2pkhSpending","Spending Requirements: Provide a valid signature matching the public-key hash in the contract.","Điều kiện chi: cung cấp chữ ký hợp lệ khớp với hash khóa công khai trong hợp đồng.","translated"
"contract.passwordProtection","Password Protection: Encrypts your private key with a user-defined password.","Bảo vệ bằng mật khẩu: mã hóa khóa riêng bằng mật khẩu do người dùng đặt.","translated"
"contract.simplicity","Simplicity: Easy to use and compatible with most Bitcoin wallets.","Đơn giản: dễ dùng và tương thích với hầu hết ví Bitcoin.","translated"
"contract.timeControl","Time-Based Control: Sets a deadline for the recipient to claim funds.","Kiểm soát thời gian: đặt hạn để người nhận nhận tiền.","translated"
"contract.transfer","TransferWithTimeout","TransferWithTimeout","stable-term"
"contract.transferDesc","TransferWithTimeout enables conditional transfers with a deadline. The recipient can claim funds before the timeout; the sender can reclaim them afterward.","TransferWithTimeout cho phép chuyển tiền có điều kiện với thời hạn. Người nhận có thể nhận tiền trước hạn; sau đó người gửi có thể thu hồi.","translated"
"contract.transferSpending","Spending Requirements: The recipient signs before the timeout; afterward, the sender can reclaim funds with a valid signature.","Điều kiện chi: người nhận ký trước hạn; sau đó người gửi có thể thu hồi bằng chữ ký hợp lệ.","translated"
"contract.transferUseCase","Use Cases: Useful for subscriptions, conditional payments, or escrow-like scenarios.","Trường hợp dùng: phù hợp cho đăng ký, thanh toán có điều kiện hoặc tình huống giống escrow.","translated"
"contractPopup.back","Back","Quay lại","translated"
"contractPopup.chooseFunction","Select a function","Chọn hàm","translated"
"contractPopup.enterData","Please enter data to generate the message.","Nhập dữ liệu để tạo tin nhắn.","translated"
"contractPopup.enterMessage","Enter message for {name}","Nhập tin nhắn cho {name}","translated"
"contractPopup.enterValue","Enter {name}","Nhập {name}","translated"
"contractPopup.fetchFailed","Failed to fetch keys.","Lấy khóa thất bại.","translated"
"contractPopup.generated","Message generated successfully!","Đã tạo tin nhắn thành công!","translated"
"contractPopup.generateMessage","Generate Message","Tạo tin nhắn","translated"
"contractPopup.generationFailed","Failed to generate message.","Tạo tin nhắn thất bại.","translated"
"contractPopup.invalidFormat","Invalid {type} format. Please scan a valid QR code.","Định dạng {type} không hợp lệ. Hãy quét QR hợp lệ.","translated"
"contractPopup.message","Message","Tin nhắn","stable-term"
"contractPopup.messageForCheck","message for checkdatasig","tin nhắn cho checkdatasig","translated"
"contractPopup.noKeys","No keys found for address: {address}","Không tìm thấy khóa cho địa chỉ: {address}","translated"
"contractPopup.noQr","No QR code detected. Please try again.","Không phát hiện mã QR. Hãy thử lại.","translated"
"contractPopup.scanFor","Scan QR Code for {name}","Quét QR cho {name}","translated"
"contractPopup.select","Select","Chọn","translated"
"contractPopup.selectAddress","Select Address","Chọn địa chỉ","translated"
"contractPopup.selected","Selected {type}","Đã chọn {type}","translated"
"contractPopup.title","Select a Function","Chọn một hàm","translated"
"contractView.address","Address","Địa chỉ","translated"
"contractView.addressCopied","Address copied to clipboard!","Đã sao chép địa chỉ vào bộ nhớ tạm!","translated"
"contractView.argumentTypeInfo","Argument type info","Thông tin kiểu đối số","translated"
"contractView.back","Back","Quay lại","translated"
"contractView.balance","Balance","Số dư","translated"
"contractView.blockHeight","Current Block Height","Độ cao block hiện tại","translated"
"contractView.blockHeightInfo","Blocks increment on an average interval of 10 minutes.","Các block tăng trung bình mỗi 10 phút.","translated"
"contractView.constructorArgs","Constructor Arguments","Đối số hàm tạo","translated"
"contractView.copyFailed","Failed to copy address.","Không thể sao chép địa chỉ.","translated"
"contractView.create","Create Contract","Tạo hợp đồng","translated"
"contractView.created","Contract created successfully!","Đã tạo hợp đồng thành công!","translated"
"contractView.createFailed","Failed to create contract: {message}","Không thể tạo hợp đồng: {message}","translated"
"contractView.createStep","3. Create the contract","3. Tạo hợp đồng","translated"
"contractView.datasigInfo","Data signature info","Thông tin chữ ký dữ liệu","translated"
"contractView.delete","Delete","Xóa","translated"
"contractView.deleted","Contract deleted successfully!","Đã xóa hợp đồng thành công!","translated"
"contractView.deleteFailed","Failed to delete contract.","Không thể xóa hợp đồng.","translated"
"contractView.deleteFailedFallback","Failed to delete contract.","Không thể xóa hợp đồng.","translated"
"contractView.enterMessage","Enter message for {name}","Nhập thông điệp cho {name}","translated"
"contractView.enterType","Enter a value matching type: {type}.","Nhập giá trị phù hợp với kiểu: {type}.","translated"
"contractView.error","Error","Lỗi","translated"
"contractView.errorPrefix","Error: {message}","Lỗi: {message}","translated"
"contractView.fillInputs","2. Fill constructor inputs","2. Điền đầu vào hàm tạo","translated"
"contractView.fillRequired","Fill in each required value before creating the contract.","Điền mọi giá trị bắt buộc trước khi tạo hợp đồng.","translated"
"contractView.hashInfo","20-byte hash (hex) of an address/public key. Use “Select Address”.","Hash 20 byte (hex) của địa chỉ/khóa công khai. Dùng “Chọn địa chỉ”.","translated"
"contractView.howWorks","How this works","Cách hoạt động","translated"
"contractView.instantiated","Instantiated Contracts","Hợp đồng đã khởi tạo","translated"
"contractView.loadContractsFailed","Failed to load available contracts.","Không thể tải các hợp đồng có sẵn.","translated"
"contractView.loadDetailsFailed","Failed to load contract details.","Không thể tải thông tin chi tiết hợp đồng.","translated"
"contractView.loadInstancesFailed","Failed to load contract instances.","Không thể tải các thực thể hợp đồng.","translated"
"contractView.noInputs","This contract template has no constructor inputs.","Mẫu hợp đồng này không có đầu vào hàm tạo.","translated"
"contractView.noInstances","No contract instances yet.","Chưa có thực thể hợp đồng nào.","translated"
"contractView.noQr","No QR code detected. Please try again.","Không phát hiện mã QR. Hãy thử lại.","translated"
"contractView.pickTemplate","1. Pick a template","1. Chọn mẫu","translated"
"contractView.privateKeyUnavailable","Private key unavailable for this address.","Khóa riêng không khả dụng cho địa chỉ này.","translated"
"contractView.publicKeyInfo","Public key in hex. Use “Select Address” to fill automatically.","Khóa công khai dạng hex. Dùng “Chọn địa chỉ” để tự động điền.","translated"
"contractView.scanQr","Scan QR Code for {name}","Quét mã QR cho {name}","translated"
"contractView.selectAddress","Select Address","Chọn địa chỉ","translated"
"contractView.selectContract","Select a contract","Chọn hợp đồng","translated"
"contractView.selectData","Please select an address and enter data to sign.","Hãy chọn địa chỉ và nhập dữ liệu cần ký.","translated"
"contractView.selected","Selected {type}","Đã chọn {type}","translated"
"contractView.signature","Signature","Chữ ký","stable-term"
"contractView.signatureFailed","Failed to generate signature.","Không thể tạo chữ ký.","translated"
"contractView.signatureGenerated","Signature generated successfully!","Đã tạo chữ ký thành công!","translated"
"contractView.signingAddress","Signing address","Địa chỉ ký","translated"
"contractView.signMessage","Sign Message","Ký thông điệp","translated"
"contractView.title","Contracts","Hợp đồng","translated"
"contractView.tokenAddress","Token address","Địa chỉ token","translated"
"contractView.unavailable","Unavailable","Không khả dụng","translated"
"contractView.unknownError","Unknown error","Lỗi không xác định","translated"
"contractView.update","Update","Cập nhật","translated"
"contractView.updated","Contract updated successfully!","Đã cập nhật hợp đồng thành công!","translated"
"contractView.updateFailed","Failed to update contract.","Không thể cập nhật hợp đồng.","translated"
"contractView.updateFailedFallback","Failed to update contract.","Không thể cập nhật hợp đồng.","translated"
"derivation.accountIndex","Account index","Chỉ mục tài khoản","translated"
"derivation.addressDerivation","Address derivation","Dẫn xuất địa chỉ","translated"
"derivation.addressDerivationDescription","BIP44 account path used to derive this wallet.","Đường dẫn tài khoản BIP44 dùng để dẫn xuất ví này.","translated"
"derivation.bip44AccountIndex","BIP44 account index","Chỉ mục tài khoản BIP44","translated"
"derivation.bip44CoinType","BIP44 coin type","Loại coin BIP44","translated"
"derivation.branchDescription","Hardened markers are fixed. Receive and change addresses are derived automatically from the /0/index and /1/index branches.","Dấu hardened là cố định. Địa chỉ nhận và tiền thừa được dẫn xuất tự động từ nhánh /0/index và /1/index.","translated"
"derivation.coinType","Coin type","Loại coin","translated"
"derivation.customize","Customize","Tùy chỉnh","translated"
"derivation.invalidActive","The active derivation path is invalid.","Đường dẫn dẫn xuất đang hoạt động không hợp lệ.","translated"
"derivation.invalidValues","Invalid BIP44 path values.","Giá trị đường dẫn BIP44 không hợp lệ.","translated"
"derivation.networkDefault","Network default: {value}","Mặc định mạng: {value}","translated"
"derivation.pathDescription","The fixed BIP44 account path used by this wallet.","Đường dẫn tài khoản BIP44 cố định mà ví này sử dụng.","translated"
"derivation.pathPreview","Path preview","Xem trước đường dẫn","translated"
"derivation.range","Enter whole numbers from 0 to {max}.","Nhập số nguyên từ 0 đến {max}.","translated"
"derivation.required","{field} is required.","{field} là bắt buộc.","translated"
"derivation.usuallyZero","Usually 0","Thường là 0","translated"
"derivation.walletNetwork","Wallet network","Mạng ví","translated"
"derivation.walletNetworkDescription","Choose whether this wallet connects to live funds on Mainnet or test funds on Chipnet.","Chọn ví kết nối với tiền thật trên Mainnet hay tiền thử nghiệm trên Chipnet.","translated"
"desktopMenu.about","About OPTN Wallet","Giới thiệu OPTN Wallet","translated"
"desktopMenu.cannotExport","This wallet cannot be exported.","Không thể xuất ví này.","translated"
"desktopMenu.exported","Wallet exported.","Đã xuất ví.","translated"
"desktopMenu.exportFailed","Could not export the wallet.","Không thể xuất ví.","translated"
"desktopMenu.exportWallet","Export Wallet…","Xuất ví…","translated"
"desktopMenu.file","File","Tệp","translated"
"desktopMenu.help","Help","Trợ giúp","translated"
"desktopMenu.history","Transaction History","Lịch sử giao dịch","translated"
"desktopMenu.importNewWallet","Import New Wallet","Nhập ví mới","translated"
"desktopMenu.invalidWalletFile","That is not a valid OPTN wallet file.","Đây không phải là tệp ví OPTN hợp lệ.","translated"
"desktopMenu.lockWallet","Lock Wallet","Khóa ví","translated"
"desktopMenu.noSavedWallets","No saved wallets","Không có ví đã lưu","translated"
"desktopMenu.openWallet","Open Wallet","Mở ví","translated"
"desktopMenu.openWalletFile","Open Wallet File…","Mở tệp ví…","translated"
"desktopMenu.quit","Quit","Thoát","translated"
"desktopMenu.receive","Receive","Nhận","translated"
"desktopMenu.refreshWallet","Refresh Wallet","Làm mới ví","translated"
"desktopMenu.send","Send","Gửi","translated"
"desktopMenu.settings","Settings","Cài đặt","translated"
"desktopMenu.toggleTheme","Toggle Theme","Đổi giao diện","translated"
"desktopMenu.view","View","Xem","translated"
"desktopMenu.wallet","Wallet","Ví","translated"
"desktopSecurity.authenticating","Authenticating…","Đang xác thực…","translated"
"desktopSecurity.biometricFailed","Biometric unlock failed. Use your password.","Mở khóa sinh trắc học thất bại. Hãy dùng mật khẩu.","translated"
"desktopSecurity.confirmPassword","Confirm password","Xác nhận mật khẩu","translated"
"desktopSecurity.continue","Continue","Tiếp tục","translated"
"desktopSecurity.enterPassword","Enter your password to unlock.","Nhập mật khẩu để mở khóa.","translated"
"desktopSecurity.forgotPassword","Forgot your password? Remove the wallet and re-import your seed phrase.","Quên mật khẩu? Xóa ví rồi nhập lại cụm từ khôi phục.","translated"
"desktopSecurity.incorrect","Incorrect passphrase. Please try again.","Mật khẩu không đúng. Hãy thử lại.","translated"
"desktopSecurity.loading","Loading wallet…","Đang tải ví…","translated"
"desktopSecurity.mismatch","Passphrases do not match.","Mật khẩu không khớp.","translated"
"desktopSecurity.password","Password","Mật khẩu","translated"
"desktopSecurity.passwordNeverStored","Your password is never stored — it derives your encryption key locally.","Mật khẩu không bao giờ được lưu — khóa mã hóa được dẫn xuất cục bộ.","translated"
"desktopSecurity.passwordPlaceholder","Password (or leave blank)","Mật khẩu (hoặc để trống)","translated"
"desktopSecurity.saveFailed","Failed to save passphrase. Please try again.","Lưu mật khẩu thất bại. Hãy thử lại.","translated"
"desktopSecurity.secureWallet","Secure your wallet","Bảo vệ ví của bạn","translated"
"desktopSecurity.securing","Securing…","Đang bảo vệ…","translated"
"desktopSecurity.setupDescription","Set a password to encrypt your wallet. You'll need it every time you open the app. Leave blank to use OS-account protection only.","Đặt mật khẩu để mã hóa ví. Bạn sẽ cần mật khẩu mỗi lần mở ứng dụng. Để trống nếu chỉ muốn dùng bảo vệ tài khoản hệ điều hành.","translated"
"desktopSecurity.unlock","Unlock","Mở khóa","translated"
"desktopSecurity.unlockFailed","Unlock failed. Please try again.","Mở khóa thất bại. Hãy thử lại.","translated"
"desktopSecurity.unlocking","Unlocking…","Đang mở khóa…","translated"
"desktopSecurity.useBiometric","Use {label}","Dùng {label}","translated"
"desktopSecurity.walletLocked","Wallet locked","Ví đã khóa","translated"
"desktopWallet.addAnother","Add another wallet","Thêm ví khác","translated"
"desktopWallet.alreadyOpen","That wallet is already open in another window.","Ví này đã mở trong cửa sổ khác.","translated"
"desktopWallet.backToWallets","Back to wallets","Quay lại ví","translated"
"desktopWallet.biometricFailed","Biometric unlock failed: {message}","Mở khóa sinh trắc học thất bại: {message}","translated"
"desktopWallet.biometricUnlock","Biometric unlock","Mở khóa sinh trắc học","translated"
"desktopWallet.cancel","Cancel","Hủy","translated"
"desktopWallet.delete","Delete","Xóa","translated"
"desktopWallet.deleteConfirm","Delete “{name}” ({network}, #{id})? Its saved .optn file is kept, so you can re-import it later.","Xóa “{name}” ({network}, #{id})? Tệp .optn đã lưu vẫn được giữ để bạn có thể nhập lại.","translated"
"desktopWallet.deleteLabel","Delete {name}","Xóa {name}","translated"
"desktopWallet.deleting","Deleting…","Đang xóa…","translated"
"desktopWallet.device","Device","Thiết bị","translated"
"desktopWallet.filePasswordDescription","Enter this wallet file's password.","Nhập mật khẩu của tệp ví này.","translated"
"desktopWallet.hardwareDescription","It will be used automatically to sign sends from software wallets while connected. Standalone hardware-only wallets with their own receive addresses are not supported yet.","Thiết bị sẽ tự động ký lượt gửi từ ví phần mềm khi được kết nối. Ví chỉ phần cứng có địa chỉ nhận riêng chưa được hỗ trợ.","translated"
"desktopWallet.hardwareTitle","Connect Hardware Wallet","Kết nối ví phần cứng","translated"
"desktopWallet.importFailed","Could not import this wallet file.","Không thể nhập tệp ví này.","translated"
"desktopWallet.incorrectFilePassword","Incorrect password for this wallet file.","Mật khẩu cho tệp ví này không đúng.","translated"
"desktopWallet.open","Open","Mở","translated"
"desktopWallet.openButton","Open","Mở","translated"
"desktopWallet.openFailed","Could not open this wallet. Please try again.","Không thể mở ví này. Hãy thử lại.","translated"
"desktopWallet.openFile","Open “{name}”","Mở “{name}”","translated"
"desktopWallet.opening","Opening…","Đang mở…","translated"
"desktopWallet.password","Password","Mật khẩu","translated"
"desktopWallet.unlock","Unlock","Mở khóa","translated"
"desktopWallet.unlocking","Unlocking…","Đang mở khóa…","translated"
"desktopWallet.useBiometric","Use {label}","Dùng {label}","translated"
"desktopWallet.walletNumber","Wallet #{id}","Ví #{id}","stable-term"
"desktopWallet.yourWallets","Your wallets","Ví của bạn","translated"
"error.somethingWrong","Something went wrong.","Đã xảy ra lỗi.","translated"
"experimental.cashFusionDescription","CashFusion is a non-custodial privacy protocol that combines your UTXOs with those of other users in a way that breaks transaction history linkage. Connect to a CashFusion server to participate. Your funds are never at risk — the protocol is trustless.","CashFusion là giao thức riêng tư không lưu ký, kết hợp UTXO của bạn với người khác để phá liên kết lịch sử giao dịch. Kết nối máy chủ CashFusion để tham gia. Tiền của bạn không gặp rủi ro — giao thức không cần tin cậy.","translated"
"experimental.cashFusionWarning","Requires an active CashFusion server connection. Coming soon — toggle currently reserved.","Cần kết nối máy chủ CashFusion đang hoạt động. Sắp có — nút chuyển hiện được dành sẵn.","translated"
"experimental.description","These features are under active development. Enable them to test new capabilities — they may change or be incomplete in future updates.","Các tính năng này đang được phát triển. Bật để thử khả năng mới — chúng có thể thay đổi hoặc chưa hoàn chỉnh trong bản cập nhật sau.","translated"
"experimental.disable","Disable","Tắt","translated"
"experimental.enable","Enable","Bật","translated"
"experimental.features","Experimental Features","Tính năng thử nghiệm","translated"
"experimental.privacy","Privacy","Riêng tư","translated"
"experimental.quantumDescription","Quantumroot vaults protect funds with a quantum-resistant Schnorr LM-OTS scheme. Enabled by default. Turn off to hide Quantumroot from the wallet if you don't use it.","Vault Quantumroot bảo vệ tiền bằng sơ đồ Schnorr LM-OTS chống lượng tử. Mặc định bật. Tắt để ẩn Quantumroot nếu bạn không dùng.","translated"
"experimental.quantumSafe","Quantum-safe","An toàn trước lượng tử","translated"
"experimental.rpaBadge","BCH RPA","BCH RPA","stable-term"
"experimental.rpaDescription","Generates a static paycode (paycode:q...) that you can share publicly. Senders derive a unique one-time address for each payment via ECDH — no notification transaction, no chain bloat. Received stealth funds appear separately as 'Stealth BCH'. Scanning requires a Fulcrum-RPA capable server.","Tạo Paycode tĩnh (paycode:q...) để chia sẻ công khai. Người gửi dẫn xuất địa chỉ dùng một lần cho mỗi khoản thanh toán qua ECDH — không có giao dịch thông báo và không làm phình chuỗi. Tiền ẩn nhận được hiển thị riêng là “BCH ẩn”. Quét cần máy chủ hỗ trợ Fulcrum-RPA.","translated"
"experimental.rpaTitle","Reusable Payment Addresses (RPA)","Địa chỉ thanh toán tái sử dụng (RPA)","translated"
"experimental.rpaWarning","Sending to paycodes requires signature grinding (not yet implemented). Receiving and scanning are available.","Gửi tới Paycode cần signature grinding (chưa triển khai). Có thể nhận và quét.","translated"
"faucet.captcha","Answer the captcha question","Trả lời câu hỏi captcha","translated"
"faucet.clickLink","Click the Chipnet Faucet link","Nhấp liên kết Faucet Chipnet","translated"
"faucet.copyAddress","Copy a BCH Chipnet address","Sao chép địa chỉ BCH Chipnet","translated"
"faucet.getCoins","Press ""Get Coins""","Nhấn “Get Coins”","translated"
"faucet.instructions","Instructions","Hướng dẫn","stable-term"
"faucet.name","Chipnet Faucet","Faucet Chipnet","stable-term"
"faucet.pasteAddress","Paste your address","Dán địa chỉ của bạn","translated"
"faucet.selectNetwork","Select ""chipnet"" in the NETWORK box","Chọn “chipnet” trong ô NETWORK","translated"
"faucet.tooltip","Get Chipnet BCH","Nhận BCH Chipnet","translated"
"fusion.addPlaceholder","Add server — host:port (e.g. fusion.example.com:8789)","Thêm máy chủ — host:cổng (ví dụ fusion.example.com:8789)","translated"
"fusion.autoTry","Auto — try each until one responds","Tự động — thử từng máy chủ đến khi có phản hồi","translated"
"fusion.busy","A fusion round is already running for this wallet.","Ví này đã có một vòng Fusion đang chạy.","translated"
"fusion.choose","Choose how to fuse:","Chọn cách hợp nhất:","translated"
"fusion.coinjoinAnyNetwork","Both the server path and P2P Fusion run real CoinJoins on any network. Some wallet-hardening items are still pending, but each round verifies your own outputs before signing, so it fails safely.","Cả đường máy chủ và Fusion P2P đều chạy CoinJoin thật trên mọi mạng. Một số mục tăng cường ví vẫn đang chờ, nhưng mỗi vòng xác minh đầu ra của bạn trước khi ký nên sẽ thất bại an toàn.","translated"
"fusion.coinjoinBoth","Both run a real CoinJoin.","Cả hai đều chạy CoinJoin thật.","translated"
"fusion.componentFeeRate","Component fee rate","Mức phí thành phần","translated"
"fusion.componentsPlayer","Components / player","Thành phần / người chơi","translated"
"fusion.connectingTor","Connecting via Tor{port}.","Đang kết nối qua Tor{port}.","translated"
"fusion.cooldown","Waiting for the auto-fusion cooldown.","Đang chờ thời gian nghỉ của hợp nhất tự động.","translated"
"fusion.disable","Disable","Tắt","translated"
"fusion.donation","Donation","Đóng góp","translated"
"fusion.enable","Enable","Bật","translated"
"fusion.enabled","CashFusion Enabled","Đã bật CashFusion","translated"
"fusion.enableP2p","Enable P2P Fusion","Bật Fusion P2P","translated"
"fusion.enableServer","Enable Server Fusion","Bật Fusion qua máy chủ","translated"
"fusion.excessFeeRange","Excess fee range","Phạm vi phí dư","translated"
"fusion.experimentalPending","Experimental — still pending: {items}.","Thử nghiệm — vẫn đang chờ: {items}.","translated"
"fusion.failed","Failed ✗","Thất bại ✗","translated"
"fusion.fewServers","CashFusion intentionally has few public servers — a larger anonymity set on fewer servers is better than being spread thin. Add your own or a community server above.","CashFusion cố ý có ít máy chủ công khai — một tập ẩn danh lớn hơn trên ít máy chủ tốt hơn việc dàn trải quá mỏng. Hãy thêm máy chủ của bạn hoặc máy chủ cộng đồng ở trên.","translated"
"fusion.fused","Fused ✓ — txid {txid}","Đã hợp nhất ✓ — txid {txid}","translated"
"fusion.fusing","Fusing…","Đang hợp nhất…","translated"
"fusion.handshakeOk","Handshake OK ✓","Bắt tay OK ✓","translated"
"fusion.handshaking","Handshaking…","Đang bắt tay…","translated"
"fusion.hide","Hide","Ẩn","translated"
"fusion.howWorks","How does it work?","Hoạt động như thế nào?","translated"
"fusion.mobileUnsupported","CashFusion needs a raw TCP connection, which a mobile/web browser cannot open. Available in the desktop app.","CashFusion cần kết nối TCP thô mà trình duyệt mobile/web không thể mở. Có sẵn trong ứng dụng desktop.","translated"
"fusion.more","more","thêm","translated"
"fusion.noEligibleCoins","No coins are eligible to fuse right now.","Hiện không có coin đủ điều kiện để hợp nhất.","translated"
"fusion.now","Fuse Now","Hợp nhất ngay","translated"
"fusion.nowDescription","CoinJoin via the server configured in Servers. Needs Tor + at least 2 players in a tier.","CoinJoin qua máy chủ đã cấu hình trong mục Máy chủ. Cần Tor và ít nhất 2 người chơi cùng nhóm.","translated"
"fusion.openWallet","Open a wallet to run a P2P round.","Mở ví để chạy vòng P2P.","translated"
"fusion.or","or","hoặc","translated"
"fusion.p2pMode","P2P Fusion","Fusion P2P","stable-term"
"fusion.p2pModeDescription","Serverless — peers over Nostr + Tor. Auto-fuses when on. Turning this on turns Server Fusion off.","Không máy chủ — peer qua Nostr + Tor. Tự động hợp nhất khi bật. Bật mục này sẽ tắt Fusion qua máy chủ.","translated"
"fusion.p2pModeLabel","P2P Fusion","Fusion P2P","stable-term"
"fusion.poolTiers","Pool tiers","Nhóm pool","translated"
"fusion.privacy","Privacy","Riêng tư","translated"
"fusion.protocolNote","Steps 1–4 run end-to-end on the server path: the wallet joins a pool, exchanges blind signatures, submits over Tor, and broadcasts the assembled CoinJoin. P2P Fusion runs the same round without a server over Nostr and Tor. Experimental wallet-hardening items are still pending, but your own outputs are verified before signing, so an invalid round fails safely.","Các bước 1–4 chạy trọn vẹn trên đường máy chủ: ví tham gia pool, trao đổi chữ ký mù, gửi qua Tor và phát CoinJoin đã lắp ráp. Fusion P2P chạy cùng vòng mà không cần máy chủ qua Nostr và Tor. Một số mục tăng cường ví thử nghiệm vẫn đang chờ, nhưng đầu ra của bạn được xác minh trước khi ký nên vòng không hợp lệ sẽ thất bại an toàn.","translated"
"fusion.queryAuto","Query (Auto)","Truy vấn (tự động)","translated"
"fusion.queryServer","Query Server","Truy vấn máy chủ","translated"
"fusion.remoteTorRequired","This is a remote server, so Tor is required — but no Tor proxy was found. Start Tor above, or the query will be refused.","Đây là máy chủ từ xa nên cần Tor — nhưng không tìm thấy proxy Tor. Khởi động Tor ở trên hoặc truy vấn sẽ bị từ chối.","translated"
"fusion.selected","● selected","● đã chọn","translated"
"fusion.serverMode","Fuse Now using CashFusion server","Hợp nhất ngay bằng máy chủ CashFusion","translated"
"fusion.serverModeDescription","Fuse via a CashFusion server. Auto-fuses when on.","Hợp nhất qua máy chủ CashFusion. Tự động hợp nhất khi bật.","translated"
"fusion.serverModeLabel","Server Fusion","Fusion qua máy chủ","translated"
"fusion.serverParameters","Server parameters (live)","Tham số máy chủ (trực tiếp)","translated"
"fusion.servers","Fusion servers","Máy chủ Fusion","stable-term"
"fusion.step1","1. Pool joining.","1. Tham gia pool.","translated"
"fusion.step1Text","Your wallet announces UTXOs it wants to fuse to the server.","Ví thông báo cho máy chủ các UTXO muốn hợp nhất.","translated"
"fusion.step2","2. Blind signing.","2. Ký mù.","translated"
"fusion.step2Text","Participants generate blinded output addresses and exchange blind signatures — nobody learns the input-to-output mapping.","Người tham gia tạo địa chỉ đầu ra mù và trao đổi chữ ký mù — không ai biết ánh xạ đầu vào–đầu ra.","translated"
"fusion.step3","3. Covert submission.","3. Gửi kín.","translated"
"fusion.step3Text","Each participant submits the transaction via Tor or direct connection. The server assembles the final transaction.","Mỗi người tham gia gửi giao dịch qua Tor hoặc kết nối trực tiếp. Máy chủ lắp ráp giao dịch cuối.","translated"
"fusion.step4","4. Broadcast.","4. Phát giao dịch.","translated"
"fusion.step4Text","All participants broadcast the jointly constructed transaction.","Tất cả người tham gia phát giao dịch được xây dựng chung.","translated"
"fusion.summary","CashFusion combines UTXOs from many participants into a single transaction, breaking blockchain history links between inputs and outputs. It is non-custodial — your funds never leave your control.","CashFusion kết hợp UTXO từ nhiều người tham gia thành một giao dịch, phá liên kết lịch sử blockchain giữa đầu vào và đầu ra. Đây là giao thức không lưu ký — tiền luôn nằm trong quyền kiểm soát của bạn.","translated"
"fusion.syncingCoins","Syncing wallet coins — try again in a moment.","Đang đồng bộ coin của ví — hãy thử lại sau giây lát.","translated"
"fusion.tiers","Tiers","Nhóm","translated"
"fusion.torOff","Tor is off. Remote fusion queries will be refused — enable Tor above, or use a localhost server.","Tor đang tắt. Truy vấn Fusion từ xa sẽ bị từ chối — bật Tor ở trên hoặc dùng máy chủ localhost.","translated"
"hardware.active","active","đang hoạt động","translated"
"hardware.advanced","Advanced (derivation path)","Nâng cao (đường dẫn dẫn xuất)","translated"
"hardware.airGap","air-gap","cách ly","translated"
"hardware.beforeConnecting","Before connecting","Trước khi kết nối","translated"
"hardware.bip44Path","BIP44 path","Đường dẫn BIP44","translated"
"hardware.comingSoon","Coming soon","Sắp có","translated"
"hardware.connect","Connect {device}","Kết nối {device}","translated"
"hardware.connecting","Connecting…","Đang kết nối…","translated"
"hardware.connectionType","Connection type","Loại kết nối","translated"
"hardware.description","The device holds your private keys. The wallet is the bridge. Keys never leave the hardware.","Thiết bị giữ khóa riêng của bạn. Khóa không bao giờ rời phần cứng.","translated"
"hardware.disconnect","Disconnect","Ngắt kết nối","translated"
"hardware.enableKeystone","Enable Keystone (QR mode)","Bật Keystone (chế độ QR)","translated"
"hardware.howItWorks","How it works","Cách hoạt động","translated"
"hardware.keystoneHow","Keystone's air-gapped QR signing isn't finished yet — the app can't build or read the QR codes it would need to in this build. Support is planned but not ready for real funds.","Ký QR cách ly của Keystone chưa sẵn sàng cho tiền thật.","translated"
"hardware.keystoneSubtitle","Air-gapped QR signing — not yet supported","Ký QR cách ly — chưa được hỗ trợ","translated"
"hardware.ledgerStep1","USB: plug in → enter PIN → open Bitcoin Cash app","USB: cắm → nhập PIN → mở ứng dụng Bitcoin Cash","translated"
"hardware.ledgerStep2","Bluetooth (Nano X): enable BLE on device → open Bitcoin Cash app","Bluetooth (Nano X): bật BLE → mở ứng dụng Bitcoin Cash","translated"
"hardware.ledgerStep3","The browser will show a device picker prompt","Trình duyệt sẽ hiển thị hộp chọn thiết bị","translated"
"hardware.ledgerSubtitle","USB (WebHID) or Bluetooth (Nano X)","USB (WebHID) hoặc Bluetooth (Nano X)","translated"
"hardware.notSupported","{device} support isn't finished yet — it can't connect or sign in this build. Pick another device, or use the software wallet.","Hỗ trợ {device} chưa hoàn tất. Hãy chọn thiết bị khác hoặc dùng ví phần mềm.","translated"
"hardware.onekeyStep1","Install OneKey Bridge if not already installed","Cài OneKey Bridge nếu cần","translated"
"hardware.onekeyStep2","Plug in your OneKey device or pair via Bluetooth","Cắm OneKey bằng USB hoặc ghép nối Bluetooth","translated"
"hardware.onekeyStep3","Unlock your device with your PIN","Mở khóa thiết bị bằng PIN","translated"
"hardware.onekeyStep4","Allow the connection when requested","Cho phép kết nối khi được yêu cầu","translated"
"hardware.onekeySubtitle","USB or Bluetooth via OneKey Bridge","USB hoặc Bluetooth qua OneKey Bridge","translated"
"hardware.path","Path","Đường dẫn","translated"
"hardware.softwareHow","Your private keys never leave the device. The wallet builds an unsigned transaction, the device shows the details on its screen, you physically confirm, and the device sends back only the signature. Like Electron Cash's hardware wallet mode.","Ví tạo giao dịch chưa ký; thiết bị hiển thị chi tiết và chỉ trả lại chữ ký sau khi bạn xác nhận.","translated"
"hardware.softwareLabel","Software Wallet","Ví phần mềm","translated"
"hardware.softwareSubtitle","Encrypted keys stored on this device","Khóa mã hóa trên thiết bị này","translated"
"hardware.title","Hardware Wallet","Ví phần cứng","translated"
"hardware.trezorStep1","Install Trezor Suite — it includes the Bridge daemon","Cài Trezor Suite — đã có daemon Bridge","translated"
"hardware.trezorStep2","Plug in your Trezor (USB) or pair via Bluetooth (newer models)","Cắm Trezor bằng USB hoặc ghép nối Bluetooth","translated"
"hardware.trezorStep3","Unlock your device with your PIN","Mở khóa thiết bị bằng PIN","translated"
"hardware.trezorStep4","Allow the connection popup when it appears","Cho phép popup kết nối khi xuất hiện","translated"
"hardware.trezorSubtitle","USB or Bluetooth via Trezor Bridge","USB hoặc Bluetooth qua Trezor Bridge","translated"
"history.awaitingConfirmation","Awaiting confirmation","Đang chờ xác nhận","translated"
"history.block","Block","Khối","translated"
"history.closeDetails","Close details","Đóng chi tiết","translated"
"history.confirmations","{count} confirmations","{count} lần xác nhận","stable-term"
"history.confirmed","Confirmed","Đã xác nhận","translated"
"history.detailsUnavailable","Transaction details are not available from Electrum right now.","Hiện Electrum không cung cấp thông tin chi tiết giao dịch.","translated"
"history.fee","Fee","Phí","translated"
"history.first","First","Đầu tiên","translated"
"history.last","Last","Cuối cùng","translated"
"history.loadDetailsFailed","Failed to load transaction details.","Không thể tải thông tin chi tiết giao dịch.","translated"
"history.loadingDetails","Loading transaction details…","Đang tải chi tiết giao dịch…","translated"
"history.newestFirst","Newest first","Mới nhất trước","translated"
"history.noActivity","No activity yet","Chưa có hoạt động","translated"
"history.noData","No data available.","Không có dữ liệu.","translated"
"history.noTransactions","No transactions available yet.","Chưa có giao dịch nào.","translated"
"history.oldestFirst","Oldest first","Cũ nhất trước","translated"
"history.openExplorer","Open in explorer","Mở trong trình khám phá","translated"
"history.output","Output","Đầu ra","translated"
"history.pending","Pending","Đang chờ","translated"
"history.perPage","{count} per page","{count} mỗi trang","translated"
"history.recipients","Recipients","Người nhận","translated"
"history.recorded","{count} recorded","Đã ghi nhận {count}","translated"
"history.senders","Senders","Người gửi","translated"
"history.status","Status","Trạng thái","stable-term"
"history.sync","Sync","Đồng bộ","translated"
"history.timestamp","Timestamp","Thời gian","translated"
"history.title","Transaction History","Lịch sử giao dịch","translated"
"history.transaction","Transaction","Giao dịch","stable-term"
"history.transactionHash","Transaction Hash","Mã băm giao dịch","translated"
"history.unavailable","Unavailable","Không khả dụng","translated"
"history.unconfirmed","Unconfirmed","Chưa xác nhận","translated"
"history.unknown","Unknown","Không rõ","translated"
"history.yourWallet","Your wallet","Ví của bạn","translated"
"home.block","Block","Khối","translated"
"home.confirmed","Confirmed","Đã xác nhận","translated"
"home.latestActivity","Latest wallet activity","Hoạt động mới nhất của ví","translated"
"home.noQrCode","No QR code detected. Try again.","Không phát hiện mã QR. Hãy thử lại.","translated"
"home.noRecentActivity","No recent activity yet.","Chưa có hoạt động gần đây.","translated"
"home.pending","Pending","Đang chờ","translated"
"home.pendingConfirmation","Pending confirmation","Đang chờ xác nhận","translated"
"home.portfolio","Portfolio","Danh mục","translated"
"home.quickActions","Quick Actions","Thao tác nhanh","translated"
"home.receive","Receive","Nhận","translated"
"home.recentActivity","Recent Activity","Hoạt động gần đây","translated"
"home.scanQr","Scan QR","Quét QR","translated"
"home.send","Send","Gửi","translated"
"home.sync","Sync","Đồng bộ","translated"
"home.syncing","Syncing…","Đang đồng bộ…","translated"
"home.title","Home","Trang chủ","translated"
"home.toggleBalance","Toggle BCH and USD balance","Đổi số dư BCH và USD","translated"
"home.unsupportedQr","QR scanned, but it is not a supported wallet payload.","Đã quét QR nhưng đây không phải dữ liệu ví được hỗ trợ.","translated"
"home.usdPriceUnavailable","USD price unavailable","Không có giá USD","translated"
"home.usdUnavailable","USD unavailable","Không có USD","translated"
"home.viewAll","View all","Xem tất cả","translated"
"home.walletOverview","Wallet overview","Tổng quan ví","translated"
"nav.actions","Actions","Thao tác","stable-term"
"nav.apps","Apps","Ứng dụng","translated"
"nav.assets","Assets","Tài sản","translated"
"nav.home","Home","Trang chủ","translated"
"nav.settings","Settings","Cài đặt","translated"
"network.chipnet","Chipnet","Chipnet","stable-term"
"network.mainnet","Mainnet","Mainnet","stable-term"
"network.switch","Switch network. Current: {network}","Chuyển mạng. Hiện tại: {network}","translated"
"nftConfig.capability","NFT Capability","Quyền hạn NFT","translated"
"nftConfig.commitment","NFT Commitment","Commitment NFT","translated"
"nftConfig.done","Done","Hoàn tất","translated"
"nftConfig.minting","minting","phát hành","translated"
"nftConfig.mintingDescription","one NFT authority that can create multiple next NFTs.","một quyền hạn NFT có thể tạo nhiều NFT tiếp theo.","translated"
"nftConfig.mutable","mutable","có thể thay đổi","translated"
"nftConfig.mutableDescription","one NFT that may update its commitment when spent.","một NFT có thể cập nhật commitment khi được chi.","translated"
"nftConfig.none","none","không có","translated"
"nftConfig.noneDescription","one immutable NFT, best for approvals or receipts.","một NFT bất biến, phù hợp cho phê duyệt hoặc biên nhận.","translated"
"nftConfig.placeholder","Up to 40 bytes","Tối đa 40 byte","translated"
"nftConfig.title","NFT Configuration","Cấu hình NFT","translated"
"nostr.active","{active}/{total} active","{active}/{total} đang hoạt động","translated"
"nostr.add","Add","Thêm","translated"
"nostr.chat","Nostr chat","Trò chuyện Nostr","translated"
"nostr.checking","Checking…","Đang kiểm tra…","translated"
"nostr.checkRelayStatus","Check relay status","Kiểm tra trạng thái relay","translated"
"nostr.connected","connected","đã kết nối","translated"
"nostr.deriving","Deriving…","Đang dẫn xuất…","translated"
"nostr.disable","Disable","Tắt","translated"
"nostr.dmDescription","End-to-end encrypted DMs using NIP-17.","Tin nhắn trực tiếp mã hóa đầu cuối bằng NIP-17.","translated"
"nostr.enable","Enable","Bật","translated"
"nostr.identity","Nostr identity","Danh tính Nostr","translated"
"nostr.identityDescription","Derived from your seed via NIP-06 (a separate path) — your spending keys are never reused.","Dẫn xuất từ seed qua NIP-06 (đường dẫn riêng) — khóa chi không bao giờ được dùng lại.","translated"
"nostr.invalidRelay","Enter a secure relay URL beginning with wss://","Nhập URL relay an toàn bắt đầu bằng wss://","translated"
"nostr.privacyWarning","Relay operators can still observe connection metadata, timing, and recipient tags. Encrypted content is not the same as network anonymity.","Nhà vận hành relay vẫn có thể thấy siêu dữ liệu kết nối, thời gian và tag người nhận. Nội dung mã hóa không đồng nghĩa với ẩn danh mạng.","translated"
"nostr.relays","Relays","Relay","stable-term"
"nostr.relaysDescription","WSS relays used for chat and the P2P-fusion transport. Add your own or use the defaults.","Relay WSS dùng cho trò chuyện và truyền tải P2P-Fusion. Thêm relay của bạn hoặc dùng mặc định.","translated"
"nostr.remove","Remove","Xóa","translated"
"nostr.unknown","unknown","không rõ","translated"
"nostr.unreachable","unreachable","không thể truy cập","translated"
"notifications.dismiss","Dismiss","Bỏ qua","translated"
"notifications.fundsReceived","Funds received","Đã nhận tiền","translated"
"notifications.fundsReceivedBody","{amount} sats to {address} • {txid}","{amount} sats đến {address} • {txid}","translated"
"notifications.incomingBch","Incoming BCH","Đã nhận BCH","translated"
"notifications.incomingToken","Incoming token","Đã nhận token","translated"
"notifications.transactionConfirmed","Transaction confirmed","Giao dịch đã xác nhận","translated"
"notifications.unknownAddress","unknown address","địa chỉ không xác định","translated"
"onboarding.back","Back","Quay lại","translated"
"onboarding.closeHelp","Close help","Đóng trợ giúp","translated"
"onboarding.confirm","Confirm","Xác nhận","translated"
"onboarding.confirmError","Those don't match your seed phrase. Check the words and try again.","Các từ không khớp với cụm từ hạt giống. Hãy kiểm tra và thử lại.","translated"
"onboarding.confirmInstruction","Type the requested words to prove you saved them correctly.","Nhập các từ được yêu cầu để xác nhận bạn đã lưu đúng.","translated"
"onboarding.confirmPasswordPlaceholder","Confirm password","Xác nhận mật khẩu","translated"
"onboarding.confirmSeed","Confirm Your Seed Phrase","Xác nhận cụm từ khôi phục","translated"
"onboarding.connectHardware","Connect Hardware Wallet","Kết nối ví phần cứng","translated"
"onboarding.continue","Continue","Tiếp tục","translated"
"onboarding.createNewWallet","Create New Wallet","Tạo ví mới","translated"
"onboarding.createWallet","Create Wallet","Tạo ví","translated"
"onboarding.createWatchOnly","Create Watch-Only Wallet","Tạo ví chỉ xem","translated"
"onboarding.creating","Creating Wallet…","Đang tạo ví…","translated"
"onboarding.creationFailed","Wallet creation failed. Please try again.","Tạo ví thất bại. Hãy thử lại.","translated"
"onboarding.databasePreparationFailed","Could not prepare the wallet on this device.","Không thể chuẩn bị ví trên thiết bị này.","translated"
"onboarding.generatedMnemonic","Generated Mnemonic:","Cụm từ khôi phục đã tạo:","translated"
"onboarding.generatingSeed","Generating seed phrase…","Đang tạo cụm từ khôi phục…","translated"
"onboarding.helpCreateDescription","Use this if you want a new wallet with a fresh seed phrase on this device.","Dùng tùy chọn này để tạo ví mới với cụm từ hạt giống mới trên thiết bị này.","translated"
"onboarding.helpCreateTitle","Create Wallet","Tạo ví","translated"
"onboarding.helpDescription","Create a wallet for the first time or restore one you already have.","Tạo ví lần đầu hoặc khôi phục ví bạn đã có.","translated"
"onboarding.helpImportDescription","Use this if you already have a 12-word recovery phrase and want access to an existing wallet.","Dùng tùy chọn này nếu bạn đã có cụm từ khôi phục 12 từ và muốn truy cập ví hiện có.","translated"
"onboarding.helpImportTitle","Import Wallet","Nhập ví","translated"
"onboarding.helpNetworkDescription","Select Mainnet for real funds or CHIPNET for test funds before you proceed.","Chọn Mainnet cho tiền thật hoặc CHIPNET cho tiền thử nghiệm trước khi tiếp tục.","translated"
"onboarding.helpNetworkTitle","Choose a network","Chọn mạng","translated"
"onboarding.helpTitle","Getting started","Bắt đầu","translated"
"onboarding.importFailed","Wallet import failed. Please try again.","Nhập ví thất bại. Hãy thử lại.","translated"
"onboarding.importing","Importing Wallet…","Đang nhập ví…","translated"
"onboarding.importWallet","Import Wallet","Nhập ví","translated"
"onboarding.invalidMnemonic","Enter a valid English BIP39 recovery phrase with 12, 15, 18, 21, or 24 words.","Nhập cụm từ khôi phục BIP39 hợp lệ bằng tiếng Anh gồm 12, 15, 18, 21 hoặc 24 từ.","translated"
"onboarding.missingWord","Word {number} is missing.","Thiếu từ {number}.","translated"
"onboarding.mnemonicLoading","The recovery phrase is still loading. Please wait a moment.","Cụm từ khôi phục vẫn đang tải. Vui lòng chờ một chút.","translated"
"onboarding.mnemonicWarning","Your recovery phrase is the master key to your wallet. Store it securely and never share it.","Cụm từ khôi phục là chìa khóa chính của ví. Hãy cất giữ an toàn và không bao giờ chia sẻ.","translated"
"onboarding.nameRequired","Give this wallet a name.","Hãy đặt tên cho ví này.","translated"
"onboarding.nameWallet","Name This Wallet","Đặt tên cho ví này","translated"
"onboarding.nameWalletDescription","Give this wallet a name and a password. Each wallet on this device has its own independent password.","Đặt tên và mật khẩu cho ví này. Mỗi ví trên thiết bị có mật khẩu độc lập riêng.","translated"
"onboarding.passwordMismatch","Passwords do not match.","Mật khẩu không khớp.","translated"
"onboarding.passwordPlaceholder","Password (or leave blank)","Mật khẩu (hoặc để trống)","translated"
"onboarding.poweredBy","Powered with Bitcoin Covenants for Bitcoin Cash","Được hỗ trợ bởi Bitcoin Covenants cho Bitcoin Cash","translated"
"onboarding.recoveryDescription","Enter your BIP39 recovery phrase (12, 15, 18, 21, or 24 words). Each box corresponds to the word order.","Nhập cụm từ khôi phục BIP39 bằng tiếng Anh (12, 15, 18, 21 hoặc 24 từ). Mỗi ô tương ứng với thứ tự của một từ.","translated"
"onboarding.recoveryPhrase","Recovery Phrase","Cụm từ khôi phục","translated"
"onboarding.seedInstruction","Write these 12 words down in order and keep them somewhere safe. Anyone with this phrase can spend your funds — never share it or store it digitally.","Ghi lại 12 từ này theo đúng thứ tự và cất ở nơi an toàn. Bất kỳ ai có cụm từ này đều có thể dùng tiền của bạn — không chia sẻ hoặc lưu cụm từ dưới dạng kỹ thuật số.","translated"
"onboarding.seedTitle","Your Seed Phrase","Cụm từ khôi phục của bạn","translated"
"onboarding.toggleTheme","Toggle theme","Đổi giao diện","translated"
"onboarding.walletAlreadyAvailable","This wallet is already available on this device.","Ví này đã có sẵn trên thiết bị.","translated"
"onboarding.walletAlreadyExists","This wallet may already exist on this device.","Ví này có thể đã tồn tại trên thiết bị.","translated"
"onboarding.walletNamePlaceholder","Wallet name","Tên ví","translated"
"onboarding.walletSavedIdFailed","Wallet was saved, but its wallet ID could not be resolved.","Đã lưu ví nhưng không thể xác định ID của ví.","translated"
"onboarding.walletSetup","Wallet Setup","Thiết lập ví","translated"
"onboarding.walletSetupDescription","Choose the network and address path this wallet will use.","Chọn mạng và đường dẫn địa chỉ mà ví này sẽ sử dụng.","translated"
"onboarding.welcomeAlt","OPTN Wallet","Ví OPTN","stable-term"
"onboarding.word","Word","Từ","translated"
"onboarding.wordCountLabel","Phrase length","Độ dài cụm từ","translated"
"onboarding.wordPlaceholder","word","từ","translated"
"onboarding.words","words","từ","translated"
"onboarding.wroteItDown","I've written it down","Tôi đã ghi lại","translated"
"outbox.amount","Amount","Số lượng","translated"
"outbox.clearPending","Clear pending lock","Xóa khóa đang chờ","translated"
"outbox.clearPendingTitle","Clear this pending lock if the transaction was not actually sent","Xóa khóa này nếu giao dịch thực tế chưa được gửi","translated"
"outbox.copyTxid","Copy txid","Sao chép txid","translated"
"outbox.daysAgo","{count}d ago","{count} ngày trước","translated"
"outbox.description","Offline-first protection keeps new sends paused until these transactions are seen or safely released.","Bảo vệ ưu tiên ngoại tuyến tạm dừng lượt gửi mới cho đến khi các giao dịch này được nhìn thấy hoặc giải phóng an toàn.","translated"
"outbox.destination","Destination","Đích đến","stable-term"
"outbox.dismiss","Dismiss","Bỏ qua","translated"
"outbox.dismissPending","Dismiss pending transactions popup","Đóng thông báo giao dịch đang chờ","translated"
"outbox.finalizing","Finalizing transaction","Đang hoàn tất giao dịch","translated"
"outbox.finalizingMultiple","Finalizing {count} transactions","Đang hoàn tất {count} giao dịch","translated"
"outbox.historyUpdate","Your wallet history will update automatically. This usually takes a moment.","Lịch sử ví sẽ tự động cập nhật. Thường chỉ mất một lát.","translated"
"outbox.hoursAgo","{count}h ago","{count} giờ trước","translated"
"outbox.justNow","just now","vừa xong","translated"
"outbox.lastNetworkIssue","Last network issue","Sự cố mạng gần nhất","translated"
"outbox.minutesAgo","{count}m ago","{count} phút trước","translated"
"outbox.noPending","No pending outgoing transactions.","Không có giao dịch gửi đi đang chờ.","translated"
"outbox.pendingOutgoing","Pending outgoing transactions","Giao dịch gửi đi đang chờ","translated"
"outbox.prompt","Prompt","Yêu cầu","translated"
"outbox.releaseSendLock","Release send lock","Giải phóng khóa gửi","translated"
"outbox.releaseStale","Release if stale","Giải phóng nếu đã cũ","translated"
"outbox.releaseStaleTitle","Available after {minutes} minutes if the transaction is still unresolved","Có thể dùng sau {minutes} phút nếu giao dịch vẫn chưa được xử lý","translated"
"outbox.requestedBy","Requested by","Yêu cầu bởi","translated"
"outbox.title","Outbox","Hộp thư đi","translated"
"outbox.txid","Txid","Txid","stable-term"
"outbox.updated","Updated {age}","Đã cập nhật {age}","translated"
"outbox.walletSend","Wallet send","Gửi từ ví","translated"
"p2p.description","No server: peers meet on Nostr relays over Tor, deterministically elect a coordinator, and run the CoinJoin peer-to-peer. Outputs are unlinkable; you sign only your own inputs after verifying your own outputs.","Không cần máy chủ: các peer gặp nhau trên relay Nostr qua Tor, bầu điều phối viên xác định và chạy CoinJoin ngang hàng. Đầu ra không thể liên kết; bạn chỉ ký đầu vào của mình sau khi xác minh đầu ra.","translated"
"p2p.phase.announce","Announcing & finding peers","Thông báo và tìm peer","translated"
"p2p.phase.assemble","Assembling & verifying","Lắp ráp và xác minh","translated"
"p2p.phase.broadcast","Broadcasting","Đang phát","translated"
"p2p.phase.register","Registering inputs & outputs","Đăng ký đầu vào và đầu ra","translated"
"p2p.phase.sign","Signing","Đang ký","translated"
"p2p.requiresPeers","Requires Tor + at least 2 peers in the same tier.","Cần Tor và ít nhất 2 peer cùng nhóm.","translated"
"p2p.running","Running P2P round…","Đang chạy vòng P2P…","translated"
"p2p.start","Start P2P round","Bắt đầu vòng P2P","translated"
"p2p.title","P2P Fusion over Nostr","Fusion P2P qua Nostr","translated"
"paper.addressConversionError","Address conversion error","Lỗi chuyển đổi địa chỉ","translated"
"paper.addressDerivationFailed","Unable to derive a valid paper wallet address from the scanned key.","Không thể dẫn xuất địa chỉ ví giấy hợp lệ từ khóa đã quét.","translated"
"paper.back","Back","Quay lại","translated"
"paper.bchOutputs","BCH outputs","Đầu ra BCH","translated"
"paper.buildFailed","Failed to build sweep transaction.","Tạo giao dịch chuyển thất bại.","translated"
"paper.confirmDescription","Slide to confirm the one-transaction paper wallet sweep.","Trượt để xác nhận chuyển ví giấy trong một giao dịch.","translated"
"paper.confirmTitle","Confirm sweep","Xác nhận chuyển","translated"
"paper.decodingError","Decoding error","Lỗi giải mã","translated"
"paper.description","Scan a WIF paper wallet and sweep BCH + CashTokens in one transaction.","Quét ví giấy WIF và chuyển BCH + CashTokens trong một giao dịch.","translated"
"paper.label","Paper wallet","Ví giấy","translated"
"paper.noCashTokens","No CashTokens detected.","Không phát hiện CashToken.","translated"
"paper.noDestination","No destination wallet address is available.","Không có địa chỉ ví đích.","translated"
"paper.noQrCode","No QR code detected. Please try again.","Không phát hiện mã QR. Hãy thử lại.","translated"
"paper.notScanned","No paper wallet scanned yet.","Chưa quét ví giấy nào.","translated"
"paper.noUtxos","No UTXOs found for this paper wallet. If this is a mainnet wallet and you are on chipnet, try switching networks.","Không tìm thấy UTXO cho ví giấy này. Nếu là ví mainnet nhưng bạn đang ở chipnet, hãy đổi mạng.","translated"
"paper.oneTransaction","One transaction only.","Chỉ một giao dịch.","translated"
"paper.paperInputs","Paper wallet inputs","Đầu vào ví giấy","translated"
"paper.scan","Scan","Quét","translated"
"paper.scanBeforeSweep","Scan a paper wallet before sweeping.","Hãy quét ví giấy trước khi chuyển.","translated"
"paper.spendableOutputPlural","spendable outputs","đầu ra có thể chi","translated"
"paper.spendableOutputSingular","spendable output","đầu ra có thể chi","translated"
"paper.sweep","Sweep","Chuyển","translated"
"paper.sweepBroadcast","Sweep broadcast","Đã phát giao dịch chuyển","translated"
"paper.title","Paper Wallet","Ví giấy","translated"
"paper.tokenBacking","Token outputs are backed with 1000 sats.","Đầu ra token được bảo chứng bằng 1000 sats.","translated"
"paper.tokenGroups","Token groups","Nhóm token","translated"
"paper.tokenOutputs","Token outputs","Đầu ra token","translated"
"paper.unexpected","An unexpected error occurred.","Đã xảy ra lỗi không mong muốn.","translated"
"paper.unexpectedTryAgain","An unexpected error occurred. Please try again.","Đã xảy ra lỗi không mong muốn. Hãy thử lại.","translated"
"paper.utxosTitle","Paper wallet UTXOs","UTXO ví giấy","translated"
"paper.walletFeeInputs","Wallet fee inputs","Đầu vào phí ví","translated"
"priceFeed.loading","Loading…","Đang tải…","translated"
"qr.animatedTransfer","Animated QR transfer","Chuyển QR động","translated"
"qr.blocksRecovered","blocks recovered","khối đã khôi phục","translated"
"qr.cameraActive","Camera active — point at animated QR","Đã bật máy ảnh — hướng vào QR động","translated"
"qr.cameraError","Camera unavailable","Máy ảnh không khả dụng","translated"
"qr.cameraUnavailable","Camera access is unavailable","Không thể truy cập máy ảnh","translated"
"qr.cancel","Cancel","Hủy","translated"
"qr.duplicates","duplicates","bản trùng","translated"
"qr.holdSteady","Hold the phone steady and fill the frame with the QR code.","Giữ điện thoại yên và đưa mã QR vào đầy khung hình.","translated"
"qr.receivingStream","Receiving QR stream","Đang nhận luồng QR","translated"
"qr.scan","Scan QR","Quét QR","translated"
"qr.scanning","Scanning…","Đang quét…","translated"
"qr.streaming","Streaming frame {frame} · {blocks} blocks · {bytes} bytes","Đang truyền khung {frame} · {blocks} khối · {bytes} byte","translated"
"qr.unableToDecode","Unable to decode QR stream","Không thể giải mã luồng QR","translated"
"qr.uniqueFrames","unique frames","khung duy nhất","translated"
"qr.walletUpdateProgress","Wallet update progress","Tiến trình cập nhật ví","translated"
"qrSigning.approvedBy","Approved by {name}","Được phê duyệt bởi {name}","translated"
"qrSigning.approveDemo","Approve demo request","Phê duyệt yêu cầu demo","translated"
"qrSigning.approveReturn","2. Approve and return","2. Phê duyệt và trả về","translated"
"qrSigning.close","Close","Đóng","translated"
"qrSigning.collectResponse","2. Collect response","2. Nhận phản hồi","translated"
"qrSigning.fingerprint","Fingerprint","Dấu vân tay","translated"
"qrSigning.invalidRequest","Invalid signing request","Yêu cầu ký không hợp lệ","translated"
"qrSigning.invalidResponse","Invalid signing response","Phản hồi ký không hợp lệ","translated"
"qrSigning.mismatch","Signing response does not match this request","Phản hồi ký không khớp yêu cầu này","translated"
"qrSigning.network","Network","Mạng","translated"
"qrSigning.payload","Payload","Dữ liệu tải","translated"
"qrSigning.placeholderWarning","This demo returns a placeholder signature and never broadcasts.","Bản demo này trả về chữ ký giữ chỗ và không bao giờ phát giao dịch.","translated"
"qrSigning.prepareFailed","Unable to prepare mocknet fixture","Không thể chuẩn bị fixture mocknet","translated"
"qrSigning.preparing","Preparing mocknet fixture…","Đang chuẩn bị fixture mocknet…","translated"
"qrSigning.purpose","Purpose","Mục đích","translated"
"qrSigning.rejectedBy","Rejected by {name}","Bị từ chối bởi {name}","translated"
"qrSigning.requestReceived","Request received","Đã nhận yêu cầu","translated"
"qrSigning.requestSignature","Request signature","Yêu cầu chữ ký","translated"
"qrSigning.scanAnother","Scan another request","Quét yêu cầu khác","translated"
"qrSigning.scanApproval","Scan approval response","Quét phản hồi phê duyệt","translated"
"qrSigning.scanRequest","1. Scan request","1. Quét yêu cầu","translated"
"qrSigning.showRequest","1. Show request","1. Hiện yêu cầu","translated"
"qrSigning.showRequestHelp","On the other wallet, choose “Sign request” and scan this stream.","Trên ví kia, chọn “Ký yêu cầu” và quét luồng này.","translated"
"qrSigning.signRequest","Sign request","Ký yêu cầu","translated"
"qrSigning.subtitle","Exchange a partially signed transaction between two OPTN wallet screens.","Trao đổi giao dịch đã ký một phần giữa hai màn hình OPTN Wallet.","translated"
"qrSigning.title","QR signing demo","Bản demo ký bằng QR","translated"
"quantumroot.activeNetwork","Quantumroot is active on this network. Use the vault workspace below to manage a normal spend lane and a quantum-safe recovery lane.","Quantumroot đang hoạt động trên mạng này. Dùng không gian bên dưới để quản lý tuyến chi tiêu thường và tuyến khôi phục chống lượng tử.","translated"
"quantumroot.activeWorkspace","Active workspace for the beta-production Quantumroot flow.","Không gian hoạt động cho quy trình Quantumroot sản xuất beta.","translated"
"quantumroot.back","Back","Quay lại","translated"
"quantumroot.betaProduction","Beta production","Sản xuất beta","translated"
"quantumroot.betaTitle","Quantumroot Beta Production","Quantumroot sản xuất beta","translated"
"quantumroot.checkingBalances","Checking balances…","Đang kiểm tra số dư…","translated"
"quantumroot.close","Close","Đóng","translated"
"quantumroot.funded","{count} funded","{count} đã cấp tiền","translated"
"quantumroot.fundedStatus","Funded","Đã cấp tiền","translated"
"quantumroot.guidedNow","Guided now: choose one approval key, lock it in Quantum Lock, then spend the matching coin.","Có hướng dẫn: chọn một khóa phê duyệt, khóa trong Quantum Lock rồi chi coin tương ứng.","translated"
"quantumroot.liveNow","Live now: normal spending, balance tracking, and Quantum Lock BCH recovery.","Đã dùng được: chi tiêu thường, theo dõi số dư và khôi phục BCH bằng Quantum Lock.","translated"
"quantumroot.livePreview","Live preview","Bản xem trước trực tiếp","translated"
"quantumroot.mainnetAhead","Quantumroot is visible on mainnet ahead of activation. The layout stays available, but key actions remain disabled until {date}.","Quantumroot hiển thị trên Mainnet trước khi kích hoạt. Bố cục vẫn dùng được nhưng các thao tác chính bị tắt cho đến {date}.","translated"
"quantumroot.mainnetPreview","Mainnet preview stays visible before activation.","Bản xem trước Mainnet vẫn hiển thị trước khi kích hoạt.","translated"
"quantumroot.noFundsYet","No funds yet","Chưa có tiền","translated"
"quantumroot.noVaults","No Quantumroot vaults derived yet. Sync vaults to provision them for existing wallet address indexes.","Chưa có vault Quantumroot nào được dẫn xuất. Đồng bộ vault để cấp chúng cho các chỉ mục địa chỉ hiện có của ví.","translated"
"quantumroot.openVaults","Open Vaults","Mở vault","translated"
"quantumroot.popup.action.chooseCoinLabel","Choose coin to spend","Choose coin to spend","needs-review"
"quantumroot.popup.action.chooseDescription","Choose one approval key for this vault.","Choose one approval key for this vault.","needs-review"
"quantumroot.popup.action.chooseLabel","Choose approval key","Choose approval key","needs-review"
"quantumroot.popup.action.chooseTitle","Choose an approval key","Choose an approval key","needs-review"
"quantumroot.popup.action.createDescription","Create or receive a plain NFT first, then use it as the approval key.","Create or receive a plain NFT first, then use it as the approval key.","needs-review"
"quantumroot.popup.action.createTitle","Create an approval key","Create an approval key","needs-review"
"quantumroot.popup.action.destinationDescription","Choose where the coin should go, then open the spend list.","Choose where the coin should go, then open the spend list.","needs-review"
"quantumroot.popup.action.destinationLabel","Set destination","Set destination","needs-review"
"quantumroot.popup.action.destinationTitle","Choose a destination","Choose a destination","needs-review"
"quantumroot.popup.action.disabledDescription","The spend list is ready, but spending is disabled on this network.","The spend list is ready, but spending is disabled on this network.","needs-review"
"quantumroot.popup.action.readyDescription","Tap a ready coin to spend it.","Tap a ready coin to spend it.","needs-review"
"quantumroot.popup.action.readyTitle","Ready to spend","Ready to spend","needs-review"
"quantumroot.popup.action.receiveDescription","Send the matching receive coin to the normal lane.","Send the matching receive coin to the normal lane.","needs-review"
"quantumroot.popup.action.receiveLabel","Add receive coin","Add receive coin","needs-review"
"quantumroot.popup.action.receiveTitle","Add the matching receive coin","Add the matching receive coin","needs-review"
"quantumroot.popup.action.refreshDescription","Refresh the wallet scan or choose another approval key.","Refresh the wallet scan or choose another approval key.","needs-review"
"quantumroot.popup.action.refreshLabel","Refresh vault","Refresh vault","needs-review"
"quantumroot.popup.action.refreshTitle","Refresh the vault","Refresh the vault","needs-review"
"quantumroot.popup.action.reviewLabel","Review spend","Review spend","needs-review"
"quantumroot.popup.action.sendDescription","Send the approval key to Quantum Lock.","Send the approval key to Quantum Lock.","needs-review"
"quantumroot.popup.action.sendLabel","Send approval key","Send approval key","needs-review"
"quantumroot.popup.action.sendTitle","Send the approval key","Send the approval key","needs-review"
"quantumroot.popup.addDestinationReview","Add a destination, then review spend.","Add a destination, then review spend.","needs-review"
"quantumroot.popup.addMatchingCoin","Add the matching coin to unlock spend.","Add the matching coin to unlock spend.","needs-review"
"quantumroot.popup.advanced","Advanced","Advanced","needs-review"
"quantumroot.popup.advancedRecovery","Advanced recovery","Advanced recovery","needs-review"
"quantumroot.popup.advancedRecoveryDescription","Recover regular BCH, recover Quantum Lock funds, or refresh vault status.","Recover regular BCH, recover Quantum Lock funds, or refresh vault status.","needs-review"
"quantumroot.popup.approvalKey","Approval key","Approval key","needs-review"
"quantumroot.popup.approvalKeyCapability","Approval key","Approval key","needs-review"
"quantumroot.popup.approvalKeyChanged","Approval key changed on chain","Approval key changed on chain","needs-review"
"quantumroot.popup.approvalKeyInLock","Approval key is in Quantum Lock.","Approval key is in Quantum Lock.","needs-review"
"quantumroot.popup.approvalKeyInQuantumLock","Your approval key is in Quantum Lock.","Your approval key is in Quantum Lock.","needs-review"
"quantumroot.popup.approvalKeyPicked","Approval key picked.","Approval key picked.","needs-review"
"quantumroot.popup.approvalKeySelected","Approval key selected","Approval key selected","needs-review"
"quantumroot.popup.approvalLane","Approval lane","Approval lane","needs-review"
"quantumroot.popup.approvalLaneDescription","Your approval key goes to Quantum Lock.","Your approval key goes to Quantum Lock.","needs-review"
"quantumroot.popup.available","{count} available","{count} available","needs-review"
"quantumroot.popup.availableApprovalKeys","Available approval keys","Available approval keys","needs-review"
"quantumroot.popup.bchRecoveryDescription","BCH recovery sends back to the matching standard wallet address for this vault index when available.","BCH recovery sends back to the matching standard wallet address for this vault index when available.","needs-review"
"quantumroot.popup.bchRecoveryDisabled","BCH recovery is temporarily disabled until the on-chain receive-script validation issue is resolved.","BCH recovery is temporarily disabled until the on-chain receive-script validation issue is resolved.","needs-review"
"quantumroot.popup.block.approvalPending","Send one approval key to Quantum Lock.","Send one approval key to Quantum Lock.","needs-review"
"quantumroot.popup.block.inactiveNetwork","Quantumroot spending is disabled on this network.","Quantumroot spending is disabled on this network.","needs-review"
"quantumroot.popup.block.noDestination","Choose a destination address before spending.","Choose a destination address before spending.","needs-review"
"quantumroot.popup.block.noFamily","Create or receive a plain NFT first. It becomes your approval key.","Create or receive a plain NFT first. It becomes your approval key.","needs-review"
"quantumroot.popup.block.pickFamily","Choose one plain NFT to use as the approval key.","Choose one plain NFT to use as the approval key.","needs-review"
"quantumroot.popup.block.receivePending","Send the matching receive coin to the normal lane.","Send the matching receive coin to the normal lane.","needs-review"
"quantumroot.popup.block.staleInventory","Your selected approval key is not visible right now. Refresh the vault or choose another key.","Your selected approval key is not visible right now. Refresh the vault or choose another key.","needs-review"
"quantumroot.popup.broadcastWarning","This will broadcast after confirmation.","This will broadcast after confirmation.","needs-review"
"quantumroot.popup.category","Category:","Category:","needs-review"
"quantumroot.popup.chooseApprovalKey","Choose approval key","Choose approval key","needs-review"
"quantumroot.popup.chooseApprovalKeyDescription","Quantumroot uses one plain NFT as the approval key. Advanced token tools live in CashTokens.","Quantumroot uses one plain NFT as the approval key. Advanced token tools live in CashTokens.","needs-review"
"quantumroot.popup.chooseOneApproval","Choose one approval key to continue.","Choose one approval key to continue.","needs-review"
"quantumroot.popup.commitment","Commitment:","Commitment:","needs-review"
"quantumroot.popup.completeSteps","Complete the approval key and matching receive coin steps before spending.","Complete the approval key and matching receive coin steps before spending.","needs-review"
"quantumroot.popup.confirmed","Confirmed","Confirmed","needs-review"
"quantumroot.popup.copyDestination","Copy destination","Copy destination","needs-review"
"quantumroot.popup.copyOrScanFund","Copy or scan to fund this vault.","Copy or scan to fund this vault.","needs-review"
"quantumroot.popup.copyQuantumLock","Copy Quantum Lock","Copy Quantum Lock","needs-review"
"quantumroot.popup.copyReceiveAddress","Copy receive address","Copy receive address","needs-review"
"quantumroot.popup.copyRecoveryAddress","Copy recovery address","Copy recovery address","needs-review"
"quantumroot.popup.createOrReceive","Create or receive a plain NFT first, then it will appear here as an approval key you can choose.","Create or receive a plain NFT first, then it will appear here as an approval key you can choose.","needs-review"
"quantumroot.popup.destination","Destination","Destination","needs-review"
"quantumroot.popup.destinationAddress","Destination address","Destination address","needs-review"
"quantumroot.popup.done","Done","Done","needs-review"
"quantumroot.popup.empty","empty","empty","needs-review"
"quantumroot.popup.found","{count} found","{count} found","needs-review"
"quantumroot.popup.fundMatchingReceive","Fund matching receive coin","Fund matching receive coin","needs-review"
"quantumroot.popup.fundMatchingReceiveDescription","Open the send screen prefilled to the vault receive address with the same approval key.","Open the send screen prefilled to the vault receive address with the same approval key.","needs-review"
"quantumroot.popup.helpShortcuts","Help and shortcuts","Help and shortcuts","needs-review"
"quantumroot.popup.inQuantumLock","{count} in Quantum Lock","{count} in Quantum Lock","needs-review"
"quantumroot.popup.inWallet","{count} in wallet","{count} in wallet","needs-review"
"quantumroot.popup.locked","{count} locked","{count} locked","needs-review"
"quantumroot.popup.mainnetDisabled","Mainnet Quantumroot uses the same UI as Chipnet, but the spend, recovery, and token-configuration actions remain disabled until activation on {date}.","Mainnet Quantumroot uses the same UI as Chipnet, but the spend, recovery, and token-configuration actions remain disabled until activation on {date}.","needs-review"
"quantumroot.popup.mintingNft","Minting NFT","Minting NFT","needs-review"
"quantumroot.popup.missing","Missing","Missing","needs-review"
"quantumroot.popup.mutableNft","Mutable NFT","Mutable NFT","needs-review"
"quantumroot.popup.needed","Needed","Needed","needs-review"
"quantumroot.popup.neededLater","Needed later","Needed later","needs-review"
"quantumroot.popup.nextStep","Next step","Next step","needs-review"
"quantumroot.popup.noApprovalKey","No approval key","No approval key","needs-review"
"quantumroot.popup.noDestination","No destination set","No destination set","needs-review"
"quantumroot.popup.noReadyCoin","No ready coin is available yet. After the approval key and the matching receive coin are present, spendable coins appear here.","No ready coin is available yet. After the approval key and the matching receive coin are present, spendable coins appear here.","needs-review"
"quantumroot.popup.normalLane","Normal vault lane","Normal vault lane","needs-review"
"quantumroot.popup.normalLaneDescription","Your BCH and matching receive coin go here.","Your BCH and matching receive coin go here.","needs-review"
"quantumroot.popup.normalLanePending","Add the matching receive coin after the approval key is in Quantum Lock.","Add the matching receive coin after the approval key is in Quantum Lock.","needs-review"
"quantumroot.popup.normalLaneReady","Your normal lane is ready.","Your normal lane is ready.","needs-review"
"quantumroot.popup.noStandardAddress","No standard wallet address available","No standard wallet address available","needs-review"
"quantumroot.popup.openCashTokens","Open CashTokens","Open CashTokens","needs-review"
"quantumroot.popup.openReceiveScreen","Open receive screen","Open receive screen","needs-review"
"quantumroot.popup.otherNft","Other NFT","Other NFT","needs-review"
"quantumroot.popup.otherNftDescription","It sits in Quantum Lock, but it is not the selected approval key. No direct withdrawal path exists yet.","It sits in Quantum Lock, but it is not the selected approval key. No direct withdrawal path exists yet.","needs-review"
"quantumroot.popup.otherNftInQuantumLock","Other NFT in Quantum Lock","Other NFT in Quantum Lock","needs-review"
"quantumroot.popup.otherNfts","{count} other NFT(s)","{count} other NFT(s)","needs-review"
"quantumroot.popup.outpoint","Outpoint","Outpoint","stable-term"
"quantumroot.popup.pending","Pending","Pending","needs-review"
"quantumroot.popup.pendingCoin","Pending coin","Pending coin","needs-review"
"quantumroot.popup.pickApprovalKey","Pick one approval key.","Pick one approval key.","needs-review"
"quantumroot.popup.plainBchCoins","{count} plain BCH coin(s)","{count} plain BCH coin(s)","needs-review"
"quantumroot.popup.plainBchDescription","Use this for plain BCH coins. Protected coins stay in the lanes above.","Use this for plain BCH coins. Protected coins stay in the lanes above.","needs-review"
"quantumroot.popup.previewOnly","Preview only on mainnet until activation.","Preview only on mainnet until activation.","needs-review"
"quantumroot.popup.protectedReceiveCount","Coins already handled by Protected spend: {count}","Coins already handled by Protected spend: {count}","needs-review"
"quantumroot.popup.protectedSpend","Protected spend","Protected spend","needs-review"
"quantumroot.popup.protectedSpendDescription","When the approval key and matching receive coin are present, spending opens here.","When the approval key and matching receive coin are present, spending opens here.","needs-review"
"quantumroot.popup.quantumLock","Quantum Lock","Quantum Lock","stable-term"
"quantumroot.popup.quantumLockBch","Quantum Lock BCH","Quantum Lock BCH","needs-review"
"quantumroot.popup.quantumLockRecovery","Quantum Lock recovery","Quantum Lock recovery","needs-review"
"quantumroot.popup.quantumLockRecoveryCount","Quantum Lock recovery coins: {count}","Quantum Lock recovery coins: {count}","needs-review"
"quantumroot.popup.quantumrootOpens","Quantumroot opens once the approval key sits in Quantum Lock and the matching receive coin sits in the normal lane.","Quantumroot opens once the approval key sits in Quantum Lock and the matching receive coin sits in the normal lane.","needs-review"
"quantumroot.popup.ready","Ready","Ready","needs-review"
"quantumroot.popup.readyCoin","Ready coin","Ready coin","needs-review"
"quantumroot.popup.readyCoinAvailable","Ready coin available.","Ready coin available.","needs-review"
"quantumroot.popup.readyCoins","{count} ready coin(s)","{count} ready coin(s)","needs-review"
"quantumroot.popup.receiveAddress","Receive address","Receive address","needs-review"
"quantumroot.popup.receiveBch","Receive BCH","Receive BCH","needs-review"
"quantumroot.popup.recover","Recover","Recover","needs-review"
"quantumroot.popup.recoverableBchCoins","Recoverable BCH coins","Recoverable BCH coins","needs-review"
"quantumroot.popup.recoverableBchCount","Recoverable BCH coins: {count}","Recoverable BCH coins: {count}","needs-review"
"quantumroot.popup.recovering","Recovering…","Recovering…","needs-review"
"quantumroot.popup.recoverRegularBch","Recover regular BCH","Recover regular BCH","needs-review"
"quantumroot.popup.refresh","Refresh","Refresh","needs-review"
"quantumroot.popup.refreshChooseAnother","Refresh the vault or choose another approval key.","Refresh the vault or choose another approval key.","needs-review"
"quantumroot.popup.refreshVault","Refresh vault","Refresh vault","needs-review"
"quantumroot.popup.refreshVaultStatus","Refresh vault status","Refresh vault status","needs-review"
"quantumroot.popup.reviewDestination","Review the destination before broadcasting.","Review the destination before broadcasting.","needs-review"
"quantumroot.popup.reviewSpend","Review spend","Review spend","needs-review"
"quantumroot.popup.reviewSpendSubtitle","Check the destination, approval key, and ready coin before you broadcast.","Check the destination, approval key, and ready coin before you broadcast.","needs-review"
"quantumroot.popup.reviewSpendTitle","Review spend","Review spend","needs-review"
"quantumroot.popup.saveApprovalKey","Save approval key","Save approval key","needs-review"
"quantumroot.popup.saving","Saving…","Saving…","needs-review"
"quantumroot.popup.selectedApprovalKey","Selected approval key","Selected approval key","needs-review"
"quantumroot.popup.selectedAsApproval","Selected as approval key","Selected as approval key","needs-review"
"quantumroot.popup.sendApprovalHere","Send the approval key here.","Send the approval key here.","needs-review"
"quantumroot.popup.sendApprovalKey","Send approval key","Send approval key","needs-review"
"quantumroot.popup.sendApprovalKeyDescription","Open the send screen prefilled to Quantum Lock with the selected approval key.","Open the send screen prefilled to Quantum Lock with the selected approval key.","needs-review"
"quantumroot.popup.sendApprovalKeyToLock","Send the approval key to Quantum Lock.","Send the approval key to Quantum Lock.","needs-review"
"quantumroot.popup.sendSelectedApprovalKey","Send the selected approval key to Quantum Lock.","Send the selected approval key to Quantum Lock.","needs-review"
"quantumroot.popup.spend","Spend","Spend","needs-review"
"quantumroot.popup.spendDestination","Spend destination","Spend destination","needs-review"
"quantumroot.popup.spending","Spending…","Spending…","needs-review"
"quantumroot.popup.sweepBch","Sweep BCH coins ({count})","Sweep BCH coins ({count})","needs-review"
"quantumroot.popup.sweeping","Sweeping…","Sweeping…","needs-review"
"quantumroot.popup.tapToOpen","Tap to open","Tap to open","needs-review"
"quantumroot.popup.unsupportedQuantumLock","Coins in Quantum Lock that belong to Protected spend are handled above; this recovery list only includes plain BCH coins.","Coins in Quantum Lock that belong to Protected spend are handled above; this recovery list only includes plain BCH coins.","needs-review"
"quantumroot.popup.unsupportedReceive","Coins with an approval key stay in Protected spend; this recovery list only includes plain BCH coins.","Coins with an approval key stay in Protected spend; this recovery list only includes plain BCH coins.","needs-review"
"quantumroot.popup.useRecoveryAddress","Use wallet recovery address","Use wallet recovery address","needs-review"
"quantumroot.popup.vaultSetup","Vault setup","Vault setup","needs-review"
"quantumroot.popup.vaultSetupDescription","Copy addresses and choose the approval key.","Copy addresses and choose the approval key.","needs-review"
"quantumroot.popup.waiting","Waiting","Waiting","needs-review"
"quantumroot.popup.walletRecoveryAddress","Wallet recovery address","Wallet recovery address","needs-review"
"quantumroot.readyToRecover","{count} ready to recover","{count} sẵn sàng khôi phục","translated"
"quantumroot.refreshing","Refreshing balances and UTXO status. Vaults remain available while sync completes.","Đang làm mới số dư và trạng thái UTXO. Vault vẫn dùng được trong khi đồng bộ hoàn tất.","translated"
"quantumroot.subtitle","Two spending lanes in one vault","Hai tuyến chi tiêu trong một vault","translated"
"quantumroot.syncingVaults","Syncing Vaults…","Đang đồng bộ vault…","translated"
"quantumroot.syncVaults","Sync Vaults","Đồng bộ vault","translated"
"quantumroot.toast.approvalKeyMissing","This approval key is no longer visible. Refresh the vault or choose another key.","This approval key is no longer visible. Refresh the vault or choose another key.","needs-review"
"quantumroot.toast.authorizedBroadcast","Quantumroot authorized spend broadcast: {txid}","Quantumroot authorized spend broadcast: {txid}","needs-review"
"quantumroot.toast.authorizedFailed","Quantumroot authorized spend failed: {message}","Quantumroot authorized spend failed: {message}","needs-review"
"quantumroot.toast.broadcastAuthorizedFailed","Failed to broadcast Quantumroot authorized spend.","Failed to broadcast Quantumroot authorized spend.","needs-review"
"quantumroot.toast.broadcastLockRecoveryFailed","Failed to broadcast Quantum Lock recovery.","Failed to broadcast Quantum Lock recovery.","needs-review"
"quantumroot.toast.broadcastSpendFailed","Failed to broadcast Quantumroot spend.","Failed to broadcast Quantumroot spend.","needs-review"
"quantumroot.toast.broadcastSweepFailed","Failed to broadcast Quantumroot sweep.","Failed to broadcast Quantumroot sweep.","needs-review"
"quantumroot.toast.configureFailed","Failed to configure vault: {message}","Failed to configure vault: {message}","needs-review"
"quantumroot.toast.destinationRequired","Destination address is required.","Destination address is required.","needs-review"
"quantumroot.toast.ineligibleReceiveUtxo","That receive UTXO is not eligible for authorized spend.","That receive UTXO is not eligible for authorized spend.","needs-review"
"quantumroot.toast.invalidTokenCategory","Token category must be 64 hexadecimal characters.","Token category must be 64 hexadecimal characters.","needs-review"
"quantumroot.toast.lockRecoveryBroadcast","Quantum Lock recovery broadcast: {txid}","Quantum Lock recovery broadcast: {txid}","needs-review"
"quantumroot.toast.lockRecoveryFailed","Quantum Lock recovery failed: {message}","Quantum Lock recovery failed: {message}","needs-review"
"quantumroot.toast.noBchUtxos","No BCH-only receive UTXOs available to sweep.","No BCH-only receive UTXOs available to sweep.","needs-review"
"quantumroot.toast.noControlToken","No matching Quantum Lock control token is available yet.","No matching Quantum Lock control token is available yet.","needs-review"
"quantumroot.toast.previewActive","Quantumroot mainnet preview is active until activation.","Quantumroot mainnet preview is active until activation.","needs-review"
"quantumroot.toast.reconfigured","Quantumroot vault reconfigured.","Quantumroot vault reconfigured.","needs-review"
"quantumroot.toast.spendBroadcast","Quantumroot spend broadcast: {txid}","Quantumroot spend broadcast: {txid}","needs-review"
"quantumroot.toast.spendFailed","Quantumroot spend failed: {message}","Quantumroot spend failed: {message}","needs-review"
"quantumroot.toast.sweepBroadcast","Quantumroot sweep broadcast: {txid}","Quantumroot sweep broadcast: {txid}","needs-review"
"quantumroot.toast.sweepFailed","Quantumroot sweep failed: {message}","Quantumroot sweep failed: {message}","needs-review"
"quantumroot.toast.unavailable","Quantumroot vault unavailable.","Quantumroot vault unavailable.","needs-review"
"quantumroot.trackedBalance","Tracked Balance","Số dư được theo dõi","translated"
"quantumroot.vaultNumber","Vault #{id}","Vault #{id}","needs-review"
"quantumroot.vaults","Vaults","Vault","translated"
"quantumroot.workspaceRefreshFailed","Workspace Refresh Failed","Làm mới không gian thất bại","translated"
"receive.addressesNotReady","Receive addresses not ready","Địa chỉ nhận chưa sẵn sàng","translated"
"receive.amountBch","Amount (BCH)","Số lượng (BCH)","translated"
"receive.back","Back","Quay lại","translated"
"receive.bip21Active","Request details are active and the QR is now encoding the BIP21 URI.","Chi tiết yêu cầu đang hoạt động và QR đang mã hóa URI BIP21.","translated"
"receive.bip21Description","Encode amount, label, and message into the QR payload.","Mã hóa số lượng, nhãn và tin nhắn vào payload QR.","translated"
"receive.bip21Help","When enabled, the QR and copied payload use a BIP21-style `bitcoincash:` URI so compatible wallets can autofill request details.","Khi bật, QR và payload đã sao chép dùng URI kiểu BIP21 `bitcoincash:` để ví tương thích tự điền chi tiết yêu cầu.","translated"
"receive.bip21Title","BIP21 payment request","Yêu cầu thanh toán BIP21","translated"
"receive.cashToken","CashToken","CashToken","stable-term"
"receive.change","Change","Tiền thừa","translated"
"receive.changeAddressCount","{count} change addresses","{count} địa chỉ tiền thừa","translated"
"receive.clear","Clear","Xóa","translated"
"receive.close","Close","Đóng","translated"
"receive.copied","Copied to clipboard!","Đã sao chép vào bộ nhớ tạm!","translated"
"receive.copyBip21","Copy BIP21 URI","Sao chép URI BIP21","translated"
"receive.copyFailed","Failed to copy.","Sao chép thất bại.","translated"
"receive.copyQrPayload","Copy receive QR payload","Sao chép payload QR nhận","translated"
"receive.dismiss","Dismiss","Bỏ qua","translated"
"receive.dismissUnlockAlert","Dismiss unlock alert","Bỏ cảnh báo mở khóa","translated"
"receive.label","Label","Nhãn","translated"
"receive.main","Main","Chính","translated"
"receive.mainAddressCount","{count} main addresses","{count} địa chỉ chính","translated"
"receive.message","Message","Tin nhắn","stable-term"
"receive.noAddressesLoaded","This wallet does not have receive addresses loaded yet.","Ví này chưa tải địa chỉ nhận.","translated"
"receive.noBranchAddresses","No addresses found in this branch yet.","Chưa tìm thấy địa chỉ trong nhánh này.","translated"
"receive.noVaultFunds","No Quantumroot vault funds detected yet.","Chưa phát hiện tiền trong kho Quantumroot.","translated"
"receive.openQrPreview","Open larger QR code preview","Mở xem trước QR lớn hơn","translated"
"receive.optional","Optional","Tùy chọn","translated"
"receive.optionalExample","Optional, e.g. 0.0105","Tùy chọn, ví dụ 0,0105","translated"
"receive.prepareAddresses","Prepare receive addresses","Chuẩn bị địa chỉ nhận","translated"
"receive.prepareAddressesDescription","Prepare addresses to show your receive QR and address list.","Chuẩn bị địa chỉ để hiển thị QR nhận và danh sách địa chỉ.","translated"
"receive.privKeyReady","Private key view unlocked","Đã mở khóa chế độ xem khóa riêng","translated"
"receive.privKeyUnlock","Private key unlock in {count} taps","Mở khóa khóa riêng sau {count} lần chạm","translated"
"receive.pubKeyTapProgress","PubKey pressed {count}/{total} times","Đã nhấn PubKey {count}/{total} lần","translated"
"receive.qrCopyDescription","Tap the QR to copy the current payload. Close to return.","Chạm QR để sao chép payload hiện tại. Đóng để quay lại.","translated"
"receive.quantumLock","Quantum Lock","Quantum Lock","stable-term"
"receive.quantumLockAddress","Quantum Lock Address","Địa chỉ Quantum Lock","translated"
"receive.quantumrootStatus","Quantumroot Status","Trạng thái Quantumroot","translated"
"receive.readOnlyStatus","This view is read-only. It shows vault status and key receive data, but no spending or recovery actions.","Chế độ xem này chỉ đọc. Nó hiển thị trạng thái kho tiền và dữ liệu nhận, không có thao tác chi tiêu hoặc khôi phục.","translated"
"receive.receiveAddress","Receive Address","Địa chỉ nhận","translated"
"receive.receiveBalance","Receive Balance","Số dư nhận","translated"
"receive.receiveQr","Receive QR","QR nhận","translated"
"receive.regular","Regular","Thông thường","translated"
"receive.seeAllAddresses","See all addresses","Xem mọi địa chỉ","translated"
"receive.switch","Switch","Đổi","translated"
"receive.switchAddress","Switch address","Đổi địa chỉ","translated"
"receive.syncing","Syncing…","Đang đồng bộ…","translated"
"receive.tapPubKey","Tap PubKey to reveal the private key view.","Chạm PubKey để hiện chế độ xem khóa riêng.","translated"
"receive.title","Receive","Nhận","translated"
"receive.toggleAddressType","Toggle receive address type","Đổi loại địa chỉ nhận","translated"
"receive.unavailable","Unavailable","Không khả dụng","translated"
"reconfiguration.changingPath","Changing derivation path","Đang đổi đường dẫn dẫn xuất","translated"
"reconfiguration.clearing","Clearing old wallet data","Đang xóa dữ liệu ví cũ","translated"
"reconfiguration.clearingDetail","Removing the previous address, history, and UTXO records.","Xóa bản ghi địa chỉ, lịch sử và UTXO trước đó.","translated"
"reconfiguration.deriving","Generating wallet addresses","Đang tạo địa chỉ ví","translated"
"reconfiguration.derivingDetail","Creating the receive and change addresses for this wallet path.","Tạo địa chỉ nhận và tiền thừa cho đường dẫn ví này.","translated"
"reconfiguration.dismiss","Dismiss","Bỏ qua","translated"
"reconfiguration.failed","Wallet update failed","Cập nhật ví thất bại","translated"
"reconfiguration.failedDetail","The wallet could not be reconfigured.","Không thể cấu hình lại ví.","translated"
"reconfiguration.keepOpen","Please keep OPTN Wallet open. Navigation is temporarily disabled while wallet data is rebuilt.","Hãy giữ OPTN Wallet mở. Điều hướng tạm thời bị vô hiệu hóa khi dữ liệu ví được dựng lại.","translated"
"reconfiguration.movingTo","Moving to {network}","Đang chuyển sang {network}","translated"
"reconfiguration.preparing","Preparing wallet","Đang chuẩn bị ví","translated"
"reconfiguration.preparingDetail","Stopping background sync and reconnecting to the selected network.","Dừng đồng bộ nền và kết nối lại với mạng đã chọn.","translated"
"reconfiguration.progress","Wallet update progress","Tiến trình cập nhật ví","translated"
"reconfiguration.reloading","Reloading wallet","Đang tải lại ví","translated"
"reconfiguration.stepOf","Step {current} of {total}","Bước {current}/{total}","translated"
"reconfiguration.switchingNetwork","Switching network","Đang đổi mạng","translated"
"reconfiguration.syncing","Synchronizing wallet","Đang đồng bộ ví","translated"
"reconfiguration.syncingDetail","Fetching balances, UTXOs, and transaction history. This can take 15–20 seconds.","Đang lấy số dư, UTXO và lịch sử giao dịch. Có thể mất 15–20 giây.","translated"
"reconfiguration.updating","Updating wallet","Đang cập nhật ví","translated"
"reconfiguration.working","Working…","Đang xử lý…","translated"
"recovery.hide","Hide Backup Phrase","Ẩn cụm từ sao lưu","translated"
"recovery.reveal","Reveal Backup Phrase","Hiện cụm từ sao lưu","translated"
"recovery.warning","Warning","Cảnh báo","translated"
"recovery.warningDescription","Displaying your mnemonic backup phrase can compromise your funds. Ensure you keep it secure.","Hiển thị cụm từ khôi phục có thể làm lộ tiền. Hãy giữ cụm từ an toàn.","translated"
"rpa.confirmedPayment","confirmed stealth payment","khoản thanh toán ẩn đã xác nhận","translated"
"rpa.confirmedPayments","{count} confirmed stealth payment(s) found","Tìm thấy {count} khoản thanh toán ẩn đã xác nhận","translated"
"rpa.copyFailed","Copy failed.","Sao chép thất bại.","translated"
"rpa.copySuccess","Paycode copied!","Đã sao chép Paycode!","translated"
"rpa.derivationFailed","Paycode derivation failed. Unlock your wallet and try again.","Dẫn xuất Paycode thất bại. Mở khóa ví rồi thử lại.","translated"
"rpa.derivationPaths","Derivation paths","Đường dẫn dẫn xuất","translated"
"rpa.deriving","Deriving paycode…","Đang dẫn xuất Paycode…","translated"
"rpa.found","found","đã tìm thấy","translated"
"rpa.howWorks","How it works","Cách hoạt động","translated"
"rpa.lastScanned","Last scanned","Quét lần cuối","translated"
"rpa.noNotification","No notification tx.","Không có giao dịch thông báo.","translated"
"rpa.noNotificationText","The sender grinds their signature nonce until the input hash prefix matches your scan key — detectability is embedded in the signature itself.","Người gửi thử nonce chữ ký đến khi tiền tố hash đầu vào khớp khóa quét — khả năng phát hiện nằm ngay trong chữ ký.","translated"
"rpa.paycode","Paycode","Paycode","stable-term"
"rpa.prefixFilter","Prefix filter","Bộ lọc tiền tố","translated"
"rpa.scanDescription","Scans a Fulcrum-RPA server for transactions whose input signature prefix matches your scan key. Uses ECDH to verify each candidate and detect your stealth outputs.","Quét máy chủ Fulcrum-RPA để tìm giao dịch có tiền tố chữ ký đầu vào khớp khóa quét. Dùng ECDH để xác minh ứng viên và phát hiện đầu ra ẩn của bạn.","translated"
"rpa.scanKey","Scan key","Khóa quét","translated"
"rpa.scanning","Scanning…","Đang quét…","translated"
"rpa.serverUnsupported","This server does not support RPA scanning.","Máy chủ này không hỗ trợ quét RPA.","translated"
"rpa.shareDescription","Share this paycode with senders. Each payment creates a unique stealth address — no link between payments on-chain.","Chia sẻ Paycode này với người gửi. Mỗi khoản thanh toán tạo một địa chỉ ẩn riêng — không liên kết các khoản thanh toán trên chuỗi.","translated"
"rpa.spendKey","Spend key","Khóa chi","translated"
"rpa.stealthBalance","Stealth BCH","BCH ẩn","translated"
"rpa.sync","Sync","Đồng bộ","translated"
"rpa.title","RPA Paycode","Paycode RPA","stable-term"
"rpa.walletUnavailable","Wallet not available","Ví không khả dụng","translated"
"send.address","Address","Địa chỉ","translated"
"send.advanced","Advanced","Nâng cao","translated"
"send.advancedBuilder","Open Advanced Builder","Mở trình tạo nâng cao","translated"
"send.airdrops","Airdrops","Airdrop","translated"
"send.amount","Amount","Số lượng","translated"
"send.amountBch","Amount (BCH)","Số lượng (BCH)","translated"
"send.amountUsd","Amount (USD)","Số lượng (USD)","translated"
"send.asset","Asset","Tài sản","translated"
"send.assetControl","Asset control","Kiểm soát tài sản","translated"
"send.back","Back","Quay lại","translated"
"send.balance","Balance","Số dư","translated"
"send.bcmrMetadata","Parsed using BCMR metadata from the selected category.","Đã phân tích bằng siêu dữ liệu BCMR từ danh mục đã chọn.","translated"
"send.bytes","bytes","byte","stable-term"
"send.changeAddress","Change address","Địa chỉ tiền thừa","translated"
"send.clearForm","Clear form","Xóa biểu mẫu","translated"
"send.confirmed","Confirmed","Đã xác nhận","translated"
"send.contract","Contract","Hợp đồng","translated"
"send.contractInputs","Contract inputs","Đầu vào hợp đồng","translated"
"send.copy","Copy","Sao chép","translated"
"send.debug","Debug","Gỡ lỗi","translated"
"send.decimals","{count} decimals","{count} chữ số thập phân","translated"
"send.details","Details","Chi tiết","translated"
"send.enterBchForUsd","Enter a BCH amount to see the USD equivalent.","Nhập số lượng BCH để xem giá trị tương đương bằng USD.","translated"
"send.enterUsdForBch","Enter a USD amount to see the BCH equivalent.","Nhập số lượng USD để xem giá trị tương đương bằng BCH.","translated"
"send.fee","Fee","Phí","translated"
"send.fillMax","Fill the full spendable balance minus network fee","Điền toàn bộ số dư có thể dùng trừ phí mạng","translated"
"send.fillRequired","Fill the required fields first","Điền các trường bắt buộc trước","translated"
"send.finalOutputs","Final outputs","Đầu ra cuối","translated"
"send.guidedDescription","Send BCH, fungible tokens, or NFTs with one guided flow.","Gửi BCH, token có thể thay thế hoặc NFT theo một quy trình hướng dẫn.","translated"
"send.height","Height","Chiều cao","translated"
"send.hide","Hide","Ẩn","translated"
"send.inputs","Inputs","Đầu vào","translated"
"send.inputsUsed","Inputs used","Đầu vào đã dùng","translated"
"send.insufficientFunds","Not enough funds. Check your balance or reduce the amount.","Không đủ tiền. Kiểm tra số dư hoặc giảm số lượng.","translated"
"send.integer","integer","số nguyên","translated"
"send.invalidAddress","Invalid address—double-check for typos or try scanning a QR code.","Địa chỉ không hợp lệ — kiểm tra lỗi hoặc thử quét QR.","translated"
"send.keepTxid","Keep this txid as your reference and avoid sending it again.","Giữ txid này để tham chiếu và tránh gửi lại.","translated"
"send.leaveBlankNft","Leave blank to send the first available NFT in this category.","Để trống để gửi NFT đầu tiên có sẵn trong danh mục này.","translated"
"send.loading","Loading…","Đang tải…","translated"
"send.max","Max","Tối đa","stable-term"
"send.networkError","Network error. Check your connection and try again.","Lỗi mạng. Kiểm tra kết nối rồi thử lại.","translated"
"send.nft","NFT","NFT","stable-term"
"send.nftCategory","NFT category","Danh mục NFT","translated"
"send.nftCommitment","NFT commitment","Cam kết NFT","translated"
"send.nfts","NFTs","NFT","stable-term"
"send.noInputs","No inputs selected yet (run Review).","Chưa chọn đầu vào nào (hãy chạy Xem lại).","translated"
"send.noOutputs","No outputs yet (run Review).","Chưa có đầu ra (hãy chạy Xem lại).","translated"
"send.noTxBuilt","(no tx built yet)","(chưa tạo giao dịch)","translated"
"send.openAirdrops","Open Airdrops","Mở Airdrop","translated"
"send.optionalHexCommitment","Optional hex commitment…","Cam kết hex tùy chọn…","translated"
"send.outpoint","Outpoint","Outpoint","stable-term"
"send.outputsCreated","Outputs created","Đầu ra đã tạo","translated"
"send.pending","Pending","Đang chờ","translated"
"send.quantumrootApproval","approval key to Quantum Lock","khóa phê duyệt cho Quantum Lock","translated"
"send.quantumrootHint","Review the recipient and token category, then tap Review to build the transaction.","Xem lại người nhận và danh mục token, rồi chạm Xem lại để tạo giao dịch.","translated"
"send.quantumrootNftHint","If there are multiple NFT entries, choose the one that matches the approval key.","Nếu có nhiều mục NFT, hãy chọn mục khớp với khóa phê duyệt.","translated"
"send.quantumrootPrefilled","Prefilled to send the {label}","Đã điền sẵn để gửi {label}","translated"
"send.quantumrootReceive","matching receive coin to the vault receive address","coin nhận tương ứng với địa chỉ nhận của kho tiền","translated"
"send.quantumrootShortcut","Quantumroot shortcut","Lối tắt Quantumroot","translated"
"send.rawTransaction","Raw transaction","Giao dịch thô","translated"
"send.recipient","Recipient","Người nhận","translated"
"send.recipientAmountLoaded","Recipient and amount loaded from QR.","Đã tải người nhận và số lượng từ QR.","translated"
"send.recipientLoaded","Recipient loaded from QR.","Đã tải người nhận từ QR.","translated"
"send.releaseToSend","Release to send","Mở khóa để gửi","translated"
"send.reset","Reset","Đặt lại","translated"
"send.review","Review","Xem lại","translated"
"send.reviewTitle","Review Transaction","Xem lại giao dịch","translated"
"send.sats","Sats","Sats","stable-term"
"send.scanQr","Scan QR","Quét QR","translated"
"send.selectCategory","Select category…","Chọn danh mục…","translated"
"send.selectedInputs","Selected inputs","Đầu vào đã chọn","translated"
"send.send","Send","Gửi","translated"
"send.sending","Sending…","Đang gửi…","translated"
"send.sent","Transaction sent","Đã gửi","translated"
"send.show","Show","Hiện","translated"
"send.slideToConfirm","Slide to confirm","Trượt để xác nhận","translated"
"send.submitted","Transaction submitted","Đã gửi giao dịch","translated"
"send.summary","Summary","Tóm tắt","translated"
"send.switchToBch","Switch amount input to BCH","Đổi nhập số lượng sang BCH","translated"
"send.switchToUsd","Switch amount input to USD","Đổi nhập số lượng sang USD","translated"
"send.technicalDetails","Technical details","Chi tiết kỹ thuật","translated"
"send.title","Simple Send","Gửi đơn giản","translated"
"send.to","To","Đến","translated"
"send.token","Token","Token","stable-term"
"send.tokenAmount","Token amount","Số lượng token","translated"
"send.tokenCategory","Token category","Danh mục token","translated"
"send.tokenChange","Token change","Tiền thừa token","translated"
"send.tokenInputs","Token inputs","Đầu vào token","translated"
"send.tokenLabel","Token","Token","stable-term"
"send.totalBch","Total (BCH)","Tổng (BCH)","stable-term"
"send.transactionSize","Transaction size","Kích thước giao dịch","translated"
"send.transferMode","Transfer mode","Chế độ chuyển","translated"
"send.type","Type","Loại","stable-term"
"send.unconfirmedInputs","Unconfirmed inputs","Đầu vào chưa xác nhận","translated"
"send.usdUnavailable","USD conversion is unavailable right now.","Hiện không thể chuyển đổi sang USD.","translated"
"send.verifyRecipient","QR scanned. Verify recipient before sending.","Đã quét QR. Hãy xác minh người nhận trước khi gửi.","translated"
"send.verifySlide","Verify details and slide to send.","Xác minh chi tiết rồi trượt để gửi.","translated"
"send.waitingSync","Waiting for sync","Đang chờ đồng bộ","translated"
"send.waitPrevious","Wait for your previous outgoing transaction to sync first","Chờ giao dịch gửi trước đồng bộ trước","translated"
"server.active","● active","● đang hoạt động","translated"
"server.add","Add","Thêm","translated"
"server.addDesktopPlaceholder","Add server — Fulcrum host:50002, or a node host:8333","Thêm máy chủ — host Fulcrum:50002 hoặc host node:8333","translated"
"server.addMobilePlaceholder","Add WSS server — host:50004","Thêm máy chủ WSS — host:50004","translated"
"server.addressUrlPlaceholder","Address URL, e.g. https://example.com/address/{address}","URL địa chỉ, ví dụ https://example.com/address/{address}","translated"
"server.auto","Auto","Tự động","translated"
"server.autoBackend","Auto — server pool, with failover","Tự động — pool máy chủ có chuyển dự phòng","translated"
"server.automatic","Automatic","Tự động","translated"
"server.backend","Backend","Backend","stable-term"
"server.blockExplorer","Block explorer","Trình khám phá khối","translated"
"server.connect","Connect","Kết nối","translated"
"server.connected","Connected.","Đã kết nối.","translated"
"server.connectedServer","Connected server","Máy chủ đã kết nối","translated"
"server.connecting","Connecting…","Đang kết nối…","translated"
"server.connectionFailed","Connection failed","Kết nối thất bại","translated"
"server.connectTitle","Connect to this server","Kết nối máy chủ này","translated"
"server.custom","Custom…","Tùy chỉnh…","translated"
"server.customFee","Custom","Tùy chỉnh","translated"
"server.defaultPortHint","Default port: 50004 (WSS). Use wss:// prefix to force WSS, or ws:// for unencrypted.","Cổng mặc định: 50004 (WSS). Dùng tiền tố wss:// để buộc WSS hoặc ws:// cho kết nối không mã hóa.","translated"
"server.explorerDescription","Used for “open in explorer” links on transactions.","Dùng cho liên kết “mở trong trình khám phá” trên giao dịch.","translated"
"server.feeDescription","Fee rate for new transactions. Automatic uses the network minimum (~1 sat/byte, Electron Cash default).","Mức phí cho giao dịch mới. Tự động dùng mức tối thiểu của mạng (~1 sat/byte, mặc định Electron Cash).","translated"
"server.feeUnit","sat/byte — applies to your next transaction","sat/byte — áp dụng cho giao dịch tiếp theo","translated"
"server.invalidHost","Enter a valid host:port (e.g. 192.168.0.129:50002).","Nhập host:port hợp lệ (ví dụ: 192.168.0.129:50002).","translated"
"server.manual","Manual","Thủ công","stable-term"
"server.node","Node","Nút","stable-term"
"server.notConnected","Not connected","Chưa kết nối","translated"
"server.onlyBackend","Only this backend is used — pinning a node means Electrum servers aren't consulted.","Chỉ dùng backend này — ghim node sẽ không dùng máy chủ Electrum.","translated"
"server.placeholderHelp","Use {txid} and {address} as placeholders.","Dùng {txid} và {address} làm biến giữ chỗ.","translated"
"server.pool","{network} server pool","Pool máy chủ {network}","translated"
"server.rawNodeMobileError","Raw BCH node connections are only available on desktop. Add an Electrum/Fulcrum WSS server instead.","Kết nối node BCH thô chỉ có trên máy tính. Hãy thêm máy chủ Electrum/Fulcrum WSS.","translated"
"server.remove","Remove","Xóa","translated"
"server.saveCustom","Save custom explorer","Lưu trình khám phá tùy chỉnh","translated"
"server.server","Server","Máy chủ","translated"
"server.serverInputPlaceholder","host, host:50004, or wss://host:50004","host, host:50004 hoặc wss://host:50004","translated"
"server.transactionFee","Transaction fee","Phí giao dịch","translated"
"server.trustless","trustless","không cần tin cậy","translated"
"server.txUrlPlaceholder","Tx URL, e.g. https://example.com/tx/{txid}","URL giao dịch, ví dụ https://example.com/tx/{txid}","translated"
"server.useAuto","Use Auto","Dùng tự động","translated"
"settings.about","About OPTN","Giới thiệu OPTN","translated"
"settings.aboutSupport","About & support","Thông tin và hỗ trợ","translated"
"settings.aboutSupportDescription","Help, contact, terms, and app information","Trợ giúp, liên hệ, điều khoản và thông tin ứng dụng","translated"
"settings.connectionsFeatures","Connections & features","Kết nối và tính năng","translated"
"settings.connectionsFeaturesDescription","Servers, integrations, privacy features, and advanced tools","Máy chủ, tích hợp, tính năng riêng tư và công cụ nâng cao","translated"
"settings.contact","Contact Us","Liên hệ","translated"
"settings.language","Language","Ngôn ngữ","translated"
"settings.languageDescription","Choose the wallet interface language","Chọn ngôn ngữ giao diện ví","translated"
"settings.network","Network","Mạng","translated"
"settings.recovery","Recovery Phrase","Cụm từ khôi phục","translated"
"settings.terms","Terms of Use","Điều khoản sử dụng","translated"
"settings.walletSecurity","Wallet & security","Ví và bảo mật","translated"
"settings.walletSecurityDescription","Recovery, derivation path, app lock, and wallet controls","Khôi phục, đường dẫn dẫn xuất, khóa ứng dụng và điều khiển ví","translated"
"settingsAppLock.autoLockAfter","Auto-lock after","Tự động khóa sau","translated"
"settingsAppLock.biometricDescription","Use {label} to unlock instead of typing your password.","Dùng {label} để mở khóa thay vì nhập mật khẩu.","translated"
"settingsAppLock.biometricSetupFailed","Biometric setup failed: {message}","Thiết lập sinh trắc học thất bại: {message}","translated"
"settingsAppLock.biometricUnlock","Biometric unlock","Mở khóa sinh trắc học","translated"
"settingsAppLock.cancel","Cancel","Hủy","translated"
"settingsAppLock.changePassword","Change Password","Đổi mật khẩu","translated"
"settingsAppLock.confirm","Confirm","Xác nhận","translated"
"settingsAppLock.confirmNewPassword","Confirm new password","Xác nhận mật khẩu mới","translated"
"settingsAppLock.currentPassword","Current password","Mật khẩu hiện tại","translated"
"settingsAppLock.currentPasswordIncorrect","Current password is incorrect.","Mật khẩu hiện tại không đúng.","translated"
"settingsAppLock.disabled","Disabled","Đã tắt","translated"
"settingsAppLock.enabled","Enabled","Đã bật","translated"
"settingsAppLock.enabling","Enabling…","Đang bật…","translated"
"settingsAppLock.encryption","Encryption","Mã hóa","translated"
"settingsAppLock.encryptionDescription","Your wallet is encrypted with a password-derived key (PBKDF2 · 600k iterations · AES-256-GCM). The key is never stored — it is derived in memory each time you unlock.","Ví được mã hóa bằng khóa dẫn xuất từ mật khẩu (PBKDF2 · 600 nghìn vòng · AES-256-GCM). Khóa không được lưu; mỗi lần mở khóa nó được dẫn xuất trong bộ nhớ.","translated"
"settingsAppLock.lockNow","Lock Now","Khóa ngay","translated"
"settingsAppLock.minute","1 minute","1 phút","stable-term"
"settingsAppLock.minutes","{count} minutes","{count} phút","stable-term"
"settingsAppLock.never","Never","Không bao giờ","translated"
"settingsAppLock.newPassword","New password","Mật khẩu mới","translated"
"settingsAppLock.noWalletOpen","No wallet is open.","Chưa mở ví nào.","translated"
"settingsAppLock.passwordChanged","Password changed successfully.","Đã đổi mật khẩu thành công.","translated"
"settingsAppLock.passwordChangeFailed","Password change failed. Please try again.","Đổi mật khẩu thất bại. Hãy thử lại.","translated"
"settingsAppLock.passwordMismatch","New passwords do not match.","Mật khẩu mới không khớp.","translated"
"settingsAppLock.updating","Updating…","Đang cập nhật…","translated"
"settingsDerivation.activePath","Active BIP44 account path","Đường dẫn tài khoản BIP44 hoạt động","translated"
"settingsDerivation.alreadyActive","This derivation path is already active.","Đường dẫn này đã hoạt động.","translated"
"settingsDerivation.changeResync","Change and resync","Đổi và đồng bộ lại","translated"
"settingsDerivation.completed","Derivation path changed and wallet resync completed.","Đã đổi đường dẫn và đồng bộ ví xong.","translated"
"settingsDerivation.confirm","Changing the derivation path clears the current address, history, and UTXO records. The wallet will then regenerate and resync only the new path. Continue?","Đổi đường dẫn sẽ xóa địa chỉ, lịch sử và UTXO hiện tại. Ví sẽ tạo lại và đồng bộ chỉ đường dẫn mới. Tiếp tục?","translated"
"settingsDerivation.currentMode","Current mode: {mode}.","Chế độ hiện tại: {mode}.","translated"
"settingsDerivation.custom","custom","tùy chỉnh","translated"
"settingsDerivation.description","OPTN supports one active BIP44 account path at a time. Reconfiguring it removes the old derived records and performs a fresh receive/change discovery and resync.","OPTN chỉ hỗ trợ một đường dẫn tài khoản BIP44 hoạt động mỗi lần. Cấu hình lại sẽ xóa bản ghi dẫn xuất cũ, khám phá lại địa chỉ nhận/tiền thừa và đồng bộ lại.","translated"
"settingsDerivation.failed","Wallet reconfiguration failed.","Cấu hình lại ví thất bại.","translated"
"settingsDerivation.invalidPath","Invalid derivation path.","Đường dẫn dẫn xuất không hợp lệ.","translated"
"settingsDerivation.networkDefault","network default","mặc định mạng","translated"
"settingsDerivation.reconfiguring","Reconfiguring…","Đang cấu hình lại…","translated"
"settingsDerivation.useDefault","Use network default","Dùng mặc định mạng","translated"
"settingsNetwork.active","Active","Đang hoạt động","translated"
"settingsNetwork.chipnet","Chipnet","Chipnet","stable-term"
"settingsNetwork.chipnetDescription","BCH testnet for upcoming CHIPs — test funds only","Mạng thử nghiệm BCH cho CHIPs sắp tới — chỉ dùng tiền thử nghiệm","translated"
"settingsNetwork.comingSoon","Coming soon","Sắp có","translated"
"settingsNetwork.description","Switching networks clears the active network records, derives the network path, and resynchronizes receive/change addresses. Custom paths are preserved across network changes.","Chuyển mạng sẽ xóa dữ liệu mạng hiện tại, dẫn xuất đường dẫn mạng và đồng bộ lại địa chỉ nhận/tiền thừa. Đường dẫn tùy chỉnh được giữ nguyên.","translated"
"settingsNetwork.mainnet","Mainnet","Mainnet","stable-term"
"settingsNetwork.mainnetDescription","Live BCH network — real funds","Mạng BCH thật — tiền thật","translated"
"settingsNetwork.regtest","Regtest","Regtest","stable-term"
"settingsNetwork.reload","Reload and resync current wallet","Tải lại và đồng bộ ví","translated"
"settingsNetwork.reloading","Reloading wallet…","Đang tải lại ví…","translated"
"settingsNetwork.switching","Switching…","Đang chuyển…","translated"
"settingsNetwork.testnet3","Testnet3","Testnet3","stable-term"
"settingsNetwork.testnet4","Testnet4","Testnet4","stable-term"
"settingsPanels.addons","Addons","Add-on","translated"
"settingsPanels.appLock","App Lock","Khóa ứng dụng","translated"
"settingsPanels.cashfusion","CashFusion","CashFusion","stable-term"
"settingsPanels.console","Console","Bảng điều khiển","stable-term"
"settingsPanels.contract","Contract Info","Thông tin hợp đồng","translated"
"settingsPanels.derivation","Derivation Path","Đường dẫn dẫn xuất","translated"
"settingsPanels.experimental","Experimental Features","Tính năng thử nghiệm","translated"
"settingsPanels.faucet","Chipnet Faucet","Faucet Chipnet","stable-term"
"settingsPanels.nostr","Nostr & Chat","Nostr và trò chuyện","translated"
"settingsPanels.server","Server","Máy chủ","stable-term"
"settingsPanels.walletConnect","WalletConnect","WalletConnect","stable-term"
"settingsPanels.wizardConnect","WizardConnect","WizardConnect","stable-term"
"settingsRows.about","About OPTN","Giới thiệu OPTN","translated"
"settingsRows.aboutDescription","Version info","Thông tin phiên bản","translated"
"settingsRows.addons","Addons","Tiện ích bổ sung","translated"
"settingsRows.addonsDescription","Install and manage third-party addons","Cài đặt và quản lý tiện ích của bên thứ ba","translated"
"settingsRows.appLock","App Lock","Khóa ứng dụng","translated"
"settingsRows.appLockDescription","Auto-lock · Change password","Tự động khóa · Đổi mật khẩu","translated"
"settingsRows.console","Console","Bảng điều khiển","stable-term"
"settingsRows.consoleDescription","App log · Electrum RPC","Nhật ký ứng dụng · Electrum RPC","translated"
"settingsRows.contact","Contact Us","Liên hệ","translated"
"settingsRows.contactDescription","Get help and support","Nhận trợ giúp và hỗ trợ","translated"
"settingsRows.contractInfo","Contract Info","Thông tin hợp đồng","translated"
"settingsRows.contractInfoDescription","View contract details","Xem chi tiết hợp đồng","translated"
"settingsRows.derivation","Derivation Path","Đường dẫn dẫn xuất","translated"
"settingsRows.derivationDescription","Customize and resync the active BIP44 path","Tùy chỉnh và đồng bộ lại đường dẫn BIP44 đang dùng","translated"
"settingsRows.experimental","Experimental Features","Tính năng thử nghiệm","translated"
"settingsRows.experimentalDescription","RPA · CashFusion","RPA · CashFusion","stable-term"
"settingsRows.faucet","Chipnet Faucet","Vòi Chipnet","stable-term"
"settingsRows.faucetDescription","Get test BCH on Chipnet","Nhận BCH thử nghiệm trên Chipnet","translated"
"settingsRows.language","Language","Ngôn ngữ","translated"
"settingsRows.languageDescription","Choose the wallet interface language","Chọn ngôn ngữ giao diện","translated"
"settingsRows.network","Network","Mạng","translated"
"settingsRows.networkDescription","Switch between Mainnet and Chipnet","Chuyển đổi giữa Mainnet và Chipnet","translated"
"settingsRows.nostr","Nostr & Chat","Nostr và trò chuyện","translated"
"settingsRows.nostrDescription","Private messages · Identity · Relay pool","Tin nhắn riêng · Danh tính · Relay","translated"
"settingsRows.pendingOutbox","Pending Tx Locks","Khóa giao dịch đang chờ","translated"
"settingsRows.pendingOutboxDescription","Review outgoing transaction locks","Xem các khóa giao dịch gửi đi","translated"
"settingsRows.recovery","Recovery Phrase","Cụm từ khôi phục","translated"
"settingsRows.recoveryDescription","Back up your wallet","Sao lưu ví","translated"
"settingsRows.server","Servers","Máy chủ","translated"
"settingsRows.serverDescription","Electrum · Block explorer · Transaction fees","Electrum · Trình khám phá khối · Phí giao dịch","translated"
"settingsRows.terms","Terms of Use","Điều khoản sử dụng","translated"
"settingsRows.termsDescription","Read our terms","Đọc điều khoản của chúng tôi","translated"
"settingsRows.walletConnect","WalletConnect","WalletConnect","stable-term"
"settingsRows.walletConnectDescription","Manage dApp connections","Quản lý kết nối dApp","translated"
"settingsRows.wizardConnect","WizardConnect","WizardConnect","stable-term"
"settingsRows.wizardConnectDescription","Connect to token wizards","Kết nối với token wizard","translated"
"terms.acceptance","1. Acceptance of Terms","1. Chấp nhận điều khoản","translated"
"terms.acceptanceText","By accessing and using the OPTN Wallet App (“the App”), you agree to comply with and be bound by these Terms of Use. If you do not agree, please do not use the App.","Bằng việc truy cập và sử dụng ứng dụng OPTN Wallet (“Ứng dụng”), bạn đồng ý tuân thủ và chịu ràng buộc bởi Điều khoản sử dụng này. Nếu không đồng ý, vui lòng không dùng Ứng dụng.","translated"
"terms.deviceSecurity","Ensuring the security of your device and the App.","Đảm bảo thiết bị và Ứng dụng được bảo mật.","translated"
"terms.modifications","6. Modifications","6. Thay đổi","stable-term"
"terms.modificationsText","The developers may modify, suspend, or discontinue the App without prior notice and may update these Terms. You are responsible for reviewing them periodically.","Nhà phát triển có thể sửa đổi, tạm dừng hoặc ngừng Ứng dụng mà không báo trước và có thể cập nhật Điều khoản. Bạn có trách nhiệm xem lại định kỳ.","translated"
"terms.noLiability","4. No Liability","4. Không chịu trách nhiệm","translated"
"terms.noLiabilityText","The developers assume no liability for loss, damage, or unauthorized access arising from use of the App, including cryptocurrency loss, data breaches, or device malfunctions. You use the App at your own risk.","Nhà phát triển không chịu trách nhiệm về mất mát, thiệt hại hoặc truy cập trái phép phát sinh từ việc dùng Ứng dụng, bao gồm mất tiền mã hóa, vi phạm dữ liệu hoặc lỗi thiết bị. Bạn tự chịu rủi ro khi sử dụng.","translated"
"terms.noWarranty","5. No Warranty","5. Không bảo hành","translated"
"terms.noWarrantyText","The App is provided “as is” without express or implied warranties. The developers do not guarantee reliability, accuracy, completeness, error-free operation, or uninterrupted service.","Ứng dụng được cung cấp “nguyên trạng” không có bảo đảm rõ ràng hay ngụ ý. Nhà phát triển không bảo đảm độ tin cậy, chính xác, đầy đủ, không lỗi hoặc dịch vụ liên tục.","translated"
"terms.purpose","2. Purpose","2. Mục đích","translated"
"terms.purposeText","The OPTN Wallet App lets users securely store, send, and receive cryptocurrency. You are responsible for the security of your private keys and assets.","Ứng dụng OPTN Wallet cho phép lưu trữ, gửi và nhận tiền mã hóa an toàn. Bạn chịu trách nhiệm bảo mật khóa riêng và tài sản của mình.","translated"
"terms.responsibilities","3. User Responsibilities","3. Trách nhiệm người dùng","translated"
"terms.responsibilitiesIntro","The OPTN Wallet App handles real cryptocurrency. You are solely responsible for:","Ứng dụng OPTN Wallet xử lý tiền mã hóa thật. Bạn hoàn toàn chịu trách nhiệm về:","translated"
"terms.responsibilitiesText","The development team is not responsible for loss of assets or unauthorized access resulting from failure to follow these practices.","Đội phát triển không chịu trách nhiệm về mất tài sản hoặc truy cập trái phép do không tuân thủ các thực hành này.","translated"
"terms.safeguard","Safeguarding your private keys and recovery phrases.","Bảo vệ khóa riêng và cụm từ khôi phục.","translated"
"terms.verify","Verifying transaction details before confirming any actions.","Xác minh chi tiết giao dịch trước khi xác nhận hành động.","translated"
"token.activeMinting","Active Minting","Đang phát hành","translated"
"token.authHead","Auth Head","Đầu quyền hạn","translated"
"token.bcmr","BCMR","BCMR","stable-term"
"token.bcmrUnavailable","BCMR metadata unavailable","Không có siêu dữ liệu BCMR","translated"
"token.category","Category","Danh mục","translated"
"token.chainStatsError","Unable to load token chain statistics right now.","Hiện không thể tải thống kê token trên chuỗi.","translated"
"token.decimals","Decimals","Số chữ số thập phân","translated"
"token.id","Token ID","ID token","translated"
"token.loading","Loading token data…","Đang tải dữ liệu token…","translated"
"token.no","No","Không","translated"
"token.symbol","Symbol","Ký hiệu","translated"
"token.totalNfts","Total NFTs","Tổng số NFT","translated"
"token.totalSupply","Total Supply","Tổng cung","translated"
"token.unavailable","Unavailable","Không khả dụng","translated"
"token.yes","Yes","Có","translated"
"tor.appRunsOwn","The app runs its own Tor — no Tor Browser needed","Ứng dụng chạy Tor riêng — không cần Tor Browser","translated"
"tor.autoDetect","Auto-detect (9050 / 9150)","Tự phát hiện (9050 / 9150)","translated"
"tor.bootstrapping","Bootstrapping Tor… {percent}%","Đang khởi tạo Tor… {percent}%","translated"
"tor.check","Check Tor","Kiểm tra Tor","translated"
"tor.checking","Checking…","Đang kiểm tra…","translated"
"tor.desktopOnly","Desktop only","Chỉ trên máy tính","translated"
"tor.disable","Disable","Tắt","translated"
"tor.enable","Enable","Bật","translated"
"tor.externalOption","Or use a Tor you run yourself:","Hoặc dùng Tor do bạn tự chạy:","translated"
"tor.foundOnPort","Tor found on port {port} ✓","Đã tìm thấy Tor trên cổng {port} ✓","translated"
"tor.integrated","Integrated Tor","Tor tích hợp","translated"
"tor.manualPort","Manual port","Cổng thủ công","translated"
"tor.noExternal","No external Tor found. Either press “Start integrated Tor” above (recommended), or start Tor Browser (9150) / a system Tor daemon (9050) and press “Check Tor”. Without Tor, remote CashFusion is blocked.","Không tìm thấy Tor bên ngoài. Hãy khởi động Tor tích hợp ở trên (khuyên dùng), hoặc khởi động Tor Browser (9150) / daemon Tor hệ thống (9050) rồi nhấn “Kiểm tra Tor”. Không có Tor, CashFusion từ xa bị chặn.","translated"
"tor.noProxy","No Tor proxy running ✗","Không có proxy Tor đang chạy ✗","translated"
"tor.remoteRequired","Required for remote CashFusion servers","Bắt buộc cho máy chủ CashFusion từ xa","translated"
"tor.runningOn","Running on port {port} ✓","Đang chạy trên cổng {port} ✓","translated"
"tor.starting","Starting…","Đang khởi động…","translated"
"tor.startIntegrated","Start integrated Tor","Khởi động Tor tích hợp","translated"
"tor.stop","Stop","Dừng","translated"
"tor.title","Tor","Tor","stable-term"
"tor.usingManual","Using manual port {port}","Đang dùng cổng thủ công {port}","translated"
"txDetails.bch","BCH","BCH","stable-term"
"txDetails.index","Index","Chỉ mục","stable-term"
"txDetails.locktime","Locktime","Thời gian khóa","translated"
"txDetails.txid","TXID","TXID","stable-term"
"txDetails.version","Version","Phiên bản","stable-term"
"txSummary.bch","BCH","BCH","stable-term"
"txSummary.bchInput","bch input","đầu vào BCH","translated"
"txSummary.bytes","bytes","byte","stable-term"
"txSummary.fee","Fee","Phí","translated"
"txSummary.feeRate","Fee rate","Mức phí","translated"
"txSummary.inputs","Inputs","Đầu vào","translated"
"txSummary.outputs","Outputs","Đầu ra","translated"
"txSummary.sats","sats","sats","stable-term"
"txSummary.token","token","token","stable-term"
"txSummary.tokenInput","token input","đầu vào token","translated"
"txSummary.txSize","Tx size","Kích thước giao dịch","translated"
"utxo.amount","Amount","Số lượng","translated"
"utxo.bitcoinCash","Bitcoin Cash","Bitcoin Cash","stable-term"
"utxo.ft","FT","FT","stable-term"
"utxo.height","Height","Chiều cao","translated"
"utxo.loading","Loading UTXOs…","Đang tải UTXO…","translated"
"utxo.name","Name","Tên","translated"
"utxo.nft","NFT","NFT","stable-term"
"utxo.none","No UTXOs to display.","Không có UTXO để hiển thị.","translated"
"utxo.pos","Pos","Vị trí","translated"
"utxo.tokens","tokens","token","stable-term"
"utxo.txHash","Tx Hash","Hash giao dịch","translated"
"walkthrough.label","Walkthrough","Hướng dẫn từng bước","translated"
"watchOnly.accountXpub","Account xPub","xPub tài khoản","translated"
"watchOnly.back","Back to wallets","Quay lại ví","translated"
"watchOnly.change","Change #{index}","Tiền thừa #{index}","translated"
"watchOnly.chipnet","Chipnet","Chipnet","stable-term"
"watchOnly.comingNext","Coming next","Sắp có","translated"
"watchOnly.description","Inspect public BCH addresses without importing any private keys.","Kiểm tra địa chỉ BCH công khai mà không nhập khóa riêng.","translated"
"watchOnly.mainnet","Mainnet","Mainnet","stable-term"
"watchOnly.multipleCosigners","Multiple cosigners","Nhiều người đồng ký","translated"
"watchOnly.multisign","Multisign","Đa chữ ký","translated"
"watchOnly.network","Network","Mạng","translated"
"watchOnly.pathNote","Confirm that SeedCash exported this account at m/44'/145'/account'. A standalone BIP32 xPub cannot prove its parent purpose or coin path.","Xác nhận SeedCash đã xuất tài khoản này tại m/44’/145’/account’. xPub BIP32 độc lập không chứng minh được mục đích cha hoặc đường dẫn coin.","translated"
"watchOnly.previewPublic","Preview public addresses","Xem trước địa chỉ công khai","translated"
"watchOnly.previewTitle","Public address preview","Xem trước địa chỉ công khai","translated"
"watchOnly.receive","Receive #{index}","Nhận #{index}","translated"
"watchOnly.scanCamera","Scan (camera)","Quét (camera)","translated"
"watchOnly.standard","Standard","Tiêu chuẩn","stable-term"
"watchOnly.title","Watch-Only Wallet Preview","Xem trước ví chỉ theo dõi","translated"
"watchOnly.type","Watch-only wallet type","Loại ví chỉ theo dõi","translated"
"watchOnly.uploadQr","Upload QR","Tải QR lên","translated"
"watchOnly.warning","Public preview only: this screen does not save a watch-only wallet or create, sign, import, or broadcast PSBT transactions yet.","Chỉ xem công khai: màn hình này chưa lưu ví chỉ theo dõi hoặc tạo, ký, nhập hay phát giao dịch PSBT.","translated"
"watchOnly.xpubPlaceholder","Paste the xPub exported by SeedCash","Dán xPub do SeedCash xuất","translated"
"wc.activeSessions","Active WalletConnect Sessions","Phiên WalletConnect đang hoạt động","translated"
"wc.address","Address","Địa chỉ","translated"
"wc.approvalFailedBody","Failed to approve the session request from {name}.","Không thể phê duyệt yêu cầu phiên từ {name}.","translated"
"wc.approvalFailedTitle","WalletConnect approval failed","Phê duyệt WalletConnect thất bại","translated"
"wc.approve","Approve","Phê duyệt","translated"
"wc.approvedBody","Connected to {name}.","Đã kết nối với {name}.","translated"
"wc.approvedTitle","WalletConnect session approved","Đã phê duyệt phiên WalletConnect","translated"
"wc.approveSession","Approve Session","Phê duyệt phiên","translated"
"wc.broadcast","Broadcast","Phát lên mạng","translated"
"wc.broadcastLocked","Another outgoing transaction is still syncing. To avoid duplicates while you are offline, this wallet will only broadcast one unresolved transaction at a time.","Một giao dịch gửi đi khác vẫn đang đồng bộ. Để tránh trùng lặp khi ngoại tuyến, ví này chỉ phát một giao dịch chưa xử lý mỗi lần.","translated"
"wc.cancel","Cancel","Hủy","translated"
"wc.close","Close","Đóng","translated"
"wc.connect","Connect","Kết nối","translated"
"wc.connectionUri","Connection URI","URI kết nối","translated"
"wc.dappName","DApp Name","Tên dApp","translated"
"wc.disconnect","Disconnect","Ngắt kết nối","translated"
"wc.disconnectsOn","Disconnects On","Ngắt kết nối vào","translated"
"wc.domain","Domain","Miền","translated"
"wc.enterUri","Enter WalletConnect URI","Nhập URI WalletConnect","translated"
"wc.estimatedFee","Estimated Fee","Phí ước tính","translated"
"wc.fungibleAmount","Fungible Amount","Số lượng có thể thay thế","translated"
"wc.index","Index","Chỉ mục","stable-term"
"wc.inputs","Inputs ({count})","Đầu vào ({count})","translated"
"wc.invalidLockingBytecode","Invalid locking bytecode","Bytecode khóa không hợp lệ","translated"
"wc.invalidQr","Not a valid WalletConnect URI.","Không phải URI WalletConnect hợp lệ.","translated"
"wc.messageApprovedBody","Approved the WalletConnect message request.","Đã phê duyệt yêu cầu tin nhắn WalletConnect.","translated"
"wc.messageFailedBody","Failed to sign WalletConnect message request.","Không thể ký yêu cầu tin nhắn WalletConnect.","translated"
"wc.messageFailedTitle","WalletConnect message failed","Tin nhắn WalletConnect thất bại","translated"
"wc.messageRejectedBody","Rejected the WalletConnect message request.","Đã từ chối yêu cầu tin nhắn WalletConnect.","translated"
"wc.messageRejectedTitle","WalletConnect message rejected","Đã từ chối tin nhắn WalletConnect","translated"
"wc.messageRejectFailedBody","Failed to reject WalletConnect message request.","Không thể từ chối yêu cầu tin nhắn WalletConnect.","translated"
"wc.messageSignedBody","Approved request from {name}.","Đã phê duyệt yêu cầu từ {name}.","translated"
"wc.messageSignedTitle","WalletConnect message signed","Đã ký tin nhắn WalletConnect","translated"
"wc.messageToSign","Message to Sign","Tin nhắn cần ký","translated"
"wc.nftCapability","NFT Capability","Khả năng NFT","translated"
"wc.nftCommitment","NFT Commitment","Cam kết NFT","translated"
"wc.no","No","Không","translated"
"wc.noActiveSessions","No active WalletConnect sessions yet.","Chưa có phiên WalletConnect đang hoạt động.","translated"
"wc.noQr","No QR code detected. Try again.","Không phát hiện mã QR. Hãy thử lại.","translated"
"wc.noSessions","No active sessions.","Không có phiên đang hoạt động.","translated"
"wc.opReturnOutput","OP_RETURN Output","Đầu ra OP_RETURN","translated"
"wc.outputs","Outputs ({count})","Đầu ra ({count})","translated"
"wc.pairingStarted","WalletConnect pairing started.","Đã bắt đầu ghép nối WalletConnect.","translated"
"wc.pairingSuccessful","WalletConnect pairing successful via QR.","Ghép nối WalletConnect qua QR thành công.","translated"
"wc.prompt","Prompt","Yêu cầu","translated"
"wc.reject","Reject","Từ chối","translated"
"wc.rejectedBody","Rejected the session request from {name}.","Đã từ chối yêu cầu phiên từ {name}.","translated"
"wc.rejectedTitle","WalletConnect session rejected","Đã từ chối phiên WalletConnect","translated"
"wc.rejectionFailedBody","Failed to reject the session request from {name}.","Không thể từ chối yêu cầu phiên từ {name}.","translated"
"wc.rejectionFailedTitle","WalletConnect rejection failed","Từ chối WalletConnect thất bại","translated"
"wc.rejectionSentBody","Sent the rejection response to the dApp.","Đã gửi phản hồi từ chối đến dApp.","translated"
"wc.rejectionStaleBody","The dApp disconnected before the rejection response could be delivered.","dApp đã ngắt kết nối trước khi gửi được phản hồi từ chối.","translated"
"wc.requestExpiredBody","The dApp request expired before it could be completed.","Yêu cầu dApp hết hạn trước khi hoàn tất.","translated"
"wc.requestExpiredTitle","WalletConnect request expired","Yêu cầu WalletConnect đã hết hạn","translated"
"wc.scanFailed","WalletConnect scan failed.","Quét WalletConnect thất bại.","translated"
"wc.scanQr","Scan QR","Quét QR","translated"
"wc.sessionDisconnectedBody","A WalletConnect session was disconnected remotely.","Một phiên WalletConnect đã bị ngắt từ xa.","translated"
"wc.sessionDisconnectedFrom","Disconnected from {name}.","Đã ngắt kết nối khỏi {name}.","translated"
"wc.sessionDisconnectedTitle","WalletConnect session disconnected","Đã ngắt phiên WalletConnect","translated"
"wc.sessionRequestExpiredBody","The WalletConnect session request timed out before approval.","Yêu cầu phiên WalletConnect hết thời gian trước khi được phê duyệt.","translated"
"wc.sessionRequestExpiredTitle","WalletConnect session request expired","Yêu cầu phiên WalletConnect đã hết hạn","translated"
"wc.sessionRequestFrom","Session request from {name}.","Yêu cầu phiên từ {name}.","translated"
"wc.sessionRequestGeneric","A dApp requested a WalletConnect session.","Một dApp yêu cầu phiên WalletConnect.","translated"
"wc.sessionRequestTitle","WalletConnect session request","Yêu cầu phiên WalletConnect","translated"
"wc.settings","Settings","Cài đặt","translated"
"wc.sign","Sign","Ký","translated"
"wc.signMessageRequest","Sign Message Request","Yêu cầu ký tin nhắn","translated"
"wc.signTransactionRequest","Sign Transaction Request","Yêu cầu ký giao dịch","translated"
"wc.tokenCategory","Token Category","Danh mục token","translated"
"wc.totalInput","Total Input","Tổng đầu vào","translated"
"wc.totalOutput","Total Output","Tổng đầu ra","translated"
"wc.transactionApprovedTitle","WalletConnect transaction approved","Đã phê duyệt giao dịch WalletConnect","translated"
"wc.transactionFailedBody","Failed to sign WalletConnect transaction request: {message}","Không thể ký yêu cầu giao dịch WalletConnect: {message}","translated"
"wc.transactionFailedTitle","WalletConnect transaction failed","Giao dịch WalletConnect thất bại","translated"
"wc.transactionRejectedTitle","WalletConnect transaction rejected","Đã từ chối giao dịch WalletConnect","translated"
"wc.transactionRejectionFailedBody","Failed to reject WalletConnect transaction request: {message}","Không thể từ chối yêu cầu giao dịch WalletConnect: {message}","translated"
"wc.transactionResponseSentBody","Sent the WalletConnect transaction response.","Đã gửi phản hồi giao dịch WalletConnect.","translated"
"wc.transactionSentBody","Sent the transaction response to {name}.","Đã gửi phản hồi giao dịch đến {name}.","translated"
"wc.transactionStaleBody","The dApp disconnected before the transaction response could be delivered.","dApp đã ngắt kết nối trước khi có thể gửi phản hồi giao dịch.","translated"
"wc.txid","TXID","TXID","stable-term"
"wc.unknownDapp","Unknown dApp","dApp không xác định","translated"
"wc.unsupportedTransaction","This request uses an unsupported transaction representation in the current OPTN Wallet integration.","Yêu cầu này dùng biểu diễn giao dịch không được hỗ trợ trong tích hợp OPTN Wallet hiện tại.","translated"
"wc.validUri","Please provide a valid WalletConnect URI.","Hãy cung cấp URI WalletConnect hợp lệ.","translated"
"wc.waitingForSync","Waiting for sync","Đang chờ đồng bộ","translated"
"wc.waitPrevious","Wait for the previous outgoing transaction to sync first","Chờ giao dịch gửi trước đồng bộ trước","translated"
"wc.working","Working…","Đang xử lý…","translated"
"wc.yes","Yes","Có","translated"
"wizard.activeSessions","Active WizardConnect Sessions","Phiên WizardConnect đang hoạt động","translated"
"wizard.address","Address","Địa chỉ","translated"
"wizard.approve","Approve WizardConnect","Phê duyệt WizardConnect","translated"
"wizard.approved","WizardConnect transaction approved and sent.","Đã phê duyệt và gửi giao dịch WizardConnect.","translated"
"wizard.approveFailed","WizardConnect transaction failed: {message}","Giao dịch WizardConnect thất bại: {message}","translated"
"wizard.broadcast","Broadcast","Phát lên mạng","translated"
"wizard.cancel","Cancel","Hủy","translated"
"wizard.close","Close","Đóng","translated"
"wizard.connect","Connect","Kết nối","translated"
"wizard.connectedOn","Connected On","Đã kết nối vào","translated"
"wizard.connecting","Connecting…","Đang kết nối…","translated"
"wizard.connectionUri","Connection URI","URI kết nối","translated"
"wizard.connectQuestion","Connect this wallet to the following WizardConnect request?","Kết nối ví này với yêu cầu WizardConnect sau đây?","translated"
"wizard.dapp","DApp","dApp","stable-term"
"wizard.disconnect","Disconnect","Ngắt kết nối","translated"
"wizard.enterUri","Enter WizardConnect URI","Nhập URI WizardConnect","translated"
"wizard.errorPrefix","Error: {message}","Lỗi: {message}","translated"
"wizard.estimatedFee","Estimated Fee","Phí ước tính","translated"
"wizard.fungibleAmount","Fungible Amount","Số lượng có thể thay thế","translated"
"wizard.index","Index","Chỉ mục","stable-term"
"wizard.invalidQr","Not a valid WizardConnect QR code.","Không phải QR WizardConnect hợp lệ.","translated"
"wizard.no","No","Không","translated"
"wizard.noActiveSessions","No active WizardConnect sessions yet.","Chưa có phiên WizardConnect đang hoạt động.","translated"
"wizard.noQr","No QR code detected. Try again.","Không phát hiện mã QR. Hãy thử lại.","translated"
"wizard.noWallet","No active wallet is available for WizardConnect.","Không có ví đang hoạt động cho WizardConnect.","translated"
"wizard.opReturnOutput","OP_RETURN Output","Đầu ra OP_RETURN","translated"
"wizard.pairingStarted","WizardConnect pairing started.","Đã bắt đầu ghép nối WizardConnect.","translated"
"wizard.prompt","Prompt","Yêu cầu","translated"
"wizard.rejected","WizardConnect transaction rejected.","Đã từ chối giao dịch WizardConnect.","translated"
"wizard.rejectFailed","WizardConnect rejection failed: {message}","Từ chối WizardConnect thất bại: {message}","translated"
"wizard.scanFailed","WizardConnect scan failed.","Quét WizardConnect thất bại.","translated"
"wizard.sessionDisconnectedOrExpired","A WizardConnect session disconnected or expired on the dApp side.","Một phiên WizardConnect đã bị ngắt hoặc hết hạn ở phía dApp.","translated"
"wizard.settings","Settings","Cài đặt","translated"
"wizard.sign","Sign","Ký","translated"
"wizard.signRequest","WizardConnect Sign Request","Yêu cầu ký WizardConnect","translated"
"wizard.status","Status","Trạng thái","stable-term"
"wizard.tokenCategory","Token Category","Danh mục token","translated"
"wizard.totalInput","Total Input","Tổng đầu vào","translated"
"wizard.totalOutput","Total Output","Tổng đầu ra","translated"
"wizard.txid","TXID","TXID","stable-term"
"wizard.unknownDapp","Unknown dApp","dApp không xác định","translated"
"wizard.unsupportedTransaction","This request uses an unsupported transaction representation in the current OPTN Wallet integration.","Yêu cầu này dùng biểu diễn giao dịch không được hỗ trợ trong tích hợp OPTN Wallet hiện tại.","translated"
"wizard.validUri","Please provide a valid WizardConnect URI.","Hãy cung cấp URI WizardConnect hợp lệ.","translated"
"wizard.yes","Yes","Có","translated"
