"key","English (en)","Chinese (Simplified) (zh-CN)","Status"
"about.building","Building and Sending Transactions","构建和发送交易","translated"
"about.buildingText","Construct transactions with custom covenant conditions such as time locks, multisignature requirements, or allowlisted addresses.","使用自定义 covenant 条件构建交易，例如时间锁、多签要求或允许的地址。","translated"
"about.cashscriptExamples","CashScript Covenant Examples","CashScript Covenant 示例","translated"
"about.cashscriptGuide","CashScript - Writing Covenants & Introspection","CashScript - 编写 Covenant 与自省","translated"
"about.cointelegraph","Cointelegraph - What are Bitcoin covenants, and how do they work?","Cointelegraph - 什么是 Bitcoin Covenant，它们如何工作？","translated"
"about.community","Community Feedback","社区反馈","translated"
"about.communityText","Built with input from beta testers and real user needs.","根据测试用户的反馈和真实需求构建。","translated"
"about.creating","Creating and Importing Wallets","创建和导入钱包","translated"
"about.creatingText","Create new wallets or import existing ones using standard formats compatible with other Bitcoin wallets.","使用与其他 Bitcoin 钱包兼容的标准格式创建新钱包或导入现有钱包。","translated"
"about.feedback","Feedback and Support","反馈与支持","translated"
"about.feedbackText","Your feedback helps us improve OPTN Wallet. For suggestions, issues, or support, contact us at","你的反馈有助于改进 OPTN Wallet。如有建议、问题或需要支持，请联系","translated"
"about.flexibility","Flexibility","灵活性","translated"
"about.flexibilityText","Tailor your wallet experience with custom transaction conditions.","使用自定义交易条件调整钱包体验。","translated"
"about.intended","Intended Use","适用范围","translated"
"about.intendedText","OPTN is ready to help you manage digital assets with advanced covenant features, whether you are handling personal funds or exploring Bitcoin covenants.","OPTN 可帮助你使用高级 covenant 功能管理数字资产，无论是管理个人资金还是探索 Bitcoin covenant。","translated"
"about.intuitive","Intuitive Design","直观设计","translated"
"about.intuitiveText","A user-friendly interface that makes asset management approachable for beginners.","友好的界面让初学者也能轻松管理资产。","translated"
"about.keyFeatures","Key Features","主要功能","translated"
"about.learn","Learn More About Bitcoin Covenants","进一步了解 Bitcoin Covenant","translated"
"about.learnText","Explore these resources to deepen your understanding of Bitcoin covenants:","通过以下资源加深对 Bitcoin covenant 的理解：","translated"
"about.overview","Overview","概览","translated"
"about.overviewText","The OPTN Wallet App gives you direct control and security over your digital assets. Bitcoin covenants let you set custom rules for how funds can be spent, so your wallet can match your preferences.","OPTN Wallet 为你提供对数字资产的直接控制和安全保护。Bitcoin covenant 允许你为资金使用设置自定义规则，让钱包符合你的偏好。","translated"
"about.security","Security","安全","translated"
"about.securityText","Bitcoin covenant features help protect assets from unauthorized transactions.","Bitcoin covenant 功能有助于保护资产免受未经授权的交易影响。","translated"
"about.unmatched","Unmatched Security","出色的安全性","translated"
"about.unmatchedText","Define exactly how funds can be spent with Bitcoin covenants.","通过 Bitcoin covenant 明确定义资金的使用方式。","translated"
"about.viewing","Viewing Covenants","查看 Covenant","translated"
"about.viewingText","Review the rules that govern transactions so you can understand how your funds are protected.","查看交易规则，了解资金如何受到保护。","translated"
"about.why","Why Choose OPTN Wallet?","为什么选择 OPTN Wallet？","translated"
"about.wiki","Bitcoin Covenants Wiki","Bitcoin Covenant Wiki","translated"
"actions.advanced","Advanced","进阶","translated"
"actions.advancedActions","Advanced Actions","进阶操作","translated"
"actions.basic","Basic","基础","translated"
"actions.basicActions","Basic Actions","基础操作","translated"
"actions.cashTokens","CashTokens","CashTokens","stable-term"
"actions.cashTokensDescription","Manage token families","管理代币系列","translated"
"actions.commonWalletTasks","Common wallet tasks","常用钱包任务","translated"
"actions.contracts","Contracts","合约","translated"
"actions.contractsDescription","Manage contract instances","管理合约实例","translated"
"actions.deeperTools","Deeper tools and workflows","深入工具和工作流","translated"
"actions.newAddress","New Address","新地址","translated"
"actions.newAddressDescription","Generate a new address","生成新地址","translated"
"actions.quantumroot","Quantumroot","Quantumroot","stable-term"
"actions.quantumrootBadge","Beta production","生产测试版","translated"
"actions.quantumrootDescription","Quantum-ready vaults","面向量子的保险库","translated"
"actions.receive","Receive","接收","translated"
"actions.receiveDescription","Receive BCH or CashTokens","接收 BCH 或 CashTokens","translated"
"actions.scanQr","Scan QR","扫描二维码","translated"
"actions.scanQrDescription","Sweep paper wallets","扫描纸钱包","translated"
"actions.send","Send","发送","translated"
"actions.sendDescription","Send BCH or CashTokens","发送 BCH 或 CashTokens","translated"
"actions.subtitle","Simple wallet actions for everyday use","日常使用的钱包快捷操作","translated"
"actions.taskMode","Task mode","任务模式","translated"
"actions.taskModeDescription","Basic tasks first, advanced tools one step deeper","先处理基础任务，进阶工具位于下一层","translated"
"actions.title","Actions","操作","stable-term"
"actions.transactionBuilder","Transaction Builder","交易构建器","translated"
"actions.transactionBuilderDescription","Build custom transactions","构建自定义交易","translated"
"actions.walletConnect","WalletConnect","WalletConnect","stable-term"
"actions.walletConnectDescription","Manage dApp sessions","管理 dApp 会话","translated"
"actions.wizardConnect","WizardConnect","WizardConnect","stable-term"
"actions.wizardConnectDescription","XPub-key-enabled dApp sessions","支持 XPub 的 dApp 会话","translated"
"addons.description","Addons run in a sandboxed frame with no access to your wallet's keys or memory — they can only do what the permissions you approve allow.","插件在沙盒框架中运行，无法访问钱包密钥或内存；它们只能执行你批准的权限允许的操作。","translated"
"addons.desktopOnly","Installing addons from a folder is only available on desktop.","只能在桌面端从文件夹安装插件。","translated"
"addons.installed","Installed addons","已安装的插件","translated"
"addons.installedStatus","Installed “{name}”. Restart the app to load it.","已安装“{name}”。重启应用以加载它。","translated"
"addons.installFolder","Install from folder…","从文件夹安装…","translated"
"addons.installing","Installing…","安装中…","translated"
"addons.none","No addons installed.","未安装插件。","translated"
"addons.uninstall","Uninstall","卸载","translated"
"addons.uninstalledStatus","Uninstalled. Restart the app for it to fully disappear.","已卸载。重启应用后才会完全消失。","translated"
"app.back","Back","返回","translated"
"app.close","Close","关闭","translated"
"app.confirmLogout","Confirm Logout","确认退出","translated"
"app.confirmLogoutDescription","Confirm logout to remove this wallet from the device.","确认退出以从设备中移除此钱包。","translated"
"app.help","Help","帮助","translated"
"app.language","Language","语言","translated"
"app.languageDescription","Choose the wallet interface language","选择钱包界面语言","translated"
"app.logOut","Log Out","退出登录","translated"
"app.quickAccess","Quick access","快捷访问","translated"
"app.settings","Settings","设置","translated"
"app.toggleTheme","Toggle theme","切换主题","translated"
"appLock.cancel","Cancel","取消","translated"
"appLock.checking","Checking…","检查中…","translated"
"appLock.confirm","Confirm","确认","translated"
"appLock.confirmPassword","Confirm password","确认密码","translated"
"appLock.incorrect","Incorrect passphrase. Try again.","密码不正确，请重试。","translated"
"appLock.password","Password","密码","translated"
"appLock.revealBackup","Enter your password to reveal the backup phrase.","输入密码以显示备份短语。","translated"
"appLock.verificationFailed","Verification failed. Please try again.","验证失败，请重试。","translated"
"apps.addonLoadFailed","Addon failed to load","插件加载失败","translated"
"apps.advanced","Advanced","高级","translated"
"apps.all","All","全部","translated"
"apps.allowCapabilities","Allow {name} capabilities?","允许 {name} 使用这些钱包权限吗？","translated"
"apps.allowOnce","Allow once","仅允许一次","translated"
"apps.allowSensitiveAction","Allow sensitive action?","允许敏感操作吗？","translated"
"apps.alwaysAllow","Always allow","始终允许","translated"
"apps.appDefinition","App definition","应用定义","translated"
"apps.approveCapabilities","Approve required capabilities to continue.","请批准所需权限以继续。","translated"
"apps.back","Back","返回","translated"
"apps.browse","Browse apps","浏览应用","translated"
"apps.browseSubtitle","Wallet first, then tokens, utils, and advanced platforms","先看钱包，再看代币、工具和高级平台","translated"
"apps.capabilitiesMessage","This addon app is requesting wallet capabilities before launch.","此插件应用在启动前请求钱包权限。","translated"
"apps.capability","Capability:","权限：","translated"
"apps.capability.addOutputs","Construct transaction outputs","构造交易输出","translated"
"apps.capability.addressUtxosRead","Read UTXOs for wallet addresses","读取钱包地址对应的 UTXO","translated"
"apps.capability.addressUtxosRefresh","Refresh and store UTXOs for wallet addresses","刷新并保存钱包地址对应的 UTXO","translated"
"apps.capability.broadcastTransactions","Broadcast transactions","广播交易","translated"
"apps.capability.buildTransactions","Build transactions","构建交易","translated"
"apps.capability.fetchJson","Fetch JSON over HTTP","通过 HTTP 获取 JSON","translated"
"apps.capability.signatureTemplates","Create signature templates","创建签名模板","translated"
"apps.capability.signMessages","Sign messages with wallet keys","使用钱包密钥签名消息","translated"
"apps.capability.tokenHoldersRead","Read TokenIndex holder lists","读取 TokenIndex 持有者列表","translated"
"apps.capability.tokenMetadataRead","Read CashToken metadata","读取 CashToken 元数据","translated"
"apps.capability.walletAddressesRead","Read wallet addresses","读取钱包地址","translated"
"apps.capability.walletContextRead","Read wallet context","读取钱包上下文","translated"
"apps.capability.walletUtxosRead","Read wallet UTXOs","读取钱包 UTXO","translated"
"apps.capabilityRequested","{name} requested: {capability}.","{name} 请求：{capability}。","translated"
"apps.cashFusionDescription","Private CoinJoin — server or P2P over Nostr + Tor","私密 CoinJoin — 通过服务器或 Nostr + Tor 使用 P2P","translated"
"apps.chatDescription","Private end-to-end encrypted Nostr messaging","Nostr 端到端加密私密消息","translated"
"apps.comingSoon","Coming soon","即将推出","translated"
"apps.contractsDescription","Browse artifacts and manage deployed instances","浏览合约构件并管理已部署实例","translated"
"apps.deny","Deny","拒绝","translated"
"apps.empty","No apps in this category.","此类别中没有应用。","translated"
"apps.expectedScreen","Expected config.screen (or app.id) to map to a built-in app implementation.","config.screen（或 app.id）必须对应内置应用实现。","translated"
"apps.failedToLoad","Failed to load app","应用加载失败","translated"
"apps.goToLanding","Go to Landing","前往首页","translated"
"apps.loadFailed","Failed to load addon apps","加载插件应用失败","translated"
"apps.loadingAddon","Loading addon…","正在加载插件…","translated"
"apps.loadingApp","Loading app…","正在加载应用…","translated"
"apps.noWallet","No wallet selected","未选择钱包","translated"
"apps.permissionDenied","Permission denied. App launch was blocked.","权限被拒绝，应用启动已阻止。","translated"
"apps.quantumrootDescription","Receive and recovery tools for advanced vaults","高级金库的收款和恢复工具","translated"
"apps.resolvedScreenId","Resolved screen ID","解析后的屏幕 ID","translated"
"apps.subtitle","Extend your wallet with tools","使用工具扩展钱包","translated"
"apps.title","Apps","应用","translated"
"apps.token","Token","代币","stable-term"
"apps.unsupportedAppKind","Unsupported app kind:","不支持的应用类型：","translated"
"apps.unsupportedDeclarativeApp","Unsupported declarative app:","不支持的声明式应用：","translated"
"apps.utils","Utils","工具","translated"
"apps.waitingPermission","Waiting for app permission","正在等待应用权限","translated"
"apps.wallet","Wallet","钱包","stable-term"
"assets.advancedVaultDescription","Receive and recovery tools for advanced vaults","高级保险库的接收和恢复工具","translated"
"assets.advancedVaultWorkspace","Advanced vault workspace","高级保险库工作区","translated"
"assets.bitcoinCash","Bitcoin Cash","Bitcoin Cash","stable-term"
"assets.cashTokenHoldings","CashToken holdings","CashToken 持仓","translated"
"assets.cashTokens","CashTokens","CashTokens","stable-term"
"assets.categories","categories","类别","translated"
"assets.chipnet","Chipnet","Chipnet","stable-term"
"assets.fungible","fungible","同质化","translated"
"assets.fungibleHoldings","Fungible token holdings","同质化代币持仓","translated"
"assets.mintingNfts","Minting NFTs","铸造型 NFT","translated"
"assets.mintingNftsDescription","Authority to mint additional NFTs in this category","拥有在此类别中铸造更多 NFT 的权限","translated"
"assets.mintTokens","Mint Tokens","铸造代币","translated"
"assets.mutableNfts","Mutable NFTs","可变 NFT","translated"
"assets.mutableNftsDescription","Commitment may be changed by the holder","持有者可以更改承诺值","translated"
"assets.nfts","NFTs","NFT","stable-term"
"assets.noFungibleTokens","No fungible CashTokens found.","未找到同质化 CashToken。","translated"
"assets.noNfts","No NFTs found.","未找到 NFT。","translated"
"assets.nonFungibleHoldings","Non-fungible holdings","非同质化资产持仓","translated"
"assets.openVaults","Open vaults","打开保险库","translated"
"assets.plainNfts","Plain NFTs","普通 NFT","translated"
"assets.plainNftsDescription","Fixed commitment; cannot be changed or used to mint","承诺值固定，无法更改或用于铸造","translated"
"assets.primaryBalance","Primary wallet balance","钱包主余额","translated"
"assets.quantumroot","Quantumroot","Quantumroot","stable-term"
"assets.quickInventory","Quick view of your wallet inventory","快速查看钱包资产","translated"
"assets.tabBch","BCH","BCH","stable-term"
"assets.tabNfts","NFTs","NFT","stable-term"
"assets.tabTokens","Tokens","代币","stable-term"
"assets.title","Assets","资产","translated"
"assets.toggleBalance","Toggle BCH and USD balance","切换 BCH 和 USD 余额","translated"
"assets.units","units","单位","translated"
"assets.usdPriceUnavailable","USD price unavailable","USD 价格不可用","translated"
"assets.usdUnavailable","USD unavailable","USD 不可用","translated"
"assets.vaultWorkspace","Vault workspace","保险库工作区","translated"
"bip37.addressesWithCoins","address(es) with coins","个有余额的地址","translated"
"bip37.blocks","blocks","个区块","stable-term"
"bip37.fromNode","BCH from the node ✓","来自节点的 BCH ✓","translated"
"bip37.height","height","高度","translated"
"bip37.inUse","● in use","● 使用中","translated"
"bip37.node","Node","节点","stable-term"
"bip37.notServes","Does not serve BIP37 ✗ (bloom filtering off)","不支持 BIP37 ✗（Bloom 过滤已关闭）","translated"
"bip37.probe","Probe","探测","translated"
"bip37.probing","Probing…","探测中…","translated"
"bip37.protocol","protocol","协议","translated"
"bip37.remove","Remove","移除","translated"
"bip37.scanned","scanned","已扫描","translated"
"bip37.serves","Serves BIP37 ✓","支持 BIP37 ✓","translated"
"bip37.sync","Sync","同步","translated"
"bip37.syncing","Syncing…","同步中…","translated"
"bip37.syncingDetails","Syncing headers + scanning blocks via the node…","正在同步区块头并通过节点扫描区块…","translated"
"bip37.use","Use","使用","translated"
"bip37.useBalanceTitle","Derive this wallet's balance directly from the node (trustless SPV)","直接从节点推导钱包余额（无需信任的 SPV）","translated"
"bip37.useNodeTitle","Use ONLY this node for wallet data (trustless; Electrum servers are not consulted)","仅使用此节点获取钱包数据（无需信任；不会查询 Electrum 服务器）","translated"
"bip37.verified","Verified trustlessly: every matched tx proven by its block's merkle proof.","已验证，无需信任：每笔匹配交易都由其区块的 Merkle 证明确认。","translated"
"bip37.watching","watching","监视","translated"
"builder.addFirstRecipient","Add your first recipient","添加第一个收款人","translated"
"builder.addOpReturnOutput","Add OP_RETURN Output","添加 OP_RETURN 输出","translated"
"builder.addOutput","Add Output","添加输出","translated"
"builder.addRecipient","Add recipient","添加收款人","translated"
"builder.addRecipients","Add recipients","添加收款人","translated"
"builder.addRecipientsDescription","Add BCH recipients, token transfers, collectibles, or an optional message output.","添加 BCH 收款人、代币转账、收藏品或可选的消息输出。","translated"
"builder.address","Address","地址","translated"
"builder.amount","Amount","金额","translated"
"builder.amountToSend","Amount to send","发送金额","translated"
"builder.attachMessage","Attach message","附加消息","translated"
"builder.back","Back","返回","translated"
"builder.bchAddress","BCH address","BCH 地址","translated"
"builder.bchAmountSats","BCH amount (sats)","BCH 金额（sat）","translated"
"builder.bchFunds","BCH funds","BCH 资金","translated"
"builder.broadcastedSuccess","Your transaction was broadcast successfully!","交易已成功广播！","translated"
"builder.buildTransaction","Build Transaction","构建交易","translated"
"builder.buildTx","Build TX","构建 TX","translated"
"builder.capability","Capability","能力","translated"
"builder.category","Category","类别","translated"
"builder.chooseSource","Choose a source","选择来源","translated"
"builder.chooseSourceDescription","Pick wallet addresses for normal sends, or contracts for script spends.","普通发送请选择钱包地址，脚本花费请选择合约。","translated"
"builder.chooseSourceHelp","Choose source","选择来源","translated"
"builder.close","Close","关闭","translated"
"builder.collectibleAmount","Collectible amount","收藏品数量","translated"
"builder.commitment","Commitment","承诺值","translated"
"builder.configureCollectible","Configure collectible","配置收藏品","translated"
"builder.confirmAndSend","Confirm and Send Transaction","确认并发送交易","translated"
"builder.confirmTransaction","Confirm Transaction","确认交易","translated"
"builder.contract","Contract","合约","translated"
"builder.contractAddress","Contract address","合约地址","translated"
"builder.contractAssets","Contract assets","合约资产","translated"
"builder.contractFunction","Contract Function","合约函数","translated"
"builder.contractFunds","Contract funds","合约资金","translated"
"builder.contracts","Contracts","合约","translated"
"builder.contractSourceCount","{count} contract source(s)","合约来源 {count} 个","translated"
"builder.contractSourcePlural","{count} contract sources","合约来源 {count} 个","translated"
"builder.contractSources","Contract sources","合约来源","translated"
"builder.contractSourceSingular","{count} contract source","合约来源 {count} 个","translated"
"builder.copyToClipboard","Copy to clipboard","复制到剪贴板","translated"
"builder.createCollectible","Create collectible","创建收藏品","translated"
"builder.createToken","Create token","创建代币","translated"
"builder.customSend","Custom Send","自定义发送","translated"
"builder.decodeFailed","Unable to decode transaction. Showing raw hex:","无法解码交易，正在显示原始十六进制：","translated"
"builder.dragToConfirm","Drag to Confirm","拖动以确认","translated"
"builder.enterTokenAmount","Enter amount (max {amount})","输入数量（最大 {amount}）","translated"
"builder.estimatedNetworkFee","Estimated network fee","预计网络费用","translated"
"builder.feeReserve","Leaving a {count} sat fee reserve.","预留 {count} sat 作为费用。","translated"
"builder.flow","Flow","流程","translated"
"builder.flowDescription","Pick a source, choose funds, add recipients, then preview the final transaction before sending.","选择来源、选择资金、添加收款人，然后在发送前预览最终交易。","translated"
"builder.fundsSelected","Funds selected","已选资金","translated"
"builder.fungibleAmount","Fungible Amount","同质化代币数量","translated"
"builder.fungibleTokens","Fungible Tokens","同质化代币","translated"
"builder.genesisCollectible","Genesis input for this collectible","此收藏品的创世输入","translated"
"builder.genesisInput","Genesis input for this token","此代币的创世输入","translated"
"builder.help","Help","帮助","translated"
"builder.howWorks","How this works","使用方式","translated"
"builder.inputs","Inputs","输入","translated"
"builder.leftoverBchPlaceholder","Wallet address for leftover BCH","剩余 BCH 的钱包地址","translated"
"builder.max","Max","最大值","translated"
"builder.maxSpendable","Set to maximum spendable (leaves 2000 sats for fees)","设置为最大可用金额（为费用保留 2000 sat）","translated"
"builder.missingUnlocker","Missing unlocker!","缺少解锁器！","translated"
"builder.next","Next","下一步","translated"
"builder.nftCapability","NFT Capability","NFT 能力","translated"
"builder.nftCommitment","NFT Commitment","NFT 承诺值","translated"
"builder.noContractAddresses","No contract addresses available.","没有可用的合约地址。","translated"
"builder.noFundsSelected","No funds selected yet.","尚未选择资金。","translated"
"builder.none","None","无","translated"
"builder.nonFungibleTokens","Non-Fungible Tokens","非同质化代币","translated"
"builder.noOutputs","No outputs added yet.","尚未添加输出。","translated"
"builder.noQrCode","No QR code detected. Please try again.","未检测到二维码，请重试。","translated"
"builder.noSpendableBalance","No spendable balance after fee reserve","预留费用后没有可花费余额","translated"
"builder.noUtxosSelected","No UTXOs selected.","尚未选择 UTXO。","translated"
"builder.noWalletAddresses","No wallet addresses available.","没有可用的钱包地址。","translated"
"builder.opReturnData","OP_RETURN Data","OP_RETURN 数据","translated"
"builder.opReturnEmpty","OP_RETURN data cannot be empty.","OP_RETURN 数据不能为空。","translated"
"builder.opReturnOutput","OP_RETURN Output","OP_RETURN 输出","translated"
"builder.opReturnPlaceholder","Enter space-separated ASCII words","输入以空格分隔的 ASCII 单词","translated"
"builder.outputs","Outputs","输出","translated"
"builder.paperWallet","Paper Wallet","纸钱包","translated"
"builder.paperWalletUtxos","Paper Wallet UTXOs","纸钱包 UTXO","translated"
"builder.pickFunds","Pick funds","选择资金","translated"
"builder.pickFundsDescription","Select the BCH, tokens, or collectibles that will fund this transaction.","选择用于支付本次交易的 BCH、代币或收藏品。","translated"
"builder.rawTransactionDetails","Raw Transaction Details","原始交易详情","translated"
"builder.ready","Ready","就绪","translated"
"builder.recipient","{count} recipient","收款人 {count} 个","translated"
"builder.recipientAddress","Recipient Address","收款人地址","translated"
"builder.recipientCount","{count} recipients","收款人 {count} 个","translated"
"builder.recipients","Recipients","收款人","translated"
"builder.recipientsAdded","Recipients added","已添加收款人","translated"
"builder.remove","Remove","移除","translated"
"builder.removeAllRecipients","Remove all recipients","移除所有收款人","translated"
"builder.returnLeftover","Return leftover funds to","将剩余资金退回到","translated"
"builder.reviewAndSend","Review and send","检查并发送","translated"
"builder.reviewAndSendDescription","Preview first, then send only when the summary looks right.","先预览，确认摘要无误后再发送。","translated"
"builder.reviewFunds","Review funds","检查资金","translated"
"builder.reviewRecipients","Review recipients","检查收款人","translated"
"builder.scanQrCode","Scan QR Code","扫描二维码","translated"
"builder.selectedFunds","Selected funds","已选资金","translated"
"builder.selectedItem","{count} selected item","已选择 {count} 个项目","translated"
"builder.selectedItems","{count} selected items","已选择 {count} 个项目","translated"
"builder.selectGenesisInput","Select genesis input","选择创世输入","translated"
"builder.selectSource","Select a source to continue.","请选择来源继续。","translated"
"builder.sendBch","Send BCH","发送 BCH","translated"
"builder.sendTx","Send TX","发送 TX","translated"
"builder.sendWarning","You are about to send a transaction. Please confirm that all details are correct. This action cannot be undone.","你即将发送交易，请确认所有详情正确。此操作无法撤销。","translated"
"builder.sourcesChosen","Sources chosen","已选来源","translated"
"builder.step","Step {number}","步骤 {number}","translated"
"builder.token","Token","代币","translated"
"builder.tokenAddress","Token address","代币地址","translated"
"builder.tokenAmount","Token Amount","代币数量","translated"
"builder.tokenCategory","Token Category","代币类别","translated"
"builder.tokenCategoryLabel","Token Category","代币类别","translated"
"builder.tokensCollectibles","Tokens & collectibles","代币和收藏品","translated"
"builder.transactionError","Transaction Error","交易错误","translated"
"builder.transactionSubmitted","Transaction Submitted","交易已提交","translated"
"builder.transactionSubmittedDescription","Your transaction has been submitted. Use this txid as the reference and avoid sending it again.","交易已提交。请保留此 txid 作为参考，避免重复发送。","translated"
"builder.transactionSuccessful","Transaction Successful","交易成功","translated"
"builder.transferMinimum","Transfer amount must be at least {count}.","转账金额必须至少为 {count}。","translated"
"builder.tryAgain","Try Again","重试","translated"
"builder.txHash","Tx Hash","交易哈希","translated"
"builder.txId","TX ID","交易 ID","translated"
"builder.viewExplorer","View on Explorer","在浏览器中查看","translated"
"builder.wallet","Wallet","钱包","translated"
"builder.walletAssets","Wallet assets","钱包资产","translated"
"builder.walletFunds","Wallet funds","钱包资金","translated"
"builder.walletSourceCount","{count} wallet source(s)","钱包来源 {count} 个","translated"
"builder.walletSourcePlural","{count} wallet sources","钱包来源 {count} 个","translated"
"builder.walletSources","Wallet sources","钱包来源","translated"
"builder.walletSourceSingular","{count} wallet source","钱包来源 {count} 个","translated"
"builder.warning","⚠️ Warning","⚠️ 警告","translated"
"camera.cancel","Cancel","取消","translated"
"camera.scan","Scan QR with camera","使用相机扫描二维码","translated"
"camera.unavailable","Camera unavailable: {error}. Use Upload instead.","相机不可用：{error}。请改用上传。","translated"
"cauldron.active","active","活跃","translated"
"cauldron.description","Detected from the active wallet receive/change/DeFi address set through the Cauldron indexer.","通过 Cauldron 索引器，从当前钱包的接收、找零和 DeFi 地址集合中检测。","translated"
"cauldron.positions","Cauldron positions","Cauldron 仓位","translated"
"cauldron.tokenCategories","token categories","代币类别","translated"
"chat.back","Back to conversations","返回会话列表","translated"
"chat.choosePhoto","Choose photo","选择照片","translated"
"chat.copyNpub","Copy npub","复制 npub","translated"
"chat.displayName","Display name","显示名称","translated"
"chat.emptyDescription","Pick a conversation, or tap + to message someone by their npub. Messages are end-to-end encrypted over Nostr.","选择一个会话，或点击 + 通过 npub 给某人发消息。消息通过 Nostr 端到端加密。","translated"
"chat.encrypted","End-to-end encrypted","端到端加密","translated"
"chat.messagePlaceholder","Message…","消息…","stable-term"
"chat.newChat","New chat","新聊天","translated"
"chat.newConversation","New conversation","新会话","translated"
"chat.noConversations","No conversations yet. Tap + to start one.","暂无会话。点击 + 开始聊天。","translated"
"chat.noMessages","No messages yet. Say hi — messages are end-to-end encrypted.","暂无消息。打个招呼吧——消息已端到端加密。","translated"
"chat.open","Open","打开","translated"
"chat.privateConversations","Your private conversations","你的私密会话","translated"
"chat.privateMessaging","Private Nostr messaging","Nostr 私密消息","translated"
"chat.profile","Profile","个人资料","translated"
"chat.profilePublished","Profile published ✓","个人资料已发布 ✓","translated"
"chat.publishProfile","Publish profile","发布个人资料","translated"
"chat.recipient","Recipient npub…","收件人 npub…","translated"
"chat.searchConversations","Search conversations","搜索会话","translated"
"chat.send","Send","发送","translated"
"chat.setup","Nostr setup","Nostr 设置","translated"
"chat.title","Chat","聊天","translated"
"chat.youPrefix","You: ","你：","translated"
"chat.yourNpub","Your npub","你的 npub","translated"
"confirm.action","Confirm action","确认操作","translated"
"confirm.cancel","Cancel","取消","translated"
"confirm.ok","OK","确定","stable-term"
"console.appLog","App Log","应用日志","translated"
"console.clear","Clear","清除","translated"
"console.noEntries","No log entries yet.","暂无日志条目。","translated"
"console.placeholder","method [params…]","方法 [参数…]","stable-term"
"console.rpc","Electrum RPC","Electrum RPC","stable-term"
"console.send","Send","发送","translated"
"console.sending","…","…","stable-term"
"console.typeHint","Type: method param1 param2 — e.g. server.version or blockchain.headers.subscribe","输入：方法 参数1 参数2 — 例如 server.version 或 blockchain.headers.subscribe","translated"
"contract.arbiter","Arbiter: A trusted party who authorizes release of funds.","仲裁者：授权释放资金的可信方。","translated"
"contract.available","Available Contracts","可用合约","translated"
"contract.bip38","BIP38 (Password-Protected Private Keys)","BIP38（密码保护的私钥）","translated"
"contract.bip38Desc","The BIP38 contract secures private keys with a password. Its UTXOs require both the correct password and a valid signature.","BIP38 合约使用密码保护私钥。其 UTXO 需要正确密码和有效签名才能使用。","translated"
"contract.bip38Spending","Spending Requirements: Provide a valid owner signature and a data signature verifying the password.","支出要求：提供有效的所有者签名和验证密码的数据签名。","translated"
"contract.bip38UseCase","Use Case: Ideal for protecting private keys against theft or unauthorized access, especially for long-term storage.","用途：适合防止私钥被盗或未经授权访问，尤其适用于长期存储。","translated"
"contract.enhancedTrust","Enhanced Trust: Useful for transactions requiring multiple trusted parties.","增强信任：适合需要多方可信参与者的复杂交易。","translated"
"contract.escrow","Escrow","托管","stable-term"
"contract.escrowDesc","The Escrow contract supports secure transactions between a buyer and seller with a trusted arbiter. Funds are released only with the arbiter’s approval.","托管合约在买方、卖方和可信仲裁者之间提供安全交易。只有仲裁者批准后资金才会释放。","translated"
"contract.escrowMS2","EscrowMS2 (Multi-Party Escrow)","EscrowMS2（多方托管）","stable-term"
"contract.escrowMS2Desc","EscrowMS2 extends escrow with two arbiters. Funds can be released with one arbiter’s approval or both arbiters’ combined approval.","EscrowMS2 在基础托管上支持两名仲裁者。资金可以由一名仲裁者批准，或由两名仲裁者共同批准后释放。","translated"
"contract.escrowMS2Spending","Spending Requirements: One arbiter or both arbiters provide valid signatures, and the full amount goes to the buyer or seller.","支出要求：一名或两名仲裁者提供有效签名，全部金额发送给买方或卖方。","translated"
"contract.escrowSecurity","Security: Funds remain locked until the arbiter approves, helping prevent fraud or disputes.","安全性：资金在仲裁者批准前保持锁定，有助于防止欺诈或争议。","translated"
"contract.escrowSpending","Spending Requirements: The arbiter provides a valid signature and the full amount goes to the buyer’s or seller’s public-key-hash address.","支出要求：仲裁者提供有效签名，全部金额发送到买方或卖方的公钥哈希地址。","translated"
"contract.howToUse","How to Use Covenant Contracts","如何使用 Covenant 合约","translated"
"contract.howToUseText","Open the Contracts section, choose a contract type, configure its conditions, and deploy it. To spend from contract UTXOs, meet the specific spending requirements above. Detailed instructions and examples are available in the app documentation.","打开“合约”部分，选择合约类型，配置条件并部署。要从合约 UTXO 支出，请满足上述具体要求。应用文档提供了详细说明和示例。","translated"
"contract.intro","Covenant contracts in the OPTN Wallet are smart contracts that enforce rules for spending digital assets. Each contract locks funds in UTXOs that can only be spent by meeting predefined conditions.","OPTN Wallet 中的 covenant 合约是对数字资产支出规则进行约束的智能合约。每个合约都会将资金锁定在 UTXO 中，只有满足预定义条件才能使用。","translated"
"contract.msvault","MSVault (Multi-Signature Vault)","MSVault（多签金库）","stable-term"
"contract.msvaultDesc","MSVault creates a secure shared or long-term vault requiring multiple signatures and a password. It enforces a minimum balance and time lock.","MSVault 创建用于长期或共享存储的安全金库，需要多重签名和密码，并强制最低余额和时间锁。","translated"
"contract.msvaultSpending","Spending Requirements: Provide a valid signature and password-verified data signature while maintaining at least 4000 satoshis, or use a valid signature after the time lock expires.","支出要求：提供有效签名和密码验证的数据签名，同时金库保持至少 4000 satoshis；或在时间锁到期后使用有效签名。","translated"
"contract.msvaultUseCase","Use Case: Suitable for shared ownership or long-term storage with strict access controls.","用途：适合共享所有权或具有严格访问控制的长期存储。","translated"
"contract.multipleArbiters","Multiple Arbiters: Two arbiters can authorize release of funds.","多名仲裁者：两名仲裁者可以授权释放资金。","translated"
"contract.multiSignature","Multi-Signature: Requires signatures from multiple authorized parties.","多重签名：需要多名授权方的签名。","translated"
"contract.p2pkh","P2PKH (Pay-to-Public-Key-Hash)","P2PKH（支付到公钥哈希）","stable-term"
"contract.p2pkhDesc","P2PKH is a standard Bitcoin script that protects UTXOs by requiring a signature from the owner of a specified public-key hash.","P2PKH 是一种标准 Bitcoin 脚本，要求指定公钥哈希所有者签名，从而保护 UTXO 中的资金。","translated"
"contract.p2pkhSecurity","Security: A proven and reliable method for protecting digital assets.","安全性：保护数字资产的成熟可靠方法。","translated"
"contract.p2pkhSpending","Spending Requirements: Provide a valid signature matching the public-key hash in the contract.","支出要求：提供与合约中公钥哈希匹配的有效签名。","translated"
"contract.passwordProtection","Password Protection: Encrypts your private key with a user-defined password.","密码保护：使用用户定义的密码加密私钥。","translated"
"contract.simplicity","Simplicity: Easy to use and compatible with most Bitcoin wallets.","简单：易于使用，并兼容大多数 Bitcoin 钱包。","translated"
"contract.timeControl","Time-Based Control: Sets a deadline for the recipient to claim funds.","时间控制：为收款方领取资金设置期限。","translated"
"contract.transfer","TransferWithTimeout","TransferWithTimeout","stable-term"
"contract.transferDesc","TransferWithTimeout enables conditional transfers with a deadline. The recipient can claim funds before the timeout; the sender can reclaim them afterward.","TransferWithTimeout 支持带期限的条件转账。收款方可在超时前领取资金，发送方可在超时后收回资金。","translated"
"contract.transferSpending","Spending Requirements: The recipient signs before the timeout; afterward, the sender can reclaim funds with a valid signature.","支出要求：收款方在超时前签名；超时后发送方可以使用有效签名收回资金。","translated"
"contract.transferUseCase","Use Cases: Useful for subscriptions, conditional payments, or escrow-like scenarios.","用途：适合订阅、条件付款或类似托管的场景。","translated"
"contractPopup.back","Back","返回","translated"
"contractPopup.chooseFunction","Select a function","选择函数","translated"
"contractPopup.enterData","Please enter data to generate the message.","请输入用于生成消息的数据。","translated"
"contractPopup.enterMessage","Enter message for {name}","输入 {name} 的消息","translated"
"contractPopup.enterValue","Enter {name}","输入 {name}","translated"
"contractPopup.fetchFailed","Failed to fetch keys.","获取密钥失败。","translated"
"contractPopup.generated","Message generated successfully!","消息生成成功！","translated"
"contractPopup.generateMessage","Generate Message","生成消息","translated"
"contractPopup.generationFailed","Failed to generate message.","生成消息失败。","translated"
"contractPopup.invalidFormat","Invalid {type} format. Please scan a valid QR code.","{type} 格式无效。请扫描有效的二维码。","translated"
"contractPopup.message","Message","消息","stable-term"
"contractPopup.messageForCheck","message for checkdatasig","checkdatasig 消息","translated"
"contractPopup.noKeys","No keys found for address: {address}","未找到地址对应的密钥：{address}","translated"
"contractPopup.noQr","No QR code detected. Please try again.","未检测到二维码，请重试。","translated"
"contractPopup.scanFor","Scan QR Code for {name}","扫描 {name} 的二维码","translated"
"contractPopup.select","Select","选择","translated"
"contractPopup.selectAddress","Select Address","选择地址","translated"
"contractPopup.selected","Selected {type}","已选择 {type}","translated"
"contractPopup.title","Select a Function","选择函数","translated"
"contractView.address","Address","地址","translated"
"contractView.addressCopied","Address copied to clipboard!","地址已复制到剪贴板！","translated"
"contractView.argumentTypeInfo","Argument type info","参数类型信息","translated"
"contractView.back","Back","返回","translated"
"contractView.balance","Balance","余额","translated"
"contractView.blockHeight","Current Block Height","当前区块高度","translated"
"contractView.blockHeightInfo","Blocks increment on an average interval of 10 minutes.","区块平均每 10 分钟增加一次。","translated"
"contractView.constructorArgs","Constructor Arguments","构造函数参数","translated"
"contractView.copyFailed","Failed to copy address.","复制地址失败。","translated"
"contractView.create","Create Contract","创建合约","translated"
"contractView.created","Contract created successfully!","合约创建成功！","translated"
"contractView.createFailed","Failed to create contract: {message}","创建合约失败：{message}","translated"
"contractView.createStep","3. Create the contract","3. 创建合约","translated"
"contractView.datasigInfo","Data signature info","数据签名信息","translated"
"contractView.delete","Delete","删除","translated"
"contractView.deleted","Contract deleted successfully!","合约删除成功！","translated"
"contractView.deleteFailed","Failed to delete contract.","删除合约失败。","translated"
"contractView.deleteFailedFallback","Failed to delete contract.","删除合约失败。","translated"
"contractView.enterMessage","Enter message for {name}","输入 {name} 的消息","translated"
"contractView.enterType","Enter a value matching type: {type}.","输入符合类型的值：{type}。","translated"
"contractView.error","Error","错误","translated"
"contractView.errorPrefix","Error: {message}","错误：{message}","translated"
"contractView.fillInputs","2. Fill constructor inputs","2. 填写构造函数输入","translated"
"contractView.fillRequired","Fill in each required value before creating the contract.","创建合约前请填写每个必填值。","translated"
"contractView.hashInfo","20-byte hash (hex) of an address/public key. Use “Select Address”.","地址/公钥的 20 字节哈希（十六进制）。使用“选择地址”。","translated"
"contractView.howWorks","How this works","工作原理","translated"
"contractView.instantiated","Instantiated Contracts","已实例化合约","translated"
"contractView.loadContractsFailed","Failed to load available contracts.","加载可用合约失败。","translated"
"contractView.loadDetailsFailed","Failed to load contract details.","加载合约详情失败。","translated"
"contractView.loadInstancesFailed","Failed to load contract instances.","加载合约实例失败。","translated"
"contractView.noInputs","This contract template has no constructor inputs.","此合约模板没有构造函数输入。","translated"
"contractView.noInstances","No contract instances yet.","暂无合约实例。","translated"
"contractView.noQr","No QR code detected. Please try again.","未检测到二维码，请重试。","translated"
"contractView.pickTemplate","1. Pick a template","1. 选择模板","translated"
"contractView.privateKeyUnavailable","Private key unavailable for this address.","此地址没有可用的私钥。","translated"
"contractView.publicKeyInfo","Public key in hex. Use “Select Address” to fill automatically.","十六进制公钥。使用“选择地址”自动填写。","translated"
"contractView.scanQr","Scan QR Code for {name}","扫描 {name} 的二维码","translated"
"contractView.selectAddress","Select Address","选择地址","translated"
"contractView.selectContract","Select a contract","选择合约","translated"
"contractView.selectData","Please select an address and enter data to sign.","请选择地址并输入要签名的数据。","translated"
"contractView.selected","Selected {type}","已选择 {type}","translated"
"contractView.signature","Signature","签名","stable-term"
"contractView.signatureFailed","Failed to generate signature.","生成签名失败。","translated"
"contractView.signatureGenerated","Signature generated successfully!","签名生成成功！","translated"
"contractView.signingAddress","Signing address","签名地址","translated"
"contractView.signMessage","Sign Message","签名消息","translated"
"contractView.title","Contracts","合约","translated"
"contractView.tokenAddress","Token address","代币地址","translated"
"contractView.unavailable","Unavailable","不可用","translated"
"contractView.unknownError","Unknown error","未知错误","translated"
"contractView.update","Update","更新","translated"
"contractView.updated","Contract updated successfully!","合约更新成功！","translated"
"contractView.updateFailed","Failed to update contract.","更新合约失败。","translated"
"contractView.updateFailedFallback","Failed to update contract.","更新合约失败。","translated"
"derivation.accountIndex","Account index","账户索引","translated"
"derivation.addressDerivation","Address derivation","地址派生","translated"
"derivation.addressDerivationDescription","BIP44 account path used to derive this wallet.","用于派生此钱包的 BIP44 账户路径。","translated"
"derivation.bip44AccountIndex","BIP44 account index","BIP44 账户索引","translated"
"derivation.bip44CoinType","BIP44 coin type","BIP44 币种类型","translated"
"derivation.branchDescription","Hardened markers are fixed. Receive and change addresses are derived automatically from the /0/index and /1/index branches.","硬化标记固定不变。接收地址和找零地址会自动从 /0/index 和 /1/index 分支派生。","translated"
"derivation.coinType","Coin type","币种类型","translated"
"derivation.customize","Customize","自定义","translated"
"derivation.invalidActive","The active derivation path is invalid.","当前派生路径无效。","translated"
"derivation.invalidValues","Invalid BIP44 path values.","BIP44 路径值无效。","translated"
"derivation.networkDefault","Network default: {value}","网络默认值：{value}","translated"
"derivation.pathDescription","The fixed BIP44 account path used by this wallet.","此钱包使用的固定 BIP44 账户路径。","translated"
"derivation.pathPreview","Path preview","路径预览","translated"
"derivation.range","Enter whole numbers from 0 to {max}.","请输入 0 到 {max} 之间的整数。","translated"
"derivation.required","{field} is required.","{field}为必填项。","translated"
"derivation.usuallyZero","Usually 0","通常为 0","translated"
"derivation.walletNetwork","Wallet network","钱包网络","translated"
"derivation.walletNetworkDescription","Choose whether this wallet connects to live funds on Mainnet or test funds on Chipnet.","选择此钱包连接主网中的真实资金，还是 Chipnet 中的测试资金。","translated"
"desktopMenu.about","About OPTN Wallet","关于 OPTN Wallet","translated"
"desktopMenu.cannotExport","This wallet cannot be exported.","无法导出此钱包。","translated"
"desktopMenu.exported","Wallet exported.","钱包已导出。","translated"
"desktopMenu.exportFailed","Could not export the wallet.","钱包导出失败。","translated"
"desktopMenu.exportWallet","Export Wallet…","导出钱包…","translated"
"desktopMenu.file","File","文件","translated"
"desktopMenu.help","Help","帮助","translated"
"desktopMenu.history","Transaction History","交易历史","translated"
"desktopMenu.importNewWallet","Import New Wallet","导入新钱包","translated"
"desktopMenu.invalidWalletFile","That is not a valid OPTN wallet file.","这不是有效的 OPTN 钱包文件。","translated"
"desktopMenu.lockWallet","Lock Wallet","锁定钱包","translated"
"desktopMenu.noSavedWallets","No saved wallets","没有已保存的钱包","translated"
"desktopMenu.openWallet","Open Wallet","打开钱包","translated"
"desktopMenu.openWalletFile","Open Wallet File…","打开钱包文件…","translated"
"desktopMenu.quit","Quit","退出","translated"
"desktopMenu.receive","Receive","收款","translated"
"desktopMenu.refreshWallet","Refresh Wallet","刷新钱包","translated"
"desktopMenu.send","Send","发送","translated"
"desktopMenu.settings","Settings","设置","translated"
"desktopMenu.toggleTheme","Toggle Theme","切换主题","translated"
"desktopMenu.view","View","视图","translated"
"desktopMenu.wallet","Wallet","钱包","translated"
"desktopSecurity.authenticating","Authenticating…","验证中…","translated"
"desktopSecurity.biometricFailed","Biometric unlock failed. Use your password.","生物识别解锁失败。请使用密码。","translated"
"desktopSecurity.confirmPassword","Confirm password","确认密码","translated"
"desktopSecurity.continue","Continue","继续","translated"
"desktopSecurity.enterPassword","Enter your password to unlock.","输入密码以解锁钱包。","translated"
"desktopSecurity.forgotPassword","Forgot your password? Remove the wallet and re-import your seed phrase.","忘记密码？移除钱包后重新导入种子短语。","translated"
"desktopSecurity.incorrect","Incorrect passphrase. Please try again.","密码不正确，请重试。","translated"
"desktopSecurity.loading","Loading wallet…","正在加载钱包…","translated"
"desktopSecurity.mismatch","Passphrases do not match.","两次输入的密码不一致。","translated"
"desktopSecurity.password","Password","密码","translated"
"desktopSecurity.passwordNeverStored","Your password is never stored — it derives your encryption key locally.","密码不会被存储，只会在本地派生加密密钥。","translated"
"desktopSecurity.passwordPlaceholder","Password (or leave blank)","密码（可留空）","translated"
"desktopSecurity.saveFailed","Failed to save passphrase. Please try again.","保存密码失败，请重试。","translated"
"desktopSecurity.secureWallet","Secure your wallet","保护钱包","translated"
"desktopSecurity.securing","Securing…","保护中…","translated"
"desktopSecurity.setupDescription","Set a password to encrypt your wallet. You'll need it every time you open the app. Leave blank to use OS-account protection only.","设置密码来加密钱包。每次打开应用都需要输入。留空则仅使用操作系统账户保护。","translated"
"desktopSecurity.unlock","Unlock","解锁","translated"
"desktopSecurity.unlockFailed","Unlock failed. Please try again.","解锁失败，请重试。","translated"
"desktopSecurity.unlocking","Unlocking…","解锁中…","translated"
"desktopSecurity.useBiometric","Use {label}","使用 {label}","translated"
"desktopSecurity.walletLocked","Wallet locked","钱包已锁定","translated"
"desktopWallet.addAnother","Add another wallet","添加另一个钱包","translated"
"desktopWallet.alreadyOpen","That wallet is already open in another window.","该钱包已在另一个窗口中打开。","translated"
"desktopWallet.backToWallets","Back to wallets","返回钱包列表","translated"
"desktopWallet.biometricFailed","Biometric unlock failed: {message}","生物识别解锁失败：{message}","translated"
"desktopWallet.biometricUnlock","Biometric unlock","生物识别解锁","translated"
"desktopWallet.cancel","Cancel","取消","translated"
"desktopWallet.delete","Delete","删除","translated"
"desktopWallet.deleteConfirm","Delete “{name}” ({network}, #{id})? Its saved .optn file is kept, so you can re-import it later.","删除“{name}”（{network}，#{id}）？保存的 .optn 文件会保留，以便稍后重新导入。","translated"
"desktopWallet.deleteLabel","Delete {name}","删除 {name}","translated"
"desktopWallet.deleting","Deleting…","删除中…","translated"
"desktopWallet.device","Device","设备","translated"
"desktopWallet.filePasswordDescription","Enter this wallet file's password.","请输入此钱包文件的密码。","translated"
"desktopWallet.hardwareDescription","It will be used automatically to sign sends from software wallets while connected. Standalone hardware-only wallets with their own receive addresses are not supported yet.","连接期间，它会自动用于为软件钱包发送交易签名。暂不支持拥有独立收款地址的纯硬件钱包。","translated"
"desktopWallet.hardwareTitle","Connect Hardware Wallet","连接硬件钱包","translated"
"desktopWallet.importFailed","Could not import this wallet file.","无法导入此钱包文件。","translated"
"desktopWallet.incorrectFilePassword","Incorrect password for this wallet file.","钱包文件密码不正确。","translated"
"desktopWallet.open","Open","打开","translated"
"desktopWallet.openButton","Open","打开","translated"
"desktopWallet.openFailed","Could not open this wallet. Please try again.","无法打开此钱包，请重试。","translated"
"desktopWallet.openFile","Open “{name}”","打开“{name}”","translated"
"desktopWallet.opening","Opening…","打开中…","translated"
"desktopWallet.password","Password","密码","translated"
"desktopWallet.unlock","Unlock","解锁","translated"
"desktopWallet.unlocking","Unlocking…","解锁中…","translated"
"desktopWallet.useBiometric","Use {label}","使用 {label}","translated"
"desktopWallet.walletNumber","Wallet #{id}","钱包 #{id}","stable-term"
"desktopWallet.yourWallets","Your wallets","你的钱包","translated"
"error.somethingWrong","Something went wrong.","出现问题。","translated"
"experimental.cashFusionDescription","CashFusion is a non-custodial privacy protocol that combines your UTXOs with those of other users in a way that breaks transaction history linkage. Connect to a CashFusion server to participate. Your funds are never at risk — the protocol is trustless.","CashFusion 是一种非托管隐私协议，将你的 UTXO 与其他用户的 UTXO 组合，以打断输入与输出之间的交易历史关联。连接 CashFusion 服务器即可参与。协议无需信任，资金不会面临托管风险。","translated"
"experimental.cashFusionWarning","Requires an active CashFusion server connection. Coming soon — toggle currently reserved.","需要有效的 CashFusion 服务器连接。即将推出；此开关目前仅作预留。","translated"
"experimental.description","These features are under active development. Enable them to test new capabilities — they may change or be incomplete in future updates.","这些功能正在积极开发中。启用它们可以测试新能力，但未来版本中可能变化或不完整。","translated"
"experimental.disable","Disable","禁用","translated"
"experimental.enable","Enable","启用","translated"
"experimental.features","Experimental Features","实验性功能","translated"
"experimental.privacy","Privacy","隐私","translated"
"experimental.quantumDescription","Quantumroot vaults protect funds with a quantum-resistant Schnorr LM-OTS scheme. Enabled by default. Turn off to hide Quantumroot from the wallet if you don't use it.","Quantumroot 金库使用抗量子 Schnorr LM-OTS 方案保护资金。默认启用；如果不使用，可关闭以隐藏 Quantumroot。","translated"
"experimental.quantumSafe","Quantum-safe","抗量子","translated"
"experimental.rpaBadge","BCH RPA","BCH RPA","stable-term"
"experimental.rpaDescription","Generates a static paycode (paycode:q...) that you can share publicly. Senders derive a unique one-time address for each payment via ECDH — no notification transaction, no chain bloat. Received stealth funds appear separately as 'Stealth BCH'. Scanning requires a Fulcrum-RPA capable server.","生成可公开分享的静态支付码（paycode:q...）。发送方通过 ECDH 为每笔付款推导唯一的一次性地址，不需要通知交易，也不会增加链上负担。收到的隐匿资金会单独显示为“隐匿 BCH”。扫描需要支持 Fulcrum-RPA 的服务器。","translated"
"experimental.rpaTitle","Reusable Payment Addresses (RPA)","可复用支付地址（RPA）","translated"
"experimental.rpaWarning","Sending to paycodes requires signature grinding (not yet implemented). Receiving and scanning are available.","向支付码发送需要签名穷举（尚未实现）。接收和扫描功能可用。","translated"
"faucet.captcha","Answer the captcha question","回答验证码问题","translated"
"faucet.clickLink","Click the Chipnet Faucet link","点击 Chipnet 水龙头链接","translated"
"faucet.copyAddress","Copy a BCH Chipnet address","复制 BCH Chipnet 地址","translated"
"faucet.getCoins","Press ""Get Coins""","点击“Get Coins”","translated"
"faucet.instructions","Instructions","使用说明","stable-term"
"faucet.name","Chipnet Faucet","Chipnet 水龙头","stable-term"
"faucet.pasteAddress","Paste your address","粘贴你的地址","translated"
"faucet.selectNetwork","Select ""chipnet"" in the NETWORK box","在 NETWORK 框中选择“chipnet”","translated"
"faucet.tooltip","Get Chipnet BCH","获取 Chipnet BCH","translated"
"fusion.addPlaceholder","Add server — host:port (e.g. fusion.example.com:8789)","添加服务器 — 主机:端口（例如 fusion.example.com:8789）","translated"
"fusion.autoTry","Auto — try each until one responds","自动 — 依次尝试直到有服务器响应","translated"
"fusion.busy","A fusion round is already running for this wallet.","此钱包已有融合轮次正在运行。","translated"
"fusion.choose","Choose how to fuse:","选择融合方式：","translated"
"fusion.coinjoinAnyNetwork","Both the server path and P2P Fusion run real CoinJoins on any network. Some wallet-hardening items are still pending, but each round verifies your own outputs before signing, so it fails safely.","服务器路径和 P2P Fusion 都会在任何网络上运行真实 CoinJoin。部分钱包强化项目仍在完善，但每轮都会在签名前验证您自己的输出，因此会安全失败。","translated"
"fusion.coinjoinBoth","Both run a real CoinJoin.","两种方式都会运行真实的 CoinJoin。","translated"
"fusion.componentFeeRate","Component fee rate","组件费率","translated"
"fusion.componentsPlayer","Components / player","组件数 / 参与者","translated"
"fusion.connectingTor","Connecting via Tor{port}.","正在通过 Tor 连接{port}。","translated"
"fusion.cooldown","Waiting for the auto-fusion cooldown.","正在等待自动融合冷却时间。","translated"
"fusion.disable","Disable","禁用","translated"
"fusion.donation","Donation","捐赠","translated"
"fusion.enable","Enable","启用","translated"
"fusion.enabled","CashFusion Enabled","CashFusion 已启用","translated"
"fusion.enableP2p","Enable P2P Fusion","启用 P2P Fusion","translated"
"fusion.enableServer","Enable Server Fusion","启用服务器融合","translated"
"fusion.excessFeeRange","Excess fee range","额外费用范围","translated"
"fusion.experimentalPending","Experimental — still pending: {items}.","实验性功能，仍待完成：{items}。","translated"
"fusion.failed","Failed ✗","失败 ✗","translated"
"fusion.fewServers","CashFusion intentionally has few public servers — a larger anonymity set on fewer servers is better than being spread thin. Add your own or a community server above.","CashFusion 有意保持较少的公共服务器；在较少服务器上形成更大的匿名集，比把参与者分散开更好。你可以在上方添加自己的服务器或社区服务器。","translated"
"fusion.fused","Fused ✓ — txid {txid}","已融合 ✓ — txid {txid}","translated"
"fusion.fusing","Fusing…","融合中…","translated"
"fusion.handshakeOk","Handshake OK ✓","握手成功 ✓","translated"
"fusion.handshaking","Handshaking…","握手中…","translated"
"fusion.hide","Hide","隐藏","translated"
"fusion.howWorks","How does it work?","它如何工作？","translated"
"fusion.mobileUnsupported","CashFusion needs a raw TCP connection, which a mobile/web browser cannot open. Available in the desktop app.","CashFusion 需要移动端或网页浏览器无法打开的原始 TCP 连接。桌面应用可用。","translated"
"fusion.more","more","更多","translated"
"fusion.noEligibleCoins","No coins are eligible to fuse right now.","当前没有符合条件的币可进行融合。","translated"
"fusion.now","Fuse Now","立即融合","translated"
"fusion.nowDescription","CoinJoin via the server configured in Servers. Needs Tor + at least 2 players in a tier.","通过“服务器”中配置的服务器进行 CoinJoin。需要 Tor，并且一个层级中至少有 2 位参与者。","translated"
"fusion.openWallet","Open a wallet to run a P2P round.","打开钱包以运行 P2P 轮次。","translated"
"fusion.or","or","或","translated"
"fusion.p2pMode","P2P Fusion","P2P Fusion","stable-term"
"fusion.p2pModeDescription","Serverless — peers over Nostr + Tor. Auto-fuses when on. Turning this on turns Server Fusion off.","无服务器，通过 Nostr + Tor 连接节点。启用后会自动融合，开启此项会关闭服务器融合。","translated"
"fusion.p2pModeLabel","P2P Fusion","P2P Fusion","stable-term"
"fusion.poolTiers","Pool tiers","池层级","translated"
"fusion.privacy","Privacy","隐私","translated"
"fusion.protocolNote","Steps 1–4 run end-to-end on the server path: the wallet joins a pool, exchanges blind signatures, submits over Tor, and broadcasts the assembled CoinJoin. P2P Fusion runs the same round without a server over Nostr and Tor. Experimental wallet-hardening items are still pending, but your own outputs are verified before signing, so an invalid round fails safely.","步骤 1–4 会在服务器路径上端到端运行：钱包加入池、交换盲签名、通过 Tor 提交，并广播组装好的 CoinJoin。P2P Fusion 通过 Nostr 和 Tor 在没有服务器的情况下运行相同轮次。部分实验性钱包强化项目仍在完善，但签名前会验证您自己的输出，因此无效轮次会安全失败。","translated"
"fusion.queryAuto","Query (Auto)","查询（自动）","translated"
"fusion.queryServer","Query Server","查询服务器","translated"
"fusion.remoteTorRequired","This is a remote server, so Tor is required — but no Tor proxy was found. Start Tor above, or the query will be refused.","这是远程服务器，需要 Tor，但未找到 Tor 代理。请在上方启动 Tor，否则查询会被拒绝。","translated"
"fusion.selected","● selected","● 已选择","translated"
"fusion.serverMode","Fuse Now using CashFusion server","使用 CashFusion 服务器立即融合","translated"
"fusion.serverModeDescription","Fuse via a CashFusion server. Auto-fuses when on.","通过 CashFusion 服务器融合，启用后会自动融合。","translated"
"fusion.serverModeLabel","Server Fusion","服务器融合","translated"
"fusion.serverParameters","Server parameters (live)","服务器参数（实时）","translated"
"fusion.servers","Fusion servers","融合服务器","stable-term"
"fusion.step1","1. Pool joining.","1. 加入池。","translated"
"fusion.step1Text","Your wallet announces UTXOs it wants to fuse to the server.","钱包向服务器宣布希望参与融合的 UTXO。","translated"
"fusion.step2","2. Blind signing.","2. 盲签名。","translated"
"fusion.step2Text","Participants generate blinded output addresses and exchange blind signatures — nobody learns the input-to-output mapping.","参与者生成盲化的输出地址并交换盲签名，任何人都不知道输入到输出的对应关系。","translated"
"fusion.step3","3. Covert submission.","3. 隐蔽提交。","translated"
"fusion.step3Text","Each participant submits the transaction via Tor or direct connection. The server assembles the final transaction.","每位参与者通过 Tor 或直接连接独立提交交易，服务器组装最终交易。","translated"
"fusion.step4","4. Broadcast.","4. 广播。","translated"
"fusion.step4Text","All participants broadcast the jointly constructed transaction.","所有参与者广播共同构建的交易。","translated"
"fusion.summary","CashFusion combines UTXOs from many participants into a single transaction, breaking blockchain history links between inputs and outputs. It is non-custodial — your funds never leave your control.","CashFusion 将多个参与者的 UTXO 组合成一笔交易，打断输入与输出之间的区块链历史关联。它是非托管的，资金始终由你控制。","translated"
"fusion.syncingCoins","Syncing wallet coins — try again in a moment.","正在同步钱包币，请稍后重试。","translated"
"fusion.tiers","Tiers","层级","translated"
"fusion.torOff","Tor is off. Remote fusion queries will be refused — enable Tor above, or use a localhost server.","Tor 已关闭。远程融合查询会被拒绝，请在上方启用 Tor 或使用本地主机服务器。","translated"
"hardware.active","active","活动","translated"
"hardware.advanced","Advanced (derivation path)","高级（派生路径）","translated"
"hardware.airGap","air-gap","隔离","translated"
"hardware.beforeConnecting","Before connecting","连接前","translated"
"hardware.bip44Path","BIP44 path","BIP44 路径","translated"
"hardware.comingSoon","Coming soon","即将推出","translated"
"hardware.connect","Connect {device}","连接 {device}","translated"
"hardware.connecting","Connecting…","连接中…","translated"
"hardware.connectionType","Connection type","连接类型","translated"
"hardware.description","The device holds your private keys. The wallet is the bridge. Keys never leave the hardware.","设备保存你的私钥，钱包作为桥梁。密钥永远不会离开硬件设备。","translated"
"hardware.disconnect","Disconnect","断开连接","translated"
"hardware.enableKeystone","Enable Keystone (QR mode)","启用 Keystone（二维码模式）","translated"
"hardware.howItWorks","How it works","工作原理","translated"
"hardware.keystoneHow","Keystone's air-gapped QR signing isn't finished yet — the app can't build or read the QR codes it would need to in this build. Support is planned but not ready for real funds.","Keystone 的隔离二维码签名尚未完成；当前版本无法生成或读取所需二维码。该功能已规划，但尚未准备好处理真实资金。","translated"
"hardware.keystoneSubtitle","Air-gapped QR signing — not yet supported","隔离二维码签名 — 尚不支持","translated"
"hardware.ledgerStep1","USB: plug in → enter PIN → open Bitcoin Cash app","USB：插入 → 输入 PIN → 打开 Bitcoin Cash 应用","translated"
"hardware.ledgerStep2","Bluetooth (Nano X): enable BLE on device → open Bitcoin Cash app","蓝牙（Nano X）：启用 BLE → 打开 Bitcoin Cash 应用","translated"
"hardware.ledgerStep3","The browser will show a device picker prompt","浏览器会显示设备选择提示","translated"
"hardware.ledgerSubtitle","USB (WebHID) or Bluetooth (Nano X)","USB（WebHID）或蓝牙（Nano X）","translated"
"hardware.notSupported","{device} support isn't finished yet — it can't connect or sign in this build. Pick another device, or use the software wallet.","{device} 支持尚未完成；此版本无法连接或签名。请选择其他设备，或使用软件钱包。","translated"
"hardware.onekeyStep1","Install OneKey Bridge if not already installed","如果尚未安装，请先安装 OneKey Bridge","translated"
"hardware.onekeyStep2","Plug in your OneKey device or pair via Bluetooth","插入 OneKey 设备或通过蓝牙配对","translated"
"hardware.onekeyStep3","Unlock your device with your PIN","使用 PIN 解锁设备","translated"
"hardware.onekeyStep4","Allow the connection when requested","出现请求时允许连接","translated"
"hardware.onekeySubtitle","USB or Bluetooth via OneKey Bridge","通过 OneKey Bridge 使用 USB 或蓝牙","translated"
"hardware.path","Path","路径","translated"
"hardware.softwareHow","Your private keys never leave the device. The wallet builds an unsigned transaction, the device shows the details on its screen, you physically confirm, and the device sends back only the signature. Like Electron Cash's hardware wallet mode.","你的私钥永远不会离开设备。钱包创建未签名交易，设备在屏幕上显示详情，你进行实体确认，设备只返回签名。这类似于 Electron Cash 的硬件钱包模式。","translated"
"hardware.softwareLabel","Software Wallet","软件钱包","translated"
"hardware.softwareSubtitle","Encrypted keys stored on this device","加密密钥存储在此设备上","translated"
"hardware.title","Hardware Wallet","硬件钱包","translated"
"hardware.trezorStep1","Install Trezor Suite — it includes the Bridge daemon","安装 Trezor Suite，其中包含 Bridge 守护进程","translated"
"hardware.trezorStep2","Plug in your Trezor (USB) or pair via Bluetooth (newer models)","插入 Trezor（USB）或通过蓝牙配对（较新型号）","translated"
"hardware.trezorStep3","Unlock your device with your PIN","使用 PIN 解锁设备","translated"
"hardware.trezorStep4","Allow the connection popup when it appears","出现连接弹窗时允许连接","translated"
"hardware.trezorSubtitle","USB or Bluetooth via Trezor Bridge","通过 Trezor Bridge 使用 USB 或蓝牙","translated"
"history.awaitingConfirmation","Awaiting confirmation","等待确认","translated"
"history.block","Block","区块","translated"
"history.closeDetails","Close details","关闭详情","translated"
"history.confirmations","{count} confirmations","{count} 次确认","stable-term"
"history.confirmed","Confirmed","已确认","translated"
"history.detailsUnavailable","Transaction details are not available from Electrum right now.","Electrum 当前无法提供交易详情。","translated"
"history.fee","Fee","费用","translated"
"history.first","First","第一页","translated"
"history.last","Last","最后一页","translated"
"history.loadDetailsFailed","Failed to load transaction details.","加载交易详情失败。","translated"
"history.loadingDetails","Loading transaction details…","正在加载交易详情…","translated"
"history.newestFirst","Newest first","最新优先","translated"
"history.noActivity","No activity yet","暂无活动","translated"
"history.noData","No data available.","暂无数据。","translated"
"history.noTransactions","No transactions available yet.","暂无可用交易。","translated"
"history.oldestFirst","Oldest first","最早优先","translated"
"history.openExplorer","Open in explorer","在浏览器中打开","translated"
"history.output","Output","输出","translated"
"history.pending","Pending","待处理","translated"
"history.perPage","{count} per page","每页 {count} 笔","translated"
"history.recipients","Recipients","接收方","translated"
"history.recorded","{count} recorded","已记录 {count} 笔","translated"
"history.senders","Senders","发送方","translated"
"history.status","Status","状态","stable-term"
"history.sync","Sync","同步","translated"
"history.timestamp","Timestamp","时间戳","translated"
"history.title","Transaction History","交易历史","translated"
"history.transaction","Transaction","交易","stable-term"
"history.transactionHash","Transaction Hash","交易哈希","translated"
"history.unavailable","Unavailable","不可用","translated"
"history.unconfirmed","Unconfirmed","未确认","translated"
"history.unknown","Unknown","未知","translated"
"history.yourWallet","Your wallet","你的钱包","translated"
"home.block","Block","区块","translated"
"home.confirmed","Confirmed","已确认","translated"
"home.latestActivity","Latest wallet activity","钱包最新活动","translated"
"home.noQrCode","No QR code detected. Try again.","未检测到二维码，请重试。","translated"
"home.noRecentActivity","No recent activity yet.","暂无最近活动。","translated"
"home.pending","Pending","待处理","translated"
"home.pendingConfirmation","Pending confirmation","等待确认","translated"
"home.portfolio","Portfolio","资产总览","translated"
"home.quickActions","Quick Actions","快捷操作","translated"
"home.receive","Receive","接收","translated"
"home.recentActivity","Recent Activity","最近活动","translated"
"home.scanQr","Scan QR","扫描二维码","translated"
"home.send","Send","发送","translated"
"home.sync","Sync","同步","translated"
"home.syncing","Syncing…","同步中…","translated"
"home.title","Home","首页","translated"
"home.toggleBalance","Toggle BCH and USD balance","切换 BCH 和 USD 余额","translated"
"home.unsupportedQr","QR scanned, but it is not a supported wallet payload.","已扫描二维码，但不是支持的钱包格式。","translated"
"home.usdPriceUnavailable","USD price unavailable","USD 价格不可用","translated"
"home.usdUnavailable","USD unavailable","USD 不可用","translated"
"home.viewAll","View all","查看全部","translated"
"home.walletOverview","Wallet overview","钱包概览","translated"
"nav.actions","Actions","操作","stable-term"
"nav.apps","Apps","应用","translated"
"nav.assets","Assets","资产","translated"
"nav.home","Home","首页","translated"
"nav.settings","Settings","设置","translated"
"network.chipnet","Chipnet","Chipnet","stable-term"
"network.mainnet","Mainnet","Mainnet","stable-term"
"network.switch","Switch network. Current: {network}","切换网络。当前：{network}","translated"
"nftConfig.capability","NFT Capability","NFT 能力","translated"
"nftConfig.commitment","NFT Commitment","NFT 承诺值","translated"
"nftConfig.done","Done","完成","translated"
"nftConfig.minting","minting","铸造","translated"
"nftConfig.mintingDescription","one NFT authority that can create multiple next NFTs.","一个可以创建多个后续 NFT 的 NFT 权限。","translated"
"nftConfig.mutable","mutable","可变","translated"
"nftConfig.mutableDescription","one NFT that may update its commitment when spent.","一个在花费时可以更新承诺值的 NFT。","translated"
"nftConfig.none","none","无","translated"
"nftConfig.noneDescription","one immutable NFT, best for approvals or receipts.","一个不可变 NFT，适合批准或收据。","translated"
"nftConfig.placeholder","Up to 40 bytes","最多 40 字节","translated"
"nftConfig.title","NFT Configuration","NFT 配置","translated"
"nostr.active","{active}/{total} active","{active}/{total} 活动","translated"
"nostr.add","Add","添加","translated"
"nostr.chat","Nostr chat","Nostr 聊天","translated"
"nostr.checking","Checking…","检查中…","translated"
"nostr.checkRelayStatus","Check relay status","检查中继状态","translated"
"nostr.connected","connected","已连接","translated"
"nostr.deriving","Deriving…","派生中…","translated"
"nostr.disable","Disable","禁用","translated"
"nostr.dmDescription","End-to-end encrypted DMs using NIP-17.","使用 NIP-17 的端到端加密私信。","translated"
"nostr.enable","Enable","启用","translated"
"nostr.identity","Nostr identity","Nostr 身份","translated"
"nostr.identityDescription","Derived from your seed via NIP-06 (a separate path) — your spending keys are never reused.","通过 NIP-06 从种子派生（使用独立路径），不会重复使用你的花费密钥。","translated"
"nostr.invalidRelay","Enter a secure relay URL beginning with wss://","请输入以 wss:// 开头的安全中继 URL","translated"
"nostr.privacyWarning","Relay operators can still observe connection metadata, timing, and recipient tags. Encrypted content is not the same as network anonymity.","中继运营者仍可观察连接元数据、时间和收件人标签。加密内容不等同于网络匿名性。","translated"
"nostr.relays","Relays","中继","stable-term"
"nostr.relaysDescription","WSS relays used for chat and the P2P-fusion transport. Add your own or use the defaults.","用于聊天和 P2P Fusion 传输的 WSS 中继。你可以添加自己的中继或使用默认值。","translated"
"nostr.remove","Remove","移除","translated"
"nostr.unknown","unknown","未知","translated"
"nostr.unreachable","unreachable","无法访问","translated"
"notifications.dismiss","Dismiss","关闭","translated"
"notifications.fundsReceived","Funds received","收到资金","translated"
"notifications.fundsReceivedBody","{amount} sats to {address} • {txid}","{amount} sats 转入 {address} • {txid}","translated"
"notifications.incomingBch","Incoming BCH","收到 BCH","translated"
"notifications.incomingToken","Incoming token","收到代币","translated"
"notifications.transactionConfirmed","Transaction confirmed","交易已确认","translated"
"notifications.unknownAddress","unknown address","未知地址","translated"
"onboarding.back","Back","返回","translated"
"onboarding.closeHelp","Close help","关闭帮助","translated"
"onboarding.confirm","Confirm","确认","translated"
"onboarding.confirmError","Those don't match your seed phrase. Check the words and try again.","短语不匹配，请检查词语后重试。","translated"
"onboarding.confirmInstruction","Type the requested words to prove you saved them correctly.","输入指定词语，以确认你已正确保存恢复短语。","translated"
"onboarding.confirmPasswordPlaceholder","Confirm password","确认密码","translated"
"onboarding.confirmSeed","Confirm Your Seed Phrase","确认恢复短语","translated"
"onboarding.connectHardware","Connect Hardware Wallet","连接硬件钱包","translated"
"onboarding.continue","Continue","继续","translated"
"onboarding.createNewWallet","Create New Wallet","创建新钱包","translated"
"onboarding.createWallet","Create Wallet","创建钱包","translated"
"onboarding.createWatchOnly","Create Watch-Only Wallet","创建只读钱包","translated"
"onboarding.creating","Creating Wallet…","正在创建钱包…","translated"
"onboarding.creationFailed","Wallet creation failed. Please try again.","钱包创建失败，请重试。","translated"
"onboarding.databasePreparationFailed","Could not prepare the wallet on this device.","无法在此设备上准备钱包。","translated"
"onboarding.generatedMnemonic","Generated Mnemonic:","生成的助记词：","translated"
"onboarding.generatingSeed","Generating seed phrase…","正在生成恢复短语…","translated"
"onboarding.helpCreateDescription","Use this if you want a new wallet with a fresh seed phrase on this device.","如果你想在此设备上使用全新的助记词创建钱包，请选择此项。","translated"
"onboarding.helpCreateTitle","Create Wallet","创建钱包","translated"
"onboarding.helpDescription","Create a wallet for the first time or restore one you already have.","创建新钱包，或恢复已有钱包。","translated"
"onboarding.helpImportDescription","Use this if you already have a 12-word recovery phrase and want access to an existing wallet.","如果你已有 12 个单词的恢复短语并想访问现有钱包，请选择此项。","translated"
"onboarding.helpImportTitle","Import Wallet","导入钱包","translated"
"onboarding.helpNetworkDescription","Select Mainnet for real funds or CHIPNET for test funds before you proceed.","继续前选择 Mainnet 使用真实资金，或选择 CHIPNET 使用测试资金。","translated"
"onboarding.helpNetworkTitle","Choose a network","选择网络","translated"
"onboarding.helpTitle","Getting started","开始使用","translated"
"onboarding.importFailed","Wallet import failed. Please try again.","钱包导入失败，请重试。","translated"
"onboarding.importing","Importing Wallet…","正在导入钱包…","translated"
"onboarding.importWallet","Import Wallet","导入钱包","translated"
"onboarding.invalidMnemonic","Enter a valid English BIP39 recovery phrase with 12, 15, 18, 21, or 24 words.","请输入有效的 12、15、18、21 或 24 个 BIP39 助记词。","translated"
"onboarding.missingWord","Word {number} is missing.","缺少第 {number} 个词。","translated"
"onboarding.mnemonicLoading","The recovery phrase is still loading. Please wait a moment.","恢复短语仍在加载，请稍候。","translated"
"onboarding.mnemonicWarning","Your recovery phrase is the master key to your wallet. Store it securely and never share it.","恢复短语是钱包的主密钥。请妥善保存，切勿分享。","translated"
"onboarding.nameRequired","Give this wallet a name.","请为钱包设置名称。","translated"
"onboarding.nameWallet","Name This Wallet","命名钱包","translated"
"onboarding.nameWalletDescription","Give this wallet a name and a password. Each wallet on this device has its own independent password.","为钱包设置名称和密码。此设备上的每个钱包都有独立的密码。","translated"
"onboarding.passwordMismatch","Passwords do not match.","两次输入的密码不一致。","translated"
"onboarding.passwordPlaceholder","Password (or leave blank)","密码（可留空）","translated"
"onboarding.poweredBy","Powered with Bitcoin Covenants for Bitcoin Cash","由 Bitcoin Cash 的 Bitcoin Covenant 提供支持","translated"
"onboarding.recoveryDescription","Enter your BIP39 recovery phrase (12, 15, 18, 21, or 24 words). Each box corresponds to the word order.","请输入 BIP39 恢复短语（12、15、18、21 或 24 个词）。每个输入框对应一个词的顺序。","translated"
"onboarding.recoveryPhrase","Recovery Phrase","恢复短语","translated"
"onboarding.seedInstruction","Write these 12 words down in order and keep them somewhere safe. Anyone with this phrase can spend your funds — never share it or store it digitally.","请按顺序写下这 12 个词并妥善保存。任何拥有此短语的人都可以花费你的资金；请勿分享或以数字方式保存。","translated"
"onboarding.seedTitle","Your Seed Phrase","你的恢复短语","translated"
"onboarding.toggleTheme","Toggle theme","切换主题","translated"
"onboarding.walletAlreadyAvailable","This wallet is already available on this device.","此钱包已在设备上可用。","translated"
"onboarding.walletAlreadyExists","This wallet may already exist on this device.","此钱包可能已存在于设备上。","translated"
"onboarding.walletNamePlaceholder","Wallet name","钱包名称","translated"
"onboarding.walletSavedIdFailed","Wallet was saved, but its wallet ID could not be resolved.","钱包已保存，但无法解析钱包 ID。","translated"
"onboarding.walletSetup","Wallet Setup","钱包设置","translated"
"onboarding.walletSetupDescription","Choose the network and address path this wallet will use.","选择此钱包使用的网络和地址路径。","translated"
"onboarding.welcomeAlt","Smart BCH Wallet","Smart BCH 钱包","stable-term"
"onboarding.word","Word","词语","translated"
"onboarding.wordCountLabel","Phrase length","短语长度","translated"
"onboarding.wordPlaceholder","word","词语","translated"
"onboarding.words","words","个词","translated"
"onboarding.wroteItDown","I've written it down","我已写下","translated"
"outbox.amount","Amount","金额","translated"
"outbox.clearPending","Clear pending lock","清除待处理锁","translated"
"outbox.clearPendingTitle","Clear this pending lock if the transaction was not actually sent","如果交易实际上未发送，则清除此待处理锁","translated"
"outbox.copyTxid","Copy txid","复制 txid","translated"
"outbox.daysAgo","{count}d ago","{count} 天前","translated"
"outbox.description","Offline-first protection keeps new sends paused until these transactions are seen or safely released.","离线优先保护会暂停新发送，直到这些交易被发现或安全释放。","translated"
"outbox.destination","Destination","目的地","stable-term"
"outbox.dismiss","Dismiss","关闭","translated"
"outbox.dismissPending","Dismiss pending transactions popup","关闭待处理交易弹窗","translated"
"outbox.finalizing","Finalizing transaction","正在完成交易","translated"
"outbox.finalizingMultiple","Finalizing {count} transactions","正在完成 {count} 笔交易","translated"
"outbox.historyUpdate","Your wallet history will update automatically. This usually takes a moment.","钱包历史会自动更新，通常只需片刻。","translated"
"outbox.hoursAgo","{count}h ago","{count} 小时前","translated"
"outbox.justNow","just now","刚刚","translated"
"outbox.lastNetworkIssue","Last network issue","最近的网络问题","translated"
"outbox.minutesAgo","{count}m ago","{count} 分钟前","translated"
"outbox.noPending","No pending outgoing transactions.","没有待处理的转出交易。","translated"
"outbox.pendingOutgoing","Pending outgoing transactions","待处理转出交易","translated"
"outbox.prompt","Prompt","提示","translated"
"outbox.releaseSendLock","Release send lock","释放发送锁定","translated"
"outbox.releaseStale","Release if stale","过期后释放","translated"
"outbox.releaseStaleTitle","Available after {minutes} minutes if the transaction is still unresolved","如果交易仍未解决，{minutes} 分钟后可用","translated"
"outbox.requestedBy","Requested by","请求方","translated"
"outbox.title","Outbox","发件箱","translated"
"outbox.txid","Txid","Txid","stable-term"
"outbox.updated","Updated {age}","更新于 {age}","translated"
"outbox.walletSend","Wallet send","钱包发送","translated"
"p2p.description","No server: peers meet on Nostr relays over Tor, deterministically elect a coordinator, and run the CoinJoin peer-to-peer. Outputs are unlinkable; you sign only your own inputs after verifying your own outputs.","无需服务器：参与者通过 Tor 在 Nostr 中继上会合，确定性地选出协调者，并点对点运行 CoinJoin。输出无法关联；只有在确认自己的输出存在后，您才会签名自己的输入。","translated"
"p2p.phase.announce","Announcing & finding peers","广播并寻找参与者","translated"
"p2p.phase.assemble","Assembling & verifying","组装并验证","translated"
"p2p.phase.broadcast","Broadcasting","广播","translated"
"p2p.phase.register","Registering inputs & outputs","注册输入和输出","translated"
"p2p.phase.sign","Signing","签名","translated"
"p2p.requiresPeers","Requires Tor + at least 2 peers in the same tier.","需要 Tor，并且同一层级至少有 2 个参与者。","translated"
"p2p.running","Running P2P round…","正在运行 P2P 轮次…","translated"
"p2p.start","Start P2P round","开始 P2P 轮次","translated"
"p2p.title","P2P Fusion over Nostr","通过 Nostr 的 P2P Fusion","translated"
"paper.addressConversionError","Address conversion error","地址转换错误","translated"
"paper.addressDerivationFailed","Unable to derive a valid paper wallet address from the scanned key.","无法从扫描的密钥派生有效的纸钱包地址。","translated"
"paper.back","Back","返回","translated"
"paper.bchOutputs","BCH outputs","BCH 输出","translated"
"paper.buildFailed","Failed to build sweep transaction.","无法构建转移交易。","translated"
"paper.confirmDescription","Slide to confirm the one-transaction paper wallet sweep.","滑动以确认在一笔交易中转移纸钱包。","translated"
"paper.confirmTitle","Confirm sweep","确认转移","translated"
"paper.decodingError","Decoding error","解码错误","translated"
"paper.description","Scan a WIF paper wallet and sweep BCH + CashTokens in one transaction.","扫描 WIF 纸钱包，在一笔交易中转移 BCH 和 CashTokens。","translated"
"paper.label","Paper wallet","纸钱包","translated"
"paper.noCashTokens","No CashTokens detected.","未检测到 CashTokens。","translated"
"paper.noDestination","No destination wallet address is available.","没有可用的钱包目标地址。","translated"
"paper.noQrCode","No QR code detected. Please try again.","未检测到二维码，请重试。","translated"
"paper.notScanned","No paper wallet scanned yet.","尚未扫描纸钱包。","translated"
"paper.noUtxos","No UTXOs found for this paper wallet. If this is a mainnet wallet and you are on chipnet, try switching networks.","未找到此纸钱包的 UTXO。如果这是主网钱包而你正在使用 Chipnet，请尝试切换网络。","translated"
"paper.oneTransaction","One transaction only.","仅一笔交易。","translated"
"paper.paperInputs","Paper wallet inputs","纸钱包输入","translated"
"paper.scan","Scan","扫描","translated"
"paper.scanBeforeSweep","Scan a paper wallet before sweeping.","请先扫描纸钱包再进行转移。","translated"
"paper.spendableOutputPlural","spendable outputs","个可花费输出","translated"
"paper.spendableOutputSingular","spendable output","个可花费输出","translated"
"paper.sweep","Sweep","转移","translated"
"paper.sweepBroadcast","Sweep broadcast","转移已广播","translated"
"paper.title","Paper Wallet","纸钱包","translated"
"paper.tokenBacking","Token outputs are backed with 1000 sats.","代币输出由 1000 sats 支持。","translated"
"paper.tokenGroups","Token groups","代币组","translated"
"paper.tokenOutputs","Token outputs","代币输出","translated"
"paper.unexpected","An unexpected error occurred.","发生意外错误。","translated"
"paper.unexpectedTryAgain","An unexpected error occurred. Please try again.","发生意外错误，请重试。","translated"
"paper.utxosTitle","Paper wallet UTXOs","纸钱包 UTXO","translated"
"paper.walletFeeInputs","Wallet fee inputs","钱包费用输入","translated"
"priceFeed.loading","Loading…","正在加载…","translated"
"qr.animatedTransfer","Animated QR transfer","动态二维码传输","translated"
"qr.blocksRecovered","blocks recovered","个区块已恢复","translated"
"qr.cameraActive","Camera active — point at animated QR","相机已启用 — 对准动态二维码","translated"
"qr.cameraError","Camera unavailable","相机不可用","translated"
"qr.cameraUnavailable","Camera access is unavailable","无法访问相机","translated"
"qr.cancel","Cancel","取消","translated"
"qr.duplicates","duplicates","个重复帧","translated"
"qr.holdSteady","Hold the phone steady and fill the frame with the QR code.","请保持手机稳定，让二维码充满画面。","translated"
"qr.receivingStream","Receiving QR stream","正在接收二维码流","translated"
"qr.scan","Scan QR","扫描二维码","translated"
"qr.scanning","Scanning…","扫描中…","translated"
"qr.streaming","Streaming frame {frame} · {blocks} blocks · {bytes} bytes","正在传输帧 {frame} · {blocks} 个区块 · {bytes} 字节","translated"
"qr.unableToDecode","Unable to decode QR stream","无法解码二维码流","translated"
"qr.uniqueFrames","unique frames","个唯一帧","translated"
"qr.walletUpdateProgress","Wallet update progress","钱包更新进度","translated"
"qrSigning.approvedBy","Approved by {name}","批准者：{name}","translated"
"qrSigning.approveDemo","Approve demo request","批准演示请求","translated"
"qrSigning.approveReturn","2. Approve and return","2. 批准并返回","translated"
"qrSigning.close","Close","关闭","translated"
"qrSigning.collectResponse","2. Collect response","2. 收集响应","translated"
"qrSigning.fingerprint","Fingerprint","指纹","translated"
"qrSigning.invalidRequest","Invalid signing request","签名请求无效","translated"
"qrSigning.invalidResponse","Invalid signing response","签名响应无效","translated"
"qrSigning.mismatch","Signing response does not match this request","签名响应与此请求不匹配","translated"
"qrSigning.network","Network","网络","translated"
"qrSigning.payload","Payload","负载","translated"
"qrSigning.placeholderWarning","This demo returns a placeholder signature and never broadcasts.","此演示返回占位签名，绝不会广播交易。","translated"
"qrSigning.prepareFailed","Unable to prepare mocknet fixture","无法准备 mocknet 测试数据","translated"
"qrSigning.preparing","Preparing mocknet fixture…","正在准备 mocknet 测试数据…","translated"
"qrSigning.purpose","Purpose","用途","translated"
"qrSigning.rejectedBy","Rejected by {name}","拒绝者：{name}","translated"
"qrSigning.requestReceived","Request received","已收到请求","translated"
"qrSigning.requestSignature","Request signature","请求签名","translated"
"qrSigning.scanAnother","Scan another request","扫描其他请求","translated"
"qrSigning.scanApproval","Scan approval response","扫描批准响应","translated"
"qrSigning.scanRequest","1. Scan request","1. 扫描请求","translated"
"qrSigning.showRequest","1. Show request","1. 显示请求","translated"
"qrSigning.showRequestHelp","On the other wallet, choose “Sign request” and scan this stream.","在另一钱包中选择“签名请求”，然后扫描此二维码流。","translated"
"qrSigning.signRequest","Sign request","签名请求","translated"
"qrSigning.subtitle","Exchange a partially signed transaction between two OPTN wallet screens.","在两个 OPTN 钱包界面之间交换部分签名交易。","translated"
"qrSigning.title","QR signing demo","二维码签名演示","translated"
"quantumroot.activeNetwork","Quantumroot is active on this network. Use the vault workspace below to manage a normal spend lane and a quantum-safe recovery lane.","Quantumroot 已在此网络启用。使用下方保险库工作区管理普通支出通道和抗量子恢复通道。","translated"
"quantumroot.activeWorkspace","Active workspace for the beta-production Quantumroot flow.","Quantumroot 生产测试版流程的活动工作区。","translated"
"quantumroot.back","Back","返回","translated"
"quantumroot.betaProduction","Beta production","生产测试版","translated"
"quantumroot.betaTitle","Quantumroot Beta Production","Quantumroot 生产测试版","translated"
"quantumroot.checkingBalances","Checking balances…","正在检查余额…","translated"
"quantumroot.close","Close","关闭","translated"
"quantumroot.funded","{count} funded","{count} 个已注资","translated"
"quantumroot.fundedStatus","Funded","已注资","translated"
"quantumroot.guidedNow","Guided now: choose one approval key, lock it in Quantum Lock, then spend the matching coin.","引导流程：选择一个批准密钥，将其锁定到 Quantum Lock，然后支出匹配的币。","translated"
"quantumroot.liveNow","Live now: normal spending, balance tracking, and Quantum Lock BCH recovery.","当前可用：普通支出、余额跟踪和 Quantum Lock BCH 恢复。","translated"
"quantumroot.livePreview","Live preview","实时预览","translated"
"quantumroot.mainnetAhead","Quantumroot is visible on mainnet ahead of activation. The layout stays available, but key actions remain disabled until {date}.","Quantumroot 在激活前已显示于 Mainnet。布局仍可用，但关键操作将在 {date} 前保持禁用。","translated"
"quantumroot.mainnetPreview","Mainnet preview stays visible before activation.","激活前仍显示 Mainnet 预览。","translated"
"quantumroot.noFundsYet","No funds yet","暂无资金","translated"
"quantumroot.noVaults","No Quantumroot vaults derived yet. Sync vaults to provision them for existing wallet address indexes.","尚未派生 Quantumroot 保险库。同步保险库即可为现有钱包地址索引配置保险库。","translated"
"quantumroot.openVaults","Open Vaults","打开保险库","translated"
"quantumroot.popup.action.chooseCoinLabel","Choose coin to spend","选择要支出的币","translated"
"quantumroot.popup.action.chooseDescription","Choose one approval key for this vault.","为此保险库选择一个批准密钥。","translated"
"quantumroot.popup.action.chooseLabel","Choose approval key","选择批准密钥","translated"
"quantumroot.popup.action.chooseTitle","Choose an approval key","选择批准密钥","translated"
"quantumroot.popup.action.createDescription","Create or receive a plain NFT first, then use it as the approval key.","先创建或接收一个普通 NFT，然后将其用作批准密钥。","translated"
"quantumroot.popup.action.createTitle","Create an approval key","创建批准密钥","translated"
"quantumroot.popup.action.destinationDescription","Choose where the coin should go, then open the spend list.","选择币的去向，然后打开支出列表。","translated"
"quantumroot.popup.action.destinationLabel","Set destination","设置目的地","translated"
"quantumroot.popup.action.destinationTitle","Choose a destination","选择目的地","translated"
"quantumroot.popup.action.disabledDescription","The spend list is ready, but spending is disabled on this network.","支出列表已准备好，但此网络禁用了支出。","translated"
"quantumroot.popup.action.readyDescription","Tap a ready coin to spend it.","点击就绪币即可支出。","translated"
"quantumroot.popup.action.readyTitle","Ready to spend","可以支出","translated"
"quantumroot.popup.action.receiveDescription","Send the matching receive coin to the normal lane.","将匹配的接收币发送到普通通道。","translated"
"quantumroot.popup.action.receiveLabel","Add receive coin","添加接收币","translated"
"quantumroot.popup.action.receiveTitle","Add the matching receive coin","添加匹配的接收币","translated"
"quantumroot.popup.action.refreshDescription","Refresh the wallet scan or choose another approval key.","刷新钱包扫描或选择其他批准密钥。","translated"
"quantumroot.popup.action.refreshLabel","Refresh vault","刷新保险库","translated"
"quantumroot.popup.action.refreshTitle","Refresh the vault","刷新保险库","translated"
"quantumroot.popup.action.reviewLabel","Review spend","检查支出","translated"
"quantumroot.popup.action.sendDescription","Send the approval key to Quantum Lock.","将批准密钥发送到 Quantum Lock。","translated"
"quantumroot.popup.action.sendLabel","Send approval key","发送批准密钥","translated"
"quantumroot.popup.action.sendTitle","Send the approval key","发送批准密钥","translated"
"quantumroot.popup.addDestinationReview","Add a destination, then review spend.","添加目的地，然后检查支出。","translated"
"quantumroot.popup.addMatchingCoin","Add the matching coin to unlock spend.","添加匹配的币以解锁支出。","translated"
"quantumroot.popup.advanced","Advanced","高级","translated"
"quantumroot.popup.advancedRecovery","Advanced recovery","高级恢复","translated"
"quantumroot.popup.advancedRecoveryDescription","Recover regular BCH, recover Quantum Lock funds, or refresh vault status.","恢复普通 BCH、恢复 Quantum Lock 资金或刷新保险库状态。","translated"
"quantumroot.popup.approvalKey","Approval key","批准密钥","translated"
"quantumroot.popup.approvalKeyCapability","Approval key","批准密钥","translated"
"quantumroot.popup.approvalKeyChanged","Approval key changed on chain","链上的批准密钥已更改","translated"
"quantumroot.popup.approvalKeyInLock","Approval key is in Quantum Lock.","批准密钥已在 Quantum Lock 中。","translated"
"quantumroot.popup.approvalKeyInQuantumLock","Your approval key is in Quantum Lock.","你的批准密钥已在 Quantum Lock 中。","translated"
"quantumroot.popup.approvalKeyPicked","Approval key picked.","已选择批准密钥。","translated"
"quantumroot.popup.approvalKeySelected","Approval key selected","已选择批准密钥","translated"
"quantumroot.popup.approvalLane","Approval lane","批准通道","translated"
"quantumroot.popup.approvalLaneDescription","Your approval key goes to Quantum Lock.","批准密钥会发送到 Quantum Lock。","translated"
"quantumroot.popup.available","{count} available","可用 {count} 个","translated"
"quantumroot.popup.availableApprovalKeys","Available approval keys","可用的批准密钥","translated"
"quantumroot.popup.bchRecoveryDescription","BCH recovery sends back to the matching standard wallet address for this vault index when available.","BCH 恢复会在有可用地址时，将资金发回此保险库索引对应的标准钱包地址。","translated"
"quantumroot.popup.bchRecoveryDisabled","BCH recovery is temporarily disabled until the on-chain receive-script validation issue is resolved.","在链上接收脚本验证问题解决前，BCH 恢复暂时被禁用。","translated"
"quantumroot.popup.block.approvalPending","Send one approval key to Quantum Lock.","将一个批准密钥发送到 Quantum Lock。","translated"
"quantumroot.popup.block.inactiveNetwork","Quantumroot spending is disabled on this network.","此网络已禁用 Quantumroot 支出。","translated"
"quantumroot.popup.block.noDestination","Choose a destination address before spending.","支出前选择目的地地址。","translated"
"quantumroot.popup.block.noFamily","Create or receive a plain NFT first. It becomes your approval key.","先创建或接收一个普通 NFT。它会成为你的批准密钥。","translated"
"quantumroot.popup.block.pickFamily","Choose one plain NFT to use as the approval key.","选择一个普通 NFT 作为批准密钥。","translated"
"quantumroot.popup.block.receivePending","Send the matching receive coin to the normal lane.","将匹配的接收币发送到普通通道。","translated"
"quantumroot.popup.block.staleInventory","Your selected approval key is not visible right now. Refresh the vault or choose another key.","当前看不到选中的批准密钥。刷新保险库或选择其他密钥。","translated"
"quantumroot.popup.broadcastWarning","This will broadcast after confirmation.","确认后将广播此交易。","translated"
"quantumroot.popup.category","Category:","类别：","translated"
"quantumroot.popup.chooseApprovalKey","Choose approval key","选择批准密钥","translated"
"quantumroot.popup.chooseApprovalKeyDescription","Quantumroot uses one plain NFT as the approval key. Advanced token tools live in CashTokens.","Quantumroot 使用一个普通 NFT 作为批准密钥。高级代币工具位于 CashTokens 中。","translated"
"quantumroot.popup.chooseOneApproval","Choose one approval key to continue.","选择一个批准密钥以继续。","translated"
"quantumroot.popup.commitment","Commitment:","承诺值：","translated"
"quantumroot.popup.completeSteps","Complete the approval key and matching receive coin steps before spending.","完成批准密钥和匹配接收币步骤后才能支出。","translated"
"quantumroot.popup.confirmed","Confirmed","已确认","translated"
"quantumroot.popup.copyDestination","Copy destination","复制目的地","translated"
"quantumroot.popup.copyOrScanFund","Copy or scan to fund this vault.","复制或扫描以为此保险库注资。","translated"
"quantumroot.popup.copyQuantumLock","Copy Quantum Lock","复制 Quantum Lock","translated"
"quantumroot.popup.copyReceiveAddress","Copy receive address","复制接收地址","translated"
"quantumroot.popup.copyRecoveryAddress","Copy recovery address","复制恢复地址","translated"
"quantumroot.popup.createOrReceive","Create or receive a plain NFT first, then it will appear here as an approval key you can choose.","先创建或接收一个普通 NFT，它会显示在这里供你选择为批准密钥。","translated"
"quantumroot.popup.destination","Destination","目的地","translated"
"quantumroot.popup.destinationAddress","Destination address","目的地地址","translated"
"quantumroot.popup.done","Done","完成","translated"
"quantumroot.popup.empty","empty","空","translated"
"quantumroot.popup.found","{count} found","找到 {count} 个","translated"
"quantumroot.popup.fundMatchingReceive","Fund matching receive coin","为匹配的接收币注资","translated"
"quantumroot.popup.fundMatchingReceiveDescription","Open the send screen prefilled to the vault receive address with the same approval key.","打开预填充的发送界面，将相同批准密钥发送到保险库接收地址。","translated"
"quantumroot.popup.helpShortcuts","Help and shortcuts","帮助和快捷方式","translated"
"quantumroot.popup.inQuantumLock","{count} in Quantum Lock","Quantum Lock 中有 {count} 个","translated"
"quantumroot.popup.inWallet","{count} in wallet","钱包中有 {count} 个","translated"
"quantumroot.popup.locked","{count} locked","{count} 个已锁定","translated"
"quantumroot.popup.mainnetDisabled","Mainnet Quantumroot uses the same UI as Chipnet, but the spend, recovery, and token-configuration actions remain disabled until activation on {date}.","Mainnet Quantumroot 使用与 Chipnet 相同的界面，但支出、恢复和代币配置操作在 {date} 激活前仍被禁用。","translated"
"quantumroot.popup.mintingNft","Minting NFT","铸造型 NFT","translated"
"quantumroot.popup.missing","Missing","缺少","translated"
"quantumroot.popup.mutableNft","Mutable NFT","可变 NFT","translated"
"quantumroot.popup.needed","Needed","需要","translated"
"quantumroot.popup.neededLater","Needed later","稍后需要","translated"
"quantumroot.popup.nextStep","Next step","下一步","translated"
"quantumroot.popup.noApprovalKey","No approval key","没有批准密钥","translated"
"quantumroot.popup.noDestination","No destination set","尚未设置目的地","translated"
"quantumroot.popup.noReadyCoin","No ready coin is available yet. After the approval key and the matching receive coin are present, spendable coins appear here.","目前还没有就绪币。批准密钥和匹配的接收币到位后，可支出的币会显示在这里。","translated"
"quantumroot.popup.normalLane","Normal vault lane","普通保险库通道","translated"
"quantumroot.popup.normalLaneDescription","Your BCH and matching receive coin go here.","BCH 和匹配的接收币会进入这里。","translated"
"quantumroot.popup.normalLanePending","Add the matching receive coin after the approval key is in Quantum Lock.","批准密钥进入 Quantum Lock 后，添加匹配的接收币。","translated"
"quantumroot.popup.normalLaneReady","Your normal lane is ready.","普通通道已就绪。","translated"
"quantumroot.popup.noStandardAddress","No standard wallet address available","没有可用的标准钱包地址","translated"
"quantumroot.popup.openCashTokens","Open CashTokens","打开 CashTokens","translated"
"quantumroot.popup.openReceiveScreen","Open receive screen","打开接收界面","translated"
"quantumroot.popup.otherNft","Other NFT","其他 NFT","translated"
"quantumroot.popup.otherNftDescription","It sits in Quantum Lock, but it is not the selected approval key. No direct withdrawal path exists yet.","它位于 Quantum Lock，但不是选中的批准密钥。目前还没有直接提取路径。","translated"
"quantumroot.popup.otherNftInQuantumLock","Other NFT in Quantum Lock","Quantum Lock 中的其他 NFT","translated"
"quantumroot.popup.otherNfts","{count} other NFT(s)","{count} 个其他 NFT","translated"
"quantumroot.popup.outpoint","Outpoint","Outpoint","stable-term"
"quantumroot.popup.pending","Pending","待处理","translated"
"quantumroot.popup.pendingCoin","Pending coin","待处理币","translated"
"quantumroot.popup.pickApprovalKey","Pick one approval key.","选择一个批准密钥。","translated"
"quantumroot.popup.plainBchCoins","{count} plain BCH coin(s)","{count} 个普通 BCH 币","translated"
"quantumroot.popup.plainBchDescription","Use this for plain BCH coins. Protected coins stay in the lanes above.","普通 BCH 币使用此功能。受保护的币仍留在上方通道中。","translated"
"quantumroot.popup.previewOnly","Preview only on mainnet until activation.","激活前仅在 Mainnet 上提供预览。","translated"
"quantumroot.popup.protectedReceiveCount","Coins already handled by Protected spend: {count}","受保护支出已处理的币：{count}","translated"
"quantumroot.popup.protectedSpend","Protected spend","受保护支出","translated"
"quantumroot.popup.protectedSpendDescription","When the approval key and matching receive coin are present, spending opens here.","批准密钥和匹配的接收币到位后，支出功能会在这里打开。","translated"
"quantumroot.popup.quantumLock","Quantum Lock","Quantum Lock","stable-term"
"quantumroot.popup.quantumLockBch","Quantum Lock BCH","Quantum Lock BCH","needs-review"
"quantumroot.popup.quantumLockRecovery","Quantum Lock recovery","Quantum Lock 恢复","translated"
"quantumroot.popup.quantumLockRecoveryCount","Quantum Lock recovery coins: {count}","Quantum Lock 恢复币：{count}","translated"
"quantumroot.popup.quantumrootOpens","Quantumroot opens once the approval key sits in Quantum Lock and the matching receive coin sits in the normal lane.","批准密钥位于 Quantum Lock 且匹配的接收币位于普通通道后，Quantumroot 才会打开。","translated"
"quantumroot.popup.ready","Ready","就绪","translated"
"quantumroot.popup.readyCoin","Ready coin","就绪币","translated"
"quantumroot.popup.readyCoinAvailable","Ready coin available.","已有就绪币。","translated"
"quantumroot.popup.readyCoins","{count} ready coin(s)","{count} 个就绪币","translated"
"quantumroot.popup.receiveAddress","Receive address","接收地址","translated"
"quantumroot.popup.receiveBch","Receive BCH","接收 BCH","translated"
"quantumroot.popup.recover","Recover","恢复","translated"
"quantumroot.popup.recoverableBchCoins","Recoverable BCH coins","可恢复的 BCH 币","translated"
"quantumroot.popup.recoverableBchCount","Recoverable BCH coins: {count}","可恢复的 BCH 币：{count}","translated"
"quantumroot.popup.recovering","Recovering…","恢复中…","translated"
"quantumroot.popup.recoverRegularBch","Recover regular BCH","恢复普通 BCH","translated"
"quantumroot.popup.refresh","Refresh","刷新","translated"
"quantumroot.popup.refreshChooseAnother","Refresh the vault or choose another approval key.","刷新保险库或选择其他批准密钥。","translated"
"quantumroot.popup.refreshVault","Refresh vault","刷新保险库","translated"
"quantumroot.popup.refreshVaultStatus","Refresh vault status","刷新保险库状态","translated"
"quantumroot.popup.reviewDestination","Review the destination before broadcasting.","广播前检查目的地。","translated"
"quantumroot.popup.reviewSpend","Review spend","检查支出","translated"
"quantumroot.popup.reviewSpendSubtitle","Check the destination, approval key, and ready coin before you broadcast.","广播前检查目的地、批准密钥和就绪币。","translated"
"quantumroot.popup.reviewSpendTitle","Review spend","检查支出","translated"
"quantumroot.popup.saveApprovalKey","Save approval key","保存批准密钥","translated"
"quantumroot.popup.saving","Saving…","保存中…","translated"
"quantumroot.popup.selectedApprovalKey","Selected approval key","选中的批准密钥","translated"
"quantumroot.popup.selectedAsApproval","Selected as approval key","已选为批准密钥","translated"
"quantumroot.popup.sendApprovalHere","Send the approval key here.","将批准密钥发送到这里。","translated"
"quantumroot.popup.sendApprovalKey","Send approval key","发送批准密钥","translated"
"quantumroot.popup.sendApprovalKeyDescription","Open the send screen prefilled to Quantum Lock with the selected approval key.","打开预填充的发送界面，将选中的批准密钥发送到 Quantum Lock。","translated"
"quantumroot.popup.sendApprovalKeyToLock","Send the approval key to Quantum Lock.","将批准密钥发送到 Quantum Lock。","translated"
"quantumroot.popup.sendSelectedApprovalKey","Send the selected approval key to Quantum Lock.","将选中的批准密钥发送到 Quantum Lock。","translated"
"quantumroot.popup.spend","Spend","支出","translated"
"quantumroot.popup.spendDestination","Spend destination","支出目的地","translated"
"quantumroot.popup.spending","Spending…","支出中…","translated"
"quantumroot.popup.sweepBch","Sweep BCH coins ({count})","转移 BCH 币（{count}）","translated"
"quantumroot.popup.sweeping","Sweeping…","转移中…","translated"
"quantumroot.popup.tapToOpen","Tap to open","点击打开","translated"
"quantumroot.popup.unsupportedQuantumLock","Coins in Quantum Lock that belong to Protected spend are handled above; this recovery list only includes plain BCH coins.","属于受保护支出的 Quantum Lock 币已在上方处理；此恢复列表仅包含普通 BCH 币。","translated"
"quantumroot.popup.unsupportedReceive","Coins with an approval key stay in Protected spend; this recovery list only includes plain BCH coins.","带有批准密钥的币会留在受保护支出中；此恢复列表仅包含普通 BCH 币。","translated"
"quantumroot.popup.useRecoveryAddress","Use wallet recovery address","使用钱包恢复地址","translated"
"quantumroot.popup.vaultSetup","Vault setup","保险库设置","translated"
"quantumroot.popup.vaultSetupDescription","Copy addresses and choose the approval key.","复制地址并选择批准密钥。","translated"
"quantumroot.popup.waiting","Waiting","等待中","translated"
"quantumroot.popup.walletRecoveryAddress","Wallet recovery address","钱包恢复地址","translated"
"quantumroot.readyToRecover","{count} ready to recover","{count} 个可恢复","translated"
"quantumroot.refreshing","Refreshing balances and UTXO status. Vaults remain available while sync completes.","正在刷新余额和 UTXO 状态。同步完成前保险库仍可用。","translated"
"quantumroot.subtitle","Two spending lanes in one vault","一个保险库中的两条支出通道","translated"
"quantumroot.syncingVaults","Syncing Vaults…","正在同步保险库…","translated"
"quantumroot.syncVaults","Sync Vaults","同步保险库","translated"
"quantumroot.toast.approvalKeyMissing","This approval key is no longer visible. Refresh the vault or choose another key.","当前看不到此批准密钥。刷新保险库或选择其他密钥。","translated"
"quantumroot.toast.authorizedBroadcast","Quantumroot authorized spend broadcast: {txid}","Quantumroot 授权支出已广播：{txid}","translated"
"quantumroot.toast.authorizedFailed","Quantumroot authorized spend failed: {message}","Quantumroot 授权支出失败：{message}","translated"
"quantumroot.toast.broadcastAuthorizedFailed","Failed to broadcast Quantumroot authorized spend.","Quantumroot 授权支出广播失败。","translated"
"quantumroot.toast.broadcastLockRecoveryFailed","Failed to broadcast Quantum Lock recovery.","Quantum Lock 恢复广播失败。","translated"
"quantumroot.toast.broadcastSpendFailed","Failed to broadcast Quantumroot spend.","Quantumroot 支出广播失败。","translated"
"quantumroot.toast.broadcastSweepFailed","Failed to broadcast Quantumroot sweep.","Quantumroot 转移广播失败。","translated"
"quantumroot.toast.configureFailed","Failed to configure vault: {message}","保险库配置失败：{message}","translated"
"quantumroot.toast.destinationRequired","Destination address is required.","必须填写目的地地址。","translated"
"quantumroot.toast.ineligibleReceiveUtxo","That receive UTXO is not eligible for authorized spend.","该接收 UTXO 不符合授权支出条件。","translated"
"quantumroot.toast.invalidTokenCategory","Token category must be 64 hexadecimal characters.","代币类别必须是 64 个十六进制字符。","translated"
"quantumroot.toast.lockRecoveryBroadcast","Quantum Lock recovery broadcast: {txid}","Quantum Lock 恢复已广播：{txid}","translated"
"quantumroot.toast.lockRecoveryFailed","Quantum Lock recovery failed: {message}","Quantum Lock 恢复失败：{message}","translated"
"quantumroot.toast.noBchUtxos","No BCH-only receive UTXOs available to sweep.","没有可转移的纯 BCH 接收 UTXO。","translated"
"quantumroot.toast.noControlToken","No matching Quantum Lock control token is available yet.","尚无匹配的 Quantum Lock 控制代币。","translated"
"quantumroot.toast.previewActive","Quantumroot mainnet preview is active until activation.","Quantumroot Mainnet 预览在激活前保持可用。","translated"
"quantumroot.toast.reconfigured","Quantumroot vault reconfigured.","Quantumroot 保险库已重新配置。","translated"
"quantumroot.toast.spendBroadcast","Quantumroot spend broadcast: {txid}","Quantumroot 支出已广播：{txid}","translated"
"quantumroot.toast.spendFailed","Quantumroot spend failed: {message}","Quantumroot 支出失败：{message}","translated"
"quantumroot.toast.sweepBroadcast","Quantumroot sweep broadcast: {txid}","Quantumroot 转移已广播：{txid}","translated"
"quantumroot.toast.sweepFailed","Quantumroot sweep failed: {message}","Quantumroot 转移失败：{message}","translated"
"quantumroot.toast.unavailable","Quantumroot vault unavailable.","Quantumroot 保险库不可用。","translated"
"quantumroot.trackedBalance","Tracked Balance","跟踪余额","translated"
"quantumroot.vaultNumber","Vault #{id}","保险库 #{id}","translated"
"quantumroot.vaults","Vaults","保险库","translated"
"quantumroot.workspaceRefreshFailed","Workspace Refresh Failed","工作区刷新失败","translated"
"receive.addressesNotReady","Receive addresses not ready","接收地址尚未准备好","translated"
"receive.amountBch","Amount (BCH)","金额（BCH）","translated"
"receive.back","Back","返回","translated"
"receive.bip21Active","Request details are active and the QR is now encoding the BIP21 URI.","请求详情已启用，二维码现在编码的是 BIP21 URI。","translated"
"receive.bip21Description","Encode amount, label, and message into the QR payload.","将金额、标签和消息编码到二维码内容中。","translated"
"receive.bip21Help","When enabled, the QR and copied payload use a BIP21-style `bitcoincash:` URI so compatible wallets can autofill request details.","启用后，二维码和复制的内容会使用 BIP21 格式 URI，使兼容钱包可以自动填写请求详情。","translated"
"receive.bip21Title","BIP21 payment request","BIP21 支付请求","translated"
"receive.cashToken","CashToken","CashToken","stable-term"
"receive.change","Change","找零地址","translated"
"receive.changeAddressCount","{count} change addresses","{count} 个找零地址","translated"
"receive.clear","Clear","清除","translated"
"receive.close","Close","关闭","translated"
"receive.copied","Copied to clipboard!","已复制到剪贴板！","translated"
"receive.copyBip21","Copy BIP21 URI","复制 BIP21 URI","translated"
"receive.copyFailed","Failed to copy.","复制失败。","translated"
"receive.copyQrPayload","Copy receive QR payload","复制接收二维码内容","translated"
"receive.dismiss","Dismiss","关闭","translated"
"receive.dismissUnlockAlert","Dismiss unlock alert","关闭解锁提示","translated"
"receive.label","Label","标签","translated"
"receive.main","Main","主地址","translated"
"receive.mainAddressCount","{count} main addresses","{count} 个主地址","translated"
"receive.message","Message","消息","stable-term"
"receive.noAddressesLoaded","This wallet does not have receive addresses loaded yet.","此钱包尚未加载接收地址。","translated"
"receive.noBranchAddresses","No addresses found in this branch yet.","此分支中尚未找到地址。","translated"
"receive.noVaultFunds","No Quantumroot vault funds detected yet.","尚未检测到 Quantumroot 保险库资金。","translated"
"receive.openQrPreview","Open larger QR code preview","打开更大的二维码预览","translated"
"receive.optional","Optional","可选","translated"
"receive.optionalExample","Optional, e.g. 0.0105","可选，例如 0.0105","translated"
"receive.prepareAddresses","Prepare receive addresses","准备接收地址","translated"
"receive.prepareAddressesDescription","Prepare addresses to show your receive QR and address list.","准备地址以显示接收二维码和地址列表。","translated"
"receive.privKeyReady","Private key view unlocked","私钥视图已解锁","translated"
"receive.privKeyUnlock","Private key unlock in {count} taps","再点击 {count} 次即可解锁私钥","translated"
"receive.pubKeyTapProgress","PubKey pressed {count}/{total} times","PubKey 已点击 {count}/{total} 次","translated"
"receive.qrCopyDescription","Tap the QR to copy the current payload. Close to return.","点击二维码复制当前内容。关闭以返回。","translated"
"receive.quantumLock","Quantum Lock","量子锁","stable-term"
"receive.quantumLockAddress","Quantum Lock Address","量子锁地址","translated"
"receive.quantumrootStatus","Quantumroot Status","Quantumroot 状态","translated"
"receive.readOnlyStatus","This view is read-only. It shows vault status and key receive data, but no spending or recovery actions.","此视图为只读，仅显示保险库状态和接收数据，不支持花费或恢复操作。","translated"
"receive.receiveAddress","Receive Address","接收地址","translated"
"receive.receiveBalance","Receive Balance","接收余额","translated"
"receive.receiveQr","Receive QR","接收二维码","translated"
"receive.regular","Regular","普通","translated"
"receive.seeAllAddresses","See all addresses","查看全部地址","translated"
"receive.switch","Switch","切换","translated"
"receive.switchAddress","Switch address","切换地址","translated"
"receive.syncing","Syncing…","同步中…","translated"
"receive.tapPubKey","Tap PubKey to reveal the private key view.","点击 PubKey 以显示私钥视图。","translated"
"receive.title","Receive","接收","translated"
"receive.toggleAddressType","Toggle receive address type","切换接收地址类型","translated"
"receive.unavailable","Unavailable","不可用","translated"
"reconfiguration.changingPath","Changing derivation path","正在更改派生路径","translated"
"reconfiguration.clearing","Clearing old wallet data","正在清除旧钱包数据","translated"
"reconfiguration.clearingDetail","Removing the previous address, history, and UTXO records.","正在移除之前的地址、历史记录和 UTXO 数据。","translated"
"reconfiguration.deriving","Generating wallet addresses","正在生成钱包地址","translated"
"reconfiguration.derivingDetail","Creating the receive and change addresses for this wallet path.","正在为此钱包路径创建收款和找零地址。","translated"
"reconfiguration.dismiss","Dismiss","关闭","translated"
"reconfiguration.failed","Wallet update failed","钱包更新失败","translated"
"reconfiguration.failedDetail","The wallet could not be reconfigured.","无法重新配置钱包。","translated"
"reconfiguration.keepOpen","Please keep OPTN Wallet open. Navigation is temporarily disabled while wallet data is rebuilt.","请保持 OPTN Wallet 打开。重建钱包数据期间，导航功能会暂时禁用。","translated"
"reconfiguration.movingTo","Moving to {network}","正在切换到 {network}","translated"
"reconfiguration.preparing","Preparing wallet","正在准备钱包","translated"
"reconfiguration.preparingDetail","Stopping background sync and reconnecting to the selected network.","正在停止后台同步并重新连接到所选网络。","translated"
"reconfiguration.progress","Wallet update progress","钱包更新进度","translated"
"reconfiguration.reloading","Reloading wallet","正在重新加载钱包","translated"
"reconfiguration.stepOf","Step {current} of {total}","第 {current} 步，共 {total} 步","translated"
"reconfiguration.switchingNetwork","Switching network","正在切换网络","translated"
"reconfiguration.syncing","Synchronizing wallet","正在同步钱包","translated"
"reconfiguration.syncingDetail","Fetching balances, UTXOs, and transaction history. This can take 15–20 seconds.","正在获取余额、UTXO 和交易历史，可能需要 15–20 秒。","translated"
"reconfiguration.updating","Updating wallet","正在更新钱包","translated"
"reconfiguration.working","Working…","处理中…","translated"
"recovery.hide","Hide Backup Phrase","隐藏备份短语","translated"
"recovery.reveal","Reveal Backup Phrase","显示备份短语","translated"
"recovery.warning","Warning","警告","translated"
"recovery.warningDescription","Displaying your mnemonic backup phrase can compromise your funds. Ensure you keep it secure.","显示助记词备份短语可能危及您的资金。请确保妥善保管。","translated"
"rpa.confirmedPayment","confirmed stealth payment","笔已确认的隐匿付款","translated"
"rpa.confirmedPayments","{count} confirmed stealth payment(s) found","发现 {count} 笔已确认的隐匿付款","translated"
"rpa.copyFailed","Copy failed.","复制失败。","translated"
"rpa.copySuccess","Paycode copied!","支付码已复制！","translated"
"rpa.derivationFailed","Paycode derivation failed. Unlock your wallet and try again.","支付码派生失败。请解锁钱包后重试。","translated"
"rpa.derivationPaths","Derivation paths","派生路径","translated"
"rpa.deriving","Deriving paycode…","正在派生支付码…","translated"
"rpa.found","found","已发现","translated"
"rpa.howWorks","How it works","工作原理","translated"
"rpa.lastScanned","Last scanned","上次扫描","translated"
"rpa.noNotification","No notification tx.","无通知交易。","translated"
"rpa.noNotificationText","The sender grinds their signature nonce until the input hash prefix matches your scan key — detectability is embedded in the signature itself.","发送方会不断尝试签名 nonce，直到输入哈希前缀匹配你的扫描密钥；可检测性直接嵌入签名。","translated"
"rpa.paycode","Paycode","支付码","stable-term"
"rpa.prefixFilter","Prefix filter","前缀过滤","translated"
"rpa.scanDescription","Scans a Fulcrum-RPA server for transactions whose input signature prefix matches your scan key. Uses ECDH to verify each candidate and detect your stealth outputs.","扫描 Fulcrum-RPA 服务器，查找输入签名前缀匹配扫描密钥的交易。使用 ECDH 验证候选交易并检测隐匿输出。","translated"
"rpa.scanKey","Scan key","扫描密钥","translated"
"rpa.scanning","Scanning…","扫描中…","translated"
"rpa.serverUnsupported","This server does not support RPA scanning.","此服务器不支持 RPA 扫描。","translated"
"rpa.shareDescription","Share this paycode with senders. Each payment creates a unique stealth address — no link between payments on-chain.","将此支付码分享给付款方。每笔付款都会创建唯一的隐匿地址，链上不会关联各笔付款。","translated"
"rpa.spendKey","Spend key","花费密钥","translated"
"rpa.stealthBalance","Stealth BCH","隐匿 BCH","translated"
"rpa.sync","Sync","同步","translated"
"rpa.title","RPA Paycode","RPA 支付码","stable-term"
"rpa.walletUnavailable","Wallet not available","钱包不可用","translated"
"send.address","Address","地址","translated"
"send.advanced","Advanced","高级","translated"
"send.advancedBuilder","Open Advanced Builder","打开高级构建器","translated"
"send.airdrops","Airdrops","空投","translated"
"send.amount","Amount","金额","translated"
"send.amountBch","Amount (BCH)","金额（BCH）","translated"
"send.amountUsd","Amount (USD)","金额（USD）","translated"
"send.asset","Asset","资产","translated"
"send.assetControl","Asset control","资产控制","translated"
"send.back","Back","返回","translated"
"send.balance","Balance","余额","translated"
"send.bcmrMetadata","Parsed using BCMR metadata from the selected category.","使用所选类别的 BCMR 元数据解析。","translated"
"send.bytes","bytes","字节","stable-term"
"send.changeAddress","Change address","找零地址","translated"
"send.clearForm","Clear form","清除表单","translated"
"send.confirmed","Confirmed","已确认","translated"
"send.contract","Contract","合约","translated"
"send.contractInputs","Contract inputs","合约输入","translated"
"send.copy","Copy","复制","translated"
"send.debug","Debug","调试","translated"
"send.decimals","{count} decimals","{count} 位小数","translated"
"send.details","Details","详情","translated"
"send.enterBchForUsd","Enter a BCH amount to see the USD equivalent.","输入 BCH 金额以查看 USD 等值金额。","translated"
"send.enterUsdForBch","Enter a USD amount to see the BCH equivalent.","输入 USD 金额以查看 BCH 等值金额。","translated"
"send.fee","Fee","费用","translated"
"send.fillMax","Fill the full spendable balance minus network fee","填入扣除网络费用后的全部可用余额","translated"
"send.fillRequired","Fill the required fields first","请填写必填字段","translated"
"send.finalOutputs","Final outputs","最终输出","translated"
"send.guidedDescription","Send BCH, fungible tokens, or NFTs with one guided flow.","通过一个引导流程发送 BCH、同质化代币或 NFT。","translated"
"send.height","Height","高度","translated"
"send.hide","Hide","隐藏","translated"
"send.inputs","Inputs","输入","translated"
"send.inputsUsed","Inputs used","使用的输入","translated"
"send.insufficientFunds","Not enough funds. Check your balance or reduce the amount.","资金不足，请检查余额或减少金额。","translated"
"send.integer","integer","整数","translated"
"send.invalidAddress","Invalid address—double-check for typos or try scanning a QR code.","地址无效，请检查拼写或尝试扫描二维码。","translated"
"send.keepTxid","Keep this txid as your reference and avoid sending it again.","请保留此 txid 作为参考，避免重复发送。","translated"
"send.leaveBlankNft","Leave blank to send the first available NFT in this category.","留空以发送此类别中第一个可用的 NFT。","translated"
"send.loading","Loading…","加载中…","translated"
"send.max","Max","最大值","stable-term"
"send.networkError","Network error. Check your connection and try again.","网络错误，请检查连接后重试。","translated"
"send.nft","NFT","NFT","stable-term"
"send.nftCategory","NFT category","NFT 类别","translated"
"send.nftCommitment","NFT commitment","NFT 承诺值","translated"
"send.nfts","NFTs","NFT","stable-term"
"send.noInputs","No inputs selected yet (run Review).","尚未选择输入（请执行检查）。","translated"
"send.noOutputs","No outputs yet (run Review).","尚无输出（请执行检查）。","translated"
"send.noTxBuilt","(no tx built yet)","（尚未构建交易）","translated"
"send.openAirdrops","Open Airdrops","打开空投","translated"
"send.optionalHexCommitment","Optional hex commitment…","可选十六进制承诺值…","translated"
"send.outpoint","Outpoint","Outpoint","stable-term"
"send.outputsCreated","Outputs created","创建的输出","translated"
"send.pending","Pending","待处理","translated"
"send.quantumrootApproval","approval key to Quantum Lock","发送到量子锁的批准密钥","translated"
"send.quantumrootHint","Review the recipient and token category, then tap Review to build the transaction.","检查收款人和代币类别，然后点击检查以构建交易。","translated"
"send.quantumrootNftHint","If there are multiple NFT entries, choose the one that matches the approval key.","如果有多个 NFT 条目，请选择与批准密钥匹配的条目。","translated"
"send.quantumrootPrefilled","Prefilled to send the {label}","已预填，可发送{label}","translated"
"send.quantumrootReceive","matching receive coin to the vault receive address","发送到保险库接收地址的匹配接收币","translated"
"send.quantumrootShortcut","Quantumroot shortcut","Quantumroot 快捷方式","translated"
"send.rawTransaction","Raw transaction","原始交易","translated"
"send.recipient","Recipient","收款人","translated"
"send.recipientAmountLoaded","Recipient and amount loaded from QR.","已从二维码加载收款人和金额。","translated"
"send.recipientLoaded","Recipient loaded from QR.","已从二维码加载收款人。","translated"
"send.releaseToSend","Release to send","松开以发送","translated"
"send.reset","Reset","重置","translated"
"send.review","Review","检查","translated"
"send.reviewTitle","Review Transaction","检查交易","translated"
"send.sats","Sats","Sats","stable-term"
"send.scanQr","Scan QR","扫描二维码","translated"
"send.selectCategory","Select category…","选择类别…","translated"
"send.selectedInputs","Selected inputs","已选择的输入","translated"
"send.send","Send","发送","translated"
"send.sending","Sending…","发送中…","translated"
"send.sent","Transaction sent","交易已发送","translated"
"send.show","Show","显示","translated"
"send.slideToConfirm","Slide to confirm","滑动确认","translated"
"send.submitted","Transaction submitted","交易已提交","translated"
"send.summary","Summary","摘要","translated"
"send.switchToBch","Switch amount input to BCH","将金额输入切换为 BCH","translated"
"send.switchToUsd","Switch amount input to USD","将金额输入切换为 USD","translated"
"send.technicalDetails","Technical details","技术详情","translated"
"send.title","Simple Send","简单发送","translated"
"send.to","To","收款人","translated"
"send.token","Token","代币","stable-term"
"send.tokenAmount","Token amount","代币金额","translated"
"send.tokenCategory","Token category","代币类别","translated"
"send.tokenChange","Token change","代币找零","translated"
"send.tokenInputs","Token inputs","代币输入","translated"
"send.tokenLabel","Token","代币","stable-term"
"send.totalBch","Total (BCH)","总计（BCH）","stable-term"
"send.transactionSize","Transaction size","交易大小","translated"
"send.transferMode","Transfer mode","转账模式","translated"
"send.type","Type","类型","stable-term"
"send.unconfirmedInputs","Unconfirmed inputs","未确认输入","translated"
"send.usdUnavailable","USD conversion is unavailable right now.","当前无法进行 USD 换算。","translated"
"send.verifyRecipient","QR scanned. Verify recipient before sending.","已扫描二维码。发送前请确认收款人。","translated"
"send.verifySlide","Verify details and slide to send.","确认详情后滑动发送。","translated"
"send.waitingSync","Waiting for sync","等待同步","translated"
"send.waitPrevious","Wait for your previous outgoing transaction to sync first","请等待上一笔转出交易完成同步","translated"
"server.active","● active","● 活动","translated"
"server.add","Add","添加","translated"
"server.addDesktopPlaceholder","Add server — Fulcrum host:50002, or a node host:8333","添加服务器 — Fulcrum 主机:50002，或节点主机:8333","translated"
"server.addMobilePlaceholder","Add WSS server — host:50004","添加 WSS 服务器 — 主机:50004","translated"
"server.addressUrlPlaceholder","Address URL, e.g. https://example.com/address/{address}","地址 URL，例如 https://example.com/address/{address}","translated"
"server.auto","Auto","自动","translated"
"server.autoBackend","Auto — server pool, with failover","自动 — 服务器池，支持故障转移","translated"
"server.automatic","Automatic","自动","translated"
"server.backend","Backend","后端","stable-term"
"server.blockExplorer","Block explorer","区块浏览器","translated"
"server.connect","Connect","连接","translated"
"server.connected","Connected.","已连接。","translated"
"server.connectedServer","Connected server","已连接的服务器","translated"
"server.connecting","Connecting…","连接中…","translated"
"server.connectionFailed","Connection failed","连接失败","translated"
"server.connectTitle","Connect to this server","连接到此服务器","translated"
"server.custom","Custom…","自定义…","translated"
"server.customFee","Custom","自定义","translated"
"server.defaultPortHint","Default port: 50004 (WSS). Use wss:// prefix to force WSS, or ws:// for unencrypted.","默认端口：50004（WSS）。使用 wss:// 前缀强制 WSS，或使用 ws:// 进行未加密连接。","translated"
"server.explorerDescription","Used for “open in explorer” links on transactions.","用于交易中的“在浏览器中打开”链接。","translated"
"server.feeDescription","Fee rate for new transactions. Automatic uses the network minimum (~1 sat/byte, Electron Cash default).","新交易的费率。自动模式使用网络最低费率（约 1 sat/字节，Electron Cash 默认值）。","translated"
"server.feeUnit","sat/byte — applies to your next transaction","sat/字节 — 应用于下一笔交易","translated"
"server.invalidHost","Enter a valid host:port (e.g. 192.168.0.129:50002).","请输入有效的主机:端口（例如 192.168.0.129:50002）。","translated"
"server.manual","Manual","手动","stable-term"
"server.node","Node","节点","stable-term"
"server.notConnected","Not connected","未连接","translated"
"server.onlyBackend","Only this backend is used — pinning a node means Electrum servers aren't consulted.","仅使用此后端；固定节点后不会查询 Electrum 服务器。","translated"
"server.placeholderHelp","Use {txid} and {address} as placeholders.","使用 {txid} 和 {address} 作为占位符。","translated"
"server.pool","{network} server pool","{network} 服务器池","translated"
"server.rawNodeMobileError","Raw BCH node connections are only available on desktop. Add an Electrum/Fulcrum WSS server instead.","原始 BCH 节点连接仅在桌面端可用。请改为添加 Electrum/Fulcrum WSS 服务器。","translated"
"server.remove","Remove","移除","translated"
"server.saveCustom","Save custom explorer","保存自定义浏览器","translated"
"server.server","Server","服务器","translated"
"server.serverInputPlaceholder","host, host:50004, or wss://host:50004","主机、host:50004 或 wss://host:50004","translated"
"server.transactionFee","Transaction fee","交易费用","translated"
"server.trustless","trustless","无需信任","translated"
"server.txUrlPlaceholder","Tx URL, e.g. https://example.com/tx/{txid}","交易 URL，例如 https://example.com/tx/{txid}","translated"
"server.useAuto","Use Auto","使用自动模式","translated"
"settings.about","About OPTN","关于 OPTN","translated"
"settings.aboutSupport","About & support","关于与支持","translated"
"settings.aboutSupportDescription","Help, contact, terms, and app information","帮助、联系、条款和应用信息","translated"
"settings.connectionsFeatures","Connections & features","连接与功能","translated"
"settings.connectionsFeaturesDescription","Servers, integrations, privacy features, and advanced tools","服务器、集成、隐私功能和高级工具","translated"
"settings.contact","Contact Us","联系我们","translated"
"settings.language","Language","语言","translated"
"settings.languageDescription","Choose the wallet interface language","选择钱包界面语言","translated"
"settings.network","Network","网络","translated"
"settings.recovery","Recovery Phrase","恢复短语","translated"
"settings.terms","Terms of Use","使用条款","translated"
"settings.walletSecurity","Wallet & security","钱包与安全","translated"
"settings.walletSecurityDescription","Recovery, derivation path, app lock, and wallet controls","恢复、派生路径、应用锁和钱包控制","translated"
"settingsAppLock.autoLockAfter","Auto-lock after","自动锁定时间","translated"
"settingsAppLock.biometricDescription","Use {label} to unlock instead of typing your password.","使用 {label} 解锁，无需输入密码。","translated"
"settingsAppLock.biometricSetupFailed","Biometric setup failed: {message}","生物识别设置失败：{message}","translated"
"settingsAppLock.biometricUnlock","Biometric unlock","生物识别解锁","translated"
"settingsAppLock.cancel","Cancel","取消","translated"
"settingsAppLock.changePassword","Change Password","修改密码","translated"
"settingsAppLock.confirm","Confirm","确认","translated"
"settingsAppLock.confirmNewPassword","Confirm new password","确认新密码","translated"
"settingsAppLock.currentPassword","Current password","当前密码","translated"
"settingsAppLock.currentPasswordIncorrect","Current password is incorrect.","当前密码不正确。","translated"
"settingsAppLock.disabled","Disabled","已禁用","translated"
"settingsAppLock.enabled","Enabled","已启用","translated"
"settingsAppLock.enabling","Enabling…","启用中…","translated"
"settingsAppLock.encryption","Encryption","加密","translated"
"settingsAppLock.encryptionDescription","Your wallet is encrypted with a password-derived key (PBKDF2 · 600k iterations · AES-256-GCM). The key is never stored — it is derived in memory each time you unlock.","钱包使用密码派生密钥加密（PBKDF2 · 600k 次迭代 · AES-256-GCM）。密钥不会被保存，每次解锁时都会在内存中派生。","translated"
"settingsAppLock.lockNow","Lock Now","立即锁定","translated"
"settingsAppLock.minute","1 minute","1 分钟","stable-term"
"settingsAppLock.minutes","{count} minutes","{count} 分钟","stable-term"
"settingsAppLock.never","Never","从不","translated"
"settingsAppLock.newPassword","New password","新密码","translated"
"settingsAppLock.noWalletOpen","No wallet is open.","没有打开的钱包。","translated"
"settingsAppLock.passwordChanged","Password changed successfully.","密码修改成功。","translated"
"settingsAppLock.passwordChangeFailed","Password change failed. Please try again.","密码修改失败，请重试。","translated"
"settingsAppLock.passwordMismatch","New passwords do not match.","新密码不匹配。","translated"
"settingsAppLock.updating","Updating…","更新中…","translated"
"settingsDerivation.activePath","Active BIP44 account path","当前 BIP44 账户路径","translated"
"settingsDerivation.alreadyActive","This derivation path is already active.","此派生路径已经处于活动状态。","translated"
"settingsDerivation.changeResync","Change and resync","更改并同步","translated"
"settingsDerivation.completed","Derivation path changed and wallet resync completed.","派生路径已更改，钱包同步已完成。","translated"
"settingsDerivation.confirm","Changing the derivation path clears the current address, history, and UTXO records. The wallet will then regenerate and resync only the new path. Continue?","更改派生路径会清除当前地址、历史记录和 UTXO。钱包随后只会重新生成并同步新路径。是否继续？","translated"
"settingsDerivation.currentMode","Current mode: {mode}.","当前模式：{mode}。","translated"
"settingsDerivation.custom","custom","自定义","translated"
"settingsDerivation.description","OPTN supports one active BIP44 account path at a time. Reconfiguring it removes the old derived records and performs a fresh receive/change discovery and resync.","OPTN 同时支持一条活动的 BIP44 账户路径。重新配置会移除旧的派生记录，并重新发现和同步收款/找零地址。","translated"
"settingsDerivation.failed","Wallet reconfiguration failed.","钱包重新配置失败。","translated"
"settingsDerivation.invalidPath","Invalid derivation path.","派生路径无效。","translated"
"settingsDerivation.networkDefault","network default","网络默认值","translated"
"settingsDerivation.reconfiguring","Reconfiguring…","重新配置中…","translated"
"settingsDerivation.useDefault","Use network default","使用网络默认值","translated"
"settingsNetwork.active","Active","当前","translated"
"settingsNetwork.chipnet","Chipnet","Chipnet","stable-term"
"settingsNetwork.chipnetDescription","BCH testnet for upcoming CHIPs — test funds only","BCH 测试网 — 仅限测试资金","translated"
"settingsNetwork.comingSoon","Coming soon","即将推出","translated"
"settingsNetwork.description","Switching networks clears the active network records, derives the network path, and resynchronizes receive/change addresses. Custom paths are preserved across network changes.","切换网络会清除当前网络记录、派生网络路径，并重新同步收款和找零地址。自定义路径会在网络切换后保留。","translated"
"settingsNetwork.mainnet","Mainnet","主网","stable-term"
"settingsNetwork.mainnetDescription","Live BCH network — real funds","真实 BCH 网络 — 真实资金","translated"
"settingsNetwork.regtest","Regtest","Regtest","stable-term"
"settingsNetwork.reload","Reload and resync current wallet","重新加载并同步当前钱包","translated"
"settingsNetwork.reloading","Reloading wallet…","正在重新加载钱包…","translated"
"settingsNetwork.switching","Switching…","切换中…","translated"
"settingsNetwork.testnet3","Testnet3","Testnet3","stable-term"
"settingsNetwork.testnet4","Testnet4","Testnet4","stable-term"
"settingsPanels.addons","Addons","插件","translated"
"settingsPanels.appLock","App Lock","应用锁","translated"
"settingsPanels.cashfusion","CashFusion","CashFusion","stable-term"
"settingsPanels.console","Console","控制台","stable-term"
"settingsPanels.contract","Contract Info","合约信息","translated"
"settingsPanels.derivation","Derivation Path","派生路径","translated"
"settingsPanels.experimental","Experimental Features","实验性功能","translated"
"settingsPanels.faucet","Chipnet Faucet","Chipnet 水龙头","stable-term"
"settingsPanels.nostr","Nostr & Chat","Nostr 与聊天","translated"
"settingsPanels.server","Server","服务器","stable-term"
"settingsPanels.walletConnect","WalletConnect","WalletConnect","stable-term"
"settingsPanels.wizardConnect","WizardConnect","WizardConnect","stable-term"
"settingsRows.about","About OPTN","关于 OPTN","translated"
"settingsRows.aboutDescription","Version info","版本信息","translated"
"settingsRows.addons","Addons","插件","translated"
"settingsRows.addonsDescription","Install and manage third-party addons","安装和管理第三方插件","translated"
"settingsRows.appLock","App Lock","应用锁","translated"
"settingsRows.appLockDescription","Auto-lock · Change password","自动锁定 · 更改密码","translated"
"settingsRows.console","Console","控制台","stable-term"
"settingsRows.consoleDescription","App log · Electrum RPC","应用日志 · Electrum RPC","translated"
"settingsRows.contact","Contact Us","联系我们","translated"
"settingsRows.contactDescription","Get help and support","获取帮助和支持","translated"
"settingsRows.contractInfo","Contract Info","合约信息","translated"
"settingsRows.contractInfoDescription","View contract details","查看合约详情","translated"
"settingsRows.derivation","Derivation Path","派生路径","translated"
"settingsRows.derivationDescription","Customize and resync the active BIP44 path","自定义并重新同步当前 BIP44 路径","translated"
"settingsRows.experimental","Experimental Features","实验性功能","translated"
"settingsRows.experimentalDescription","RPA · CashFusion","RPA · CashFusion","stable-term"
"settingsRows.faucet","Chipnet Faucet","Chipnet 水龙头","stable-term"
"settingsRows.faucetDescription","Get test BCH on Chipnet","在 Chipnet 获取测试 BCH","translated"
"settingsRows.language","Language","语言","translated"
"settingsRows.languageDescription","Choose the wallet interface language","选择钱包界面语言","translated"
"settingsRows.network","Network","网络","translated"
"settingsRows.networkDescription","Switch between Mainnet and Chipnet","在主网和 Chipnet 之间切换","translated"
"settingsRows.nostr","Nostr & Chat","Nostr 与聊天","translated"
"settingsRows.nostrDescription","Private messages · Identity · Relay pool","私信 · 身份 · 中继池","translated"
"settingsRows.pendingOutbox","Pending Tx Locks","待处理交易锁","translated"
"settingsRows.pendingOutboxDescription","Review outgoing transaction locks","查看转出交易锁","translated"
"settingsRows.recovery","Recovery Phrase","恢复短语","translated"
"settingsRows.recoveryDescription","Back up your wallet","备份钱包","translated"
"settingsRows.server","Servers","服务器","translated"
"settingsRows.serverDescription","Electrum · Block explorer · Transaction fees","Electrum · 区块浏览器 · 交易费用","translated"
"settingsRows.terms","Terms of Use","使用条款","translated"
"settingsRows.termsDescription","Read our terms","阅读使用条款","translated"
"settingsRows.walletConnect","WalletConnect","WalletConnect","stable-term"
"settingsRows.walletConnectDescription","Manage dApp connections","管理 dApp 连接","translated"
"settingsRows.wizardConnect","WizardConnect","WizardConnect","stable-term"
"settingsRows.wizardConnectDescription","Connect to token wizards","连接代币向导","translated"
"terms.acceptance","1. Acceptance of Terms","1. 接受条款","translated"
"terms.acceptanceText","By accessing and using the OPTN Wallet App (“the App”), you agree to comply with and be bound by these Terms of Use. If you do not agree, please do not use the App.","访问和使用 OPTN Wallet（“本应用”）即表示你同意遵守这些使用条款。如果不同意，请不要使用本应用。","translated"
"terms.deviceSecurity","Ensuring the security of your device and the App.","确保设备和应用的安全。","translated"
"terms.modifications","6. Modifications","6. 修改","stable-term"
"terms.modificationsText","The developers may modify, suspend, or discontinue the App without prior notice and may update these Terms. You are responsible for reviewing them periodically.","开发者可以随时修改、暂停或停止本应用，恕不另行通知，也可以更新这些条款。你有责任定期查看。","translated"
"terms.noLiability","4. No Liability","4. 免责","translated"
"terms.noLiabilityText","The developers assume no liability for loss, damage, or unauthorized access arising from use of the App, including cryptocurrency loss, data breaches, or device malfunctions. You use the App at your own risk.","开发者不对因使用本应用造成的损失、损害或未经授权的访问负责，包括加密货币损失、数据泄露或设备故障。使用本应用的风险由你自行承担。","translated"
"terms.noWarranty","5. No Warranty","5. 无担保","translated"
"terms.noWarrantyText","The App is provided “as is” without express or implied warranties. The developers do not guarantee reliability, accuracy, completeness, error-free operation, or uninterrupted service.","本应用按“现状”提供，不作任何明示或暗示的担保。开发者不保证可靠性、准确性、完整性、无错误运行或服务不中断。","translated"
"terms.purpose","2. Purpose","2. 用途","translated"
"terms.purposeText","The OPTN Wallet App lets users securely store, send, and receive cryptocurrency. You are responsible for the security of your private keys and assets.","OPTN Wallet 允许用户安全地存储、发送和接收加密货币。你有责任确保私钥和资产安全。","translated"
"terms.responsibilities","3. User Responsibilities","3. 用户责任","translated"
"terms.responsibilitiesIntro","The OPTN Wallet App handles real cryptocurrency. You are solely responsible for:","OPTN Wallet 处理真实的加密货币。你对以下事项负全部责任：","translated"
"terms.responsibilitiesText","The development team is not responsible for loss of assets or unauthorized access resulting from failure to follow these practices.","因未遵循这些做法而造成的资产损失或未经授权的访问，开发团队不承担责任。","translated"
"terms.safeguard","Safeguarding your private keys and recovery phrases.","保护私钥和恢复短语。","translated"
"terms.verify","Verifying transaction details before confirming any actions.","在确认任何操作前核对交易详情。","translated"
"token.activeMinting","Active Minting","活跃铸造","translated"
"token.authHead","Auth Head","授权头","translated"
"token.bcmr","BCMR","BCMR","stable-term"
"token.bcmrUnavailable","BCMR metadata unavailable","BCMR 元数据不可用","translated"
"token.category","Category","类别","translated"
"token.chainStatsError","Unable to load token chain statistics right now.","当前无法加载代币链上统计信息。","translated"
"token.decimals","Decimals","小数位","translated"
"token.id","Token ID","代币 ID","translated"
"token.loading","Loading token data…","正在加载代币数据…","translated"
"token.no","No","否","translated"
"token.symbol","Symbol","符号","translated"
"token.totalNfts","Total NFTs","NFT 总数","translated"
"token.totalSupply","Total Supply","总供应量","translated"
"token.unavailable","Unavailable","不可用","translated"
"token.yes","Yes","是","translated"
"tor.appRunsOwn","The app runs its own Tor — no Tor Browser needed","应用运行自带的 Tor，无需 Tor Browser","translated"
"tor.autoDetect","Auto-detect (9050 / 9150)","自动检测（9050 / 9150）","translated"
"tor.bootstrapping","Bootstrapping Tor… {percent}%","正在引导 Tor… {percent}%","translated"
"tor.check","Check Tor","检查 Tor","translated"
"tor.checking","Checking…","检查中…","translated"
"tor.desktopOnly","Desktop only","仅桌面端","translated"
"tor.disable","Disable","禁用","translated"
"tor.enable","Enable","启用","translated"
"tor.externalOption","Or use a Tor you run yourself:","或者使用你自己运行的 Tor：","translated"
"tor.foundOnPort","Tor found on port {port} ✓","在端口 {port} 找到 Tor ✓","translated"
"tor.integrated","Integrated Tor","集成 Tor","translated"
"tor.manualPort","Manual port","手动端口","translated"
"tor.noExternal","No external Tor found. Either press “Start integrated Tor” above (recommended), or start Tor Browser (9150) / a system Tor daemon (9050) and press “Check Tor”. Without Tor, remote CashFusion is blocked.","未找到外部 Tor。请点击上面的“启动集成 Tor”（推荐），或启动 Tor Browser（9150）/系统 Tor 守护进程（9050）后点击“检查 Tor”。没有 Tor 时，远程 CashFusion 将被阻止。","translated"
"tor.noProxy","No Tor proxy running ✗","没有运行中的 Tor 代理 ✗","translated"
"tor.remoteRequired","Required for remote CashFusion servers","远程 CashFusion 服务器需要此功能","translated"
"tor.runningOn","Running on port {port} ✓","运行于端口 {port} ✓","translated"
"tor.starting","Starting…","启动中…","translated"
"tor.startIntegrated","Start integrated Tor","启动集成 Tor","translated"
"tor.stop","Stop","停止","translated"
"tor.title","Tor","Tor","stable-term"
"tor.usingManual","Using manual port {port}","使用手动端口 {port}","translated"
"txDetails.bch","BCH","BCH","stable-term"
"txDetails.index","Index","索引","stable-term"
"txDetails.locktime","Locktime","锁定时间","translated"
"txDetails.txid","TXID","TXID","stable-term"
"txDetails.version","Version","版本","stable-term"
"txSummary.bch","BCH","BCH","stable-term"
"txSummary.bchInput","bch input","BCH 输入","translated"
"txSummary.bytes","bytes","字节","stable-term"
"txSummary.fee","Fee","费用","translated"
"txSummary.feeRate","Fee rate","费率","translated"
"txSummary.inputs","Inputs","输入","translated"
"txSummary.outputs","Outputs","输出","translated"
"txSummary.sats","sats","sats","stable-term"
"txSummary.token","token","代币","stable-term"
"txSummary.tokenInput","token input","代币输入","translated"
"txSummary.txSize","Tx size","交易大小","translated"
"utxo.amount","Amount","数量","translated"
"utxo.bitcoinCash","Bitcoin Cash","Bitcoin Cash","stable-term"
"utxo.ft","FT","FT","stable-term"
"utxo.height","Height","高度","translated"
"utxo.loading","Loading UTXOs…","正在加载 UTXO…","translated"
"utxo.name","Name","名称","translated"
"utxo.nft","NFT","NFT","stable-term"
"utxo.none","No UTXOs to display.","没有可显示的 UTXO。","translated"
"utxo.pos","Pos","位置","translated"
"utxo.tokens","tokens","代币","stable-term"
"utxo.txHash","Tx Hash","交易哈希","translated"
"walkthrough.label","Walkthrough","操作指南","translated"
"watchOnly.accountXpub","Account xPub","账户 xPub","translated"
"watchOnly.back","Back to wallets","返回钱包","translated"
"watchOnly.change","Change #{index}","找零 #{index}","translated"
"watchOnly.chipnet","Chipnet","Chipnet","stable-term"
"watchOnly.comingNext","Coming next","即将推出","translated"
"watchOnly.description","Inspect public BCH addresses without importing any private keys.","无需导入私钥即可查看公开 BCH 地址。","translated"
"watchOnly.mainnet","Mainnet","主网","stable-term"
"watchOnly.multipleCosigners","Multiple cosigners","多个共同签名者","translated"
"watchOnly.multisign","Multisign","多重签名","translated"
"watchOnly.network","Network","网络","translated"
"watchOnly.pathNote","Confirm that SeedCash exported this account at m/44'/145'/account'. A standalone BIP32 xPub cannot prove its parent purpose or coin path.","请确认 SeedCash 将此账户导出为 m/44'/145'/account'。独立的 BIP32 xPub 无法证明其父级用途或币种路径。","translated"
"watchOnly.previewPublic","Preview public addresses","预览公开地址","translated"
"watchOnly.previewTitle","Public address preview","公开地址预览","translated"
"watchOnly.receive","Receive #{index}","接收 #{index}","translated"
"watchOnly.scanCamera","Scan (camera)","扫描（相机）","translated"
"watchOnly.standard","Standard","标准","stable-term"
"watchOnly.title","Watch-Only Wallet Preview","观察钱包预览","translated"
"watchOnly.type","Watch-only wallet type","观察钱包类型","translated"
"watchOnly.uploadQr","Upload QR","上传 QR","translated"
"watchOnly.warning","Public preview only: this screen does not save a watch-only wallet or create, sign, import, or broadcast PSBT transactions yet.","仅公开预览：此页面目前不会保存观察钱包，也不会创建、签名、导入或广播 PSBT 交易。","translated"
"watchOnly.xpubPlaceholder","Paste the xPub exported by SeedCash","粘贴 SeedCash 导出的 xPub","translated"
"wc.activeSessions","Active WalletConnect Sessions","活动的 WalletConnect 会话","translated"
"wc.address","Address","地址","translated"
"wc.approvalFailedBody","Failed to approve the session request from {name}.","无法批准来自 {name} 的会话请求。","translated"
"wc.approvalFailedTitle","WalletConnect approval failed","WalletConnect 批准失败","translated"
"wc.approve","Approve","批准","translated"
"wc.approvedBody","Connected to {name}.","已连接到 {name}。","translated"
"wc.approvedTitle","WalletConnect session approved","WalletConnect 会话已批准","translated"
"wc.approveSession","Approve Session","批准会话","translated"
"wc.broadcast","Broadcast","广播","translated"
"wc.broadcastLocked","Another outgoing transaction is still syncing. To avoid duplicates while you are offline, this wallet will only broadcast one unresolved transaction at a time.","另一笔转出交易仍在同步。为避免离线时重复发送，钱包一次只会广播一笔未解决的交易。","translated"
"wc.cancel","Cancel","取消","translated"
"wc.close","Close","关闭","translated"
"wc.connect","Connect","连接","translated"
"wc.connectionUri","Connection URI","连接 URI","translated"
"wc.dappName","DApp Name","DApp 名称","translated"
"wc.disconnect","Disconnect","断开连接","translated"
"wc.disconnectsOn","Disconnects On","断开时间","translated"
"wc.domain","Domain","域名","translated"
"wc.enterUri","Enter WalletConnect URI","输入 WalletConnect URI","translated"
"wc.estimatedFee","Estimated Fee","预计费用","translated"
"wc.fungibleAmount","Fungible Amount","同质化代币数量","translated"
"wc.index","Index","索引","stable-term"
"wc.inputs","Inputs ({count})","输入（{count}）","translated"
"wc.invalidLockingBytecode","Invalid locking bytecode","无效的锁定字节码","translated"
"wc.invalidQr","Not a valid WalletConnect URI.","不是有效的 WalletConnect URI。","translated"
"wc.messageApprovedBody","Approved the WalletConnect message request.","已批准 WalletConnect 消息请求。","translated"
"wc.messageFailedBody","Failed to sign WalletConnect message request.","无法签名 WalletConnect 消息请求。","translated"
"wc.messageFailedTitle","WalletConnect message failed","WalletConnect 消息失败","translated"
"wc.messageRejectedBody","Rejected the WalletConnect message request.","已拒绝 WalletConnect 消息请求。","translated"
"wc.messageRejectedTitle","WalletConnect message rejected","WalletConnect 消息已拒绝","translated"
"wc.messageRejectFailedBody","Failed to reject WalletConnect message request.","无法拒绝 WalletConnect 消息请求。","translated"
"wc.messageSignedBody","Approved request from {name}.","已批准来自 {name} 的请求。","translated"
"wc.messageSignedTitle","WalletConnect message signed","WalletConnect 消息已签名","translated"
"wc.messageToSign","Message to Sign","待签名消息","translated"
"wc.nftCapability","NFT Capability","NFT 能力","translated"
"wc.nftCommitment","NFT Commitment","NFT 承诺值","translated"
"wc.no","No","否","translated"
"wc.noActiveSessions","No active WalletConnect sessions yet.","暂无活动的 WalletConnect 会话。","translated"
"wc.noQr","No QR code detected. Try again.","未检测到二维码，请重试。","translated"
"wc.noSessions","No active sessions.","没有活动会话。","translated"
"wc.opReturnOutput","OP_RETURN Output","OP_RETURN 输出","translated"
"wc.outputs","Outputs ({count})","输出（{count}）","translated"
"wc.pairingStarted","WalletConnect pairing started.","WalletConnect 配对已开始。","translated"
"wc.pairingSuccessful","WalletConnect pairing successful via QR.","通过二维码成功完成 WalletConnect 配对。","translated"
"wc.prompt","Prompt","提示","translated"
"wc.reject","Reject","拒绝","translated"
"wc.rejectedBody","Rejected the session request from {name}.","已拒绝来自 {name} 的会话请求。","translated"
"wc.rejectedTitle","WalletConnect session rejected","WalletConnect 会话已拒绝","translated"
"wc.rejectionFailedBody","Failed to reject the session request from {name}.","无法拒绝来自 {name} 的会话请求。","translated"
"wc.rejectionFailedTitle","WalletConnect rejection failed","WalletConnect 拒绝失败","translated"
"wc.rejectionSentBody","Sent the rejection response to the dApp.","已将拒绝响应发送给 DApp。","translated"
"wc.rejectionStaleBody","The dApp disconnected before the rejection response could be delivered.","DApp 在拒绝响应送达前断开了连接。","translated"
"wc.requestExpiredBody","The dApp request expired before it could be completed.","dApp 请求在完成前已过期。","translated"
"wc.requestExpiredTitle","WalletConnect request expired","WalletConnect 请求已过期","translated"
"wc.scanFailed","WalletConnect scan failed.","WalletConnect 扫描失败。","translated"
"wc.scanQr","Scan QR","扫描二维码","translated"
"wc.sessionDisconnectedBody","A WalletConnect session was disconnected remotely.","WalletConnect 会话已被远程断开。","translated"
"wc.sessionDisconnectedFrom","Disconnected from {name}.","已与 {name} 断开连接。","translated"
"wc.sessionDisconnectedTitle","WalletConnect session disconnected","WalletConnect 会话已断开","translated"
"wc.sessionRequestExpiredBody","The WalletConnect session request timed out before approval.","WalletConnect 会话请求在批准前已超时。","translated"
"wc.sessionRequestExpiredTitle","WalletConnect session request expired","WalletConnect 会话请求已过期","translated"
"wc.sessionRequestFrom","Session request from {name}.","来自 {name} 的会话请求。","translated"
"wc.sessionRequestGeneric","A dApp requested a WalletConnect session.","某个 dApp 请求建立 WalletConnect 会话。","translated"
"wc.sessionRequestTitle","WalletConnect session request","WalletConnect 会话请求","translated"
"wc.settings","Settings","设置","translated"
"wc.sign","Sign","签名","translated"
"wc.signMessageRequest","Sign Message Request","签名消息请求","translated"
"wc.signTransactionRequest","Sign Transaction Request","签名交易请求","translated"
"wc.tokenCategory","Token Category","代币类别","translated"
"wc.totalInput","Total Input","输入总额","translated"
"wc.totalOutput","Total Output","输出总额","translated"
"wc.transactionApprovedTitle","WalletConnect transaction approved","WalletConnect 交易已批准","translated"
"wc.transactionFailedBody","Failed to sign WalletConnect transaction request: {message}","无法签名 WalletConnect 交易请求：{message}","translated"
"wc.transactionFailedTitle","WalletConnect transaction failed","WalletConnect 交易失败","translated"
"wc.transactionRejectedTitle","WalletConnect transaction rejected","WalletConnect 交易已拒绝","translated"
"wc.transactionRejectionFailedBody","Failed to reject WalletConnect transaction request: {message}","无法拒绝 WalletConnect 交易请求：{message}","translated"
"wc.transactionResponseSentBody","Sent the WalletConnect transaction response.","已发送 WalletConnect 交易响应。","translated"
"wc.transactionSentBody","Sent the transaction response to {name}.","已将交易响应发送给 {name}。","translated"
"wc.transactionStaleBody","The dApp disconnected before the transaction response could be delivered.","DApp 在交易响应送达前断开了连接。","translated"
"wc.txid","TXID","TXID","stable-term"
"wc.unknownDapp","Unknown dApp","未知 DApp","translated"
"wc.unsupportedTransaction","This request uses an unsupported transaction representation in the current OPTN Wallet integration.","此请求使用了当前 OPTN Wallet 集成不支持的交易表示形式。","translated"
"wc.validUri","Please provide a valid WalletConnect URI.","请输入有效的 WalletConnect URI。","translated"
"wc.waitingForSync","Waiting for sync","等待同步","translated"
"wc.waitPrevious","Wait for the previous outgoing transaction to sync first","请等待上一笔转出交易完成同步","translated"
"wc.working","Working…","处理中…","translated"
"wc.yes","Yes","是","translated"
"wizard.activeSessions","Active WizardConnect Sessions","活动的 WizardConnect 会话","translated"
"wizard.address","Address","地址","translated"
"wizard.approve","Approve WizardConnect","批准 WizardConnect","translated"
"wizard.approved","WizardConnect transaction approved and sent.","WizardConnect 交易已批准并发送。","translated"
"wizard.approveFailed","WizardConnect transaction failed: {message}","WizardConnect 交易失败：{message}","translated"
"wizard.broadcast","Broadcast","广播","translated"
"wizard.cancel","Cancel","取消","translated"
"wizard.close","Close","关闭","translated"
"wizard.connect","Connect","连接","translated"
"wizard.connectedOn","Connected On","连接时间","translated"
"wizard.connecting","Connecting…","连接中…","translated"
"wizard.connectionUri","Connection URI","连接 URI","translated"
"wizard.connectQuestion","Connect this wallet to the following WizardConnect request?","要将此钱包连接到以下 WizardConnect 请求吗？","translated"
"wizard.dapp","DApp","DApp","stable-term"
"wizard.disconnect","Disconnect","断开连接","translated"
"wizard.enterUri","Enter WizardConnect URI","输入 WizardConnect URI","translated"
"wizard.errorPrefix","Error: {message}","错误：{message}","translated"
"wizard.estimatedFee","Estimated Fee","预计费用","translated"
"wizard.fungibleAmount","Fungible Amount","同质化代币数量","translated"
"wizard.index","Index","索引","stable-term"
"wizard.invalidQr","Not a valid WizardConnect QR code.","不是有效的 WizardConnect 二维码。","translated"
"wizard.no","No","否","translated"
"wizard.noActiveSessions","No active WizardConnect sessions yet.","暂无活动的 WizardConnect 会话。","translated"
"wizard.noQr","No QR code detected. Try again.","未检测到二维码，请重试。","translated"
"wizard.noWallet","No active wallet is available for WizardConnect.","没有可用于 WizardConnect 的活动钱包。","translated"
"wizard.opReturnOutput","OP_RETURN Output","OP_RETURN 输出","translated"
"wizard.pairingStarted","WizardConnect pairing started.","WizardConnect 配对已开始。","translated"
"wizard.prompt","Prompt","提示","translated"
"wizard.rejected","WizardConnect transaction rejected.","WizardConnect 交易已拒绝。","translated"
"wizard.rejectFailed","WizardConnect rejection failed: {message}","WizardConnect 拒绝失败：{message}","translated"
"wizard.scanFailed","WizardConnect scan failed.","WizardConnect 扫描失败。","translated"
"wizard.sessionDisconnectedOrExpired","A WizardConnect session disconnected or expired on the dApp side.","WizardConnect 会话已在 dApp 端断开或过期。","translated"
"wizard.settings","Settings","设置","translated"
"wizard.sign","Sign","签名","translated"
"wizard.signRequest","WizardConnect Sign Request","WizardConnect 签名请求","translated"
"wizard.status","Status","状态","stable-term"
"wizard.tokenCategory","Token Category","代币类别","translated"
"wizard.totalInput","Total Input","输入总额","translated"
"wizard.totalOutput","Total Output","输出总额","translated"
"wizard.txid","TXID","TXID","stable-term"
"wizard.unknownDapp","Unknown dApp","未知 DApp","translated"
"wizard.unsupportedTransaction","This request uses an unsupported transaction representation in the current OPTN Wallet integration.","此请求使用了当前 OPTN Wallet 集成不支持的交易表示形式。","translated"
"wizard.validUri","Please provide a valid WizardConnect URI.","请输入有效的 WizardConnect URI。","translated"
"wizard.yes","Yes","是","translated"
