"key","English (en)","Chinese (Traditional) (zh-TW)","Status"
"about.building","Building and Sending Transactions","建立與傳送交易","translated"
"about.buildingText","Construct transactions with custom covenant conditions such as time locks, multisignature requirements, or allowlisted addresses.","使用時間鎖、多重簽署要求或允許清單地址等自訂 covenant 條件建立交易。","translated"
"about.cashscriptExamples","CashScript Covenant Examples","CashScript Covenant 範例","translated"
"about.cashscriptGuide","CashScript - Writing Covenants & Introspection","CashScript — 撰寫 Covenant 與 introspection","translated"
"about.cointelegraph","Cointelegraph - What are Bitcoin covenants, and how do they work?","Cointelegraph — Bitcoin covenant 是什麼，如何運作？","translated"
"about.community","Community Feedback","社群回饋","translated"
"about.communityText","Built with input from beta testers and real user needs.","根據 beta 測試者意見與真實使用者需求打造。","translated"
"about.creating","Creating and Importing Wallets","建立與匯入錢包","translated"
"about.creatingText","Create new wallets or import existing ones using standard formats compatible with other Bitcoin wallets.","使用與其他 Bitcoin 錢包相容的標準格式建立新錢包或匯入現有錢包。","translated"
"about.feedback","Feedback and Support","回饋與支援","translated"
"about.feedbackText","Your feedback helps us improve OPTN Wallet. For suggestions, issues, or support, contact us at","您的回饋有助於我們改進 OPTN Wallet。如有建議、問題或需要支援，請聯絡我們：","translated"
"about.flexibility","Flexibility","彈性","translated"
"about.flexibilityText","Tailor your wallet experience with custom transaction conditions.","使用自訂交易條件調整錢包體驗。","translated"
"about.intended","Intended Use","預定用途","translated"
"about.intendedText","OPTN is ready to help you manage digital assets with advanced covenant features, whether you are handling personal funds or exploring Bitcoin covenants.","無論您管理個人資金或探索 Bitcoin covenant，OPTN 都能以進階 covenant 功能協助管理數位資產。","translated"
"about.intuitive","Intuitive Design","直覺設計","translated"
"about.intuitiveText","A user-friendly interface that makes asset management approachable for beginners.","友善介面讓初學者也能輕鬆管理資產。","translated"
"about.keyFeatures","Key Features","主要功能","translated"
"about.learn","Learn More About Bitcoin Covenants","深入了解 Bitcoin covenant","translated"
"about.learnText","Explore these resources to deepen your understanding of Bitcoin covenants:","探索以下資源以深入了解 Bitcoin covenant：","translated"
"about.overview","Overview","概覽","translated"
"about.overviewText","The OPTN Wallet App gives you direct control and security over your digital assets. Bitcoin covenants let you set custom rules for how funds can be spent, so your wallet can match your preferences.","OPTN Wallet 應用程式讓您直接控制並保護數位資產。Bitcoin covenant 可自訂資金支出的規則，讓錢包符合您的偏好。","translated"
"about.security","Security","安全性","translated"
"about.securityText","Bitcoin covenant features help protect assets from unauthorized transactions.","Bitcoin covenant 功能有助於保護資產免於未授權交易。","translated"
"about.unmatched","Unmatched Security","無與倫比的安全性","translated"
"about.unmatchedText","Define exactly how funds can be spent with Bitcoin covenants.","使用 Bitcoin covenant 精確定義資金可如何支出。","translated"
"about.viewing","Viewing Covenants","檢視 Covenant","translated"
"about.viewingText","Review the rules that govern transactions so you can understand how your funds are protected.","檢查控制交易的規則，了解資金如何受到保護。","translated"
"about.why","Why Choose OPTN Wallet?","為什麼選擇 OPTN Wallet？","translated"
"about.wiki","Bitcoin Covenants Wiki","Bitcoin Covenant Wiki","translated"
"actions.advanced","Advanced","進階","translated"
"actions.advancedActions","Advanced Actions","進階操作","translated"
"actions.basic","Basic","基本","translated"
"actions.basicActions","Basic Actions","基本操作","translated"
"actions.cashTokens","CashTokens","CashTokens","stable-term"
"actions.cashTokensDescription","Manage token families","管理代幣系列","translated"
"actions.commonWalletTasks","Common wallet tasks","常用錢包任務","translated"
"actions.contracts","Contracts","合約","translated"
"actions.contractsDescription","Manage contract instances","管理合約執行個體","translated"
"actions.deeperTools","Deeper tools and workflows","進階工具與工作流程","translated"
"actions.newAddress","New Address","新地址","translated"
"actions.newAddressDescription","Generate a new address","產生新地址","translated"
"actions.quantumroot","Quantumroot","Quantumroot","stable-term"
"actions.quantumrootBadge","Beta production","Beta production","needs-review"
"actions.quantumrootDescription","Quantum-ready vaults","為量子時代準備的金庫","translated"
"actions.receive","Receive","接收","translated"
"actions.receiveDescription","Receive BCH or CashTokens","接收 BCH 或 CashTokens","translated"
"actions.scanQr","Scan QR","掃描 QR","translated"
"actions.scanQrDescription","Sweep paper wallets","掃描紙錢包","translated"
"actions.send","Send","傳送","translated"
"actions.sendDescription","Send BCH or CashTokens","傳送 BCH 或 CashTokens","translated"
"actions.subtitle","Simple wallet actions for everyday use","適合日常使用的簡易錢包操作","translated"
"actions.taskMode","Task mode","任務模式","translated"
"actions.taskModeDescription","Basic tasks first, advanced tools one step deeper","先處理基本任務，進階工具位於下一層","translated"
"actions.title","Actions","操作","stable-term"
"actions.transactionBuilder","Transaction Builder","交易建構器","translated"
"actions.transactionBuilderDescription","Build custom transactions","建立自訂交易","translated"
"actions.walletConnect","WalletConnect","WalletConnect","stable-term"
"actions.walletConnectDescription","Manage dApp sessions","管理 dApp 工作階段","translated"
"actions.wizardConnect","WizardConnect","WizardConnect","stable-term"
"actions.wizardConnectDescription","XPub-key-enabled dApp sessions","支援 XPub 金鑰的 dApp 工作階段","translated"
"addons.description","Addons run in a sandboxed frame with no access to your wallet's keys or memory — they can only do what the permissions you approve allow.","附加元件在沙盒框架中執行，無法存取錢包金鑰或記憶體，只能執行您核准的權限允許的操作。","translated"
"addons.desktopOnly","Installing addons from a folder is only available on desktop.","僅限在桌面從資料夾安裝附加元件。","translated"
"addons.installed","Installed addons","已安裝的附加元件","translated"
"addons.installedStatus","Installed “{name}”. Restart the app to load it.","已安裝「{name}」。重新啟動應用程式以載入。","translated"
"addons.installFolder","Install from folder…","從資料夾安裝…","translated"
"addons.installing","Installing…","安裝中…","translated"
"addons.none","No addons installed.","尚未安裝附加元件。","translated"
"addons.uninstall","Uninstall","解除安裝","translated"
"addons.uninstalledStatus","Uninstalled. Restart the app for it to fully disappear.","已解除安裝。重新啟動應用程式以完全移除。","translated"
"app.back","Back","返回","translated"
"app.close","Close","關閉","translated"
"app.confirmLogout","Confirm Logout","確認登出","translated"
"app.confirmLogoutDescription","Confirm logout to remove this wallet from the device.","確認登出以從裝置移除此錢包。","translated"
"app.help","Help","說明","translated"
"app.language","Language","語言","translated"
"app.languageDescription","Choose the wallet interface language","選擇錢包介面語言","translated"
"app.logOut","Log Out","登出","translated"
"app.quickAccess","Quick access","快速存取","translated"
"app.settings","Settings","設定","translated"
"app.toggleTheme","Toggle theme","切換主題","translated"
"appLock.cancel","Cancel","取消","translated"
"appLock.checking","Checking…","檢查中…","translated"
"appLock.confirm","Confirm","確認","translated"
"appLock.confirmPassword","Confirm password","確認密碼","translated"
"appLock.incorrect","Incorrect passphrase. Try again.","片語不正確，請再試一次。","translated"
"appLock.password","Password","密碼","translated"
"appLock.revealBackup","Enter your password to reveal the backup phrase.","輸入密碼以顯示備份片語。","translated"
"appLock.verificationFailed","Verification failed. Please try again.","驗證失敗，請再試一次。","translated"
"apps.addonLoadFailed","Addon failed to load","附加元件載入失敗","translated"
"apps.advanced","Advanced","進階","translated"
"apps.all","All","全部","translated"
"apps.allowCapabilities","Allow {name} capabilities?","允許 {name} 使用這些權限嗎？","translated"
"apps.allowOnce","Allow once","允許一次","translated"
"apps.allowSensitiveAction","Allow sensitive action?","允許敏感操作？","translated"
"apps.alwaysAllow","Always allow","一律允許","translated"
"apps.appDefinition","App definition","應用程式定義","translated"
"apps.approveCapabilities","Approve required capabilities to continue.","核准必要權限以繼續。","translated"
"apps.back","Back","返回","translated"
"apps.browse","Browse apps","瀏覽應用程式","translated"
"apps.browseSubtitle","Wallet first, then tokens, utils, and advanced platforms","先看錢包，再看代幣、工具與進階平台","translated"
"apps.capabilitiesMessage","This addon app is requesting wallet capabilities before launch.","此附加元件應用程式在啟動前請求錢包權限。","translated"
"apps.capability","Capability:","權限：","translated"
"apps.capability.addOutputs","Construct transaction outputs","建立交易輸出","translated"
"apps.capability.addressUtxosRead","Read UTXOs for wallet addresses","讀取錢包地址的 UTXO","translated"
"apps.capability.addressUtxosRefresh","Refresh and store UTXOs for wallet addresses","更新並儲存錢包地址的 UTXO","translated"
"apps.capability.broadcastTransactions","Broadcast transactions","廣播交易","translated"
"apps.capability.buildTransactions","Build transactions","建立交易","translated"
"apps.capability.fetchJson","Fetch JSON over HTTP","透過 HTTP 取得 JSON","translated"
"apps.capability.signatureTemplates","Create signature templates","建立簽章範本","translated"
"apps.capability.signMessages","Sign messages with wallet keys","使用錢包金鑰簽署訊息","translated"
"apps.capability.tokenHoldersRead","Read TokenIndex holder lists","讀取 TokenIndex 持有人清單","translated"
"apps.capability.tokenMetadataRead","Read CashToken metadata","讀取 CashToken 中繼資料","translated"
"apps.capability.walletAddressesRead","Read wallet addresses","讀取錢包地址","translated"
"apps.capability.walletContextRead","Read wallet context","讀取錢包內容","translated"
"apps.capability.walletUtxosRead","Read wallet UTXOs","讀取錢包 UTXO","translated"
"apps.capabilityRequested","{name} requested: {capability}.","{name} 請求：{capability}。","translated"
"apps.cashFusionDescription","Private CoinJoin — server or P2P over Nostr + Tor","私人 CoinJoin — 伺服器或透過 Nostr + Tor 的 P2P","translated"
"apps.chatDescription","Private end-to-end encrypted Nostr messaging","私人端對端加密 Nostr 訊息","translated"
"apps.comingSoon","Coming soon","即將推出","translated"
"apps.contractsDescription","Browse artifacts and manage deployed instances","瀏覽 artifact 並管理已部署的執行個體","translated"
"apps.deny","Deny","拒絕","translated"
"apps.empty","No apps in this category.","此類別沒有應用程式。","translated"
"apps.expectedScreen","Expected config.screen (or app.id) to map to a built-in app implementation.","預期 config.screen（或 app.id）對應到內建應用程式實作。","translated"
"apps.failedToLoad","Failed to load app","應用程式載入失敗","translated"
"apps.goToLanding","Go to Landing","前往首頁","translated"
"apps.loadFailed","Failed to load addon apps","載入附加元件應用程式失敗","translated"
"apps.loadingAddon","Loading addon…","正在載入附加元件…","translated"
"apps.loadingApp","Loading app…","正在載入應用程式…","translated"
"apps.noWallet","No wallet selected","未選取錢包","translated"
"apps.permissionDenied","Permission denied. App launch was blocked.","權限遭拒。應用程式啟動已封鎖。","translated"
"apps.quantumrootDescription","Receive and recovery tools for advanced vaults","進階保管庫的接收與復原工具","translated"
"apps.resolvedScreenId","Resolved screen ID","解析後的畫面 ID","translated"
"apps.subtitle","Extend your wallet with tools","使用工具擴充錢包","translated"
"apps.title","Apps","應用程式","translated"
"apps.token","Token","代幣","stable-term"
"apps.unsupportedAppKind","Unsupported app kind:","不支援的應用程式類型：","translated"
"apps.unsupportedDeclarativeApp","Unsupported declarative app:","不支援的宣告式應用程式：","translated"
"apps.utils","Utils","工具","translated"
"apps.waitingPermission","Waiting for app permission","等待應用程式權限","translated"
"apps.wallet","Wallet","錢包","stable-term"
"assets.advancedVaultDescription","Receive and recovery tools for advanced vaults","進階保管庫的接收與復原工具","translated"
"assets.advancedVaultWorkspace","Advanced vault workspace","進階保管庫工作區","translated"
"assets.bitcoinCash","Bitcoin Cash","Bitcoin Cash","stable-term"
"assets.cashTokenHoldings","CashToken holdings","CashToken 持有量","translated"
"assets.cashTokens","CashTokens","CashTokens","stable-term"
"assets.categories","categories","類別","translated"
"assets.chipnet","Chipnet","Chipnet","stable-term"
"assets.fungible","fungible","同質化","translated"
"assets.fungibleHoldings","Fungible token holdings","同質化代幣持有量","translated"
"assets.mintingNfts","Minting NFTs","鑄造 NFT","translated"
"assets.mintingNftsDescription","Authority to mint additional NFTs in this category","可在此類別中鑄造其他 NFT 的權限","translated"
"assets.mintTokens","Mint Tokens","鑄造代幣","translated"
"assets.mutableNfts","Mutable NFTs","可變更 NFT","translated"
"assets.mutableNftsDescription","Commitment may be changed by the holder","持有者可以變更承諾","translated"
"assets.nfts","NFTs","NFT","stable-term"
"assets.noFungibleTokens","No fungible CashTokens found.","找不到同質化 CashToken。","translated"
"assets.noNfts","No NFTs found.","找不到 NFT。","translated"
"assets.nonFungibleHoldings","Non-fungible holdings","非同質化資產","translated"
"assets.openVaults","Open vaults","開啟保管庫","translated"
"assets.plainNfts","Plain NFTs","一般 NFT","translated"
"assets.plainNftsDescription","Fixed commitment; cannot be changed or used to mint","固定承諾；無法變更或用於鑄造","translated"
"assets.primaryBalance","Primary wallet balance","主要錢包餘額","translated"
"assets.quantumroot","Quantumroot","Quantumroot","stable-term"
"assets.quickInventory","Quick view of your wallet inventory","快速檢視錢包資產","translated"
"assets.tabBch","BCH","BCH","stable-term"
"assets.tabNfts","NFTs","NFT","stable-term"
"assets.tabTokens","Tokens","代幣","stable-term"
"assets.title","Assets","資產","translated"
"assets.toggleBalance","Toggle BCH and USD balance","切換 BCH 和 USD 餘額","translated"
"assets.units","units","單位","translated"
"assets.usdPriceUnavailable","USD price unavailable","USD 價格無法使用","translated"
"assets.usdUnavailable","USD unavailable","USD 無法使用","translated"
"assets.vaultWorkspace","Vault workspace","保管庫工作區","translated"
"bip37.addressesWithCoins","address(es) with coins","個有 coin 的地址","translated"
"bip37.blocks","blocks","區塊","stable-term"
"bip37.fromNode","BCH from the node ✓","來自節點的 BCH ✓","translated"
"bip37.height","height","高度","translated"
"bip37.inUse","● in use","● 使用中","translated"
"bip37.node","Node","節點","stable-term"
"bip37.notServes","Does not serve BIP37 ✗ (bloom filtering off)","不提供 BIP37 ✗（Bloom 篩選已關閉）","translated"
"bip37.probe","Probe","探測","translated"
"bip37.probing","Probing…","探測中…","translated"
"bip37.protocol","protocol","協定","translated"
"bip37.remove","Remove","移除","translated"
"bip37.scanned","scanned","已掃描","translated"
"bip37.serves","Serves BIP37 ✓","提供 BIP37 ✓","translated"
"bip37.sync","Sync","同步","translated"
"bip37.syncing","Syncing…","同步中…","translated"
"bip37.syncingDetails","Syncing headers + scanning blocks via the node…","正在透過節點同步標頭並掃描區塊…","translated"
"bip37.use","Use","使用","translated"
"bip37.useBalanceTitle","Derive this wallet's balance directly from the node (trustless SPV)","直接從節點導出錢包餘額（無需信任的 SPV）","translated"
"bip37.useNodeTitle","Use ONLY this node for wallet data (trustless; Electrum servers are not consulted)","僅使用此節點取得錢包資料（無需信任；不會查詢 Electrum 伺服器）","translated"
"bip37.verified","Verified trustlessly: every matched tx proven by its block's merkle proof.","已驗證且無需信任：每筆相符交易都由區塊的 Merkle proof 證明。","translated"
"bip37.watching","watching","監看中","translated"
"builder.addFirstRecipient","Add your first recipient","新增第一位收款人","translated"
"builder.addOpReturnOutput","Add OP_RETURN Output","Add OP_RETURN Output","needs-review"
"builder.addOutput","Add Output","新增輸出","translated"
"builder.addRecipient","Add recipient","新增收款人","translated"
"builder.addRecipients","Add recipients","新增收款人","translated"
"builder.addRecipientsDescription","Add BCH recipients, token transfers, collectibles, or an optional message output.","新增 BCH 收款人、代幣轉帳、收藏品或選用的訊息輸出。","translated"
"builder.address","Address","Address","needs-review"
"builder.amount","Amount","Amount","needs-review"
"builder.amountToSend","Amount to send","傳送金額","translated"
"builder.attachMessage","Attach message","附加訊息","translated"
"builder.back","Back","返回","translated"
"builder.bchAddress","BCH address","BCH 地址","translated"
"builder.bchAmountSats","BCH amount (sats)","BCH amount (sats)","needs-review"
"builder.bchFunds","BCH funds","BCH funds","needs-review"
"builder.broadcastedSuccess","Your transaction was broadcast successfully!","交易已成功廣播！","translated"
"builder.buildTransaction","Build Transaction","建立交易","translated"
"builder.buildTx","Build TX","Build TX","needs-review"
"builder.capability","Capability","Capability","needs-review"
"builder.category","Category","Category","needs-review"
"builder.chooseSource","Choose a source","選擇來源","translated"
"builder.chooseSourceDescription","Pick wallet addresses for normal sends, or contracts for script spends.","一般傳送請選擇錢包地址；腳本花費請選擇合約。","translated"
"builder.chooseSourceHelp","Choose source","選擇來源","translated"
"builder.close","Close","關閉","translated"
"builder.collectibleAmount","Collectible amount","Collectible amount","needs-review"
"builder.commitment","Commitment","Commitment","needs-review"
"builder.configureCollectible","Configure collectible","Configure collectible","needs-review"
"builder.confirmAndSend","Confirm and Send Transaction","確認並傳送交易","translated"
"builder.confirmTransaction","Confirm Transaction","確認交易","translated"
"builder.contract","Contract","Contract","needs-review"
"builder.contractAddress","Contract address","合約地址","translated"
"builder.contractAssets","Contract assets","Contract assets","needs-review"
"builder.contractFunction","Contract Function","Contract Function","needs-review"
"builder.contractFunds","Contract funds","Contract funds","needs-review"
"builder.contracts","Contracts","合約","translated"
"builder.contractSourceCount","{count} contract source(s)","{count} contract source(s)","needs-review"
"builder.contractSourcePlural","{count} contract sources","{count} contract sources","needs-review"
"builder.contractSources","Contract sources","合約來源","translated"
"builder.contractSourceSingular","{count} contract source","{count} contract source","needs-review"
"builder.copyToClipboard","Copy to clipboard","複製到剪貼簿","translated"
"builder.createCollectible","Create collectible","建立收藏品","translated"
"builder.createToken","Create token","建立代幣","translated"
"builder.customSend","Custom Send","自訂傳送","translated"
"builder.decodeFailed","Unable to decode transaction. Showing raw hex:","無法解碼交易。顯示原始十六進位資料：","translated"
"builder.dragToConfirm","Drag to Confirm","拖曳以確認","translated"
"builder.enterTokenAmount","Enter amount (max {amount})","Enter amount (max {amount})","needs-review"
"builder.estimatedNetworkFee","Estimated network fee","預估網路費用","translated"
"builder.feeReserve","Leaving a {count} sat fee reserve.","保留 {count} sat 的費用。","translated"
"builder.flow","Flow","流程","translated"
"builder.flowDescription","Pick a source, choose funds, add recipients, then preview the final transaction before sending.","選擇來源、挑選資金、加入收款人，然後在傳送前預覽最終交易。","translated"
"builder.fundsSelected","Funds selected","已選擇資金","translated"
"builder.fungibleAmount","Fungible Amount","Fungible Amount","needs-review"
"builder.fungibleTokens","Fungible Tokens","Fungible Tokens","needs-review"
"builder.genesisCollectible","Genesis input for this collectible","Genesis input for this collectible","needs-review"
"builder.genesisInput","Genesis input for this token","Genesis input for this token","needs-review"
"builder.help","Help","說明","translated"
"builder.howWorks","How this works","運作方式","translated"
"builder.inputs","Inputs","Inputs","needs-review"
"builder.leftoverBchPlaceholder","Wallet address for leftover BCH","接收剩餘 BCH 的錢包地址","translated"
"builder.max","Max","最大值","translated"
"builder.maxSpendable","Set to maximum spendable (leaves 2000 sats for fees)","設定為可花費上限（為費用保留 2000 sats）","translated"
"builder.missingUnlocker","Missing unlocker!","缺少 unlocker！","translated"
"builder.next","Next","下一步","translated"
"builder.nftCapability","NFT Capability","NFT Capability","needs-review"
"builder.nftCommitment","NFT Commitment","NFT Commitment","needs-review"
"builder.noContractAddresses","No contract addresses available.","沒有可用的合約地址。","translated"
"builder.noFundsSelected","No funds selected yet.","尚未選擇資金。","translated"
"builder.none","None","None","needs-review"
"builder.nonFungibleTokens","Non-Fungible Tokens","Non-Fungible Tokens","needs-review"
"builder.noOutputs","No outputs added yet.","尚未新增輸出。","translated"
"builder.noQrCode","No QR code detected. Please try again.","No QR code detected. Please try again.","needs-review"
"builder.noSpendableBalance","No spendable balance after fee reserve","預留費用後沒有可花費餘額","translated"
"builder.noUtxosSelected","No UTXOs selected.","尚未選擇 UTXO。","translated"
"builder.noWalletAddresses","No wallet addresses available.","沒有可用的錢包地址。","translated"
"builder.opReturnData","OP_RETURN Data","OP_RETURN Data","needs-review"
"builder.opReturnEmpty","OP_RETURN data cannot be empty.","OP_RETURN data cannot be empty.","needs-review"
"builder.opReturnOutput","OP_RETURN Output","OP_RETURN Output","needs-review"
"builder.opReturnPlaceholder","Enter space-separated ASCII words","Enter space-separated ASCII words","needs-review"
"builder.outputs","Outputs","Outputs","needs-review"
"builder.paperWallet","Paper Wallet","Paper Wallet","needs-review"
"builder.paperWalletUtxos","Paper Wallet UTXOs","Paper Wallet UTXOs","needs-review"
"builder.pickFunds","Pick funds","挑選資金","translated"
"builder.pickFundsDescription","Select the BCH, tokens, or collectibles that will fund this transaction.","選擇為此交易提供資金的 BCH、代幣或收藏品。","translated"
"builder.rawTransactionDetails","Raw Transaction Details","原始交易詳細資料","translated"
"builder.ready","Ready","準備就緒","translated"
"builder.recipient","{count} recipient","{count} recipient","needs-review"
"builder.recipientAddress","Recipient Address","收款人地址","translated"
"builder.recipientCount","{count} recipients","{count} recipients","needs-review"
"builder.recipients","Recipients","收款人","translated"
"builder.recipientsAdded","Recipients added","已新增收款人","translated"
"builder.remove","Remove","移除","translated"
"builder.removeAllRecipients","Remove all recipients","移除所有收款人","translated"
"builder.returnLeftover","Return leftover funds to","將剩餘資金退回","translated"
"builder.reviewAndSend","Review and send","檢查並傳送","translated"
"builder.reviewAndSendDescription","Preview first, then send only when the summary looks right.","先預覽，確認摘要正確後再傳送。","translated"
"builder.reviewFunds","Review funds","檢查資金","translated"
"builder.reviewRecipients","Review recipients","檢查收款人","translated"
"builder.scanQrCode","Scan QR Code","掃描 QR 碼","translated"
"builder.selectedFunds","Selected funds","已選擇資金","translated"
"builder.selectedItem","{count} selected item","{count} selected item","needs-review"
"builder.selectedItems","{count} selected items","{count} selected items","needs-review"
"builder.selectGenesisInput","Select genesis input","Select genesis input","needs-review"
"builder.selectSource","Select a source to continue.","選擇來源以繼續。","translated"
"builder.sendBch","Send BCH","傳送 BCH","translated"
"builder.sendTx","Send TX","Send TX","needs-review"
"builder.sendWarning","You are about to send a transaction. Please confirm that all details are correct. This action cannot be undone.","您即將傳送交易。請確認所有詳細資料正確。此操作無法復原。","translated"
"builder.sourcesChosen","Sources chosen","已選擇來源","translated"
"builder.step","Step {number}","步驟 {number}","translated"
"builder.token","Token","Token","needs-review"
"builder.tokenAddress","Token address","代幣地址","translated"
"builder.tokenAmount","Token Amount","Token Amount","needs-review"
"builder.tokenCategory","Token Category","Token Category","needs-review"
"builder.tokenCategoryLabel","Token Category","Token Category","needs-review"
"builder.tokensCollectibles","Tokens & collectibles","Tokens & collectibles","needs-review"
"builder.transactionError","Transaction Error","交易錯誤","translated"
"builder.transactionSubmitted","Transaction Submitted","交易已提交","translated"
"builder.transactionSubmittedDescription","Your transaction has been submitted. Use this txid as the reference and avoid sending it again.","您的交易已提交。請使用此 txid 作為參考，避免再次傳送。","translated"
"builder.transactionSuccessful","Transaction Successful","交易成功","translated"
"builder.transferMinimum","Transfer amount must be at least {count}.","Transfer amount must be at least {count}.","needs-review"
"builder.tryAgain","Try Again","再試一次","translated"
"builder.txHash","Tx Hash","Tx Hash","needs-review"
"builder.txId","TX ID","TX ID","needs-review"
"builder.viewExplorer","View on Explorer","在 Explorer 中檢視","translated"
"builder.wallet","Wallet","Wallet","needs-review"
"builder.walletAssets","Wallet assets","Wallet assets","needs-review"
"builder.walletFunds","Wallet funds","錢包資金","translated"
"builder.walletSourceCount","{count} wallet source(s)","{count} wallet source(s)","needs-review"
"builder.walletSourcePlural","{count} wallet sources","{count} wallet sources","needs-review"
"builder.walletSources","Wallet sources","錢包來源","translated"
"builder.walletSourceSingular","{count} wallet source","{count} wallet source","needs-review"
"builder.warning","⚠️ Warning","⚠️ 警告","translated"
"camera.cancel","Cancel","取消","translated"
"camera.scan","Scan QR with camera","使用相機掃描 QR","translated"
"camera.unavailable","Camera unavailable: {error}. Use Upload instead.","相機無法使用：{error}。請改用上傳。","translated"
"cauldron.active","active","作用中","translated"
"cauldron.description","Detected from the active wallet receive/change/DeFi address set through the Cauldron indexer.","由 Cauldron 索引器從目前錢包的接收、找零與 DeFi 地址集合中偵測。","translated"
"cauldron.positions","Cauldron positions","Cauldron 部位","translated"
"cauldron.tokenCategories","token categories","代幣類別","translated"
"chat.back","Back to conversations","返回對話","translated"
"chat.choosePhoto","Choose photo","選擇照片","translated"
"chat.copyNpub","Copy npub","複製 npub","translated"
"chat.displayName","Display name","顯示名稱","translated"
"chat.emptyDescription","Pick a conversation, or tap + to message someone by their npub. Messages are end-to-end encrypted over Nostr.","選擇對話，或點選 + 以透過 npub 傳訊息給某人。訊息會透過 Nostr 端對端加密。","translated"
"chat.encrypted","End-to-end encrypted","端對端加密","translated"
"chat.messagePlaceholder","Message…","訊息…","stable-term"
"chat.newChat","New chat","新聊天","translated"
"chat.newConversation","New conversation","新對話","translated"
"chat.noConversations","No conversations yet. Tap + to start one.","尚無對話。點選 + 開始對話。","translated"
"chat.noMessages","No messages yet. Say hi — messages are end-to-end encrypted.","尚無訊息。打個招呼吧，訊息已端對端加密。","translated"
"chat.open","Open","開啟","translated"
"chat.privateConversations","Your private conversations","您的私人對話","translated"
"chat.privateMessaging","Private Nostr messaging","Nostr 私人訊息","translated"
"chat.profile","Profile","個人檔案","translated"
"chat.profilePublished","Profile published ✓","個人檔案已發布 ✓","translated"
"chat.publishProfile","Publish profile","發布個人檔案","translated"
"chat.recipient","Recipient npub…","收款人 npub…","translated"
"chat.searchConversations","Search conversations","搜尋對話","translated"
"chat.send","Send","傳送","translated"
"chat.setup","Nostr setup","Nostr 設定","translated"
"chat.title","Chat","聊天","translated"
"chat.youPrefix","You: ","您：","translated"
"chat.yourNpub","Your npub","您的 npub","translated"
"confirm.action","Confirm action","確認操作","translated"
"confirm.cancel","Cancel","取消","translated"
"confirm.ok","OK","確定","stable-term"
"console.appLog","App Log","應用程式記錄","translated"
"console.clear","Clear","清除","translated"
"console.noEntries","No log entries yet.","尚無記錄項目。","translated"
"console.placeholder","method [params…]","method [params…]","stable-term"
"console.rpc","Electrum RPC","Electrum RPC","stable-term"
"console.send","Send","傳送","translated"
"console.sending","…","…","stable-term"
"console.typeHint","Type: method param1 param2 — e.g. server.version or blockchain.headers.subscribe","輸入：方法 參數1 參數2 — 例如 server.version 或 blockchain.headers.subscribe","translated"
"contract.arbiter","Arbiter: A trusted party who authorizes release of funds.","仲裁者：授權釋放資金的可信任一方。","translated"
"contract.available","Available Contracts","可用合約","translated"
"contract.bip38","BIP38 (Password-Protected Private Keys)","BIP38（受密碼保護的私鑰）","translated"
"contract.bip38Desc","The BIP38 contract secures private keys with a password. Its UTXOs require both the correct password and a valid signature.","BIP38 合約使用密碼保護私鑰。其 UTXO 需要正確密碼與有效簽章。","translated"
"contract.bip38Spending","Spending Requirements: Provide a valid owner signature and a data signature verifying the password.","花費條件：提供有效的擁有者簽章，以及驗證密碼的資料簽章。","translated"
"contract.bip38UseCase","Use Case: Ideal for protecting private keys against theft or unauthorized access, especially for long-term storage.","用途：適合防止私鑰被竊或未經授權存取，尤其適合長期儲存。","translated"
"contract.enhancedTrust","Enhanced Trust: Useful for transactions requiring multiple trusted parties.","增強信任：適合需要多個可信任方的交易。","translated"
"contract.escrow","Escrow","Escrow","stable-term"
"contract.escrowDesc","The Escrow contract supports secure transactions between a buyer and seller with a trusted arbiter. Funds are released only with the arbiter’s approval.","Escrow 合約支援買方與賣方透過可信仲裁者進行安全交易。只有仲裁者核准後才會釋放資金。","translated"
"contract.escrowMS2","EscrowMS2 (Multi-Party Escrow)","EscrowMS2（多方託管）","stable-term"
"contract.escrowMS2Desc","EscrowMS2 extends escrow with two arbiters. Funds can be released with one arbiter’s approval or both arbiters’ combined approval.","EscrowMS2 以兩位仲裁者擴充 escrow。資金可由一位仲裁者核准，或由兩位仲裁者共同核准後釋放。","translated"
"contract.escrowMS2Spending","Spending Requirements: One arbiter or both arbiters provide valid signatures, and the full amount goes to the buyer or seller.","花費條件：一位或兩位仲裁者提供有效簽章，全部金額會送往買方或賣方。","translated"
"contract.escrowSecurity","Security: Funds remain locked until the arbiter approves, helping prevent fraud or disputes.","安全性：資金會保持鎖定直到仲裁者核准，有助於防止詐欺或爭議。","translated"
"contract.escrowSpending","Spending Requirements: The arbiter provides a valid signature and the full amount goes to the buyer’s or seller’s public-key-hash address.","花費條件：仲裁者提供有效簽章，全部金額會送往買方或賣方的公鑰雜湊地址。","translated"
"contract.howToUse","How to Use Covenant Contracts","如何使用 covenant 合約","translated"
"contract.howToUseText","Open the Contracts section, choose a contract type, configure its conditions, and deploy it. To spend from contract UTXOs, meet the specific spending requirements above. Detailed instructions and examples are available in the app documentation.","開啟「合約」區段，選擇合約類型、設定條件並部署。若要花費合約 UTXO，請符合上方列出的特定花費條件。詳細說明與範例請參閱應用程式文件。","translated"
"contract.intro","Covenant contracts in the OPTN Wallet are smart contracts that enforce rules for spending digital assets. Each contract locks funds in UTXOs that can only be spent by meeting predefined conditions.","OPTN Wallet 中的 covenant 合約是用來強制執行數位資產花費規則的智慧合約。每個合約都會將資金鎖在 UTXO 中，只有符合預先定義的條件才能花費。","translated"
"contract.msvault","MSVault (Multi-Signature Vault)","MSVault（多重簽章保管庫）","stable-term"
"contract.msvaultDesc","MSVault creates a secure shared or long-term vault requiring multiple signatures and a password. It enforces a minimum balance and time lock.","MSVault 建立需要多重簽章與密碼的共享或長期保管庫，並強制執行最低餘額與時間鎖定。","translated"
"contract.msvaultSpending","Spending Requirements: Provide a valid signature and password-verified data signature while maintaining at least 4000 satoshis, or use a valid signature after the time lock expires.","花費條件：提供有效簽章與經密碼驗證的資料簽章，同時維持至少 4000 satoshis；或在時間鎖定到期後使用有效簽章。","translated"
"contract.msvaultUseCase","Use Case: Suitable for shared ownership or long-term storage with strict access controls.","用途：適合共享所有權或具有嚴格存取控制的長期儲存。","translated"
"contract.multipleArbiters","Multiple Arbiters: Two arbiters can authorize release of funds.","多位仲裁者：兩位仲裁者可以授權釋放資金。","translated"
"contract.multiSignature","Multi-Signature: Requires signatures from multiple authorized parties.","多重簽章：需要多位授權方的簽章。","translated"
"contract.p2pkh","P2PKH (Pay-to-Public-Key-Hash)","P2PKH（Pay-to-Public-Key-Hash）","stable-term"
"contract.p2pkhDesc","P2PKH is a standard Bitcoin script that protects UTXOs by requiring a signature from the owner of a specified public-key hash.","P2PKH 是標準 Bitcoin script，要求指定公鑰雜湊擁有者簽章，以保護 UTXO。","translated"
"contract.p2pkhSecurity","Security: A proven and reliable method for protecting digital assets.","安全性：保護數位資產的成熟可靠方法。","translated"
"contract.p2pkhSpending","Spending Requirements: Provide a valid signature matching the public-key hash in the contract.","花費條件：提供與合約中公鑰雜湊相符的有效簽章。","translated"
"contract.passwordProtection","Password Protection: Encrypts your private key with a user-defined password.","密碼保護：使用使用者設定的密碼加密私鑰。","translated"
"contract.simplicity","Simplicity: Easy to use and compatible with most Bitcoin wallets.","簡單：容易使用，且與大多數 Bitcoin 錢包相容。","translated"
"contract.timeControl","Time-Based Control: Sets a deadline for the recipient to claim funds.","時間控制：設定接收者領取資金的期限。","translated"
"contract.transfer","TransferWithTimeout","TransferWithTimeout","stable-term"
"contract.transferDesc","TransferWithTimeout enables conditional transfers with a deadline. The recipient can claim funds before the timeout; the sender can reclaim them afterward.","TransferWithTimeout 允許附帶期限的條件式轉帳。接收者可在逾時前領取資金；之後寄件者可以取回資金。","translated"
"contract.transferSpending","Spending Requirements: The recipient signs before the timeout; afterward, the sender can reclaim funds with a valid signature.","花費條件：接收者在逾時前簽署；之後寄件者可用有效簽章取回資金。","translated"
"contract.transferUseCase","Use Cases: Useful for subscriptions, conditional payments, or escrow-like scenarios.","用途：適合訂閱、條件式付款或類似託管的情境。","translated"
"contractPopup.back","Back","返回","translated"
"contractPopup.chooseFunction","Select a function","選取函式","translated"
"contractPopup.enterData","Please enter data to generate the message.","請輸入資料以產生訊息。","translated"
"contractPopup.enterMessage","Enter message for {name}","輸入 {name} 的訊息","translated"
"contractPopup.enterValue","Enter {name}","輸入 {name}","translated"
"contractPopup.fetchFailed","Failed to fetch keys.","取得金鑰失敗。","translated"
"contractPopup.generated","Message generated successfully!","訊息產生成功！","translated"
"contractPopup.generateMessage","Generate Message","產生訊息","translated"
"contractPopup.generationFailed","Failed to generate message.","訊息產生失敗。","translated"
"contractPopup.invalidFormat","Invalid {type} format. Please scan a valid QR code.","{type} 格式無效。請掃描有效的 QR。","translated"
"contractPopup.message","Message","訊息","stable-term"
"contractPopup.messageForCheck","message for checkdatasig","checkdatasig 的訊息","translated"
"contractPopup.noKeys","No keys found for address: {address}","找不到地址的金鑰：{address}","translated"
"contractPopup.noQr","No QR code detected. Please try again.","未偵測到 QR 碼。請再試一次。","translated"
"contractPopup.scanFor","Scan QR Code for {name}","掃描 {name} 的 QR","translated"
"contractPopup.select","Select","選取","translated"
"contractPopup.selectAddress","Select Address","選取地址","translated"
"contractPopup.selected","Selected {type}","已選取 {type}","translated"
"contractPopup.title","Select a Function","選取函式","translated"
"contractView.address","Address","地址","translated"
"contractView.addressCopied","Address copied to clipboard!","地址已複製到剪貼簿！","translated"
"contractView.argumentTypeInfo","Argument type info","引數類型資訊","translated"
"contractView.back","Back","返回","translated"
"contractView.balance","Balance","餘額","translated"
"contractView.blockHeight","Current Block Height","目前區塊高度","translated"
"contractView.blockHeightInfo","Blocks increment on an average interval of 10 minutes.","區塊平均每 10 分鐘增加一次。","translated"
"contractView.constructorArgs","Constructor Arguments","建構函式引數","translated"
"contractView.copyFailed","Failed to copy address.","複製地址失敗。","translated"
"contractView.create","Create Contract","建立合約","translated"
"contractView.created","Contract created successfully!","合約已成功建立！","translated"
"contractView.createFailed","Failed to create contract: {message}","建立合約失敗：{message}","translated"
"contractView.createStep","3. Create the contract","3. 建立合約","translated"
"contractView.datasigInfo","Data signature info","資料簽章資訊","translated"
"contractView.delete","Delete","刪除","translated"
"contractView.deleted","Contract deleted successfully!","合約已成功刪除！","translated"
"contractView.deleteFailed","Failed to delete contract.","刪除合約失敗。","translated"
"contractView.deleteFailedFallback","Failed to delete contract.","刪除合約失敗。","translated"
"contractView.enterMessage","Enter message for {name}","輸入給 {name} 的訊息","translated"
"contractView.enterType","Enter a value matching type: {type}.","輸入符合類型的值：{type}。","translated"
"contractView.error","Error","錯誤","translated"
"contractView.errorPrefix","Error: {message}","錯誤：{message}","translated"
"contractView.fillInputs","2. Fill constructor inputs","2. 填寫建構函式輸入","translated"
"contractView.fillRequired","Fill in each required value before creating the contract.","建立合約前請填寫每個必要值。","translated"
"contractView.hashInfo","20-byte hash (hex) of an address/public key. Use “Select Address”.","地址／公鑰的 20 位元組雜湊（十六進位）。使用「選擇地址」。","translated"
"contractView.howWorks","How this works","運作方式","translated"
"contractView.instantiated","Instantiated Contracts","已實例化的合約","translated"
"contractView.loadContractsFailed","Failed to load available contracts.","載入可用合約失敗。","translated"
"contractView.loadDetailsFailed","Failed to load contract details.","載入合約詳細資料失敗。","translated"
"contractView.loadInstancesFailed","Failed to load contract instances.","載入合約實例失敗。","translated"
"contractView.noInputs","This contract template has no constructor inputs.","此合約範本沒有建構函式輸入。","translated"
"contractView.noInstances","No contract instances yet.","尚無合約實例。","translated"
"contractView.noQr","No QR code detected. Please try again.","未偵測到 QR 碼。請再試一次。","translated"
"contractView.pickTemplate","1. Pick a template","1. 選擇範本","translated"
"contractView.privateKeyUnavailable","Private key unavailable for this address.","此地址的私鑰無法使用。","translated"
"contractView.publicKeyInfo","Public key in hex. Use “Select Address” to fill automatically.","十六進位公鑰。使用「選擇地址」自動填入。","translated"
"contractView.scanQr","Scan QR Code for {name}","掃描 {name} 的 QR 碼","translated"
"contractView.selectAddress","Select Address","選擇地址","translated"
"contractView.selectContract","Select a contract","選擇合約","translated"
"contractView.selectData","Please select an address and enter data to sign.","請選擇地址並輸入要簽署的資料。","translated"
"contractView.selected","Selected {type}","已選擇 {type}","translated"
"contractView.signature","Signature","簽章","stable-term"
"contractView.signatureFailed","Failed to generate signature.","產生簽章失敗。","translated"
"contractView.signatureGenerated","Signature generated successfully!","簽章已成功產生！","translated"
"contractView.signingAddress","Signing address","簽署地址","translated"
"contractView.signMessage","Sign Message","簽署訊息","translated"
"contractView.title","Contracts","合約","translated"
"contractView.tokenAddress","Token address","代幣地址","translated"
"contractView.unavailable","Unavailable","無法使用","translated"
"contractView.unknownError","Unknown error","未知錯誤","translated"
"contractView.update","Update","更新","translated"
"contractView.updated","Contract updated successfully!","合約已成功更新！","translated"
"contractView.updateFailed","Failed to update contract.","更新合約失敗。","translated"
"contractView.updateFailedFallback","Failed to update contract.","更新合約失敗。","translated"
"derivation.accountIndex","Account index","帳戶索引","translated"
"derivation.addressDerivation","Address derivation","地址衍生","translated"
"derivation.addressDerivationDescription","BIP44 account path used to derive this wallet.","用來衍生此錢包的 BIP44 帳戶路徑。","translated"
"derivation.bip44AccountIndex","BIP44 account index","BIP44 帳戶索引","translated"
"derivation.bip44CoinType","BIP44 coin type","BIP44 coin 類型","translated"
"derivation.branchDescription","Hardened markers are fixed. Receive and change addresses are derived automatically from the /0/index and /1/index branches.","Hardened 標記固定。接收與找零地址會從 /0/index 與 /1/index 分支自動導出。","translated"
"derivation.coinType","Coin type","Coin 類型","translated"
"derivation.customize","Customize","自訂","translated"
"derivation.invalidActive","The active derivation path is invalid.","作用中的衍生路徑無效。","translated"
"derivation.invalidValues","Invalid BIP44 path values.","BIP44 路徑值無效。","translated"
"derivation.networkDefault","Network default: {value}","網路預設值：{value}","translated"
"derivation.pathDescription","The fixed BIP44 account path used by this wallet.","此錢包使用的固定 BIP44 帳戶路徑。","translated"
"derivation.pathPreview","Path preview","路徑預覽","translated"
"derivation.range","Enter whole numbers from 0 to {max}.","輸入 0 到 {max} 的整數。","translated"
"derivation.required","{field} is required.","{field} 為必填。","translated"
"derivation.usuallyZero","Usually 0","通常為 0","translated"
"derivation.walletNetwork","Wallet network","錢包網路","translated"
"derivation.walletNetworkDescription","Choose whether this wallet connects to live funds on Mainnet or test funds on Chipnet.","選擇此錢包連線至 Mainnet 的真實資金或 Chipnet 的測試資金。","translated"
"desktopMenu.about","About OPTN Wallet","關於 OPTN Wallet","translated"
"desktopMenu.cannotExport","This wallet cannot be exported.","無法匯出此錢包。","translated"
"desktopMenu.exported","Wallet exported.","錢包已匯出。","translated"
"desktopMenu.exportFailed","Could not export the wallet.","無法匯出錢包。","translated"
"desktopMenu.exportWallet","Export Wallet…","匯出錢包…","translated"
"desktopMenu.file","File","檔案","translated"
"desktopMenu.help","Help","說明","translated"
"desktopMenu.history","Transaction History","交易歷史","translated"
"desktopMenu.importNewWallet","Import New Wallet","匯入新錢包","translated"
"desktopMenu.invalidWalletFile","That is not a valid OPTN wallet file.","這不是有效的 OPTN 錢包檔案。","translated"
"desktopMenu.lockWallet","Lock Wallet","鎖定錢包","translated"
"desktopMenu.noSavedWallets","No saved wallets","沒有已儲存的錢包","translated"
"desktopMenu.openWallet","Open Wallet","開啟錢包","translated"
"desktopMenu.openWalletFile","Open Wallet File…","開啟錢包檔案…","translated"
"desktopMenu.quit","Quit","結束","translated"
"desktopMenu.receive","Receive","接收","translated"
"desktopMenu.refreshWallet","Refresh Wallet","重新整理錢包","translated"
"desktopMenu.send","Send","傳送","translated"
"desktopMenu.settings","Settings","設定","translated"
"desktopMenu.toggleTheme","Toggle Theme","切換主題","translated"
"desktopMenu.view","View","檢視","translated"
"desktopMenu.wallet","Wallet","錢包","translated"
"desktopSecurity.authenticating","Authenticating…","驗證中…","translated"
"desktopSecurity.biometricFailed","Biometric unlock failed. Use your password.","生物辨識解鎖失敗。請使用密碼。","translated"
"desktopSecurity.confirmPassword","Confirm password","確認密碼","translated"
"desktopSecurity.continue","Continue","繼續","translated"
"desktopSecurity.enterPassword","Enter your password to unlock.","輸入密碼以解除鎖定。","translated"
"desktopSecurity.forgotPassword","Forgot your password? Remove the wallet and re-import your seed phrase.","忘記密碼？移除錢包後重新匯入復原片語。","translated"
"desktopSecurity.incorrect","Incorrect passphrase. Please try again.","密碼不正確。請再試一次。","translated"
"desktopSecurity.loading","Loading wallet…","正在載入錢包…","translated"
"desktopSecurity.mismatch","Passphrases do not match.","密碼不一致。","translated"
"desktopSecurity.password","Password","密碼","translated"
"desktopSecurity.passwordNeverStored","Your password is never stored — it derives your encryption key locally.","密碼永不儲存 — 加密金鑰會在本機衍生。","translated"
"desktopSecurity.passwordPlaceholder","Password (or leave blank)","密碼（或留白）","translated"
"desktopSecurity.saveFailed","Failed to save passphrase. Please try again.","儲存密碼失敗。請再試一次。","translated"
"desktopSecurity.secureWallet","Secure your wallet","保護您的錢包","translated"
"desktopSecurity.securing","Securing…","保護中…","translated"
"desktopSecurity.setupDescription","Set a password to encrypt your wallet. You'll need it every time you open the app. Leave blank to use OS-account protection only.","設定密碼以加密錢包。每次開啟應用程式都需要此密碼。留白則僅使用作業系統帳戶保護。","translated"
"desktopSecurity.unlock","Unlock","解除鎖定","translated"
"desktopSecurity.unlockFailed","Unlock failed. Please try again.","解鎖失敗。請再試一次。","translated"
"desktopSecurity.unlocking","Unlocking…","解除鎖定中…","translated"
"desktopSecurity.useBiometric","Use {label}","使用 {label}","translated"
"desktopSecurity.walletLocked","Wallet locked","錢包已鎖定","translated"
"desktopWallet.addAnother","Add another wallet","新增另一個錢包","translated"
"desktopWallet.alreadyOpen","That wallet is already open in another window.","此錢包已在另一個視窗中開啟。","translated"
"desktopWallet.backToWallets","Back to wallets","返回錢包","translated"
"desktopWallet.biometricFailed","Biometric unlock failed: {message}","生物辨識解鎖失敗：{message}","translated"
"desktopWallet.biometricUnlock","Biometric unlock","生物辨識解鎖","translated"
"desktopWallet.cancel","Cancel","取消","translated"
"desktopWallet.delete","Delete","刪除","translated"
"desktopWallet.deleteConfirm","Delete “{name}” ({network}, #{id})? Its saved .optn file is kept, so you can re-import it later.","刪除「{name}」（{network}，#{id}）？已儲存的 .optn 檔案會保留，之後可以重新匯入。","translated"
"desktopWallet.deleteLabel","Delete {name}","刪除 {name}","translated"
"desktopWallet.deleting","Deleting…","刪除中…","translated"
"desktopWallet.device","Device","裝置","translated"
"desktopWallet.filePasswordDescription","Enter this wallet file's password.","輸入此錢包檔案的密碼。","translated"
"desktopWallet.hardwareDescription","It will be used automatically to sign sends from software wallets while connected. Standalone hardware-only wallets with their own receive addresses are not supported yet.","連線時會自動用來簽署軟體錢包的傳送。尚不支援具有自己接收地址的純硬體錢包。","translated"
"desktopWallet.hardwareTitle","Connect Hardware Wallet","連線硬體錢包","translated"
"desktopWallet.importFailed","Could not import this wallet file.","無法匯入此錢包檔案。","translated"
"desktopWallet.incorrectFilePassword","Incorrect password for this wallet file.","此錢包檔案的密碼不正確。","translated"
"desktopWallet.open","Open","開啟","translated"
"desktopWallet.openButton","Open","開啟","translated"
"desktopWallet.openFailed","Could not open this wallet. Please try again.","無法開啟此錢包。請再試一次。","translated"
"desktopWallet.openFile","Open “{name}”","開啟「{name}」","translated"
"desktopWallet.opening","Opening…","開啟中…","translated"
"desktopWallet.password","Password","密碼","translated"
"desktopWallet.unlock","Unlock","解鎖","translated"
"desktopWallet.unlocking","Unlocking…","解鎖中…","translated"
"desktopWallet.useBiometric","Use {label}","使用 {label}","translated"
"desktopWallet.walletNumber","Wallet #{id}","錢包 #{id}","stable-term"
"desktopWallet.yourWallets","Your wallets","您的錢包","translated"
"error.somethingWrong","Something went wrong.","發生錯誤。","translated"
"experimental.cashFusionDescription","CashFusion is a non-custodial CoinJoin. Desktop supports P2P (Nostr + Tor) and a classic fusion server. Enable it on the CashFusion card under Servers. The per-wallet master switch defaults off.","CashFusion 是非託管隱私協定，將您的 UTXO 與其他使用者的 UTXO 結合，以打破交易歷史連結。連線至 CashFusion 伺服器即可參與。資金不會承受風險，協定不需要信任。","translated"
"experimental.cashFusionWarning","Desktop only. Open Servers → CashFusion. Not an Experimental toggle.","需要作用中的 CashFusion 伺服器連線。即將推出，目前保留此切換開關。","translated"
"experimental.description","These features are under active development. Enable them to test new capabilities — they may change or be incomplete in future updates.","這些功能正在積極開發中。啟用它們以測試新能力；未來更新可能會變更或尚未完整。","translated"
"experimental.disable","Disable","停用","translated"
"experimental.enable","Enable","啟用","translated"
"experimental.features","Experimental Features","實驗性功能","translated"
"experimental.privacy","Privacy","隱私","translated"
"experimental.quantumDescription","Quantumroot vaults protect funds with a quantum-resistant Schnorr LM-OTS scheme. Enabled by default. Turn off to hide Quantumroot from the wallet if you don't use it.","Quantumroot 保管庫使用抗量子的 Schnorr LM-OTS 方案保護資金。預設啟用。不使用時可關閉以隱藏 Quantumroot。","translated"
"experimental.quantumSafe","Quantum-safe","量子安全","translated"
"experimental.rpaBadge","BCH RPA","BCH RPA","stable-term"
"experimental.rpaDescription","Generates a static paycode (paycode:q...) that you can share publicly. Senders derive a unique one-time address for each payment via ECDH — no notification transaction, no chain bloat. Received stealth funds appear separately as 'Stealth BCH'. Scanning requires a Fulcrum-RPA capable server.","產生可公開分享的靜態 Paycode（paycode:q...）。寄件者透過 ECDH 為每筆付款導出唯一的一次性地址，不需通知交易，也不會增加鏈上負擔。收到的隱密資金會單獨顯示為「隱密 BCH」。掃描需要支援 Fulcrum-RPA 的伺服器。","translated"
"experimental.rpaTitle","Reusable Payment Addresses (RPA)","可重複使用的付款地址（RPA）","translated"
"experimental.rpaWarning","Sending grinds input-0 nSequence and keeps it ≥ 0x80000000 (BIP68). Scanning needs a Fulcrum server with blockchain.rpa.* (for example chipnet.bch.ninja).","傳送至 Paycode 需要簽章 grinding（尚未實作）。接收與掃描可用。","translated"
"faucet.captcha","Answer the captcha question","回答 captcha 問題","translated"
"faucet.clickLink","Click the Chipnet Faucet link","點擊 Chipnet Faucet 連結","translated"
"faucet.copyAddress","Copy a BCH Chipnet address","複製 BCH Chipnet 地址","translated"
"faucet.getCoins","Press ""Get Coins""","按下「Get Coins」","translated"
"faucet.instructions","Instructions","說明","stable-term"
"faucet.name","Chipnet Faucet","Chipnet Faucet","stable-term"
"faucet.pasteAddress","Paste your address","貼上您的地址","translated"
"faucet.selectNetwork","Select ""chipnet"" in the NETWORK box","在 NETWORK 方塊中選取「chipnet」","translated"
"faucet.tooltip","Get Chipnet BCH","取得 Chipnet BCH","translated"
"fusion.addPlaceholder","Add server — host:port (e.g. fusion.example.com:8789)","新增伺服器 — 主機:連接埠（例如 fusion.example.com:8789）","translated"
"fusion.autoTry","Auto — try each until one responds","自動 — 依序嘗試直到伺服器回應","translated"
"fusion.busy","A fusion round is already running for this wallet.","此錢包已有 Fusion 回合正在執行。","translated"
"fusion.choose","Choose how to fuse:","選擇融合方式：","translated"
"fusion.coinjoinAnyNetwork","Both the server path and P2P Fusion run real CoinJoins on any network. Each round verifies your own outputs before signing, so an invalid round fails safely.","伺服器路徑與 P2P Fusion 都能在任何網路上執行真正的 CoinJoin。部分錢包強化項目仍在等待，但每回合都會在簽署前驗證自己的輸出，因此會安全失敗。","translated"
"fusion.coinjoinBoth","Both run a real CoinJoin.","兩者都會執行真正的 CoinJoin。","translated"
"fusion.componentFeeRate","Component fee rate","元件費率","translated"
"fusion.componentsPlayer","Components / player","元件／參與者","translated"
"fusion.connectingTor","Connecting via Tor{port}.","透過 Tor{port} 連線。","translated"
"fusion.cooldown","Waiting for the auto-fusion cooldown.","正在等待自動融合冷卻時間。","translated"
"fusion.disable","Disable","停用","translated"
"fusion.donation","Donation","捐款","translated"
"fusion.enable","Enable","啟用","translated"
"fusion.enabled","CashFusion Enabled","CashFusion 已啟用","translated"
"fusion.enableP2p","Enable P2P Fusion","啟用 P2P Fusion","translated"
"fusion.enableServer","Enable Server Fusion","啟用伺服器 Fusion","translated"
"fusion.excessFeeRange","Excess fee range","額外費用範圍","translated"
"fusion.experimentalPending","Experimental — still pending: {items}.","實驗性功能 — 尚待完成：{items}。","translated"
"fusion.failed","Failed ✗","失敗 ✗","translated"
"fusion.fewServers","CashFusion intentionally has few public servers — a larger anonymity set on fewer servers is better than being spread thin. Add your own or a community server above.","CashFusion 刻意維持少量公開伺服器 — 在較少伺服器上形成更大的匿名集合，比過度分散更好。請在上方新增自己的伺服器或社群伺服器。","translated"
"fusion.fused","Fused ✓ — txid {txid}","已融合 ✓ — txid {txid}","translated"
"fusion.fusing","Fusing…","融合中…","translated"
"fusion.handshakeOk","Handshake OK ✓","交握成功 ✓","translated"
"fusion.handshaking","Handshaking…","交握中…","translated"
"fusion.hide","Hide","隱藏","translated"
"fusion.howWorks","How does it work?","如何運作？","translated"
"fusion.mobileUnsupported","CashFusion needs a raw TCP connection, which a mobile/web browser cannot open. Available in the desktop app.","CashFusion 需要行動／網頁瀏覽器無法開啟的原始 TCP 連線。桌面應用程式可使用。","translated"
"fusion.more","more","更多","translated"
"fusion.noEligibleCoins","No coins are eligible to fuse right now.","目前沒有符合融合條件的硬幣。","translated"
"fusion.now","Fuse Now","立即融合","translated"
"fusion.nowDescription","CoinJoin via the server configured in Servers. Needs Tor + at least 2 players in a tier.","透過「伺服器」中設定的伺服器執行 CoinJoin。需要 Tor，以及同一層級至少 2 位參與者。","translated"
"fusion.openWallet","Open a wallet to run a P2P round.","開啟錢包以執行 P2P 回合。","translated"
"fusion.or","or","或","translated"
"fusion.p2pMode","P2P Fusion","P2P Fusion","stable-term"
"fusion.p2pModeDescription","Serverless — peers over Nostr + Tor. Auto-fuses when on. Turning this on turns Server Fusion off.","無伺服器 — 透過 Nostr + Tor 連線節點。開啟後會自動融合；開啟此項會關閉伺服器 Fusion。","translated"
"fusion.p2pModeLabel","P2P Fusion","P2P Fusion","stable-term"
"fusion.poolTiers","Pool tiers","池層級","translated"
"fusion.privacy","Privacy","隱私","translated"
"fusion.protocolNote","Steps 1–4 run end-to-end on the server path: the wallet joins a pool, exchanges blind signatures, submits over Tor, and broadcasts the assembled CoinJoin. P2P Fusion runs the same round without a server over Nostr and Tor. Your own outputs are verified before signing, so an invalid round fails safely.","步驟 1–4 會在伺服器路徑上完整執行：錢包加入池、交換盲簽章、透過 Tor 提交，並廣播組合後的 CoinJoin。P2P Fusion 透過 Nostr 與 Tor 在沒有伺服器的情況下執行相同回合。部分實驗性的錢包強化項目仍在等待，但簽署前會驗證您自己的輸出，因此無效回合會安全失敗。","translated"
"fusion.queryAuto","Query (Auto)","查詢（自動）","translated"
"fusion.queryServer","Query Server","查詢伺服器","translated"
"fusion.remoteTorRequired","This is a remote server, so Tor is required — but no Tor proxy was found. Start Tor above, or the query will be refused.","這是遠端伺服器，因此需要 Tor — 但找不到 Tor Proxy。請在上方啟動 Tor，否則查詢會被拒絕。","translated"
"fusion.selected","● selected","● 已選取","translated"
"fusion.serverMode","Fuse Now using CashFusion server","使用 CashFusion 伺服器立即融合","translated"
"fusion.serverModeDescription","Fuse via a CashFusion server. Auto-fuses when on.","透過 CashFusion 伺服器融合。開啟後會自動融合。","translated"
"fusion.serverModeLabel","Server Fusion","伺服器 Fusion","translated"
"fusion.serverParameters","Server parameters (live)","伺服器參數（即時）","translated"
"fusion.servers","Fusion servers","Fusion 伺服器","stable-term"
"fusion.step1","1. Pool joining.","1. 加入池。","translated"
"fusion.step1Text","Your wallet announces UTXOs it wants to fuse to the server.","您的錢包會向伺服器公告要融合的 UTXO。","translated"
"fusion.step2","2. Blind signing.","2. 盲簽章。","translated"
"fusion.step2Text","Participants generate blinded output addresses and exchange blind signatures — nobody learns the input-to-output mapping.","參與者產生盲化輸出地址並交換盲簽章 — 沒有人能得知輸入到輸出的對應關係。","translated"
"fusion.step3","3. Covert submission.","3. 隱密提交。","translated"
"fusion.step3Text","Each participant submits the transaction via Tor or direct connection. The server assembles the final transaction.","每位參與者透過 Tor 或直接連線提交交易。伺服器會組合最終交易。","translated"
"fusion.step4","4. Broadcast.","4. 廣播。","translated"
"fusion.step4Text","All participants broadcast the jointly constructed transaction.","所有參與者廣播共同建立的交易。","translated"
"fusion.summary","CashFusion combines UTXOs from many participants into a single transaction, breaking blockchain history links between inputs and outputs. It is non-custodial — your funds never leave your control.","CashFusion 將多位參與者的 UTXO 結合成一筆交易，打破區塊鏈歷史中輸入與輸出之間的連結。這是非託管協定，資金始終由您控制。","translated"
"fusion.syncingCoins","Syncing wallet coins — try again in a moment.","正在同步錢包硬幣 — 請稍後再試。","translated"
"fusion.tiers","Tiers","層級","translated"
"fusion.torOff","Tor is off. Remote fusion queries will be refused — enable Tor above, or use a localhost server.","Tor 已關閉。遠端 Fusion 查詢會被拒絕 — 請在上方啟用 Tor，或使用 localhost 伺服器。","translated"
"hardware.active","active","使用中","translated"
"hardware.advanced","Advanced (derivation path)","進階（衍生路徑）","translated"
"hardware.airGap","air-gap","隔離","translated"
"hardware.beforeConnecting","Before connecting","連線前","translated"
"hardware.bip44Path","BIP44 path","BIP44 路徑","translated"
"hardware.comingSoon","Coming soon","即將推出","translated"
"hardware.connect","Connect {device}","連線 {device}","translated"
"hardware.connecting","Connecting…","連線中…","translated"
"hardware.connectionType","Connection type","連線類型","translated"
"hardware.description","The device holds your private keys. The wallet is the bridge. Keys never leave the hardware.","裝置保管您的私密金鑰。金鑰不會離開硬體。","translated"
"hardware.disconnect","Disconnect","中斷連線","translated"
"hardware.enableKeystone","Enable Keystone (QR mode)","啟用 Keystone（QR 模式）","translated"
"hardware.howItWorks","How it works","運作方式","translated"
"hardware.keystoneHow","Keystone's air-gapped QR signing isn't finished yet — the app can't build or read the QR codes it would need to in this build. Support is planned but not ready for real funds.","Keystone 的隔離 QR 簽署尚未準備好處理真實資金。","translated"
"hardware.keystoneSubtitle","Air-gapped QR signing — not yet supported","隔離 QR 簽署 — 尚未支援","translated"
"hardware.ledgerStep1","USB: plug in → enter PIN → open Bitcoin Cash app","USB：插入 → 輸入 PIN → 開啟 Bitcoin Cash 應用程式","translated"
"hardware.ledgerStep2","Bluetooth (Nano X): enable BLE on device → open Bitcoin Cash app","Bluetooth（Nano X）：啟用 BLE → 開啟 Bitcoin Cash 應用程式","translated"
"hardware.ledgerStep3","The browser will show a device picker prompt","瀏覽器會顯示裝置選擇器","translated"
"hardware.ledgerSubtitle","USB (WebHID) or Bluetooth (Nano X)","USB (WebHID) 或 Bluetooth (Nano X)","translated"
"hardware.notSupported","{device} support isn't finished yet — it can't connect or sign in this build. Pick another device, or use the software wallet.","{device} 支援尚未完成。請選擇其他裝置或使用軟體錢包。","translated"
"hardware.onekeyStep1","Install OneKey Bridge if not already installed","若需要，請安裝 OneKey Bridge","translated"
"hardware.onekeyStep2","Plug in your OneKey device or pair via Bluetooth","用 USB 連接 OneKey 或透過 Bluetooth 配對","translated"
"hardware.onekeyStep3","Unlock your device with your PIN","使用 PIN 解鎖裝置","translated"
"hardware.onekeyStep4","Allow the connection when requested","收到要求時允許連線","translated"
"hardware.onekeySubtitle","USB or Bluetooth via OneKey Bridge","透過 OneKey Bridge 使用 USB 或 Bluetooth","translated"
"hardware.path","Path","路徑","translated"
"hardware.softwareHow","Your private keys never leave the device. The wallet builds an unsigned transaction, the device shows the details on its screen, you physically confirm, and the device sends back only the signature. Like Electron Cash's hardware wallet mode.","錢包建立未簽署交易；裝置顯示詳細資料，您確認後只回傳簽章。","translated"
"hardware.softwareLabel","Software Wallet","軟體錢包","translated"
"hardware.softwareSubtitle","Encrypted keys stored on this device","儲存在此裝置上的加密金鑰","translated"
"hardware.title","Hardware Wallet","硬體錢包","translated"
"hardware.trezorStep1","Install Trezor Suite — it includes the Bridge daemon","安裝 Trezor Suite — 內含 Bridge daemon","translated"
"hardware.trezorStep2","Plug in your Trezor (USB) or pair via Bluetooth (newer models)","用 USB 連接 Trezor 或透過 Bluetooth 配對","translated"
"hardware.trezorStep3","Unlock your device with your PIN","使用 PIN 解鎖裝置","translated"
"hardware.trezorStep4","Allow the connection popup when it appears","出現連線彈窗時允許連線","translated"
"hardware.trezorSubtitle","USB or Bluetooth via Trezor Bridge","透過 Trezor Bridge 使用 USB 或 Bluetooth","translated"
"history.awaitingConfirmation","Awaiting confirmation","等待確認","translated"
"history.block","Block","區塊","translated"
"history.closeDetails","Close details","關閉詳細資料","translated"
"history.confirmations","{count} confirmations","{count} 次確認","stable-term"
"history.confirmed","Confirmed","已確認","translated"
"history.detailsUnavailable","Transaction details are not available from Electrum right now.","Electrum 目前無法提供交易詳細資料。","translated"
"history.fee","Fee","費用","translated"
"history.first","First","第一頁","translated"
"history.last","Last","最後一頁","translated"
"history.loadDetailsFailed","Failed to load transaction details.","載入交易詳細資料失敗。","translated"
"history.loadingDetails","Loading transaction details…","正在載入交易詳細資料…","translated"
"history.newestFirst","Newest first","最新優先","translated"
"history.noActivity","No activity yet","目前沒有活動","translated"
"history.noData","No data available.","沒有可用資料。","translated"
"history.noTransactions","No transactions available yet.","目前沒有可用的交易。","translated"
"history.oldestFirst","Oldest first","最早優先","translated"
"history.openExplorer","Open in explorer","在區塊瀏覽器中開啟","translated"
"history.output","Output","輸出","translated"
"history.pending","Pending","待處理","translated"
"history.perPage","{count} per page","每頁 {count} 筆","translated"
"history.recipients","Recipients","收件人","translated"
"history.recorded","{count} recorded","已記錄 {count} 筆","translated"
"history.senders","Senders","寄件人","translated"
"history.status","Status","狀態","stable-term"
"history.sync","Sync","同步","translated"
"history.timestamp","Timestamp","時間戳記","translated"
"history.title","Transaction History","交易記錄","translated"
"history.transaction","Transaction","交易","stable-term"
"history.transactionHash","Transaction Hash","交易雜湊","translated"
"history.unavailable","Unavailable","無法使用","translated"
"history.unconfirmed","Unconfirmed","未確認","translated"
"history.unknown","Unknown","未知","translated"
"history.yourWallet","Your wallet","你的錢包","translated"
"home.block","Block","區塊","translated"
"home.confirmed","Confirmed","已確認","translated"
"home.latestActivity","Latest wallet activity","錢包最新活動","translated"
"home.noQrCode","No QR code detected. Try again.","未偵測到 QR 碼。請再試一次。","translated"
"home.noRecentActivity","No recent activity yet.","目前沒有最近活動。","translated"
"home.pending","Pending","待處理","translated"
"home.pendingConfirmation","Pending confirmation","等待確認","translated"
"home.portfolio","Portfolio","投資組合","translated"
"home.quickActions","Quick Actions","快速操作","translated"
"home.receive","Receive","接收","translated"
"home.recentActivity","Recent Activity","最近活動","translated"
"home.scanQr","Scan QR","掃描 QR","translated"
"home.send","Send","傳送","translated"
"home.sync","Sync","同步","translated"
"home.syncing","Syncing…","同步中…","translated"
"home.title","Home","首頁","translated"
"home.toggleBalance","Toggle BCH and USD balance","切換 BCH 和 USD 餘額","translated"
"home.unsupportedQr","QR scanned, but it is not a supported wallet payload.","已掃描 QR，但不是支援的錢包資料。","translated"
"home.usdPriceUnavailable","USD price unavailable","USD 價格無法使用","translated"
"home.usdUnavailable","USD unavailable","USD 無法使用","translated"
"home.viewAll","View all","檢視全部","translated"
"home.walletOverview","Wallet overview","錢包總覽","translated"
"nav.actions","Actions","操作","stable-term"
"nav.apps","Apps","應用程式","translated"
"nav.assets","Assets","資產","translated"
"nav.home","Home","首頁","translated"
"nav.settings","Settings","設定","translated"
"network.chipnet","Chipnet","Chipnet","stable-term"
"network.mainnet","Mainnet","Mainnet","stable-term"
"network.switch","Switch network. Current: {network}","切換網路。目前：{network}","translated"
"nftConfig.capability","NFT Capability","NFT 能力","translated"
"nftConfig.commitment","NFT Commitment","NFT 承諾","translated"
"nftConfig.done","Done","完成","translated"
"nftConfig.minting","minting","鑄造","translated"
"nftConfig.mintingDescription","one NFT authority that can create multiple next NFTs.","一個可建立多個後續 NFT 的 NFT 權限。","translated"
"nftConfig.mutable","mutable","可變更","translated"
"nftConfig.mutableDescription","one NFT that may update its commitment when spent.","一個花費時可更新 commitment 的 NFT。","translated"
"nftConfig.none","none","無","translated"
"nftConfig.noneDescription","one immutable NFT, best for approvals or receipts.","一個不可變 NFT，適合核准或收據。","translated"
"nftConfig.placeholder","Up to 40 bytes","最多 40 位元組","translated"
"nftConfig.title","NFT Configuration","NFT 設定","translated"
"nostr.active","{active}/{total} active","{active}/{total} 個作用中","translated"
"nostr.add","Add","新增","translated"
"nostr.chat","Nostr chat","Nostr 聊天","translated"
"nostr.checking","Checking…","檢查中…","translated"
"nostr.checkRelayStatus","Check relay status","檢查 relay 狀態","translated"
"nostr.connected","connected","已連線","translated"
"nostr.deriving","Deriving…","衍生中…","translated"
"nostr.disable","Disable","停用","translated"
"nostr.dmDescription","End-to-end encrypted DMs using NIP-17.","使用 NIP-17 的端對端加密私訊。","translated"
"nostr.enable","Enable","啟用","translated"
"nostr.identity","Nostr identity","Nostr 身分","translated"
"nostr.identityDescription","Derived from your seed via NIP-06 (a separate path) — your spending keys are never reused.","透過 NIP-06 從您的 seed 衍生（獨立路徑），不會重複使用支出金鑰。","translated"
"nostr.invalidRelay","Enter a secure relay URL beginning with wss://","輸入以 wss:// 開頭的安全 relay URL","translated"
"nostr.privacyWarning","Relay operators can still observe connection metadata, timing, and recipient tags. Encrypted content is not the same as network anonymity.","Relay 營運者仍可觀察連線中繼資料、時間與收款人標籤。加密內容不等於網路匿名。","translated"
"nostr.relays","Relays","Relays","stable-term"
"nostr.relaysDescription","WSS relays used for chat and the P2P-fusion transport. Add your own or use the defaults.","用於聊天與 P2P-Fusion 傳輸的 WSS relays。新增自己的 relay 或使用預設值。","translated"
"nostr.remove","Remove","移除","translated"
"nostr.unknown","unknown","未知","translated"
"nostr.unreachable","unreachable","無法連線","translated"
"notifications.dismiss","Dismiss","關閉","translated"
"notifications.fundsReceived","Funds received","已收到資金","translated"
"notifications.fundsReceivedBody","{amount} sats to {address} • {txid}","{amount} sats 至 {address} • {txid}","translated"
"notifications.incomingBch","Incoming BCH","收到 BCH","translated"
"notifications.incomingToken","Incoming token","收到 token","translated"
"notifications.transactionConfirmed","Transaction confirmed","交易已確認","translated"
"notifications.unknownAddress","unknown address","未知地址","translated"
"onboarding.back","Back","返回","translated"
"onboarding.closeHelp","Close help","關閉說明","translated"
"onboarding.confirm","Confirm","確認","translated"
"onboarding.confirmError","Those don't match your seed phrase. Check the words and try again.","這些單字與您的種子片語不符。請檢查後再試。","translated"
"onboarding.confirmInstruction","Type the requested words to prove you saved them correctly.","輸入指定單字，以確認您已正確儲存。","translated"
"onboarding.confirmPasswordPlaceholder","Confirm password","確認密碼","translated"
"onboarding.confirmSeed","Confirm Your Seed Phrase","確認你的復原片語","translated"
"onboarding.connectHardware","Connect Hardware Wallet","連接硬體錢包","translated"
"onboarding.continue","Continue","繼續","translated"
"onboarding.createNewWallet","Create New Wallet","建立新錢包","translated"
"onboarding.createWallet","Create Wallet","建立錢包","translated"
"onboarding.createWatchOnly","Create Watch-Only Wallet","建立僅觀看錢包","translated"
"onboarding.creating","Creating Wallet…","正在建立錢包…","translated"
"onboarding.creationFailed","Wallet creation failed. Please try again.","錢包建立失敗。請再試一次。","translated"
"onboarding.databasePreparationFailed","Could not prepare the wallet on this device.","無法在此裝置上準備錢包。","translated"
"onboarding.generatedMnemonic","Generated Mnemonic:","產生的復原片語：","translated"
"onboarding.generatingSeed","Generating seed phrase…","正在產生復原片語…","translated"
"onboarding.helpCreateDescription","Use this if you want a new wallet with a fresh seed phrase on this device.","如果您要在此裝置上使用新的種子片語建立錢包，請選擇此選項。","translated"
"onboarding.helpCreateTitle","Create Wallet","建立錢包","translated"
"onboarding.helpDescription","Create a wallet for the first time or restore one you already have.","建立新錢包，或復原已有的錢包。","translated"
"onboarding.helpImportDescription","Use this if you already have a 12-word recovery phrase and want access to an existing wallet.","如果您已有 12 字的復原片語並要存取現有錢包，請選擇此選項。","translated"
"onboarding.helpImportTitle","Import Wallet","匯入錢包","translated"
"onboarding.helpNetworkDescription","Select Mainnet for real funds or CHIPNET for test funds before you proceed.","繼續前，請選擇用於真實資金的 Mainnet，或用於測試資金的 CHIPNET。","translated"
"onboarding.helpNetworkTitle","Choose a network","選擇網路","translated"
"onboarding.helpTitle","Getting started","開始使用","translated"
"onboarding.importFailed","Wallet import failed. Please try again.","錢包匯入失敗。請再試一次。","translated"
"onboarding.importing","Importing Wallet…","正在匯入錢包…","translated"
"onboarding.importWallet","Import Wallet","匯入錢包","translated"
"onboarding.invalidMnemonic","Enter a valid English BIP39 recovery phrase with 12, 15, 18, 21, or 24 words.","請輸入有效的英文 BIP39 復原片語，包含 12、15、18、21 或 24 個字詞。","translated"
"onboarding.missingWord","Word {number} is missing.","缺少第 {number} 個字詞。","translated"
"onboarding.mnemonicLoading","The recovery phrase is still loading. Please wait a moment.","復原片語仍在載入中，請稍候。","translated"
"onboarding.mnemonicWarning","Your recovery phrase is the master key to your wallet. Store it securely and never share it.","您的復原片語是錢包的主密鑰。請妥善保存，絕不要分享。","translated"
"onboarding.nameRequired","Give this wallet a name.","請為此錢包命名。","translated"
"onboarding.nameWallet","Name This Wallet","命名此錢包","translated"
"onboarding.nameWalletDescription","Give this wallet a name and a password. Each wallet on this device has its own independent password.","為此錢包命名並設定密碼。此裝置上的每個錢包都有獨立的密碼。","translated"
"onboarding.passwordMismatch","Passwords do not match.","密碼不相符。","translated"
"onboarding.passwordPlaceholder","Password (or leave blank)","密碼（或留白）","translated"
"onboarding.poweredBy","Powered with Bitcoin Covenants for Bitcoin Cash","由 Bitcoin Cash 的 Bitcoin Covenants 提供支援","translated"
"onboarding.recoveryDescription","Enter your BIP39 recovery phrase (12, 15, 18, 21, or 24 words). Each box corresponds to the word order.","輸入英文 BIP39 復原片語（12、15、18、21 或 24 個單字）。每個欄位對應單字順序。","translated"
"onboarding.recoveryPhrase","Recovery Phrase","復原片語","translated"
"onboarding.seedInstruction","Write these 12 words down in order and keep them somewhere safe. Anyone with this phrase can spend your funds — never share it or store it digitally.","請依序寫下這 12 個單字並存放在安全處。任何擁有此片語的人都能花費您的資金 — 絕不要分享或以數位方式儲存。","translated"
"onboarding.seedTitle","Your Seed Phrase","你的復原片語","translated"
"onboarding.toggleTheme","Toggle theme","切換主題","translated"
"onboarding.walletAlreadyAvailable","This wallet is already available on this device.","此錢包已可在此裝置上使用。","translated"
"onboarding.walletAlreadyExists","This wallet may already exist on this device.","此錢包可能已存在於此裝置。","translated"
"onboarding.walletNamePlaceholder","Wallet name","錢包名稱","translated"
"onboarding.walletSavedIdFailed","Wallet was saved, but its wallet ID could not be resolved.","錢包已儲存，但無法解析其錢包 ID。","translated"
"onboarding.walletSetup","Wallet Setup","錢包設定","translated"
"onboarding.walletSetupDescription","Choose the network and address path this wallet will use.","選擇此錢包要使用的網路與地址路徑。","translated"
"onboarding.welcomeAlt","Smart BCH Wallet","Smart BCH 錢包","stable-term"
"onboarding.word","Word","字詞","translated"
"onboarding.wordCountLabel","Phrase length","片語長度","translated"
"onboarding.wordPlaceholder","word","字詞","translated"
"onboarding.words","words","個字詞","translated"
"onboarding.wroteItDown","I've written it down","我已記下","translated"
"outbox.amount","Amount","金額","translated"
"outbox.clearPending","Clear pending lock","清除待處理鎖定","translated"
"outbox.clearPendingTitle","Clear this pending lock if the transaction was not actually sent","若交易實際未送出，請清除此待處理鎖定","translated"
"outbox.copyTxid","Copy txid","複製 txid","translated"
"outbox.daysAgo","{count}d ago","{count} 天前","translated"
"outbox.description","Offline-first protection keeps new sends paused until these transactions are seen or safely released.","離線優先保護會暫停新的傳送，直到這些交易被看見或安全釋放。","translated"
"outbox.destination","Destination","目的地","stable-term"
"outbox.dismiss","Dismiss","關閉","translated"
"outbox.dismissPending","Dismiss pending transactions popup","關閉待處理交易彈窗","translated"
"outbox.finalizing","Finalizing transaction","正在完成交易","translated"
"outbox.finalizingMultiple","Finalizing {count} transactions","正在完成 {count} 筆交易","translated"
"outbox.historyUpdate","Your wallet history will update automatically. This usually takes a moment.","錢包歷史會自動更新，通常只需片刻。","translated"
"outbox.hoursAgo","{count}h ago","{count} 小時前","translated"
"outbox.justNow","just now","剛剛","translated"
"outbox.lastNetworkIssue","Last network issue","最近的網路問題","translated"
"outbox.minutesAgo","{count}m ago","{count} 分鐘前","translated"
"outbox.noPending","No pending outgoing transactions.","沒有待處理的送出交易。","translated"
"outbox.pendingOutgoing","Pending outgoing transactions","待處理的送出交易","translated"
"outbox.prompt","Prompt","提示","translated"
"outbox.releaseSendLock","Release send lock","釋放傳送鎖定","translated"
"outbox.releaseStale","Release if stale","過期時釋放","translated"
"outbox.releaseStaleTitle","Available after {minutes} minutes if the transaction is still unresolved","若交易仍未解決，{minutes} 分鐘後可用","translated"
"outbox.requestedBy","Requested by","要求者","translated"
"outbox.title","Outbox","寄件匣","translated"
"outbox.txid","Txid","Txid","stable-term"
"outbox.updated","Updated {age}","已更新 {age}","translated"
"outbox.walletSend","Wallet send","錢包傳送","translated"
"p2p.description","No server: peers meet on Nostr relays over Tor, deterministically elect a coordinator, and run the CoinJoin peer-to-peer. Outputs are unlinkable; you sign only your own inputs after verifying your own outputs.","無需伺服器：節點透過 Tor 在 Nostr relays 上相遇，確定性選出協調者，並執行點對點 CoinJoin。輸出無法連結；確認自己的輸出後，只需簽署自己的輸入。","translated"
"p2p.phase.announce","Announcing & finding peers","公告並尋找節點","translated"
"p2p.phase.assemble","Assembling & verifying","組合並驗證","translated"
"p2p.phase.broadcast","Broadcasting","廣播中","translated"
"p2p.phase.register","Registering inputs & outputs","註冊輸入與輸出","translated"
"p2p.phase.sign","Signing","簽署中","translated"
"p2p.requiresPeers","Requires Tor + at least 2 peers in the same tier.","需要 Tor 以及同一層級至少 2 個節點。","translated"
"p2p.running","Running P2P round…","正在執行 P2P 回合…","translated"
"p2p.start","Start P2P round","開始 P2P 回合","translated"
"p2p.title","P2P Fusion over Nostr","透過 Nostr 的 P2P Fusion","translated"
"paper.addressConversionError","Address conversion error","地址轉換錯誤","translated"
"paper.addressDerivationFailed","Unable to derive a valid paper wallet address from the scanned key.","無法從掃描的金鑰導出有效紙錢包地址。","translated"
"paper.back","Back","返回","translated"
"paper.bchOutputs","BCH outputs","BCH 輸出","translated"
"paper.buildFailed","Failed to build sweep transaction.","建立轉移交易失敗。","translated"
"paper.confirmDescription","Slide to confirm the one-transaction paper wallet sweep.","滑動以確認以單筆交易轉移紙錢包。","translated"
"paper.confirmTitle","Confirm sweep","確認轉移","translated"
"paper.decodingError","Decoding error","解碼錯誤","translated"
"paper.description","Scan a WIF paper wallet and sweep BCH + CashTokens in one transaction.","掃描 WIF 紙錢包，透過一筆交易轉移 BCH + CashTokens。","translated"
"paper.label","Paper wallet","紙錢包","translated"
"paper.noCashTokens","No CashTokens detected.","未偵測到 CashToken。","translated"
"paper.noDestination","No destination wallet address is available.","沒有可用的目的錢包地址。","translated"
"paper.noQrCode","No QR code detected. Please try again.","未偵測到 QR 碼。請再試一次。","translated"
"paper.notScanned","No paper wallet scanned yet.","尚未掃描紙錢包。","translated"
"paper.noUtxos","No UTXOs found for this paper wallet. If this is a mainnet wallet and you are on chipnet, try switching networks.","找不到此紙錢包的 UTXO。若這是 mainnet 錢包但您位於 chipnet，請嘗試切換網路。","translated"
"paper.oneTransaction","One transaction only.","僅限一筆交易。","translated"
"paper.paperInputs","Paper wallet inputs","紙錢包輸入","translated"
"paper.scan","Scan","掃描","translated"
"paper.scanBeforeSweep","Scan a paper wallet before sweeping.","請先掃描紙錢包再進行轉移。","translated"
"paper.spendableOutputPlural","spendable outputs","可支出輸出","translated"
"paper.spendableOutputSingular","spendable output","可支出輸出","translated"
"paper.sweep","Sweep","轉移","translated"
"paper.sweepBroadcast","Sweep broadcast","轉移已廣播","translated"
"paper.title","Paper Wallet","紙錢包","translated"
"paper.tokenBacking","Token outputs are backed with 1000 sats.","代幣輸出以 1000 sats 作為支撐。","translated"
"paper.tokenGroups","Token groups","代幣群組","translated"
"paper.tokenOutputs","Token outputs","代幣輸出","translated"
"paper.unexpected","An unexpected error occurred.","發生未預期的錯誤。","translated"
"paper.unexpectedTryAgain","An unexpected error occurred. Please try again.","發生未預期的錯誤。請再試一次。","translated"
"paper.utxosTitle","Paper wallet UTXOs","紙錢包 UTXO","translated"
"paper.walletFeeInputs","Wallet fee inputs","錢包費用輸入","translated"
"priceFeed.loading","Loading…","載入中…","translated"
"qr.animatedTransfer","Animated QR transfer","動畫 QR 傳輸","translated"
"qr.blocksRecovered","blocks recovered","個已復原區塊","translated"
"qr.cameraActive","Camera active — point at animated QR","相機已啟用 — 對準動畫 QR","translated"
"qr.cameraError","Camera unavailable","相機無法使用","translated"
"qr.cameraUnavailable","Camera access is unavailable","無法使用相機","translated"
"qr.cancel","Cancel","取消","translated"
"qr.duplicates","duplicates","個重複項目","translated"
"qr.holdSteady","Hold the phone steady and fill the frame with the QR code.","請穩住手機，讓 QR 碼填滿畫面。","translated"
"qr.receivingStream","Receiving QR stream","正在接收 QR 串流","translated"
"qr.scan","Scan QR","掃描 QR","translated"
"qr.scanning","Scanning…","掃描中…","translated"
"qr.streaming","Streaming frame {frame} · {blocks} blocks · {bytes} bytes","正在傳輸影格 {frame} · {blocks} 個區塊 · {bytes} 位元組","translated"
"qr.unableToDecode","Unable to decode QR stream","無法解碼 QR 串流","translated"
"qr.uniqueFrames","unique frames","個不重複影格","translated"
"qr.walletUpdateProgress","Wallet update progress","錢包更新進度","translated"
"qrSigning.approvedBy","Approved by {name}","由 {name} 核准","translated"
"qrSigning.approveDemo","Approve demo request","核准示範請求","translated"
"qrSigning.approveReturn","2. Approve and return","2. 核准並返回","translated"
"qrSigning.close","Close","關閉","translated"
"qrSigning.collectResponse","2. Collect response","2. 收集回應","translated"
"qrSigning.fingerprint","Fingerprint","指紋","translated"
"qrSigning.invalidRequest","Invalid signing request","無效的簽署請求","translated"
"qrSigning.invalidResponse","Invalid signing response","無效的簽署回應","translated"
"qrSigning.mismatch","Signing response does not match this request","簽署回應與此請求不相符","translated"
"qrSigning.network","Network","網路","translated"
"qrSigning.payload","Payload","承載資料","translated"
"qrSigning.placeholderWarning","This demo returns a placeholder signature and never broadcasts.","此示範會回傳佔位簽章，且絕不會廣播交易。","translated"
"qrSigning.prepareFailed","Unable to prepare mocknet fixture","無法準備 mocknet fixture","translated"
"qrSigning.preparing","Preparing mocknet fixture…","正在準備 mocknet fixture…","translated"
"qrSigning.purpose","Purpose","用途","translated"
"qrSigning.rejectedBy","Rejected by {name}","由 {name} 拒絕","translated"
"qrSigning.requestReceived","Request received","已收到請求","translated"
"qrSigning.requestSignature","Request signature","請求簽章","translated"
"qrSigning.scanAnother","Scan another request","掃描另一個請求","translated"
"qrSigning.scanApproval","Scan approval response","掃描核准回應","translated"
"qrSigning.scanRequest","1. Scan request","1. 掃描請求","translated"
"qrSigning.showRequest","1. Show request","1. 顯示請求","translated"
"qrSigning.showRequestHelp","On the other wallet, choose “Sign request” and scan this stream.","在另一個錢包選擇「簽署請求」，並掃描此串流。","translated"
"qrSigning.signRequest","Sign request","簽署請求","translated"
"qrSigning.subtitle","Exchange a partially signed transaction between two OPTN wallet screens.","在兩個 OPTN Wallet 畫面之間交換部分簽署的交易。","translated"
"qrSigning.title","QR signing demo","QR 簽署示範","translated"
"quantumroot.activeNetwork","Quantumroot is active on this network. Use the vault workspace below to manage a normal spend lane and a quantum-safe recovery lane.","Quantumroot 已在此網路啟用。使用下方工作區管理一般花費路徑與抗量子的復原路徑。","translated"
"quantumroot.activeWorkspace","Active workspace for the beta-production Quantumroot flow.","Beta production Quantumroot 流程的作用中工作區。","translated"
"quantumroot.back","Back","返回","translated"
"quantumroot.betaProduction","Beta production","Beta production","needs-review"
"quantumroot.betaTitle","Quantumroot Beta Production","Quantumroot Beta Production","needs-review"
"quantumroot.checkingBalances","Checking balances…","正在檢查餘額…","translated"
"quantumroot.close","Close","關閉","translated"
"quantumroot.funded","{count} funded","{count} 個已入金","translated"
"quantumroot.fundedStatus","Funded","已入金","translated"
"quantumroot.guidedNow","Guided now: choose one approval key, lock it in Quantum Lock, then spend the matching coin.","目前有操作導引：選擇一把核准金鑰，將其鎖定在 Quantum Lock，然後花費對應硬幣。","translated"
"quantumroot.liveNow","Live now: normal spending, balance tracking, and Quantum Lock BCH recovery.","目前可用：一般花費、餘額追蹤，以及 Quantum Lock BCH 復原。","translated"
"quantumroot.livePreview","Live preview","即時預覽","translated"
"quantumroot.mainnetAhead","Quantumroot is visible on mainnet ahead of activation. The layout stays available, but key actions remain disabled until {date}.","Quantumroot 在啟用前提前顯示於 Mainnet。版面仍可使用，但主要操作會停用至 {date}。","translated"
"quantumroot.mainnetPreview","Mainnet preview stays visible before activation.","啟用前會持續顯示 Mainnet 預覽。","translated"
"quantumroot.noFundsYet","No funds yet","尚無資金","translated"
"quantumroot.noVaults","No Quantumroot vaults derived yet. Sync vaults to provision them for existing wallet address indexes.","尚未衍生 Quantumroot 保管庫。請同步保管庫，為現有錢包地址索引建立保管庫。","translated"
"quantumroot.openVaults","Open Vaults","開啟保管庫","translated"
"quantumroot.popup.action.chooseCoinLabel","Choose coin to spend","Choose coin to spend","needs-review"
"quantumroot.popup.action.chooseDescription","Choose one approval key for this vault.","Choose one approval key for this vault.","needs-review"
"quantumroot.popup.action.chooseLabel","Choose approval key","Choose approval key","needs-review"
"quantumroot.popup.action.chooseTitle","Choose an approval key","Choose an approval key","needs-review"
"quantumroot.popup.action.createDescription","Create or receive a plain NFT first, then use it as the approval key.","Create or receive a plain NFT first, then use it as the approval key.","needs-review"
"quantumroot.popup.action.createTitle","Create an approval key","Create an approval key","needs-review"
"quantumroot.popup.action.destinationDescription","Choose where the coin should go, then open the spend list.","Choose where the coin should go, then open the spend list.","needs-review"
"quantumroot.popup.action.destinationLabel","Set destination","Set destination","needs-review"
"quantumroot.popup.action.destinationTitle","Choose a destination","Choose a destination","needs-review"
"quantumroot.popup.action.disabledDescription","The spend list is ready, but spending is disabled on this network.","The spend list is ready, but spending is disabled on this network.","needs-review"
"quantumroot.popup.action.readyDescription","Tap a ready coin to spend it.","Tap a ready coin to spend it.","needs-review"
"quantumroot.popup.action.readyTitle","Ready to spend","Ready to spend","needs-review"
"quantumroot.popup.action.receiveDescription","Send the matching receive coin to the normal lane.","Send the matching receive coin to the normal lane.","needs-review"
"quantumroot.popup.action.receiveLabel","Add receive coin","Add receive coin","needs-review"
"quantumroot.popup.action.receiveTitle","Add the matching receive coin","Add the matching receive coin","needs-review"
"quantumroot.popup.action.refreshDescription","Refresh the wallet scan or choose another approval key.","Refresh the wallet scan or choose another approval key.","needs-review"
"quantumroot.popup.action.refreshLabel","Refresh vault","Refresh vault","needs-review"
"quantumroot.popup.action.refreshTitle","Refresh the vault","Refresh the vault","needs-review"
"quantumroot.popup.action.reviewLabel","Review spend","Review spend","needs-review"
"quantumroot.popup.action.sendDescription","Send the approval key to Quantum Lock.","Send the approval key to Quantum Lock.","needs-review"
"quantumroot.popup.action.sendLabel","Send approval key","Send approval key","needs-review"
"quantumroot.popup.action.sendTitle","Send the approval key","Send the approval key","needs-review"
"quantumroot.popup.addDestinationReview","Add a destination, then review spend.","Add a destination, then review spend.","needs-review"
"quantumroot.popup.addMatchingCoin","Add the matching coin to unlock spend.","Add the matching coin to unlock spend.","needs-review"
"quantumroot.popup.advanced","Advanced","Advanced","needs-review"
"quantumroot.popup.advancedRecovery","Advanced recovery","Advanced recovery","needs-review"
"quantumroot.popup.advancedRecoveryDescription","Recover regular BCH, recover Quantum Lock funds, or refresh vault status.","Recover regular BCH, recover Quantum Lock funds, or refresh vault status.","needs-review"
"quantumroot.popup.approvalKey","Approval key","Approval key","needs-review"
"quantumroot.popup.approvalKeyCapability","Approval key","Approval key","needs-review"
"quantumroot.popup.approvalKeyChanged","Approval key changed on chain","Approval key changed on chain","needs-review"
"quantumroot.popup.approvalKeyInLock","Approval key is in Quantum Lock.","Approval key is in Quantum Lock.","needs-review"
"quantumroot.popup.approvalKeyInQuantumLock","Your approval key is in Quantum Lock.","Your approval key is in Quantum Lock.","needs-review"
"quantumroot.popup.approvalKeyPicked","Approval key picked.","Approval key picked.","needs-review"
"quantumroot.popup.approvalKeySelected","Approval key selected","Approval key selected","needs-review"
"quantumroot.popup.approvalLane","Approval lane","Approval lane","needs-review"
"quantumroot.popup.approvalLaneDescription","Your approval key goes to Quantum Lock.","Your approval key goes to Quantum Lock.","needs-review"
"quantumroot.popup.available","{count} available","{count} available","needs-review"
"quantumroot.popup.availableApprovalKeys","Available approval keys","Available approval keys","needs-review"
"quantumroot.popup.bchRecoveryDescription","BCH recovery sends back to the matching standard wallet address for this vault index when available.","BCH recovery sends back to the matching standard wallet address for this vault index when available.","needs-review"
"quantumroot.popup.bchRecoveryDisabled","BCH recovery is temporarily disabled until the on-chain receive-script validation issue is resolved.","BCH recovery is temporarily disabled until the on-chain receive-script validation issue is resolved.","needs-review"
"quantumroot.popup.block.approvalPending","Send one approval key to Quantum Lock.","Send one approval key to Quantum Lock.","needs-review"
"quantumroot.popup.block.inactiveNetwork","Quantumroot spending is disabled on this network.","Quantumroot spending is disabled on this network.","needs-review"
"quantumroot.popup.block.noDestination","Choose a destination address before spending.","Choose a destination address before spending.","needs-review"
"quantumroot.popup.block.noFamily","Create or receive a plain NFT first. It becomes your approval key.","Create or receive a plain NFT first. It becomes your approval key.","needs-review"
"quantumroot.popup.block.pickFamily","Choose one plain NFT to use as the approval key.","Choose one plain NFT to use as the approval key.","needs-review"
"quantumroot.popup.block.receivePending","Send the matching receive coin to the normal lane.","Send the matching receive coin to the normal lane.","needs-review"
"quantumroot.popup.block.staleInventory","Your selected approval key is not visible right now. Refresh the vault or choose another key.","Your selected approval key is not visible right now. Refresh the vault or choose another key.","needs-review"
"quantumroot.popup.broadcastWarning","This will broadcast after confirmation.","This will broadcast after confirmation.","needs-review"
"quantumroot.popup.category","Category:","Category:","needs-review"
"quantumroot.popup.chooseApprovalKey","Choose approval key","Choose approval key","needs-review"
"quantumroot.popup.chooseApprovalKeyDescription","Quantumroot uses one plain NFT as the approval key. Advanced token tools live in CashTokens.","Quantumroot uses one plain NFT as the approval key. Advanced token tools live in CashTokens.","needs-review"
"quantumroot.popup.chooseOneApproval","Choose one approval key to continue.","Choose one approval key to continue.","needs-review"
"quantumroot.popup.commitment","Commitment:","Commitment:","needs-review"
"quantumroot.popup.completeSteps","Complete the approval key and matching receive coin steps before spending.","Complete the approval key and matching receive coin steps before spending.","needs-review"
"quantumroot.popup.confirmed","Confirmed","Confirmed","needs-review"
"quantumroot.popup.copyDestination","Copy destination","Copy destination","needs-review"
"quantumroot.popup.copyOrScanFund","Copy or scan to fund this vault.","Copy or scan to fund this vault.","needs-review"
"quantumroot.popup.copyQuantumLock","Copy Quantum Lock","Copy Quantum Lock","needs-review"
"quantumroot.popup.copyReceiveAddress","Copy receive address","Copy receive address","needs-review"
"quantumroot.popup.copyRecoveryAddress","Copy recovery address","Copy recovery address","needs-review"
"quantumroot.popup.createOrReceive","Create or receive a plain NFT first, then it will appear here as an approval key you can choose.","Create or receive a plain NFT first, then it will appear here as an approval key you can choose.","needs-review"
"quantumroot.popup.destination","Destination","Destination","needs-review"
"quantumroot.popup.destinationAddress","Destination address","Destination address","needs-review"
"quantumroot.popup.done","Done","Done","needs-review"
"quantumroot.popup.empty","empty","empty","needs-review"
"quantumroot.popup.found","{count} found","{count} found","needs-review"
"quantumroot.popup.fundMatchingReceive","Fund matching receive coin","Fund matching receive coin","needs-review"
"quantumroot.popup.fundMatchingReceiveDescription","Open the send screen prefilled to the vault receive address with the same approval key.","Open the send screen prefilled to the vault receive address with the same approval key.","needs-review"
"quantumroot.popup.helpShortcuts","Help and shortcuts","Help and shortcuts","needs-review"
"quantumroot.popup.inQuantumLock","{count} in Quantum Lock","{count} in Quantum Lock","needs-review"
"quantumroot.popup.inWallet","{count} in wallet","{count} in wallet","needs-review"
"quantumroot.popup.locked","{count} locked","{count} locked","needs-review"
"quantumroot.popup.mainnetDisabled","Mainnet Quantumroot uses the same UI as Chipnet, but the spend, recovery, and token-configuration actions remain disabled until activation on {date}.","Mainnet Quantumroot uses the same UI as Chipnet, but the spend, recovery, and token-configuration actions remain disabled until activation on {date}.","needs-review"
"quantumroot.popup.mintingNft","Minting NFT","Minting NFT","needs-review"
"quantumroot.popup.missing","Missing","Missing","needs-review"
"quantumroot.popup.mutableNft","Mutable NFT","Mutable NFT","needs-review"
"quantumroot.popup.needed","Needed","Needed","needs-review"
"quantumroot.popup.neededLater","Needed later","Needed later","needs-review"
"quantumroot.popup.nextStep","Next step","Next step","needs-review"
"quantumroot.popup.noApprovalKey","No approval key","No approval key","needs-review"
"quantumroot.popup.noDestination","No destination set","No destination set","needs-review"
"quantumroot.popup.noReadyCoin","No ready coin is available yet. After the approval key and the matching receive coin are present, spendable coins appear here.","No ready coin is available yet. After the approval key and the matching receive coin are present, spendable coins appear here.","needs-review"
"quantumroot.popup.normalLane","Normal vault lane","Normal vault lane","needs-review"
"quantumroot.popup.normalLaneDescription","Your BCH and matching receive coin go here.","Your BCH and matching receive coin go here.","needs-review"
"quantumroot.popup.normalLanePending","Add the matching receive coin after the approval key is in Quantum Lock.","Add the matching receive coin after the approval key is in Quantum Lock.","needs-review"
"quantumroot.popup.normalLaneReady","Your normal lane is ready.","Your normal lane is ready.","needs-review"
"quantumroot.popup.noStandardAddress","No standard wallet address available","No standard wallet address available","needs-review"
"quantumroot.popup.openCashTokens","Open CashTokens","Open CashTokens","needs-review"
"quantumroot.popup.openReceiveScreen","Open receive screen","Open receive screen","needs-review"
"quantumroot.popup.otherNft","Other NFT","Other NFT","needs-review"
"quantumroot.popup.otherNftDescription","It sits in Quantum Lock, but it is not the selected approval key. No direct withdrawal path exists yet.","It sits in Quantum Lock, but it is not the selected approval key. No direct withdrawal path exists yet.","needs-review"
"quantumroot.popup.otherNftInQuantumLock","Other NFT in Quantum Lock","Other NFT in Quantum Lock","needs-review"
"quantumroot.popup.otherNfts","{count} other NFT(s)","{count} other NFT(s)","needs-review"
"quantumroot.popup.outpoint","Outpoint","Outpoint","stable-term"
"quantumroot.popup.pending","Pending","Pending","needs-review"
"quantumroot.popup.pendingCoin","Pending coin","Pending coin","needs-review"
"quantumroot.popup.pickApprovalKey","Pick one approval key.","Pick one approval key.","needs-review"
"quantumroot.popup.plainBchCoins","{count} plain BCH coin(s)","{count} plain BCH coin(s)","needs-review"
"quantumroot.popup.plainBchDescription","Use this for plain BCH coins. Protected coins stay in the lanes above.","Use this for plain BCH coins. Protected coins stay in the lanes above.","needs-review"
"quantumroot.popup.previewOnly","Preview only on mainnet until activation.","Preview only on mainnet until activation.","needs-review"
"quantumroot.popup.protectedReceiveCount","Coins already handled by Protected spend: {count}","Coins already handled by Protected spend: {count}","needs-review"
"quantumroot.popup.protectedSpend","Protected spend","Protected spend","needs-review"
"quantumroot.popup.protectedSpendDescription","When the approval key and matching receive coin are present, spending opens here.","When the approval key and matching receive coin are present, spending opens here.","needs-review"
"quantumroot.popup.quantumLock","Quantum Lock","Quantum Lock","stable-term"
"quantumroot.popup.quantumLockBch","Quantum Lock BCH","Quantum Lock BCH","needs-review"
"quantumroot.popup.quantumLockRecovery","Quantum Lock recovery","Quantum Lock recovery","needs-review"
"quantumroot.popup.quantumLockRecoveryCount","Quantum Lock recovery coins: {count}","Quantum Lock recovery coins: {count}","needs-review"
"quantumroot.popup.quantumrootOpens","Quantumroot opens once the approval key sits in Quantum Lock and the matching receive coin sits in the normal lane.","Quantumroot opens once the approval key sits in Quantum Lock and the matching receive coin sits in the normal lane.","needs-review"
"quantumroot.popup.ready","Ready","Ready","needs-review"
"quantumroot.popup.readyCoin","Ready coin","Ready coin","needs-review"
"quantumroot.popup.readyCoinAvailable","Ready coin available.","Ready coin available.","needs-review"
"quantumroot.popup.readyCoins","{count} ready coin(s)","{count} ready coin(s)","needs-review"
"quantumroot.popup.receiveAddress","Receive address","Receive address","needs-review"
"quantumroot.popup.receiveBch","Receive BCH","Receive BCH","needs-review"
"quantumroot.popup.recover","Recover","Recover","needs-review"
"quantumroot.popup.recoverableBchCoins","Recoverable BCH coins","Recoverable BCH coins","needs-review"
"quantumroot.popup.recoverableBchCount","Recoverable BCH coins: {count}","Recoverable BCH coins: {count}","needs-review"
"quantumroot.popup.recovering","Recovering…","Recovering…","needs-review"
"quantumroot.popup.recoverRegularBch","Recover regular BCH","Recover regular BCH","needs-review"
"quantumroot.popup.refresh","Refresh","Refresh","needs-review"
"quantumroot.popup.refreshChooseAnother","Refresh the vault or choose another approval key.","Refresh the vault or choose another approval key.","needs-review"
"quantumroot.popup.refreshVault","Refresh vault","Refresh vault","needs-review"
"quantumroot.popup.refreshVaultStatus","Refresh vault status","Refresh vault status","needs-review"
"quantumroot.popup.reviewDestination","Review the destination before broadcasting.","Review the destination before broadcasting.","needs-review"
"quantumroot.popup.reviewSpend","Review spend","Review spend","needs-review"
"quantumroot.popup.reviewSpendSubtitle","Check the destination, approval key, and ready coin before you broadcast.","Check the destination, approval key, and ready coin before you broadcast.","needs-review"
"quantumroot.popup.reviewSpendTitle","Review spend","Review spend","needs-review"
"quantumroot.popup.saveApprovalKey","Save approval key","Save approval key","needs-review"
"quantumroot.popup.saving","Saving…","Saving…","needs-review"
"quantumroot.popup.selectedApprovalKey","Selected approval key","Selected approval key","needs-review"
"quantumroot.popup.selectedAsApproval","Selected as approval key","Selected as approval key","needs-review"
"quantumroot.popup.sendApprovalHere","Send the approval key here.","Send the approval key here.","needs-review"
"quantumroot.popup.sendApprovalKey","Send approval key","Send approval key","needs-review"
"quantumroot.popup.sendApprovalKeyDescription","Open the send screen prefilled to Quantum Lock with the selected approval key.","Open the send screen prefilled to Quantum Lock with the selected approval key.","needs-review"
"quantumroot.popup.sendApprovalKeyToLock","Send the approval key to Quantum Lock.","Send the approval key to Quantum Lock.","needs-review"
"quantumroot.popup.sendSelectedApprovalKey","Send the selected approval key to Quantum Lock.","Send the selected approval key to Quantum Lock.","needs-review"
"quantumroot.popup.spend","Spend","Spend","needs-review"
"quantumroot.popup.spendDestination","Spend destination","Spend destination","needs-review"
"quantumroot.popup.spending","Spending…","Spending…","needs-review"
"quantumroot.popup.sweepBch","Sweep BCH coins ({count})","Sweep BCH coins ({count})","needs-review"
"quantumroot.popup.sweeping","Sweeping…","Sweeping…","needs-review"
"quantumroot.popup.tapToOpen","Tap to open","Tap to open","needs-review"
"quantumroot.popup.unsupportedQuantumLock","Coins in Quantum Lock that belong to Protected spend are handled above; this recovery list only includes plain BCH coins.","Coins in Quantum Lock that belong to Protected spend are handled above; this recovery list only includes plain BCH coins.","needs-review"
"quantumroot.popup.unsupportedReceive","Coins with an approval key stay in Protected spend; this recovery list only includes plain BCH coins.","Coins with an approval key stay in Protected spend; this recovery list only includes plain BCH coins.","needs-review"
"quantumroot.popup.useRecoveryAddress","Use wallet recovery address","Use wallet recovery address","needs-review"
"quantumroot.popup.vaultSetup","Vault setup","Vault setup","needs-review"
"quantumroot.popup.vaultSetupDescription","Copy addresses and choose the approval key.","Copy addresses and choose the approval key.","needs-review"
"quantumroot.popup.waiting","Waiting","Waiting","needs-review"
"quantumroot.popup.walletRecoveryAddress","Wallet recovery address","Wallet recovery address","needs-review"
"quantumroot.readyToRecover","{count} ready to recover","{count} 個可復原","translated"
"quantumroot.refreshing","Refreshing balances and UTXO status. Vaults remain available while sync completes.","正在重新整理餘額與 UTXO 狀態。同步完成前仍可使用保管庫。","translated"
"quantumroot.subtitle","Two spending lanes in one vault","一個保管庫中的兩條花費路徑","translated"
"quantumroot.syncingVaults","Syncing Vaults…","正在同步保管庫…","translated"
"quantumroot.syncVaults","Sync Vaults","同步保管庫","translated"
"quantumroot.toast.approvalKeyMissing","This approval key is no longer visible. Refresh the vault or choose another key.","This approval key is no longer visible. Refresh the vault or choose another key.","needs-review"
"quantumroot.toast.authorizedBroadcast","Quantumroot authorized spend broadcast: {txid}","Quantumroot authorized spend broadcast: {txid}","needs-review"
"quantumroot.toast.authorizedFailed","Quantumroot authorized spend failed: {message}","Quantumroot authorized spend failed: {message}","needs-review"
"quantumroot.toast.broadcastAuthorizedFailed","Failed to broadcast Quantumroot authorized spend.","Failed to broadcast Quantumroot authorized spend.","needs-review"
"quantumroot.toast.broadcastLockRecoveryFailed","Failed to broadcast Quantum Lock recovery.","Failed to broadcast Quantum Lock recovery.","needs-review"
"quantumroot.toast.broadcastSpendFailed","Failed to broadcast Quantumroot spend.","Failed to broadcast Quantumroot spend.","needs-review"
"quantumroot.toast.broadcastSweepFailed","Failed to broadcast Quantumroot sweep.","Failed to broadcast Quantumroot sweep.","needs-review"
"quantumroot.toast.configureFailed","Failed to configure vault: {message}","Failed to configure vault: {message}","needs-review"
"quantumroot.toast.destinationRequired","Destination address is required.","Destination address is required.","needs-review"
"quantumroot.toast.ineligibleReceiveUtxo","That receive UTXO is not eligible for authorized spend.","That receive UTXO is not eligible for authorized spend.","needs-review"
"quantumroot.toast.invalidTokenCategory","Token category must be 64 hexadecimal characters.","Token category must be 64 hexadecimal characters.","needs-review"
"quantumroot.toast.lockRecoveryBroadcast","Quantum Lock recovery broadcast: {txid}","Quantum Lock recovery broadcast: {txid}","needs-review"
"quantumroot.toast.lockRecoveryFailed","Quantum Lock recovery failed: {message}","Quantum Lock recovery failed: {message}","needs-review"
"quantumroot.toast.noBchUtxos","No BCH-only receive UTXOs available to sweep.","No BCH-only receive UTXOs available to sweep.","needs-review"
"quantumroot.toast.noControlToken","No matching Quantum Lock control token is available yet.","No matching Quantum Lock control token is available yet.","needs-review"
"quantumroot.toast.previewActive","Quantumroot mainnet preview is active until activation.","Quantumroot mainnet preview is active until activation.","needs-review"
"quantumroot.toast.reconfigured","Quantumroot vault reconfigured.","Quantumroot vault reconfigured.","needs-review"
"quantumroot.toast.spendBroadcast","Quantumroot spend broadcast: {txid}","Quantumroot spend broadcast: {txid}","needs-review"
"quantumroot.toast.spendFailed","Quantumroot spend failed: {message}","Quantumroot spend failed: {message}","needs-review"
"quantumroot.toast.sweepBroadcast","Quantumroot sweep broadcast: {txid}","Quantumroot sweep broadcast: {txid}","needs-review"
"quantumroot.toast.sweepFailed","Quantumroot sweep failed: {message}","Quantumroot sweep failed: {message}","needs-review"
"quantumroot.toast.unavailable","Quantumroot vault unavailable.","Quantumroot vault unavailable.","needs-review"
"quantumroot.trackedBalance","Tracked Balance","追蹤中的餘額","translated"
"quantumroot.vaultNumber","Vault #{id}","保管庫 #{id}","translated"
"quantumroot.vaults","Vaults","保管庫","translated"
"quantumroot.workspaceRefreshFailed","Workspace Refresh Failed","工作區重新整理失敗","translated"
"receive.addressesNotReady","Receive addresses not ready","接收地址尚未準備好","translated"
"receive.amountBch","Amount (BCH)","金額（BCH）","translated"
"receive.back","Back","返回","translated"
"receive.bip21Active","Request details are active and the QR is now encoding the BIP21 URI.","請求詳細資料已啟用，QR 現在會編碼 BIP21 URI。","translated"
"receive.bip21Description","Encode amount, label, and message into the QR payload.","將金額、標籤與訊息編碼至 QR payload。","translated"
"receive.bip21Help","When enabled, the QR and copied payload use a BIP21-style `bitcoincash:` URI so compatible wallets can autofill request details.","啟用後，QR 與複製的 payload 會使用 BIP21 風格的 `bitcoincash:` URI，讓相容錢包自動填入請求詳細資料。","translated"
"receive.bip21Title","BIP21 payment request","BIP21 付款請求","translated"
"receive.cashToken","CashToken","CashToken","stable-term"
"receive.change","Change","找零","translated"
"receive.changeAddressCount","{count} change addresses","{count} 個找零地址","translated"
"receive.clear","Clear","清除","translated"
"receive.close","Close","關閉","translated"
"receive.copied","Copied to clipboard!","已複製到剪貼簿！","translated"
"receive.copyBip21","Copy BIP21 URI","複製 BIP21 URI","translated"
"receive.copyFailed","Failed to copy.","複製失敗。","translated"
"receive.copyQrPayload","Copy receive QR payload","複製接收 QR payload","translated"
"receive.dismiss","Dismiss","關閉","translated"
"receive.dismissUnlockAlert","Dismiss unlock alert","關閉解鎖警示","translated"
"receive.label","Label","標籤","translated"
"receive.main","Main","主要","translated"
"receive.mainAddressCount","{count} main addresses","{count} 個主要地址","translated"
"receive.message","Message","訊息","stable-term"
"receive.noAddressesLoaded","This wallet does not have receive addresses loaded yet.","此錢包尚未載入接收地址。","translated"
"receive.noBranchAddresses","No addresses found in this branch yet.","此分支尚未找到地址。","translated"
"receive.noVaultFunds","No Quantumroot vault funds detected yet.","尚未偵測到 Quantumroot 保管庫資金。","translated"
"receive.openQrPreview","Open larger QR code preview","開啟較大的 QR 預覽","translated"
"receive.optional","Optional","選填","translated"
"receive.optionalExample","Optional, e.g. 0.0105","選填，例如 0.0105","translated"
"receive.prepareAddresses","Prepare receive addresses","準備接收地址","translated"
"receive.prepareAddressesDescription","Prepare addresses to show your receive QR and address list.","準備地址以顯示接收 QR 與地址清單。","translated"
"receive.privKeyReady","Private key view unlocked","私密金鑰檢視已解鎖","translated"
"receive.privKeyUnlock","Private key unlock in {count} taps","再點擊 {count} 次即可解鎖私密金鑰","translated"
"receive.pubKeyTapProgress","PubKey pressed {count}/{total} times","PubKey 已按下 {count}/{total} 次","translated"
"receive.qrCopyDescription","Tap the QR to copy the current payload. Close to return.","點擊 QR 以複製目前 payload。關閉即可返回。","translated"
"receive.quantumLock","Quantum Lock","Quantum Lock","stable-term"
"receive.quantumLockAddress","Quantum Lock Address","Quantum Lock 地址","translated"
"receive.quantumrootStatus","Quantumroot Status","Quantumroot 狀態","translated"
"receive.readOnlyStatus","This view is read-only. It shows vault status and key receive data, but no spending or recovery actions.","此檢視為唯讀。它顯示保管庫狀態與接收資料，不提供支出或復原操作。","translated"
"receive.receiveAddress","Receive Address","接收地址","translated"
"receive.receiveBalance","Receive Balance","接收餘額","translated"
"receive.receiveQr","Receive QR","接收 QR","translated"
"receive.regular","Regular","一般","translated"
"receive.seeAllAddresses","See all addresses","查看所有地址","translated"
"receive.switch","Switch","切換","translated"
"receive.switchAddress","Switch address","切換地址","translated"
"receive.syncing","Syncing…","同步中…","translated"
"receive.tapPubKey","Tap PubKey to reveal the private key view.","點擊 PubKey 以顯示私密金鑰檢視。","translated"
"receive.title","Receive","接收","translated"
"receive.toggleAddressType","Toggle receive address type","切換接收地址類型","translated"
"receive.unavailable","Unavailable","無法使用","translated"
"reconfiguration.changingPath","Changing derivation path","正在變更衍生路徑","translated"
"reconfiguration.clearing","Clearing old wallet data","正在清除舊錢包資料","translated"
"reconfiguration.clearingDetail","Removing the previous address, history, and UTXO records.","正在移除先前的地址、歷史記錄與 UTXO 記錄。","translated"
"reconfiguration.deriving","Generating wallet addresses","正在產生錢包地址","translated"
"reconfiguration.derivingDetail","Creating the receive and change addresses for this wallet path.","正在為此錢包路徑建立接收與找零地址。","translated"
"reconfiguration.dismiss","Dismiss","關閉","translated"
"reconfiguration.failed","Wallet update failed","錢包更新失敗","translated"
"reconfiguration.failedDetail","The wallet could not be reconfigured.","無法重新設定錢包。","translated"
"reconfiguration.keepOpen","Please keep OPTN Wallet open. Navigation is temporarily disabled while wallet data is rebuilt.","請保持 OPTN Wallet 開啟。重新建立錢包資料時會暫時停用導覽。","translated"
"reconfiguration.movingTo","Moving to {network}","正在移至 {network}","translated"
"reconfiguration.preparing","Preparing wallet","正在準備錢包","translated"
"reconfiguration.preparingDetail","Stopping background sync and reconnecting to the selected network.","正在停止背景同步並重新連線至所選網路。","translated"
"reconfiguration.progress","Wallet update progress","錢包更新進度","translated"
"reconfiguration.reloading","Reloading wallet","正在重新載入錢包","translated"
"reconfiguration.stepOf","Step {current} of {total}","第 {current}/{total} 步","translated"
"reconfiguration.switchingNetwork","Switching network","正在切換網路","translated"
"reconfiguration.syncing","Synchronizing wallet","正在同步錢包","translated"
"reconfiguration.syncingDetail","Fetching balances, UTXOs, and transaction history. This can take 15–20 seconds.","正在取得餘額、UTXO 與交易歷史。可能需要 15–20 秒。","translated"
"reconfiguration.updating","Updating wallet","正在更新錢包","translated"
"reconfiguration.working","Working…","處理中…","translated"
"recovery.hide","Hide Backup Phrase","隱藏備份片語","translated"
"recovery.reveal","Reveal Backup Phrase","顯示備份片語","translated"
"recovery.warning","Warning","警告","translated"
"recovery.warningDescription","Displaying your mnemonic backup phrase can compromise your funds. Ensure you keep it secure.","顯示助記詞備份可能危及資金安全。請妥善保管。","translated"
"rpa.confirmedPayment","confirmed stealth payment","已確認的隱密付款","translated"
"rpa.confirmedPayments","{count} confirmed stealth payment(s) found","找到 {count} 筆已確認的隱密付款","translated"
"rpa.copyFailed","Copy failed.","複製失敗。","translated"
"rpa.copySuccess","Paycode copied!","Paycode 已複製！","translated"
"rpa.derivationFailed","Paycode derivation failed. Unlock your wallet and try again.","Paycode 衍生失敗。請解鎖錢包後再試。","translated"
"rpa.derivationPaths","Derivation paths","衍生路徑","translated"
"rpa.deriving","Deriving paycode…","正在衍生 Paycode…","translated"
"rpa.found","found","找到","translated"
"rpa.howWorks","How it works","運作方式","translated"
"rpa.lastScanned","Last scanned","上次掃描","translated"
"rpa.noNotification","No notification tx.","沒有通知交易。","translated"
"rpa.noNotificationText","The sender grinds their signature nonce until the input hash prefix matches your scan key — detectability is embedded in the signature itself.","寄件者會嘗試簽章 nonce，直到輸入雜湊前綴符合您的掃描金鑰；可偵測性直接嵌入簽章。","translated"
"rpa.paycode","Paycode","Paycode","stable-term"
"rpa.prefixFilter","Prefix filter","前綴篩選","translated"
"rpa.scanDescription","Scans a Fulcrum-RPA server for transactions whose input signature prefix matches your scan key. Uses ECDH to verify each candidate and detect your stealth outputs.","掃描 Fulcrum-RPA 伺服器，尋找輸入簽章前綴符合掃描金鑰的交易。使用 ECDH 驗證候選項目並偵測您的隱密輸出。","translated"
"rpa.scanKey","Scan key","掃描金鑰","translated"
"rpa.scanning","Scanning…","掃描中…","translated"
"rpa.serverUnsupported","This server does not support RPA scanning.","此伺服器不支援 RPA 掃描。","translated"
"rpa.shareDescription","Share this paycode with senders. Each payment creates a unique stealth address — no link between payments on-chain.","將此 Paycode 分享給寄件者。每筆付款都會建立唯一的隱密地址，鏈上付款之間不會互相連結。","translated"
"rpa.spendKey","Spend key","支出金鑰","translated"
"rpa.stealthBalance","Stealth BCH","隱密 BCH","translated"
"rpa.sync","Sync","同步","translated"
"rpa.title","RPA Paycode","RPA Paycode","stable-term"
"rpa.walletUnavailable","Wallet not available","錢包無法使用","translated"
"send.address","Address","地址","translated"
"send.advanced","Advanced","進階","translated"
"send.advancedBuilder","Open Advanced Builder","開啟進階建構器","translated"
"send.airdrops","Airdrops","Airdrop","translated"
"send.amount","Amount","金額","translated"
"send.amountBch","Amount (BCH)","金額（BCH）","translated"
"send.amountUsd","Amount (USD)","金額（USD）","translated"
"send.asset","Asset","資產","translated"
"send.assetControl","Asset control","資產控制","translated"
"send.back","Back","返回","translated"
"send.balance","Balance","餘額","translated"
"send.bcmrMetadata","Parsed using BCMR metadata from the selected category.","使用所選類別的 BCMR 中繼資料解析。","translated"
"send.bytes","bytes","位元組","stable-term"
"send.changeAddress","Change address","找零地址","translated"
"send.clearForm","Clear form","清除表單","translated"
"send.confirmed","Confirmed","已確認","translated"
"send.contract","Contract","合約","translated"
"send.contractInputs","Contract inputs","合約輸入","translated"
"send.copy","Copy","複製","translated"
"send.debug","Debug","除錯","translated"
"send.decimals","{count} decimals","{count} 位小數","translated"
"send.details","Details","詳細資料","translated"
"send.enterBchForUsd","Enter a BCH amount to see the USD equivalent.","輸入 BCH 金額以查看 USD 等值。","translated"
"send.enterUsdForBch","Enter a USD amount to see the BCH equivalent.","輸入 USD 金額以查看 BCH 等值。","translated"
"send.fee","Fee","費用","translated"
"send.fillMax","Fill the full spendable balance minus network fee","填入可支用餘額扣除網路費用後的全部金額","translated"
"send.fillRequired","Fill the required fields first","請先填寫必要欄位","translated"
"send.finalOutputs","Final outputs","最終輸出","translated"
"send.guidedDescription","Send BCH, fungible tokens, or NFTs with one guided flow.","透過單一導引流程傳送 BCH、可替代代幣或 NFT。","translated"
"send.height","Height","高度","translated"
"send.hide","Hide","隱藏","translated"
"send.inputs","Inputs","輸入","translated"
"send.inputsUsed","Inputs used","已使用輸入","translated"
"send.insufficientFunds","Not enough funds. Check your balance or reduce the amount.","資金不足。請檢查餘額或降低金額。","translated"
"send.integer","integer","整數","translated"
"send.invalidAddress","Invalid address—double-check for typos or try scanning a QR code.","地址無效 — 請檢查錯字或嘗試掃描 QR。","translated"
"send.keepTxid","Keep this txid as your reference and avoid sending it again.","請保留此 txid 作為參考，避免再次傳送。","translated"
"send.leaveBlankNft","Leave blank to send the first available NFT in this category.","留白即可傳送此類別中第一個可用 NFT。","translated"
"send.loading","Loading…","載入中…","translated"
"send.max","Max","最大值","stable-term"
"send.networkError","Network error. Check your connection and try again.","網路錯誤。請檢查連線後再試。","translated"
"send.nft","NFT","NFT","stable-term"
"send.nftCategory","NFT category","NFT 類別","translated"
"send.nftCommitment","NFT commitment","NFT 承諾","translated"
"send.nfts","NFTs","NFT","stable-term"
"send.noInputs","No inputs selected yet (run Review).","尚未選取輸入（請執行檢查）。","translated"
"send.noOutputs","No outputs yet (run Review).","尚無輸出（請執行檢查）。","translated"
"send.noTxBuilt","(no tx built yet)","（尚未建立交易）","translated"
"send.openAirdrops","Open Airdrops","開啟 Airdrop","translated"
"send.optionalHexCommitment","Optional hex commitment…","選填十六進位承諾…","translated"
"send.outpoint","Outpoint","Outpoint","stable-term"
"send.outputsCreated","Outputs created","已建立輸出","translated"
"send.pending","Pending","待處理","translated"
"send.quantumrootApproval","approval key to Quantum Lock","Quantum Lock 的核准金鑰","translated"
"send.quantumrootHint","Review the recipient and token category, then tap Review to build the transaction.","檢查收款人與代幣類別，然後點選檢查以建立交易。","translated"
"send.quantumrootNftHint","If there are multiple NFT entries, choose the one that matches the approval key.","若有多個 NFT 項目，請選取與核准金鑰相符的項目。","translated"
"send.quantumrootPrefilled","Prefilled to send the {label}","已預填，要傳送 {label}","translated"
"send.quantumrootReceive","matching receive coin to the vault receive address","與保管庫接收地址相符的接收 coin","translated"
"send.quantumrootShortcut","Quantumroot shortcut","Quantumroot 捷徑","translated"
"send.rawTransaction","Raw transaction","原始交易","translated"
"send.recipient","Recipient","收款人","translated"
"send.recipientAmountLoaded","Recipient and amount loaded from QR.","已從 QR 載入收款人與金額。","translated"
"send.recipientLoaded","Recipient loaded from QR.","已從 QR 載入收款人。","translated"
"send.releaseToSend","Release to send","解除後傳送","translated"
"send.reset","Reset","重設","translated"
"send.review","Review","檢查","translated"
"send.reviewTitle","Review Transaction","檢查交易","translated"
"send.sats","Sats","Sats","stable-term"
"send.scanQr","Scan QR","掃描 QR","translated"
"send.selectCategory","Select category…","選取類別…","translated"
"send.selectedInputs","Selected inputs","已選取的輸入","translated"
"send.send","Send","傳送","translated"
"send.sending","Sending…","傳送中…","translated"
"send.sent","Transaction sent","交易已傳送","translated"
"send.show","Show","顯示","translated"
"send.slideToConfirm","Slide to confirm","滑動以確認","translated"
"send.submitted","Transaction submitted","交易已提交","translated"
"send.summary","Summary","摘要","translated"
"send.switchToBch","Switch amount input to BCH","切換為 BCH 金額輸入","translated"
"send.switchToUsd","Switch amount input to USD","切換為 USD 金額輸入","translated"
"send.technicalDetails","Technical details","技術詳細資料","translated"
"send.title","Simple Send","簡易傳送","translated"
"send.to","To","至","translated"
"send.token","Token","代幣","stable-term"
"send.tokenAmount","Token amount","代幣金額","translated"
"send.tokenCategory","Token category","代幣類別","translated"
"send.tokenChange","Token change","代幣找零","translated"
"send.tokenInputs","Token inputs","代幣輸入","translated"
"send.tokenLabel","Token","代幣","stable-term"
"send.totalBch","Total (BCH)","總計（BCH）","stable-term"
"send.transactionSize","Transaction size","交易大小","translated"
"send.transferMode","Transfer mode","傳送模式","translated"
"send.type","Type","類型","stable-term"
"send.unconfirmedInputs","Unconfirmed inputs","未確認輸入","translated"
"send.usdUnavailable","USD conversion is unavailable right now.","目前無法進行 USD 轉換。","translated"
"send.verifyRecipient","QR scanned. Verify recipient before sending.","已掃描 QR。傳送前請確認收款人。","translated"
"send.verifySlide","Verify details and slide to send.","確認詳細資料後滑動以傳送。","translated"
"send.waitingSync","Waiting for sync","等待同步","translated"
"send.waitPrevious","Wait for your previous outgoing transaction to sync first","請先等待上一筆傳出交易同步","translated"
"server.active","● active","● 使用中","translated"
"server.add","Add","新增","translated"
"server.addDesktopPlaceholder","Add server — Fulcrum host:50002, or a node host:8333","新增伺服器 — Fulcrum host:50002 或節點 host:8333","translated"
"server.addMobilePlaceholder","Add WSS server — host:50004","新增 WSS 伺服器 — host:50004","translated"
"server.addressUrlPlaceholder","Address URL, e.g. https://example.com/address/{address}","地址 URL，例如 https://example.com/address/{address}","translated"
"server.auto","Auto","自動","translated"
"server.autoBackend","Auto — server pool, with failover","自動 — 伺服器池含故障切換","translated"
"server.automatic","Automatic","自動","translated"
"server.backend","Backend","後端","stable-term"
"server.blockExplorer","Block explorer","區塊瀏覽器","translated"
"server.connect","Connect","連線","translated"
"server.connected","Connected.","已連線。","translated"
"server.connectedServer","Connected server","已連線伺服器","translated"
"server.connecting","Connecting…","連線中…","translated"
"server.connectionFailed","Connection failed","連線失敗","translated"
"server.connectTitle","Connect to this server","連線至此伺服器","translated"
"server.custom","Custom…","自訂…","translated"
"server.customFee","Custom","自訂","translated"
"server.defaultPortHint","Default port: 50004 (WSS). Use wss:// prefix to force WSS, or ws:// for unencrypted.","預設連接埠：50004 (WSS)。使用 wss:// 前綴強制 WSS，或使用 ws:// 進行未加密連線。","translated"
"server.explorerDescription","Used for “open in explorer” links on transactions.","用於交易上的「在瀏覽器中開啟」連結。","translated"
"server.feeDescription","Fee rate for new transactions. Automatic uses the network minimum (~1 sat/byte, Electron Cash default).","新交易的費率。自動模式使用網路最低值（約 1 sat/byte，Electron Cash 預設值）。","translated"
"server.feeUnit","sat/byte — applies to your next transaction","sat/byte — 套用至下一筆交易","translated"
"server.invalidHost","Enter a valid host:port (e.g. 192.168.0.129:50002).","輸入有效的 host:port（例如 192.168.0.129:50002）。","translated"
"server.manual","Manual","手動","stable-term"
"server.node","Node","節點","stable-term"
"server.notConnected","Not connected","未連線","translated"
"server.onlyBackend","Only this backend is used — pinning a node means Electrum servers aren't consulted.","僅使用此後端 — 固定節點後不會查詢 Electrum 伺服器。","translated"
"server.placeholderHelp","Use {txid} and {address} as placeholders.","使用 {txid} 和 {address} 作為佔位符。","translated"
"server.pool","{network} server pool","{network} 伺服器池","translated"
"server.rawNodeMobileError","Raw BCH node connections are only available on desktop. Add an Electrum/Fulcrum WSS server instead.","行動裝置僅能使用桌面版的原始 BCH 節點連線。請改加 Electrum/Fulcrum WSS 伺服器。","translated"
"server.remove","Remove","移除","translated"
"server.saveCustom","Save custom explorer","儲存自訂瀏覽器","translated"
"server.server","Server","伺服器","translated"
"server.serverInputPlaceholder","host, host:50004, or wss://host:50004","host、host:50004 或 wss://host:50004","translated"
"server.transactionFee","Transaction fee","交易費用","translated"
"server.trustless","trustless","無需信任","translated"
"server.txUrlPlaceholder","Tx URL, e.g. https://example.com/tx/{txid}","交易 URL，例如 https://example.com/tx/{txid}","translated"
"server.useAuto","Use Auto","使用自動","translated"
"settings.about","About OPTN","關於 OPTN","translated"
"settings.aboutSupport","About & support","關於與支援","translated"
"settings.aboutSupportDescription","Help, contact, terms, and app information","說明、聯絡方式、條款與應用程式資訊","translated"
"settings.connectionsFeatures","Connections & features","連線與功能","translated"
"settings.connectionsFeaturesDescription","Servers, integrations, privacy features, and advanced tools","伺服器、整合、隱私功能與進階工具","translated"
"settings.contact","Contact Us","聯絡我們","translated"
"settings.language","Language","語言","translated"
"settings.languageDescription","Choose the wallet interface language","選擇錢包介面語言","translated"
"settings.network","Network","網路","translated"
"settings.recovery","Recovery Phrase","復原片語","translated"
"settings.terms","Terms of Use","使用條款","translated"
"settings.walletSecurity","Wallet & security","錢包與安全性","translated"
"settings.walletSecurityDescription","Recovery, derivation path, app lock, and wallet controls","復原、衍生路徑、應用程式鎖定與錢包控制","translated"
"settingsAppLock.autoLockAfter","Auto-lock after","自動鎖定時間","translated"
"settingsAppLock.biometricDescription","Use {label} to unlock instead of typing your password.","使用 {label} 解鎖，不必輸入密碼。","translated"
"settingsAppLock.biometricSetupFailed","Biometric setup failed: {message}","生物辨識設定失敗：{message}","translated"
"settingsAppLock.biometricUnlock","Biometric unlock","生物辨識解鎖","translated"
"settingsAppLock.cancel","Cancel","取消","translated"
"settingsAppLock.changePassword","Change Password","變更密碼","translated"
"settingsAppLock.confirm","Confirm","確認","translated"
"settingsAppLock.confirmNewPassword","Confirm new password","確認新密碼","translated"
"settingsAppLock.currentPassword","Current password","目前密碼","translated"
"settingsAppLock.currentPasswordIncorrect","Current password is incorrect.","目前密碼不正確。","translated"
"settingsAppLock.disabled","Disabled","已停用","translated"
"settingsAppLock.enabled","Enabled","已啟用","translated"
"settingsAppLock.enabling","Enabling…","啟用中…","translated"
"settingsAppLock.encryption","Encryption","加密","translated"
"settingsAppLock.encryptionDescription","Your wallet is encrypted with a password-derived key (PBKDF2 · 600k iterations · AES-256-GCM). The key is never stored — it is derived in memory each time you unlock.","您的錢包使用密碼衍生金鑰加密（PBKDF2 · 600,000 次迭代 · AES-256-GCM）。金鑰不會儲存；每次解鎖時都會在記憶體中衍生。","translated"
"settingsAppLock.lockNow","Lock Now","立即鎖定","translated"
"settingsAppLock.minute","1 minute","1 分鐘","stable-term"
"settingsAppLock.minutes","{count} minutes","{count} 分鐘","stable-term"
"settingsAppLock.never","Never","永不","translated"
"settingsAppLock.newPassword","New password","新密碼","translated"
"settingsAppLock.noWalletOpen","No wallet is open.","目前沒有開啟錢包。","translated"
"settingsAppLock.passwordChanged","Password changed successfully.","密碼已成功變更。","translated"
"settingsAppLock.passwordChangeFailed","Password change failed. Please try again.","變更密碼失敗。請再試一次。","translated"
"settingsAppLock.passwordMismatch","New passwords do not match.","新密碼不一致。","translated"
"settingsAppLock.updating","Updating…","更新中…","translated"
"settingsDerivation.activePath","Active BIP44 account path","作用中的 BIP44 帳戶路徑","translated"
"settingsDerivation.alreadyActive","This derivation path is already active.","此衍生路徑已作用中。","translated"
"settingsDerivation.changeResync","Change and resync","變更並重新同步","translated"
"settingsDerivation.completed","Derivation path changed and wallet resync completed.","衍生路徑已變更，錢包同步完成。","translated"
"settingsDerivation.confirm","Changing the derivation path clears the current address, history, and UTXO records. The wallet will then regenerate and resync only the new path. Continue?","變更衍生路徑會清除目前地址、歷史與 UTXO 記錄。錢包之後只會重新產生並同步新路徑。要繼續嗎？","translated"
"settingsDerivation.currentMode","Current mode: {mode}.","目前模式：{mode}。","translated"
"settingsDerivation.custom","custom","自訂","translated"
"settingsDerivation.description","OPTN supports one active BIP44 account path at a time. Reconfiguring it removes the old derived records and performs a fresh receive/change discovery and resync.","OPTN 一次支援一個作用中的 BIP44 帳戶路徑。重新設定會移除舊的衍生記錄，並重新探索與同步接收／找零地址。","translated"
"settingsDerivation.failed","Wallet reconfiguration failed.","錢包重新設定失敗。","translated"
"settingsDerivation.invalidPath","Invalid derivation path.","衍生路徑無效。","translated"
"settingsDerivation.networkDefault","network default","網路預設值","translated"
"settingsDerivation.reconfiguring","Reconfiguring…","重新設定中…","translated"
"settingsDerivation.useDefault","Use network default","使用網路預設值","translated"
"settingsNetwork.active","Active","使用中","translated"
"settingsNetwork.chipnet","Chipnet","Chipnet","stable-term"
"settingsNetwork.chipnetDescription","BCH testnet for upcoming CHIPs — test funds only","供即將推出的 CHIPs 使用的 BCH 測試網路 — 僅限測試資金","translated"
"settingsNetwork.comingSoon","Coming soon","即將推出","translated"
"settingsNetwork.description","Switching networks clears the active network records, derives the network path, and resynchronizes receive/change addresses. Custom paths are preserved across network changes.","切換網路會清除目前網路記錄、衍生網路路徑，並重新同步接收與找零地址。自訂路徑會保留。","translated"
"settingsNetwork.mainnet","Mainnet","Mainnet","stable-term"
"settingsNetwork.mainnetDescription","Live BCH network — real funds","即時 BCH 網路 — 真實資金","translated"
"settingsNetwork.regtest","Regtest","Regtest","stable-term"
"settingsNetwork.reload","Reload and resync current wallet","重新載入並同步錢包","translated"
"settingsNetwork.reloading","Reloading wallet…","正在重新載入錢包…","translated"
"settingsNetwork.switching","Switching…","切換中…","translated"
"settingsNetwork.testnet3","Testnet3","Testnet3","stable-term"
"settingsNetwork.testnet4","Testnet4","Testnet4","stable-term"
"settingsPanels.addons","Addons","附加元件","translated"
"settingsPanels.appLock","App Lock","應用程式鎖定","translated"
"settingsPanels.cashfusion","CashFusion","CashFusion","stable-term"
"settingsPanels.console","Console","主控台","stable-term"
"settingsPanels.contract","Contract Info","合約資訊","translated"
"settingsPanels.derivation","Derivation Path","衍生路徑","translated"
"settingsPanels.experimental","Experimental Features","實驗性功能","translated"
"settingsPanels.faucet","Chipnet Faucet","Chipnet Faucet","stable-term"
"settingsPanels.nostr","Nostr & Chat","Nostr 與聊天","translated"
"settingsPanels.server","Server","伺服器","stable-term"
"settingsPanels.walletConnect","WalletConnect","WalletConnect","stable-term"
"settingsPanels.wizardConnect","WizardConnect","WizardConnect","stable-term"
"settingsRows.about","About OPTN","關於 OPTN","translated"
"settingsRows.aboutDescription","Version info","版本資訊","translated"
"settingsRows.addons","Addons","附加元件","translated"
"settingsRows.addonsDescription","Install and manage third-party addons","安裝並管理第三方附加元件","translated"
"settingsRows.appLock","App Lock","應用程式鎖定","translated"
"settingsRows.appLockDescription","Auto-lock · Change password","自動鎖定 · 變更密碼","translated"
"settingsRows.console","Console","主控台","stable-term"
"settingsRows.consoleDescription","App log · Electrum RPC","應用程式記錄 · Electrum RPC","translated"
"settingsRows.contact","Contact Us","聯絡我們","translated"
"settingsRows.contactDescription","Get help and support","取得說明與支援","translated"
"settingsRows.contractInfo","Contract Info","合約資訊","translated"
"settingsRows.contractInfoDescription","View contract details","檢視合約詳細資料","translated"
"settingsRows.derivation","Derivation Path","衍生路徑","translated"
"settingsRows.derivationDescription","Customize and resync the active BIP44 path","自訂並重新同步目前的 BIP44 路徑","translated"
"settingsRows.experimental","Experimental Features","實驗性功能","translated"
"settingsRows.experimentalDescription","RPA · Quantumroot","RPA · Quantumroot","stable-term"
"settingsRows.faucet","Chipnet Faucet","Chipnet Faucet","stable-term"
"settingsRows.faucetDescription","Get test BCH on Chipnet","取得 Chipnet 測試 BCH","translated"
"settingsRows.language","Language","語言","translated"
"settingsRows.languageDescription","Choose the wallet interface language","選擇介面語言","translated"
"settingsRows.network","Network","網路","translated"
"settingsRows.networkDescription","Switch between Mainnet and Chipnet","在 Mainnet 與 Chipnet 間切換","translated"
"settingsRows.nostr","Nostr & Chat","Nostr 與聊天","translated"
"settingsRows.nostrDescription","Private messages · Identity · Relay pool","私密訊息 · 身分 · Relay 集合","translated"
"settingsRows.pendingOutbox","Pending Tx Locks","待處理交易鎖定","translated"
"settingsRows.pendingOutboxDescription","Review outgoing transaction locks","檢視送出交易鎖定","translated"
"settingsRows.recovery","Recovery Phrase","復原片語","translated"
"settingsRows.recoveryDescription","Back up your wallet","備份錢包","translated"
"settingsRows.server","Servers","伺服器","translated"
"settingsRows.serverDescription","Electrum · Block explorer · Transaction fees","Electrum · 區塊瀏覽器 · 交易費用","translated"
"settingsRows.terms","Terms of Use","使用條款","translated"
"settingsRows.termsDescription","Read our terms","閱讀我們的條款","translated"
"settingsRows.walletConnect","WalletConnect","WalletConnect","stable-term"
"settingsRows.walletConnectDescription","Manage dApp connections","管理 dApp 連線","translated"
"settingsRows.wizardConnect","WizardConnect","WizardConnect","stable-term"
"settingsRows.wizardConnectDescription","Connect to token wizards","連線至 token wizard","translated"
"terms.acceptance","1. Acceptance of Terms","1. 接受條款","translated"
"terms.acceptanceText","By accessing and using the OPTN Wallet App (“the App”), you agree to comply with and be bound by these Terms of Use. If you do not agree, please do not use the App.","存取與使用 OPTN Wallet 應用程式（「本應用程式」）即表示您同意遵守並受這些使用條款約束。若不同意，請勿使用本應用程式。","translated"
"terms.deviceSecurity","Ensuring the security of your device and the App.","確保裝置與應用程式安全。","translated"
"terms.modifications","6. Modifications","6. 修改","stable-term"
"terms.modificationsText","The developers may modify, suspend, or discontinue the App without prior notice and may update these Terms. You are responsible for reviewing them periodically.","開發者可在不事先通知的情況下修改、暫停或終止本應用程式，也可更新這些條款。您必須定期查看條款。","translated"
"terms.noLiability","4. No Liability","4. 不負責任","translated"
"terms.noLiabilityText","The developers assume no liability for loss, damage, or unauthorized access arising from use of the App, including cryptocurrency loss, data breaches, or device malfunctions. You use the App at your own risk.","開發者不對使用本應用程式造成的損失、損害或未授權存取負責，包括加密貨幣損失、資料外洩或裝置故障。您須自行承擔使用風險。","translated"
"terms.noWarranty","5. No Warranty","5. 不提供保證","translated"
"terms.noWarrantyText","The App is provided “as is” without express or implied warranties. The developers do not guarantee reliability, accuracy, completeness, error-free operation, or uninterrupted service.","本應用程式按「現狀」提供，不提供明示或默示保證。開發者不保證可靠性、準確性、完整性、無錯誤運作或不中斷服務。","translated"
"terms.purpose","2. Purpose","2. 目的","translated"
"terms.purposeText","The OPTN Wallet App lets users securely store, send, and receive cryptocurrency. You are responsible for the security of your private keys and assets.","OPTN Wallet 應用程式讓使用者安全地儲存、傳送與接收加密貨幣。您必須負責私密金鑰與資產的安全。","translated"
"terms.responsibilities","3. User Responsibilities","3. 使用者責任","translated"
"terms.responsibilitiesIntro","The OPTN Wallet App handles real cryptocurrency. You are solely responsible for:","OPTN Wallet 應用程式處理真實加密貨幣。您對以下事項負完全責任：","translated"
"terms.responsibilitiesText","The development team is not responsible for loss of assets or unauthorized access resulting from failure to follow these practices.","若未遵循這些做法而導致資產損失或未授權存取，開發團隊不負責任。","translated"
"terms.safeguard","Safeguarding your private keys and recovery phrases.","保護您的私密金鑰與復原片語。","translated"
"terms.verify","Verifying transaction details before confirming any actions.","確認任何操作前驗證交易詳細資料。","translated"
"token.activeMinting","Active Minting","啟用鑄造","translated"
"token.authHead","Auth Head","授權頭","translated"
"token.bcmr","BCMR","BCMR","stable-term"
"token.bcmrUnavailable","BCMR metadata unavailable","BCMR 中繼資料無法使用","translated"
"token.category","Category","類別","translated"
"token.chainStatsError","Unable to load token chain statistics right now.","目前無法載入 token 鏈上統計資料。","translated"
"token.decimals","Decimals","小數位數","translated"
"token.id","Token ID","代幣 ID","translated"
"token.loading","Loading token data…","正在載入 token 資料…","translated"
"token.no","No","否","translated"
"token.symbol","Symbol","符號","translated"
"token.totalNfts","Total NFTs","NFT 總數","translated"
"token.totalSupply","Total Supply","總供應量","translated"
"token.unavailable","Unavailable","無法使用","translated"
"token.yes","Yes","是","translated"
"tor.appRunsOwn","The app runs its own Tor — no Tor Browser needed","應用程式執行自己的 Tor，不需要 Tor Browser","translated"
"tor.autoDetect","Auto-detect (9050 / 9150)","自動偵測（9050 / 9150）","translated"
"tor.bootstrapping","Bootstrapping Tor… {percent}%","正在建立 Tor… {percent}%","translated"
"tor.check","Check Tor","檢查 Tor","translated"
"tor.checking","Checking…","檢查中…","translated"
"tor.desktopOnly","Desktop only","僅限桌面","translated"
"tor.disable","Disable","停用","translated"
"tor.enable","Enable","啟用","translated"
"tor.externalOption","Or use a Tor you run yourself:","或使用您自行執行的 Tor：","translated"
"tor.foundOnPort","Tor found on port {port} ✓","在連接埠 {port} 找到 Tor ✓","translated"
"tor.integrated","Integrated Tor","整合 Tor","translated"
"tor.manualPort","Manual port","手動連接埠","translated"
"tor.noExternal","No external Tor found. Either press “Start integrated Tor” above (recommended), or start Tor Browser (9150) / a system Tor daemon (9050) and press “Check Tor”. Without Tor, remote CashFusion is blocked.","找不到外部 Tor。請啟動上方的整合 Tor（建議），或啟動 Tor Browser（9150）／系統 Tor daemon（9050），再按「檢查 Tor」。沒有 Tor 時會封鎖遠端 CashFusion。","translated"
"tor.noProxy","No Tor proxy running ✗","沒有執行中的 Tor proxy ✗","translated"
"tor.remoteRequired","Required for remote CashFusion servers","遠端 CashFusion 伺服器必須使用","translated"
"tor.runningOn","Running on port {port} ✓","執行於連接埠 {port} ✓","translated"
"tor.starting","Starting…","啟動中…","translated"
"tor.startIntegrated","Start integrated Tor","啟動整合 Tor","translated"
"tor.stop","Stop","停止","translated"
"tor.title","Tor","Tor","stable-term"
"tor.usingManual","Using manual port {port}","使用手動連接埠 {port}","translated"
"txDetails.bch","BCH","BCH","stable-term"
"txDetails.index","Index","索引","stable-term"
"txDetails.locktime","Locktime","鎖定時間","translated"
"txDetails.txid","TXID","TXID","stable-term"
"txDetails.version","Version","版本","stable-term"
"txSummary.bch","BCH","BCH","stable-term"
"txSummary.bchInput","bch input","BCH 輸入","translated"
"txSummary.bytes","bytes","位元組","stable-term"
"txSummary.fee","Fee","費用","translated"
"txSummary.feeRate","Fee rate","費率","translated"
"txSummary.inputs","Inputs","輸入","translated"
"txSummary.outputs","Outputs","輸出","translated"
"txSummary.sats","sats","sats","stable-term"
"txSummary.token","token","代幣","stable-term"
"txSummary.tokenInput","token input","token 輸入","translated"
"txSummary.txSize","Tx size","交易大小","translated"
"utxo.amount","Amount","金額","translated"
"utxo.bitcoinCash","Bitcoin Cash","Bitcoin Cash","stable-term"
"utxo.ft","FT","FT","stable-term"
"utxo.height","Height","高度","translated"
"utxo.loading","Loading UTXOs…","正在載入 UTXO…","translated"
"utxo.name","Name","名稱","translated"
"utxo.nft","NFT","NFT","stable-term"
"utxo.none","No UTXOs to display.","沒有可顯示的 UTXO。","translated"
"utxo.pos","Pos","位置","translated"
"utxo.tokens","tokens","代幣","stable-term"
"utxo.txHash","Tx Hash","交易雜湊","translated"
"walkthrough.label","Walkthrough","逐步導覽","translated"
"watchOnly.accountXpub","Account xPub","帳戶 xPub","translated"
"watchOnly.back","Back to wallets","返回錢包","translated"
"watchOnly.change","Change #{index}","找零 #{index}","translated"
"watchOnly.chipnet","Chipnet","Chipnet","stable-term"
"watchOnly.comingNext","Coming next","即將推出","translated"
"watchOnly.description","Inspect public BCH addresses without importing any private keys.","不匯入任何私密金鑰即可檢視公開 BCH 地址。","translated"
"watchOnly.mainnet","Mainnet","Mainnet","stable-term"
"watchOnly.multipleCosigners","Multiple cosigners","多位共同簽署者","translated"
"watchOnly.multisign","Multisign","多重簽署","translated"
"watchOnly.network","Network","網路","translated"
"watchOnly.pathNote","Confirm that SeedCash exported this account at m/44'/145'/account'. A standalone BIP32 xPub cannot prove its parent purpose or coin path.","確認 SeedCash 將此帳戶匯出至 m/44’/145’/account’。獨立的 BIP32 xPub 無法證明父目的或 coin 路徑。","translated"
"watchOnly.previewPublic","Preview public addresses","預覽公開地址","translated"
"watchOnly.previewTitle","Public address preview","公開地址預覽","translated"
"watchOnly.receive","Receive #{index}","接收 #{index}","translated"
"watchOnly.scanCamera","Scan (camera)","掃描（相機）","translated"
"watchOnly.standard","Standard","標準","stable-term"
"watchOnly.title","Watch-Only Wallet Preview","唯讀錢包預覽","translated"
"watchOnly.type","Watch-only wallet type","唯讀錢包類型","translated"
"watchOnly.uploadQr","Upload QR","上傳 QR","translated"
"watchOnly.warning","Public preview only: this screen does not save a watch-only wallet or create, sign, import, or broadcast PSBT transactions yet.","僅限公開預覽：此畫面尚未儲存唯讀錢包，也不會建立、簽署、匯入或廣播 PSBT 交易。","translated"
"watchOnly.xpubPlaceholder","Paste the xPub exported by SeedCash","貼上 SeedCash 匯出的 xPub","translated"
"wc.activeSessions","Active WalletConnect Sessions","作用中的 WalletConnect 工作階段","translated"
"wc.address","Address","地址","translated"
"wc.approvalFailedBody","Failed to approve the session request from {name}.","無法核准來自 {name} 的工作階段請求。","translated"
"wc.approvalFailedTitle","WalletConnect approval failed","WalletConnect 核准失敗","translated"
"wc.approve","Approve","核准","translated"
"wc.approvedBody","Connected to {name}.","已連線至 {name}。","translated"
"wc.approvedTitle","WalletConnect session approved","WalletConnect 工作階段已核准","translated"
"wc.approveSession","Approve Session","核准工作階段","translated"
"wc.broadcast","Broadcast","廣播","translated"
"wc.broadcastLocked","Another outgoing transaction is still syncing. To avoid duplicates while you are offline, this wallet will only broadcast one unresolved transaction at a time.","另一筆傳出交易仍在同步。為避免離線時重複，錢包一次只會廣播一筆未解決的交易。","translated"
"wc.cancel","Cancel","取消","translated"
"wc.close","Close","關閉","translated"
"wc.connect","Connect","連線","translated"
"wc.connectionUri","Connection URI","連線 URI","translated"
"wc.dappName","DApp Name","dApp 名稱","translated"
"wc.disconnect","Disconnect","中斷連線","translated"
"wc.disconnectsOn","Disconnects On","中斷時間","translated"
"wc.domain","Domain","網域","translated"
"wc.enterUri","Enter WalletConnect URI","輸入 WalletConnect URI","translated"
"wc.estimatedFee","Estimated Fee","預估費用","translated"
"wc.fungibleAmount","Fungible Amount","可替代數量","translated"
"wc.index","Index","索引","stable-term"
"wc.inputs","Inputs ({count})","輸入（{count}）","translated"
"wc.invalidLockingBytecode","Invalid locking bytecode","無效的鎖定 bytecode","translated"
"wc.invalidQr","Not a valid WalletConnect URI.","不是有效的 WalletConnect URI。","translated"
"wc.messageApprovedBody","Approved the WalletConnect message request.","WalletConnect 訊息請求已核准。","translated"
"wc.messageFailedBody","Failed to sign WalletConnect message request.","無法簽署 WalletConnect 訊息請求。","translated"
"wc.messageFailedTitle","WalletConnect message failed","WalletConnect 訊息失敗","translated"
"wc.messageRejectedBody","Rejected the WalletConnect message request.","已拒絕 WalletConnect 訊息請求。","translated"
"wc.messageRejectedTitle","WalletConnect message rejected","WalletConnect 訊息已拒絕","translated"
"wc.messageRejectFailedBody","Failed to reject WalletConnect message request.","無法拒絕 WalletConnect 訊息請求。","translated"
"wc.messageSignedBody","Approved request from {name}.","已核准來自 {name} 的請求。","translated"
"wc.messageSignedTitle","WalletConnect message signed","WalletConnect 訊息已簽署","translated"
"wc.messageToSign","Message to Sign","要簽署的訊息","translated"
"wc.nftCapability","NFT Capability","NFT 能力","translated"
"wc.nftCommitment","NFT Commitment","NFT 承諾","translated"
"wc.no","No","否","translated"
"wc.noActiveSessions","No active WalletConnect sessions yet.","尚無作用中的 WalletConnect 工作階段。","translated"
"wc.noQr","No QR code detected. Try again.","未偵測到 QR 碼。請再試一次。","translated"
"wc.noSessions","No active sessions.","沒有作用中的工作階段。","translated"
"wc.opReturnOutput","OP_RETURN Output","OP_RETURN 輸出","translated"
"wc.outputs","Outputs ({count})","輸出（{count}）","translated"
"wc.pairingStarted","WalletConnect pairing started.","WalletConnect 配對已開始。","translated"
"wc.pairingSuccessful","WalletConnect pairing successful via QR.","已透過 QR 完成 WalletConnect 配對。","translated"
"wc.prompt","Prompt","請求","translated"
"wc.reject","Reject","拒絕","translated"
"wc.rejectedBody","Rejected the session request from {name}.","已拒絕來自 {name} 的工作階段請求。","translated"
"wc.rejectedTitle","WalletConnect session rejected","WalletConnect 工作階段已拒絕","translated"
"wc.rejectionFailedBody","Failed to reject the session request from {name}.","無法拒絕來自 {name} 的工作階段請求。","translated"
"wc.rejectionFailedTitle","WalletConnect rejection failed","WalletConnect 拒絕失敗","translated"
"wc.rejectionSentBody","Sent the rejection response to the dApp.","已將拒絕回應傳送給 dApp。","translated"
"wc.rejectionStaleBody","The dApp disconnected before the rejection response could be delivered.","dApp 在拒絕回應送達前已中斷連線。","translated"
"wc.requestExpiredBody","The dApp request expired before it could be completed.","dApp 請求在完成前已過期。","translated"
"wc.requestExpiredTitle","WalletConnect request expired","WalletConnect 請求已過期","translated"
"wc.scanFailed","WalletConnect scan failed.","WalletConnect 掃描失敗。","translated"
"wc.scanQr","Scan QR","掃描 QR","translated"
"wc.sessionDisconnectedBody","A WalletConnect session was disconnected remotely.","一個 WalletConnect 工作階段已由遠端中斷。","translated"
"wc.sessionDisconnectedFrom","Disconnected from {name}.","已與 {name} 中斷連線。","translated"
"wc.sessionDisconnectedTitle","WalletConnect session disconnected","WalletConnect 工作階段已中斷","translated"
"wc.sessionRequestExpiredBody","The WalletConnect session request timed out before approval.","WalletConnect 工作階段請求在核准前逾時。","translated"
"wc.sessionRequestExpiredTitle","WalletConnect session request expired","WalletConnect 工作階段請求已過期","translated"
"wc.sessionRequestFrom","Session request from {name}.","來自 {name} 的工作階段請求。","translated"
"wc.sessionRequestGeneric","A dApp requested a WalletConnect session.","dApp 請求 WalletConnect 工作階段。","translated"
"wc.sessionRequestTitle","WalletConnect session request","WalletConnect 工作階段請求","translated"
"wc.settings","Settings","設定","translated"
"wc.sign","Sign","簽署","translated"
"wc.signMessageRequest","Sign Message Request","簽署訊息請求","translated"
"wc.signTransactionRequest","Sign Transaction Request","簽署交易請求","translated"
"wc.tokenCategory","Token Category","代幣類別","translated"
"wc.totalInput","Total Input","輸入總計","translated"
"wc.totalOutput","Total Output","輸出總計","translated"
"wc.transactionApprovedTitle","WalletConnect transaction approved","WalletConnect 交易已核准","translated"
"wc.transactionFailedBody","Failed to sign WalletConnect transaction request: {message}","無法簽署 WalletConnect 交易請求：{message}","translated"
"wc.transactionFailedTitle","WalletConnect transaction failed","WalletConnect 交易失敗","translated"
"wc.transactionRejectedTitle","WalletConnect transaction rejected","WalletConnect 交易已拒絕","translated"
"wc.transactionRejectionFailedBody","Failed to reject WalletConnect transaction request: {message}","無法拒絕 WalletConnect 交易請求：{message}","translated"
"wc.transactionResponseSentBody","Sent the WalletConnect transaction response.","已傳送 WalletConnect 交易回應。","translated"
"wc.transactionSentBody","Sent the transaction response to {name}.","已將交易回應傳送給 {name}。","translated"
"wc.transactionStaleBody","The dApp disconnected before the transaction response could be delivered.","dApp 在交易回應送達前已中斷連線。","translated"
"wc.txid","TXID","TXID","stable-term"
"wc.unknownDapp","Unknown dApp","未知 dApp","translated"
"wc.unsupportedTransaction","This request uses an unsupported transaction representation in the current OPTN Wallet integration.","此請求使用目前 OPTN Wallet 整合不支援的交易表示方式。","translated"
"wc.validUri","Please provide a valid WalletConnect URI.","請提供有效的 WalletConnect URI。","translated"
"wc.waitingForSync","Waiting for sync","等待同步","translated"
"wc.waitPrevious","Wait for the previous outgoing transaction to sync first","請先等待上一筆傳出交易同步","translated"
"wc.working","Working…","處理中…","translated"
"wc.yes","Yes","是","translated"
"wizard.activeSessions","Active WizardConnect Sessions","作用中的 WizardConnect 工作階段","translated"
"wizard.address","Address","地址","translated"
"wizard.approve","Approve WizardConnect","核准 WizardConnect","translated"
"wizard.approved","WizardConnect transaction approved and sent.","WizardConnect 交易已核准並傳送。","translated"
"wizard.approveFailed","WizardConnect transaction failed: {message}","WizardConnect 交易失敗：{message}","translated"
"wizard.broadcast","Broadcast","廣播","translated"
"wizard.cancel","Cancel","取消","translated"
"wizard.close","Close","關閉","translated"
"wizard.connect","Connect","連線","translated"
"wizard.connectedOn","Connected On","連線時間","translated"
"wizard.connecting","Connecting…","連線中…","translated"
"wizard.connectionUri","Connection URI","連線 URI","translated"
"wizard.connectQuestion","Connect this wallet to the following WizardConnect request?","要將此錢包連線至以下 WizardConnect 請求嗎？","translated"
"wizard.dapp","DApp","dApp","stable-term"
"wizard.disconnect","Disconnect","中斷連線","translated"
"wizard.enterUri","Enter WizardConnect URI","輸入 WizardConnect URI","translated"
"wizard.errorPrefix","Error: {message}","錯誤：{message}","translated"
"wizard.estimatedFee","Estimated Fee","預估費用","translated"
"wizard.fungibleAmount","Fungible Amount","可替代數量","translated"
"wizard.index","Index","索引","stable-term"
"wizard.invalidQr","Not a valid WizardConnect QR code.","不是有效的 WizardConnect QR。","translated"
"wizard.no","No","否","translated"
"wizard.noActiveSessions","No active WizardConnect sessions yet.","尚無作用中的 WizardConnect 工作階段。","translated"
"wizard.noQr","No QR code detected. Try again.","未偵測到 QR 碼。請再試一次。","translated"
"wizard.noWallet","No active wallet is available for WizardConnect.","沒有可供 WizardConnect 使用的作用中錢包。","translated"
"wizard.opReturnOutput","OP_RETURN Output","OP_RETURN 輸出","translated"
"wizard.pairingStarted","WizardConnect pairing started.","WizardConnect 配對已開始。","translated"
"wizard.prompt","Prompt","請求","translated"
"wizard.rejected","WizardConnect transaction rejected.","WizardConnect 交易已拒絕。","translated"
"wizard.rejectFailed","WizardConnect rejection failed: {message}","WizardConnect 拒絕失敗：{message}","translated"
"wizard.scanFailed","WizardConnect scan failed.","WizardConnect 掃描失敗。","translated"
"wizard.sessionDisconnectedOrExpired","A WizardConnect session disconnected or expired on the dApp side.","WizardConnect 工作階段已在 dApp 端中斷或過期。","translated"
"wizard.settings","Settings","設定","translated"
"wizard.sign","Sign","簽署","translated"
"wizard.signRequest","WizardConnect Sign Request","WizardConnect 簽署請求","translated"
"wizard.status","Status","狀態","stable-term"
"wizard.tokenCategory","Token Category","代幣類別","translated"
"wizard.totalInput","Total Input","輸入總計","translated"
"wizard.totalOutput","Total Output","輸出總計","translated"
"wizard.txid","TXID","TXID","stable-term"
"wizard.unknownDapp","Unknown dApp","未知 dApp","translated"
"wizard.unsupportedTransaction","This request uses an unsupported transaction representation in the current OPTN Wallet integration.","此請求使用目前 OPTN Wallet 整合不支援的交易表示方式。","translated"
"wizard.validUri","Please provide a valid WizardConnect URI.","請提供有效的 WizardConnect URI。","translated"
"wizard.yes","Yes","是","translated"
