"key","English (en)","Spanish (es)","Chinese (Simplified) (zh-CN)"
"about.building","Building and Sending Transactions","Crear y enviar transacciones","构建和发送交易"
"about.buildingText","Construct transactions with custom covenant conditions such as time locks, multisignature requirements, or allowlisted addresses.","Construye transacciones con condiciones covenant personalizadas, como bloqueos temporales, requisitos multifirma o direcciones permitidas.","使用自定义 covenant 条件构建交易，例如时间锁、多签要求或允许的地址。"
"about.cashscriptExamples","CashScript Covenant Examples","Ejemplos de covenants de CashScript","CashScript Covenant 示例"
"about.cashscriptGuide","CashScript - Writing Covenants & Introspection","CashScript - Escritura de covenants e introspección","CashScript - 编写 Covenant 与自省"
"about.cointelegraph","Cointelegraph - What are Bitcoin covenants, and how do they work?","Cointelegraph - ¿Qué son los covenants de Bitcoin y cómo funcionan?","Cointelegraph - 什么是 Bitcoin Covenant，它们如何工作？"
"about.community","Community Feedback","Comentarios de la comunidad","社区反馈"
"about.communityText","Built with input from beta testers and real user needs.","Creada con aportes de usuarios beta y necesidades reales.","根据测试用户的反馈和真实需求构建。"
"about.creating","Creating and Importing Wallets","Crear e importar billeteras","创建和导入钱包"
"about.creatingText","Create new wallets or import existing ones using standard formats compatible with other Bitcoin wallets.","Crea billeteras nuevas o importa las existentes con formatos estándar compatibles con otras billeteras Bitcoin.","使用与其他 Bitcoin 钱包兼容的标准格式创建新钱包或导入现有钱包。"
"about.feedback","Feedback and Support","Comentarios y soporte","反馈与支持"
"about.feedbackText","Your feedback helps us improve OPTN Wallet. For suggestions, issues, or support, contact us at","Tus comentarios nos ayudan a mejorar OPTN Wallet. Para sugerencias, problemas o soporte, escríbenos a","你的反馈有助于改进 OPTN Wallet。如有建议、问题或需要支持，请联系"
"about.flexibility","Flexibility","Flexibilidad","灵活性"
"about.flexibilityText","Tailor your wallet experience with custom transaction conditions.","Adapta tu experiencia con condiciones de transacción personalizadas.","使用自定义交易条件调整钱包体验。"
"about.intended","Intended Use","Uso previsto","适用范围"
"about.intendedText","OPTN is ready to help you manage digital assets with advanced covenant features, whether you are handling personal funds or exploring Bitcoin covenants.","OPTN está lista para ayudarte a gestionar activos digitales con funciones covenant avanzadas, tanto si manejas fondos personales como si exploras los covenants de Bitcoin.","OPTN 可帮助你使用高级 covenant 功能管理数字资产，无论是管理个人资金还是探索 Bitcoin covenant。"
"about.intuitive","Intuitive Design","Diseño intuitivo","直观设计"
"about.intuitiveText","A user-friendly interface that makes asset management approachable for beginners.","Una interfaz sencilla que facilita la gestión de activos incluso a principiantes.","友好的界面让初学者也能轻松管理资产。"
"about.keyFeatures","Key Features","Funciones principales","主要功能"
"about.learn","Learn More About Bitcoin Covenants","Aprende más sobre los covenants de Bitcoin","进一步了解 Bitcoin Covenant"
"about.learnText","Explore these resources to deepen your understanding of Bitcoin covenants:","Explora estos recursos para comprender mejor los covenants de Bitcoin:","通过以下资源加深对 Bitcoin covenant 的理解："
"about.overview","Overview","Descripción general","概览"
"about.overviewText","The OPTN Wallet App gives you direct control and security over your digital assets. Bitcoin covenants let you set custom rules for how funds can be spent, so your wallet can match your preferences.","OPTN Wallet te ofrece control directo y seguridad sobre tus activos digitales. Los covenants de Bitcoin permiten definir reglas personalizadas para gastar fondos y adaptar la billetera a tus preferencias.","OPTN Wallet 为你提供对数字资产的直接控制和安全保护。Bitcoin covenant 允许你为资金使用设置自定义规则，让钱包符合你的偏好。"
"about.security","Security","Seguridad","安全"
"about.securityText","Bitcoin covenant features help protect assets from unauthorized transactions.","Las funciones de covenant de Bitcoin ayudan a proteger los activos frente a transacciones no autorizadas.","Bitcoin covenant 功能有助于保护资产免受未经授权的交易影响。"
"about.unmatched","Unmatched Security","Seguridad incomparable","出色的安全性"
"about.unmatchedText","Define exactly how funds can be spent with Bitcoin covenants.","Define exactamente cómo pueden gastarse los fondos con covenants de Bitcoin.","通过 Bitcoin covenant 明确定义资金的使用方式。"
"about.viewing","Viewing Covenants","Consultar covenants","查看 Covenant"
"about.viewingText","Review the rules that govern transactions so you can understand how your funds are protected.","Revisa las reglas que gobiernan las transacciones para entender cómo se protegen tus fondos.","查看交易规则，了解资金如何受到保护。"
"about.why","Why Choose OPTN Wallet?","¿Por qué elegir OPTN Wallet?","为什么选择 OPTN Wallet？"
"about.wiki","Bitcoin Covenants Wiki","Wiki de Bitcoin Covenants","Bitcoin Covenant Wiki"
"actions.advanced","Advanced","Avanzadas","进阶"
"actions.advancedActions","Advanced Actions","Acciones avanzadas","进阶操作"
"actions.basic","Basic","Básicas","基础"
"actions.basicActions","Basic Actions","Acciones básicas","基础操作"
"actions.cashTokens","CashTokens","CashTokens","CashTokens"
"actions.cashTokensDescription","Manage token families","Gestionar familias de tokens","管理代币系列"
"actions.commonWalletTasks","Common wallet tasks","Tareas comunes de la billetera","常用钱包任务"
"actions.contracts","Contracts","Contratos","合约"
"actions.contractsDescription","Manage contract instances","Gestionar instancias de contratos","管理合约实例"
"actions.deeperTools","Deeper tools and workflows","Herramientas y flujos avanzados","深入工具和工作流"
"actions.newAddress","New Address","Nueva dirección","新地址"
"actions.newAddressDescription","Generate a new address","Generar una nueva dirección","生成新地址"
"actions.quantumroot","Quantumroot","Quantumroot","Quantumroot"
"actions.quantumrootBadge","Beta production","Beta de producción","生产测试版"
"actions.quantumrootDescription","Quantum-ready vaults","Bóvedas preparadas para lo cuántico","面向量子的保险库"
"actions.receive","Receive","Recibir","接收"
"actions.receiveDescription","Receive BCH or CashTokens","Recibir BCH o CashTokens","接收 BCH 或 CashTokens"
"actions.scanQr","Scan QR","Escanear QR","扫描二维码"
"actions.scanQrDescription","Sweep paper wallets","Barrer billeteras de papel","扫描纸钱包"
"actions.send","Send","Enviar","发送"
"actions.sendDescription","Send BCH or CashTokens","Enviar BCH o CashTokens","发送 BCH 或 CashTokens"
"actions.subtitle","Simple wallet actions for everyday use","Acciones sencillas para el uso diario","日常使用的钱包快捷操作"
"actions.taskMode","Task mode","Modo de tareas","任务模式"
"actions.taskModeDescription","Basic tasks first, advanced tools one step deeper","Primero las tareas básicas; las herramientas avanzadas están un nivel más abajo","先处理基础任务，进阶工具位于下一层"
"actions.title","Actions","Acciones","操作"
"actions.transactionBuilder","Transaction Builder","Constructor de transacciones","交易构建器"
"actions.transactionBuilderDescription","Build custom transactions","Crear transacciones personalizadas","构建自定义交易"
"actions.walletConnect","WalletConnect","WalletConnect","WalletConnect"
"actions.walletConnectDescription","Manage dApp sessions","Gestionar sesiones de dApps","管理 dApp 会话"
"actions.wizardConnect","WizardConnect","WizardConnect","WizardConnect"
"actions.wizardConnectDescription","XPub-key-enabled dApp sessions","Sesiones de dApps con XPub","支持 XPub 的 dApp 会话"
"addons.description","Addons run in a sandboxed frame with no access to your wallet's keys or memory — they can only do what the permissions you approve allow.","Los complementos se ejecutan en un marco aislado sin acceso a las claves ni a la memoria de tu billetera; solo pueden hacer lo que permitan los permisos que apruebes.","插件在沙盒框架中运行，无法访问钱包密钥或内存；它们只能执行你批准的权限允许的操作。"
"addons.desktopOnly","Installing addons from a folder is only available on desktop.","La instalación de complementos desde una carpeta solo está disponible en escritorio.","只能在桌面端从文件夹安装插件。"
"addons.installed","Installed addons","Complementos instalados","已安装的插件"
"addons.installedStatus","Installed “{name}”. Restart the app to load it.","Se instaló “{name}”. Reinicia la aplicación para cargarlo.","已安装“{name}”。重启应用以加载它。"
"addons.installFolder","Install from folder…","Instalar desde carpeta…","从文件夹安装…"
"addons.installing","Installing…","Instalando…","安装中…"
"addons.none","No addons installed.","No hay complementos instalados.","未安装插件。"
"addons.uninstall","Uninstall","Desinstalar","卸载"
"addons.uninstalledStatus","Uninstalled. Restart the app for it to fully disappear.","Desinstalado. Reinicia la aplicación para que desaparezca por completo.","已卸载。重启应用后才会完全消失。"
"app.back","Back","Atrás","返回"
"app.close","Close","Cerrar","关闭"
"app.confirmLogout","Confirm Logout","Confirmar cierre de sesión","确认退出"
"app.confirmLogoutDescription","Confirm logout to remove this wallet from the device.","Confirma el cierre de sesión para eliminar esta billetera del dispositivo.","确认退出以从设备中移除此钱包。"
"app.help","Help","Ayuda","帮助"
"app.language","Language","Idioma","语言"
"app.languageDescription","Choose the wallet interface language","Elige el idioma de la interfaz","选择钱包界面语言"
"app.logOut","Log Out","Cerrar sesión","退出登录"
"app.quickAccess","Quick access","Acceso rápido","快捷访问"
"app.settings","Settings","Configuración","设置"
"app.toggleTheme","Toggle theme","Cambiar tema","切换主题"
"appLock.cancel","Cancel","Cancelar","取消"
"appLock.checking","Checking…","Comprobando…","检查中…"
"appLock.confirm","Confirm","Confirmar","确认"
"appLock.confirmPassword","Confirm password","Confirmar contraseña","确认密码"
"appLock.incorrect","Incorrect passphrase. Try again.","La contraseña es incorrecta. Inténtalo de nuevo.","密码不正确，请重试。"
"appLock.password","Password","Contraseña","密码"
"appLock.revealBackup","Enter your password to reveal the backup phrase.","Introduce tu contraseña para revelar la frase de respaldo.","输入密码以显示备份短语。"
"appLock.verificationFailed","Verification failed. Please try again.","Falló la verificación. Inténtalo de nuevo.","验证失败，请重试。"
"apps.advanced","Advanced","Avanzadas","高级"
"apps.all","All","Todas","全部"
"apps.browse","Browse apps","Explorar aplicaciones","浏览应用"
"apps.browseSubtitle","Wallet first, then tokens, utils, and advanced platforms","Primero la billetera, luego tokens, utilidades y plataformas avanzadas","先看钱包，再看代币、工具和高级平台"
"apps.cashFusionDescription","Private CoinJoin — server or P2P over Nostr + Tor","CoinJoin privado — servidor o P2P mediante Nostr + Tor","私密 CoinJoin — 通过服务器或 Nostr + Tor 使用 P2P"
"apps.chatDescription","Private end-to-end encrypted Nostr messaging","Mensajería privada de Nostr cifrada de extremo a extremo","Nostr 端到端加密私密消息"
"apps.comingSoon","Coming soon","Próximamente","即将推出"
"apps.contractsDescription","Browse artifacts and manage deployed instances","Explora artefactos y gestiona instancias desplegadas","浏览合约构件并管理已部署实例"
"apps.empty","No apps in this category.","No hay aplicaciones en esta categoría.","此类别中没有应用。"
"apps.loadFailed","Failed to load addon apps","No se pudieron cargar las aplicaciones adicionales","加载插件应用失败"
"apps.quantumrootDescription","Receive and recovery tools for advanced vaults","Herramientas de recepción y recuperación para bóvedas avanzadas","高级金库的收款和恢复工具"
"apps.subtitle","Extend your wallet with tools","Amplía tu billetera con herramientas","使用工具扩展钱包"
"apps.title","Apps","Aplicaciones","应用"
"apps.token","Token","Token","代币"
"apps.utils","Utils","Utilidades","工具"
"apps.wallet","Wallet","Billetera","钱包"
"assets.bitcoinCash","Bitcoin Cash","Bitcoin Cash","Bitcoin Cash"
"assets.cashTokenHoldings","CashToken holdings","Tenencias de CashTokens","CashToken 持仓"
"assets.categories","categories","categorías","类别"
"assets.chipnet","Chipnet","Chipnet","Chipnet"
"assets.fungible","fungible","fungibles","同质化"
"assets.fungibleHoldings","Fungible token holdings","Tenencias de tokens fungibles","同质化代币持仓"
"assets.mintingNfts","Minting NFTs","NFTs de acuñación","铸造型 NFT"
"assets.mintingNftsDescription","Authority to mint additional NFTs in this category","Autoridad para crear NFT adicionales en esta categoría","拥有在此类别中铸造更多 NFT 的权限"
"assets.mintTokens","Mint Tokens","Crear tokens","铸造代币"
"assets.mutableNfts","Mutable NFTs","NFTs mutables","可变 NFT"
"assets.mutableNftsDescription","Commitment may be changed by the holder","El titular puede cambiar el compromiso","持有者可以更改承诺值"
"assets.nfts","NFTs","NFTs","NFT"
"assets.noFungibleTokens","No fungible CashTokens found.","No se encontraron CashTokens fungibles.","未找到同质化 CashToken。"
"assets.noNfts","No NFTs found.","No se encontraron NFT.","未找到 NFT。"
"assets.nonFungibleHoldings","Non-fungible holdings","Tenencias no fungibles","非同质化资产持仓"
"assets.plainNfts","Plain NFTs","NFTs simples","普通 NFT"
"assets.plainNftsDescription","Fixed commitment; cannot be changed or used to mint","Compromiso fijo; no se puede cambiar ni usar para crear tokens","承诺值固定，无法更改或用于铸造"
"assets.primaryBalance","Primary wallet balance","Saldo principal de la billetera","钱包主余额"
"assets.quantumroot","Quantumroot","Quantumroot","Quantumroot"
"assets.quickInventory","Quick view of your wallet inventory","Vista rápida del inventario de tu billetera","快速查看钱包资产"
"assets.tabBch","BCH","BCH","BCH"
"assets.tabNfts","NFTs","NFTs","NFT"
"assets.tabTokens","Tokens","Tokens","代币"
"assets.title","Assets","Activos","资产"
"assets.toggleBalance","Toggle BCH and USD balance","Cambiar entre saldo BCH y USD","切换 BCH 和 USD 余额"
"assets.units","units","unidades","单位"
"assets.usdPriceUnavailable","USD price unavailable","Precio en USD no disponible","USD 价格不可用"
"assets.usdUnavailable","USD unavailable","USD no disponible","USD 不可用"
"bip37.addressesWithCoins","address(es) with coins","dirección(es) con monedas","个有余额的地址"
"bip37.blocks","blocks","bloques","个区块"
"bip37.fromNode","BCH from the node ✓","BCH del nodo ✓","来自节点的 BCH ✓"
"bip37.height","height","altura","高度"
"bip37.inUse","● in use","● en uso","● 使用中"
"bip37.node","Node","Nodo","节点"
"bip37.notServes","Does not serve BIP37 ✗ (bloom filtering off)","No sirve BIP37 ✗ (filtrado Bloom desactivado)","不支持 BIP37 ✗（Bloom 过滤已关闭）"
"bip37.probe","Probe","Probar","探测"
"bip37.probing","Probing…","Comprobando…","探测中…"
"bip37.protocol","protocol","protocolo","协议"
"bip37.remove","Remove","Eliminar","移除"
"bip37.scanned","scanned","explorados","已扫描"
"bip37.serves","Serves BIP37 ✓","Sirve BIP37 ✓","支持 BIP37 ✓"
"bip37.sync","Sync","Sincronizar","同步"
"bip37.syncing","Syncing…","Sincronizando…","同步中…"
"bip37.syncingDetails","Syncing headers + scanning blocks via the node…","Sincronizando encabezados y explorando bloques mediante el nodo…","正在同步区块头并通过节点扫描区块…"
"bip37.use","Use","Usar","使用"
"bip37.useBalanceTitle","Derive this wallet's balance directly from the node (trustless SPV)","Derivar directamente del nodo el saldo de esta billetera (SPV sin confianza)","直接从节点推导钱包余额（无需信任的 SPV）"
"bip37.useNodeTitle","Use ONLY this node for wallet data (trustless; Electrum servers are not consulted)","Usar SOLO este nodo para los datos de la billetera (sin confianza; no se consultan servidores Electrum)","仅使用此节点获取钱包数据（无需信任；不会查询 Electrum 服务器）"
"bip37.verified","Verified trustlessly: every matched tx proven by its block's merkle proof.","Verificado sin confianza: cada transacción coincidente está demostrada por la prueba de Merkle de su bloque.","已验证，无需信任：每笔匹配交易都由其区块的 Merkle 证明确认。"
"bip37.watching","watching","observando","监视"
"builder.addFirstRecipient","Add your first recipient","Añade tu primer destinatario","添加第一个收款人"
"builder.addOpReturnOutput","Add OP_RETURN Output","Añadir salida OP_RETURN","添加 OP_RETURN 输出"
"builder.addOutput","Add Output","Añadir salida","添加输出"
"builder.addRecipient","Add recipient","Añadir destinatario","添加收款人"
"builder.addRecipients","Add recipients","Añade destinatarios","添加收款人"
"builder.addRecipientsDescription","Add BCH recipients, token transfers, collectibles, or an optional message output.","Añade destinatarios de BCH, transferencias de tokens, coleccionables o un mensaje opcional.","添加 BCH 收款人、代币转账、收藏品或可选的消息输出。"
"builder.address","Address","Dirección","地址"
"builder.amount","Amount","Importe","金额"
"builder.amountToSend","Amount to send","Importe a enviar","发送金额"
"builder.attachMessage","Attach message","Adjuntar mensaje","附加消息"
"builder.back","Back","Atrás","返回"
"builder.bchAddress","BCH address","Dirección BCH","BCH 地址"
"builder.bchAmountSats","BCH amount (sats)","Importe BCH (satoshis)","BCH 金额（sat）"
"builder.bchFunds","BCH funds","Fondos BCH","BCH 资金"
"builder.broadcastedSuccess","Your transaction was broadcast successfully!","¡Tu transacción se transmitió correctamente!","交易已成功广播！"
"builder.buildTransaction","Build Transaction","Crear transacción","构建交易"
"builder.buildTx","Build TX","Crear TX","构建 TX"
"builder.capability","Capability","Capacidad","能力"
"builder.category","Category","Categoría","类别"
"builder.chooseSource","Choose a source","Elige un origen","选择来源"
"builder.chooseSourceDescription","Pick wallet addresses for normal sends, or contracts for script spends.","Elige direcciones de la billetera para envíos normales o contratos para scripts.","普通发送请选择钱包地址，脚本花费请选择合约。"
"builder.chooseSourceHelp","Choose source","Elegir origen","选择来源"
"builder.close","Close","Cerrar","关闭"
"builder.collectibleAmount","Collectible amount","Importe del coleccionable","收藏品数量"
"builder.commitment","Commitment","Compromiso","承诺值"
"builder.configureCollectible","Configure collectible","Configurar coleccionable","配置收藏品"
"builder.confirmAndSend","Confirm and Send Transaction","Confirmar y enviar transacción","确认并发送交易"
"builder.confirmTransaction","Confirm Transaction","Confirmar transacción","确认交易"
"builder.contract","Contract","Contrato","合约"
"builder.contractAddress","Contract address","Dirección del contrato","合约地址"
"builder.contractAssets","Contract assets","Activos del contrato","合约资产"
"builder.contractFunction","Contract Function","Función del contrato","合约函数"
"builder.contractFunds","Contract funds","Fondos del contrato","合约资金"
"builder.contracts","Contracts","Contratos","合约"
"builder.contractSourceCount","{count} contract source(s)","{count} origen(es) de contrato","合约来源 {count} 个"
"builder.contractSourcePlural","{count} contract sources","{count} orígenes de contrato","合约来源 {count} 个"
"builder.contractSources","Contract sources","Orígenes de contratos","合约来源"
"builder.contractSourceSingular","{count} contract source","{count} origen de contrato","合约来源 {count} 个"
"builder.copyToClipboard","Copy to clipboard","Copiar al portapapeles","复制到剪贴板"
"builder.createCollectible","Create collectible","Crear coleccionable","创建收藏品"
"builder.createToken","Create token","Crear token","创建代币"
"builder.customSend","Custom Send","Envío personalizado","自定义发送"
"builder.decodeFailed","Unable to decode transaction. Showing raw hex:","No se pudo decodificar la transacción. Se muestra el hexadecimal sin procesar:","无法解码交易，正在显示原始十六进制："
"builder.dragToConfirm","Drag to Confirm","Arrastra para confirmar","拖动以确认"
"builder.enterTokenAmount","Enter amount (max {amount})","Introduce el importe (máximo {amount})","输入数量（最大 {amount}）"
"builder.estimatedNetworkFee","Estimated network fee","Comisión de red estimada","预计网络费用"
"builder.feeReserve","Leaving a {count} sat fee reserve.","Se reservan {count} satoshis para la comisión.","预留 {count} sat 作为费用。"
"builder.flow","Flow","Flujo","流程"
"builder.flowDescription","Pick a source, choose funds, add recipients, then preview the final transaction before sending.","Elige un origen, selecciona fondos, añade destinatarios y revisa la transacción final antes de enviarla.","选择来源、选择资金、添加收款人，然后在发送前预览最终交易。"
"builder.fundsSelected","Funds selected","Fondos seleccionados","已选资金"
"builder.fungibleAmount","Fungible Amount","Importe fungible","同质化代币数量"
"builder.fungibleTokens","Fungible Tokens","Tokens fungibles","同质化代币"
"builder.genesisCollectible","Genesis input for this collectible","Entrada génesis de este coleccionable","此收藏品的创世输入"
"builder.genesisInput","Genesis input for this token","Entrada génesis de este token","此代币的创世输入"
"builder.help","Help","Ayuda","帮助"
"builder.howWorks","How this works","Cómo funciona","使用方式"
"builder.inputs","Inputs","Entradas","输入"
"builder.leftoverBchPlaceholder","Wallet address for leftover BCH","Dirección de billetera para el BCH sobrante","剩余 BCH 的钱包地址"
"builder.max","Max","Máximo","最大值"
"builder.maxSpendable","Set to maximum spendable (leaves 2000 sats for fees)","Usar el máximo disponible (deja 2000 satoshis para comisiones)","设置为最大可用金额（为费用保留 2000 sat）"
"builder.missingUnlocker","Missing unlocker!","¡Falta el desbloqueador!","缺少解锁器！"
"builder.next","Next","Siguiente","下一步"
"builder.nftCapability","NFT Capability","Capacidad del NFT","NFT 能力"
"builder.nftCommitment","NFT Commitment","Compromiso del NFT","NFT 承诺值"
"builder.noContractAddresses","No contract addresses available.","No hay direcciones de contratos disponibles.","没有可用的合约地址。"
"builder.noFundsSelected","No funds selected yet.","Aún no se han seleccionado fondos.","尚未选择资金。"
"builder.none","None","Ninguno","无"
"builder.nonFungibleTokens","Non-Fungible Tokens","Tokens no fungibles","非同质化代币"
"builder.noOutputs","No outputs added yet.","Aún no se han añadido salidas.","尚未添加输出。"
"builder.noQrCode","No QR code detected. Please try again.","No se detectó ningún código QR. Inténtalo de nuevo.","未检测到二维码，请重试。"
"builder.noSpendableBalance","No spendable balance after fee reserve","No hay saldo disponible después de reservar la comisión","预留费用后没有可花费余额"
"builder.noUtxosSelected","No UTXOs selected.","No se han seleccionado UTXO.","尚未选择 UTXO。"
"builder.noWalletAddresses","No wallet addresses available.","No hay direcciones de billetera disponibles.","没有可用的钱包地址。"
"builder.opReturnData","OP_RETURN Data","Datos OP_RETURN","OP_RETURN 数据"
"builder.opReturnEmpty","OP_RETURN data cannot be empty.","Los datos OP_RETURN no pueden estar vacíos.","OP_RETURN 数据不能为空。"
"builder.opReturnOutput","OP_RETURN Output","Salida OP_RETURN","OP_RETURN 输出"
"builder.opReturnPlaceholder","Enter space-separated ASCII words","Introduce palabras ASCII separadas por espacios","输入以空格分隔的 ASCII 单词"
"builder.outputs","Outputs","Salidas","输出"
"builder.paperWallet","Paper Wallet","Billetera de papel","纸钱包"
"builder.paperWalletUtxos","Paper Wallet UTXOs","UTXO de la billetera de papel","纸钱包 UTXO"
"builder.pickFunds","Pick funds","Selecciona fondos","选择资金"
"builder.pickFundsDescription","Select the BCH, tokens, or collectibles that will fund this transaction.","Selecciona el BCH, los tokens o los coleccionables que financiarán esta transacción.","选择用于支付本次交易的 BCH、代币或收藏品。"
"builder.rawTransactionDetails","Raw Transaction Details","Detalles de la transacción sin procesar","原始交易详情"
"builder.ready","Ready","Listo","就绪"
"builder.recipient","{count} recipient","{count} destinatario","收款人 {count} 个"
"builder.recipientAddress","Recipient Address","Dirección del destinatario","收款人地址"
"builder.recipientCount","{count} recipients","{count} destinatarios","收款人 {count} 个"
"builder.recipients","Recipients","Destinatarios","收款人"
"builder.recipientsAdded","Recipients added","Destinatarios añadidos","已添加收款人"
"builder.remove","Remove","Eliminar","移除"
"builder.removeAllRecipients","Remove all recipients","Eliminar todos los destinatarios","移除所有收款人"
"builder.returnLeftover","Return leftover funds to","Devolver fondos sobrantes a","将剩余资金退回到"
"builder.reviewAndSend","Review and send","Revisa y envía","检查并发送"
"builder.reviewAndSendDescription","Preview first, then send only when the summary looks right.","Revisa primero y envía solo cuando el resumen sea correcto.","先预览，确认摘要无误后再发送。"
"builder.reviewFunds","Review funds","Revisar fondos","检查资金"
"builder.reviewRecipients","Review recipients","Revisar destinatarios","检查收款人"
"builder.scanQrCode","Scan QR Code","Escanear código QR","扫描二维码"
"builder.selectedFunds","Selected funds","Fondos seleccionados","已选资金"
"builder.selectedItem","{count} selected item","{count} elemento seleccionado","已选择 {count} 个项目"
"builder.selectedItems","{count} selected items","{count} elementos seleccionados","已选择 {count} 个项目"
"builder.selectGenesisInput","Select genesis input","Selecciona la entrada génesis","选择创世输入"
"builder.selectSource","Select a source to continue.","Selecciona un origen para continuar.","请选择来源继续。"
"builder.sendBch","Send BCH","Enviar BCH","发送 BCH"
"builder.sendTx","Send TX","Enviar TX","发送 TX"
"builder.sendWarning","You are about to send a transaction. Please confirm that all details are correct. This action cannot be undone.","Estás a punto de enviar una transacción. Confirma que todos los detalles sean correctos. Esta acción no se puede deshacer.","你即将发送交易，请确认所有详情正确。此操作无法撤销。"
"builder.sourcesChosen","Sources chosen","Orígenes elegidos","已选来源"
"builder.step","Step {number}","Paso {number}","步骤 {number}"
"builder.token","Token","Token","代币"
"builder.tokenAddress","Token address","Dirección de token","代币地址"
"builder.tokenAmount","Token Amount","Importe del token","代币数量"
"builder.tokenCategory","Token Category","Categoría del token","代币类别"
"builder.tokenCategoryLabel","Token Category","Categoría del token","代币类别"
"builder.tokensCollectibles","Tokens & collectibles","Tokens y coleccionables","代币和收藏品"
"builder.transactionError","Transaction Error","Error de transacción","交易错误"
"builder.transactionSubmitted","Transaction Submitted","Transacción enviada","交易已提交"
"builder.transactionSubmittedDescription","Your transaction has been submitted. Use this txid as the reference and avoid sending it again.","Tu transacción se ha enviado. Usa este txid como referencia y evita volver a enviarla.","交易已提交。请保留此 txid 作为参考，避免重复发送。"
"builder.transactionSuccessful","Transaction Successful","Transacción completada","交易成功"
"builder.transferMinimum","Transfer amount must be at least {count}.","El importe debe ser de al menos {count}.","转账金额必须至少为 {count}。"
"builder.tryAgain","Try Again","Intentar de nuevo","重试"
"builder.txHash","Tx Hash","Hash de transacción","交易哈希"
"builder.txId","TX ID","ID de TX","交易 ID"
"builder.viewExplorer","View on Explorer","Ver en el explorador","在浏览器中查看"
"builder.wallet","Wallet","Billetera","钱包"
"builder.walletAssets","Wallet assets","Activos de la billetera","钱包资产"
"builder.walletFunds","Wallet funds","Fondos de la billetera","钱包资金"
"builder.walletSourceCount","{count} wallet source(s)","{count} origen(es) de la billetera","钱包来源 {count} 个"
"builder.walletSourcePlural","{count} wallet sources","{count} orígenes de la billetera","钱包来源 {count} 个"
"builder.walletSources","Wallet sources","Orígenes de la billetera","钱包来源"
"builder.walletSourceSingular","{count} wallet source","{count} origen de la billetera","钱包来源 {count} 个"
"builder.warning","⚠️ Warning","⚠️ Advertencia","⚠️ 警告"
"camera.cancel","Cancel","Cancelar","取消"
"camera.scan","Scan QR with camera","Escanear QR con la cámara","使用相机扫描二维码"
"camera.unavailable","Camera unavailable: {error}. Use Upload instead.","Cámara no disponible: {error}. Usa Cargar en su lugar.","相机不可用：{error}。请改用上传。"
"cauldron.active","active","activas","活跃"
"cauldron.description","Detected from the active wallet receive/change/DeFi address set through the Cauldron indexer.","Detectado a partir del conjunto activo de direcciones de recepción, cambio y DeFi mediante el indexador de Cauldron.","通过 Cauldron 索引器，从当前钱包的接收、找零和 DeFi 地址集合中检测。"
"cauldron.positions","Cauldron positions","Posiciones de Cauldron","Cauldron 仓位"
"cauldron.tokenCategories","token categories","categorías de tokens","代币类别"
"chat.back","Back to conversations","Volver a conversaciones","返回会话列表"
"chat.choosePhoto","Choose photo","Elegir foto","选择照片"
"chat.copyNpub","Copy npub","Copiar npub","复制 npub"
"chat.displayName","Display name","Nombre para mostrar","显示名称"
"chat.emptyDescription","Pick a conversation, or tap + to message someone by their npub. Messages are end-to-end encrypted over Nostr.","Elige una conversación o pulsa + para escribir a alguien mediante su npub. Los mensajes están cifrados de extremo a extremo en Nostr.","选择一个会话，或点击 + 通过 npub 给某人发消息。消息通过 Nostr 端到端加密。"
"chat.encrypted","End-to-end encrypted","Cifrado de extremo a extremo","端到端加密"
"chat.messagePlaceholder","Message…","Mensaje…","消息…"
"chat.newChat","New chat","Nuevo chat","新聊天"
"chat.newConversation","New conversation","Nueva conversación","新会话"
"chat.noConversations","No conversations yet. Tap + to start one.","Aún no hay conversaciones. Pulsa + para iniciar una.","暂无会话。点击 + 开始聊天。"
"chat.noMessages","No messages yet. Say hi — messages are end-to-end encrypted.","Aún no hay mensajes. Saluda: los mensajes están cifrados de extremo a extremo.","暂无消息。打个招呼吧——消息已端到端加密。"
"chat.open","Open","Abrir","打开"
"chat.privateConversations","Your private conversations","Tus conversaciones privadas","你的私密会话"
"chat.privateMessaging","Private Nostr messaging","Mensajería privada de Nostr","Nostr 私密消息"
"chat.profile","Profile","Perfil","个人资料"
"chat.profilePublished","Profile published ✓","Perfil publicado ✓","个人资料已发布 ✓"
"chat.publishProfile","Publish profile","Publicar perfil","发布个人资料"
"chat.recipient","Recipient npub…","npub del destinatario…","收件人 npub…"
"chat.searchConversations","Search conversations","Buscar conversaciones","搜索会话"
"chat.send","Send","Enviar","发送"
"chat.setup","Nostr setup","Configurar Nostr","Nostr 设置"
"chat.title","Chat","Chat","聊天"
"chat.youPrefix","You: ","Tú: ","你："
"chat.yourNpub","Your npub","Tu npub","你的 npub"
"confirm.action","Confirm action","Confirmar acción","确认操作"
"confirm.cancel","Cancel","Cancelar","取消"
"confirm.ok","OK","Aceptar","确定"
"console.appLog","App Log","Registro de la aplicación","应用日志"
"console.clear","Clear","Borrar","清除"
"console.noEntries","No log entries yet.","Aún no hay entradas de registro.","暂无日志条目。"
"console.placeholder","method [params…]","método [parámetros…]","方法 [参数…]"
"console.rpc","Electrum RPC","RPC de Electrum","Electrum RPC"
"console.send","Send","Enviar","发送"
"console.sending","…","…","…"
"console.typeHint","Type: method param1 param2 — e.g. server.version or blockchain.headers.subscribe","Escribe: método parámetro1 parámetro2 — p. ej., server.version o blockchain.headers.subscribe","输入：方法 参数1 参数2 — 例如 server.version 或 blockchain.headers.subscribe"
"contract.arbiter","Arbiter: A trusted party who authorizes release of funds.","Árbitro: persona de confianza que autoriza la liberación de fondos.","仲裁者：授权释放资金的可信方。"
"contract.available","Available Contracts","Contratos disponibles","可用合约"
"contract.bip38","BIP38 (Password-Protected Private Keys)","BIP38 (claves privadas protegidas por contraseña)","BIP38（密码保护的私钥）"
"contract.bip38Desc","The BIP38 contract secures private keys with a password. Its UTXOs require both the correct password and a valid signature.","El contrato BIP38 protege las claves privadas con una contraseña. Sus UTXO requieren la contraseña correcta y una firma válida.","BIP38 合约使用密码保护私钥。其 UTXO 需要正确密码和有效签名才能使用。"
"contract.bip38Spending","Spending Requirements: Provide a valid owner signature and a data signature verifying the password.","Requisitos de gasto: proporciona una firma válida del propietario y una firma de datos que verifique la contraseña.","支出要求：提供有效的所有者签名和验证密码的数据签名。"
"contract.bip38UseCase","Use Case: Ideal for protecting private keys against theft or unauthorized access, especially for long-term storage.","Uso: ideal para proteger claves privadas contra robos o accesos no autorizados, especialmente para almacenamiento a largo plazo.","用途：适合防止私钥被盗或未经授权访问，尤其适用于长期存储。"
"contract.enhancedTrust","Enhanced Trust: Useful for transactions requiring multiple trusted parties.","Confianza reforzada: útil para transacciones que requieren varias partes de confianza.","增强信任：适合需要多方可信参与者的复杂交易。"
"contract.escrow","Escrow","Custodia","托管"
"contract.escrowDesc","The Escrow contract supports secure transactions between a buyer and seller with a trusted arbiter. Funds are released only with the arbiter’s approval.","El contrato de custodia permite transacciones seguras entre comprador y vendedor con un árbitro de confianza. Los fondos solo se liberan con su aprobación.","托管合约在买方、卖方和可信仲裁者之间提供安全交易。只有仲裁者批准后资金才会释放。"
"contract.escrowMS2","EscrowMS2 (Multi-Party Escrow)","EscrowMS2 (custodia multipartita)","EscrowMS2（多方托管）"
"contract.escrowMS2Desc","EscrowMS2 extends escrow with two arbiters. Funds can be released with one arbiter’s approval or both arbiters’ combined approval.","EscrowMS2 amplía la custodia con dos árbitros. Los fondos pueden liberarse con la aprobación de uno o con la aprobación conjunta de ambos.","EscrowMS2 在基础托管上支持两名仲裁者。资金可以由一名仲裁者批准，或由两名仲裁者共同批准后释放。"
"contract.escrowMS2Spending","Spending Requirements: One arbiter or both arbiters provide valid signatures, and the full amount goes to the buyer or seller.","Requisitos de gasto: uno o ambos árbitros proporcionan firmas válidas y el importe completo se envía al comprador o vendedor.","支出要求：一名或两名仲裁者提供有效签名，全部金额发送给买方或卖方。"
"contract.escrowSecurity","Security: Funds remain locked until the arbiter approves, helping prevent fraud or disputes.","Seguridad: los fondos permanecen bloqueados hasta la aprobación del árbitro, lo que ayuda a prevenir fraudes o disputas.","安全性：资金在仲裁者批准前保持锁定，有助于防止欺诈或争议。"
"contract.escrowSpending","Spending Requirements: The arbiter provides a valid signature and the full amount goes to the buyer’s or seller’s public-key-hash address.","Requisitos de gasto: el árbitro proporciona una firma válida y el importe completo se envía a la dirección hash de clave pública del comprador o vendedor.","支出要求：仲裁者提供有效签名，全部金额发送到买方或卖方的公钥哈希地址。"
"contract.howToUse","How to Use Covenant Contracts","Cómo usar contratos covenant","如何使用 Covenant 合约"
"contract.howToUseText","Open the Contracts section, choose a contract type, configure its conditions, and deploy it. To spend from contract UTXOs, meet the specific spending requirements above. Detailed instructions and examples are available in the app documentation.","Abre la sección Contratos, elige un tipo, configura sus condiciones y despliégalo. Para gastar desde los UTXO de un contrato, cumple los requisitos anteriores. La documentación de la aplicación contiene instrucciones y ejemplos detallados.","打开“合约”部分，选择合约类型，配置条件并部署。要从合约 UTXO 支出，请满足上述具体要求。应用文档提供了详细说明和示例。"
"contract.intro","Covenant contracts in the OPTN Wallet are smart contracts that enforce rules for spending digital assets. Each contract locks funds in UTXOs that can only be spent by meeting predefined conditions.","Los contratos covenant de OPTN Wallet son contratos inteligentes que imponen reglas para gastar activos digitales. Cada contrato bloquea fondos en UTXO que solo pueden gastarse al cumplir condiciones predefinidas.","OPTN Wallet 中的 covenant 合约是对数字资产支出规则进行约束的智能合约。每个合约都会将资金锁定在 UTXO 中，只有满足预定义条件才能使用。"
"contract.msvault","MSVault (Multi-Signature Vault)","MSVault (bóveda multifirma)","MSVault（多签金库）"
"contract.msvaultDesc","MSVault creates a secure shared or long-term vault requiring multiple signatures and a password. It enforces a minimum balance and time lock.","MSVault crea una bóveda compartida o de largo plazo que requiere varias firmas y una contraseña. Impone un saldo mínimo y un bloqueo temporal.","MSVault 创建用于长期或共享存储的安全金库，需要多重签名和密码，并强制最低余额和时间锁。"
"contract.msvaultSpending","Spending Requirements: Provide a valid signature and password-verified data signature while maintaining at least 4000 satoshis, or use a valid signature after the time lock expires.","Requisitos de gasto: proporciona una firma válida y una firma de datos verificada por contraseña manteniendo al menos 4000 satoshis, o usa una firma válida cuando expire el bloqueo temporal.","支出要求：提供有效签名和密码验证的数据签名，同时金库保持至少 4000 satoshis；或在时间锁到期后使用有效签名。"
"contract.msvaultUseCase","Use Case: Suitable for shared ownership or long-term storage with strict access controls.","Uso: adecuada para propiedad compartida o almacenamiento a largo plazo con controles estrictos.","用途：适合共享所有权或具有严格访问控制的长期存储。"
"contract.multipleArbiters","Multiple Arbiters: Two arbiters can authorize release of funds.","Varios árbitros: dos árbitros pueden autorizar la liberación de fondos.","多名仲裁者：两名仲裁者可以授权释放资金。"
"contract.multiSignature","Multi-Signature: Requires signatures from multiple authorized parties.","Multifirma: requiere firmas de varias partes autorizadas.","多重签名：需要多名授权方的签名。"
"contract.p2pkh","P2PKH (Pay-to-Public-Key-Hash)","P2PKH (pago a hash de clave pública)","P2PKH（支付到公钥哈希）"
"contract.p2pkhDesc","P2PKH is a standard Bitcoin script that protects UTXOs by requiring a signature from the owner of a specified public-key hash.","P2PKH es un script Bitcoin estándar que protege UTXO exigiendo una firma del propietario del hash de clave pública especificado.","P2PKH 是一种标准 Bitcoin 脚本，要求指定公钥哈希所有者签名，从而保护 UTXO 中的资金。"
"contract.p2pkhSecurity","Security: A proven and reliable method for protecting digital assets.","Seguridad: método probado y fiable para proteger activos digitales.","安全性：保护数字资产的成熟可靠方法。"
"contract.p2pkhSpending","Spending Requirements: Provide a valid signature matching the public-key hash in the contract.","Requisitos de gasto: proporciona una firma válida que coincida con el hash de clave pública del contrato.","支出要求：提供与合约中公钥哈希匹配的有效签名。"
"contract.passwordProtection","Password Protection: Encrypts your private key with a user-defined password.","Protección por contraseña: cifra la clave privada con una contraseña definida por el usuario.","密码保护：使用用户定义的密码加密私钥。"
"contract.simplicity","Simplicity: Easy to use and compatible with most Bitcoin wallets.","Simplicidad: fácil de usar y compatible con la mayoría de las billeteras Bitcoin.","简单：易于使用，并兼容大多数 Bitcoin 钱包。"
"contract.timeControl","Time-Based Control: Sets a deadline for the recipient to claim funds.","Control temporal: establece un plazo para que el destinatario reclame los fondos.","时间控制：为收款方领取资金设置期限。"
"contract.transfer","TransferWithTimeout","TransferWithTimeout","TransferWithTimeout"
"contract.transferDesc","TransferWithTimeout enables conditional transfers with a deadline. The recipient can claim funds before the timeout; the sender can reclaim them afterward.","TransferWithTimeout permite transferencias condicionales con un plazo. El destinatario puede reclamar los fondos antes del plazo y el remitente recuperarlos después.","TransferWithTimeout 支持带期限的条件转账。收款方可在超时前领取资金，发送方可在超时后收回资金。"
"contract.transferSpending","Spending Requirements: The recipient signs before the timeout; afterward, the sender can reclaim funds with a valid signature.","Requisitos de gasto: el destinatario firma antes del plazo; después, el remitente puede recuperar los fondos con una firma válida.","支出要求：收款方在超时前签名；超时后发送方可以使用有效签名收回资金。"
"contract.transferUseCase","Use Cases: Useful for subscriptions, conditional payments, or escrow-like scenarios.","Usos: útil para suscripciones, pagos condicionales o situaciones similares a una custodia.","用途：适合订阅、条件付款或类似托管的场景。"
"contractPopup.back","Back","Atrás","返回"
"contractPopup.chooseFunction","Select a function","Seleccionar una función","选择函数"
"contractPopup.enterData","Please enter data to generate the message.","Introduce datos para generar el mensaje.","请输入用于生成消息的数据。"
"contractPopup.enterMessage","Enter message for {name}","Introduce el mensaje para {name}","输入 {name} 的消息"
"contractPopup.enterValue","Enter {name}","Introduce {name}","输入 {name}"
"contractPopup.fetchFailed","Failed to fetch keys.","No se pudieron obtener las claves.","获取密钥失败。"
"contractPopup.generated","Message generated successfully!","¡Mensaje generado correctamente!","消息生成成功！"
"contractPopup.generateMessage","Generate Message","Generar mensaje","生成消息"
"contractPopup.generationFailed","Failed to generate message.","No se pudo generar el mensaje.","生成消息失败。"
"contractPopup.invalidFormat","Invalid {type} format. Please scan a valid QR code.","Formato de {type} no válido. Escanea un código QR válido.","{type} 格式无效。请扫描有效的二维码。"
"contractPopup.message","Message","Mensaje","消息"
"contractPopup.messageForCheck","message for checkdatasig","mensaje para checkdatasig","checkdatasig 消息"
"contractPopup.noKeys","No keys found for address: {address}","No se encontraron claves para la dirección: {address}","未找到地址对应的密钥：{address}"
"contractPopup.noQr","No QR code detected. Please try again.","No se detectó ningún código QR. Inténtalo de nuevo.","未检测到二维码，请重试。"
"contractPopup.scanFor","Scan QR Code for {name}","Escanear código QR para {name}","扫描 {name} 的二维码"
"contractPopup.select","Select","Seleccionar","选择"
"contractPopup.selectAddress","Select Address","Seleccionar dirección","选择地址"
"contractPopup.selected","Selected {type}","{type} seleccionado","已选择 {type}"
"contractPopup.title","Select a Function","Seleccionar una función","选择函数"
"contractView.address","Address","Dirección","地址"
"contractView.addressCopied","Address copied to clipboard!","¡Dirección copiada al portapapeles!","地址已复制到剪贴板！"
"contractView.argumentTypeInfo","Argument type info","Información del tipo de argumento","参数类型信息"
"contractView.back","Back","Atrás","返回"
"contractView.balance","Balance","Saldo","余额"
"contractView.blockHeight","Current Block Height","Altura del bloque actual","当前区块高度"
"contractView.blockHeightInfo","Blocks increment on an average interval of 10 minutes.","Los bloques aumentan en intervalos medios de 10 minutos.","区块平均每 10 分钟增加一次。"
"contractView.constructorArgs","Constructor Arguments","Argumentos del constructor","构造函数参数"
"contractView.copyFailed","Failed to copy address.","No se pudo copiar la dirección.","复制地址失败。"
"contractView.create","Create Contract","Crear contrato","创建合约"
"contractView.created","Contract created successfully!","¡Contrato creado correctamente!","合约创建成功！"
"contractView.createStep","3. Create the contract","3. Crea el contrato","3. 创建合约"
"contractView.datasigInfo","Data signature info","Información de firma de datos","数据签名信息"
"contractView.delete","Delete","Eliminar","删除"
"contractView.deleted","Contract deleted successfully!","¡Contrato eliminado correctamente!","合约删除成功！"
"contractView.deleteFailed","Failed to delete contract.","No se pudo eliminar el contrato.","删除合约失败。"
"contractView.enterMessage","Enter message for {name}","Introduce el mensaje para {name}","输入 {name} 的消息"
"contractView.enterType","Enter a value matching type: {type}.","Introduce un valor del tipo: {type}.","输入符合类型的值：{type}。"
"contractView.error","Error","Error","错误"
"contractView.fillInputs","2. Fill constructor inputs","2. Completa los argumentos del constructor","2. 填写构造函数输入"
"contractView.fillRequired","Fill in each required value before creating the contract.","Completa cada valor obligatorio antes de crear el contrato.","创建合约前请填写每个必填值。"
"contractView.hashInfo","20-byte hash (hex) of an address/public key. Use “Select Address”.","Hash de 20 bytes (hex) de una dirección/clave pública. Usa “Seleccionar dirección”.","地址/公钥的 20 字节哈希（十六进制）。使用“选择地址”。"
"contractView.howWorks","How this works","Cómo funciona","工作原理"
"contractView.instantiated","Instantiated Contracts","Contratos instanciados","已实例化合约"
"contractView.noInputs","This contract template has no constructor inputs.","Esta plantilla no tiene entradas de constructor.","此合约模板没有构造函数输入。"
"contractView.noInstances","No contract instances yet.","Aún no hay instancias de contratos.","暂无合约实例。"
"contractView.noQr","No QR code detected. Please try again.","No se detectó ningún código QR. Inténtalo de nuevo.","未检测到二维码，请重试。"
"contractView.pickTemplate","1. Pick a template","1. Elige una plantilla","1. 选择模板"
"contractView.publicKeyInfo","Public key in hex. Use “Select Address” to fill automatically.","Clave pública en hexadecimal. Usa “Seleccionar dirección” para rellenarla automáticamente.","十六进制公钥。使用“选择地址”自动填写。"
"contractView.scanQr","Scan QR Code for {name}","Escanear código QR para {name}","扫描 {name} 的二维码"
"contractView.selectAddress","Select Address","Seleccionar dirección","选择地址"
"contractView.selectContract","Select a contract","Seleccionar un contrato","选择合约"
"contractView.selectData","Please select an address and enter data to sign.","Selecciona una dirección e introduce los datos que firmarás.","请选择地址并输入要签名的数据。"
"contractView.selected","Selected {type}","{type} seleccionado","已选择 {type}"
"contractView.signature","Signature","Firma","签名"
"contractView.signatureFailed","Failed to generate signature.","No se pudo generar la firma.","生成签名失败。"
"contractView.signatureGenerated","Signature generated successfully!","¡Firma generada correctamente!","签名生成成功！"
"contractView.signingAddress","Signing address","Dirección de firma","签名地址"
"contractView.signMessage","Sign Message","Firmar mensaje","签名消息"
"contractView.title","Contracts","Contratos","合约"
"contractView.tokenAddress","Token address","Dirección del token","代币地址"
"contractView.unavailable","Unavailable","No disponible","不可用"
"contractView.update","Update","Actualizar","更新"
"contractView.updated","Contract updated successfully!","¡Contrato actualizado correctamente!","合约更新成功！"
"contractView.updateFailed","Failed to update contract.","No se pudo actualizar el contrato.","更新合约失败。"
"derivation.accountIndex","Account index","Índice de cuenta","账户索引"
"derivation.addressDerivation","Address derivation","Derivación de direcciones","地址派生"
"derivation.addressDerivationDescription","BIP44 account path used to derive this wallet.","Ruta de cuenta BIP44 usada para derivar esta billetera.","用于派生此钱包的 BIP44 账户路径。"
"derivation.bip44AccountIndex","BIP44 account index","Índice de cuenta BIP44","BIP44 账户索引"
"derivation.bip44CoinType","BIP44 coin type","Tipo de moneda BIP44","BIP44 币种类型"
"derivation.branchDescription","Hardened markers are fixed. Receive and change addresses are derived automatically from the /0/index and /1/index branches.","Los marcadores endurecidos son fijos. Las direcciones de recepción y cambio se derivan automáticamente de las ramas /0/index y /1/index.","硬化标记固定不变。接收地址和找零地址会自动从 /0/index 和 /1/index 分支派生。"
"derivation.coinType","Coin type","Tipo de moneda","币种类型"
"derivation.customize","Customize","Personalizar","自定义"
"derivation.invalidActive","The active derivation path is invalid.","La ruta de derivación activa no es válida.","当前派生路径无效。"
"derivation.invalidValues","Invalid BIP44 path values.","Los valores de la ruta BIP44 no son válidos.","BIP44 路径值无效。"
"derivation.networkDefault","Network default: {value}","Predeterminado de la red: {value}","网络默认值：{value}"
"derivation.pathDescription","The fixed BIP44 account path used by this wallet.","La ruta de cuenta BIP44 fija que usa esta billetera.","此钱包使用的固定 BIP44 账户路径。"
"derivation.pathPreview","Path preview","Vista previa de la ruta","路径预览"
"derivation.range","Enter whole numbers from 0 to {max}.","Introduce números enteros de 0 a {max}.","请输入 0 到 {max} 之间的整数。"
"derivation.required","{field} is required.","Se requiere {field}.","{field}为必填项。"
"derivation.usuallyZero","Usually 0","Normalmente 0","通常为 0"
"derivation.walletNetwork","Wallet network","Red de la billetera","钱包网络"
"derivation.walletNetworkDescription","Choose whether this wallet connects to live funds on Mainnet or test funds on Chipnet.","Elige si esta billetera se conecta a fondos reales en Mainnet o a fondos de prueba en Chipnet.","选择此钱包连接主网中的真实资金，还是 Chipnet 中的测试资金。"
"desktopMenu.about","About OPTN Wallet","Acerca de OPTN Wallet","关于 OPTN Wallet"
"desktopMenu.cannotExport","This wallet cannot be exported.","No se puede exportar esta billetera.","无法导出此钱包。"
"desktopMenu.exported","Wallet exported.","Billetera exportada.","钱包已导出。"
"desktopMenu.exportFailed","Could not export the wallet.","No se pudo exportar la billetera.","钱包导出失败。"
"desktopMenu.exportWallet","Export Wallet…","Exportar billetera…","导出钱包…"
"desktopMenu.file","File","Archivo","文件"
"desktopMenu.help","Help","Ayuda","帮助"
"desktopMenu.history","Transaction History","Historial de transacciones","交易历史"
"desktopMenu.importNewWallet","Import New Wallet","Importar billetera nueva","导入新钱包"
"desktopMenu.invalidWalletFile","That is not a valid OPTN wallet file.","Ese no es un archivo de billetera OPTN válido.","这不是有效的 OPTN 钱包文件。"
"desktopMenu.lockWallet","Lock Wallet","Bloquear billetera","锁定钱包"
"desktopMenu.noSavedWallets","No saved wallets","No hay billeteras guardadas","没有已保存的钱包"
"desktopMenu.openWallet","Open Wallet","Abrir billetera","打开钱包"
"desktopMenu.openWalletFile","Open Wallet File…","Abrir archivo de billetera…","打开钱包文件…"
"desktopMenu.quit","Quit","Salir","退出"
"desktopMenu.receive","Receive","Recibir","收款"
"desktopMenu.refreshWallet","Refresh Wallet","Actualizar billetera","刷新钱包"
"desktopMenu.send","Send","Enviar","发送"
"desktopMenu.settings","Settings","Configuración","设置"
"desktopMenu.toggleTheme","Toggle Theme","Cambiar tema","切换主题"
"desktopMenu.view","View","Ver","视图"
"desktopMenu.wallet","Wallet","Billetera","钱包"
"desktopSecurity.authenticating","Authenticating…","Autenticando…","验证中…"
"desktopSecurity.biometricFailed","Biometric unlock failed. Use your password.","Falló el desbloqueo biométrico. Usa tu contraseña.","生物识别解锁失败。请使用密码。"
"desktopSecurity.confirmPassword","Confirm password","Confirmar contraseña","确认密码"
"desktopSecurity.continue","Continue","Continuar","继续"
"desktopSecurity.enterPassword","Enter your password to unlock.","Introduce tu contraseña para desbloquearla.","输入密码以解锁钱包。"
"desktopSecurity.forgotPassword","Forgot your password? Remove the wallet and re-import your seed phrase.","¿Olvidaste tu contraseña? Elimina la billetera y vuelve a importar tu frase semilla.","忘记密码？移除钱包后重新导入种子短语。"
"desktopSecurity.incorrect","Incorrect passphrase. Please try again.","La contraseña es incorrecta. Inténtalo de nuevo.","密码不正确，请重试。"
"desktopSecurity.loading","Loading wallet…","Cargando la billetera…","正在加载钱包…"
"desktopSecurity.mismatch","Passphrases do not match.","Las contraseñas no coinciden.","两次输入的密码不一致。"
"desktopSecurity.password","Password","Contraseña","密码"
"desktopSecurity.passwordNeverStored","Your password is never stored — it derives your encryption key locally.","Tu contraseña nunca se almacena; se usa localmente para derivar la clave de cifrado.","密码不会被存储，只会在本地派生加密密钥。"
"desktopSecurity.passwordPlaceholder","Password (or leave blank)","Contraseña (o déjala vacía)","密码（可留空）"
"desktopSecurity.saveFailed","Failed to save passphrase. Please try again.","No se pudo guardar la contraseña. Inténtalo de nuevo.","保存密码失败，请重试。"
"desktopSecurity.secureWallet","Secure your wallet","Protege tu billetera","保护钱包"
"desktopSecurity.securing","Securing…","Protegiendo…","保护中…"
"desktopSecurity.setupDescription","Set a password to encrypt your wallet. You'll need it every time you open the app. Leave blank to use OS-account protection only.","Establece una contraseña para cifrar tu billetera. La necesitarás cada vez que abras la aplicación. Déjala vacía para usar solo la protección de la cuenta del sistema.","设置密码来加密钱包。每次打开应用都需要输入。留空则仅使用操作系统账户保护。"
"desktopSecurity.unlock","Unlock","Desbloquear","解锁"
"desktopSecurity.unlockFailed","Unlock failed. Please try again.","No se pudo desbloquear. Inténtalo de nuevo.","解锁失败，请重试。"
"desktopSecurity.unlocking","Unlocking…","Desbloqueando…","解锁中…"
"desktopSecurity.useBiometric","Use {label}","Usar {label}","使用 {label}"
"desktopSecurity.walletLocked","Wallet locked","Billetera bloqueada","钱包已锁定"
"desktopWallet.addAnother","Add another wallet","Añadir otra billetera","添加另一个钱包"
"desktopWallet.alreadyOpen","That wallet is already open in another window.","La billetera ya está abierta en otra ventana.","该钱包已在另一个窗口中打开。"
"desktopWallet.backToWallets","Back to wallets","Volver a las billeteras","返回钱包列表"
"desktopWallet.biometricFailed","Biometric unlock failed: {message}","Falló el desbloqueo biométrico: {message}","生物识别解锁失败：{message}"
"desktopWallet.biometricUnlock","Biometric unlock","Desbloqueo biométrico","生物识别解锁"
"desktopWallet.cancel","Cancel","Cancelar","取消"
"desktopWallet.delete","Delete","Eliminar","删除"
"desktopWallet.deleteConfirm","Delete “{name}” ({network}, #{id})? Its saved .optn file is kept, so you can re-import it later.","¿Eliminar “{name}” ({network}, n.º {id})? El archivo .optn guardado se conserva para poder importarlo de nuevo.","删除“{name}”（{network}，#{id}）？保存的 .optn 文件会保留，以便稍后重新导入。"
"desktopWallet.deleteLabel","Delete {name}","Eliminar {name}","删除 {name}"
"desktopWallet.deleting","Deleting…","Eliminando…","删除中…"
"desktopWallet.device","Device","Dispositivo","设备"
"desktopWallet.filePasswordDescription","Enter this wallet file's password.","Introduce la contraseña de este archivo de billetera.","请输入此钱包文件的密码。"
"desktopWallet.hardwareDescription","It will be used automatically to sign sends from software wallets while connected. Standalone hardware-only wallets with their own receive addresses are not supported yet.","Se usará automáticamente para firmar envíos desde billeteras de software mientras esté conectado. Las billeteras exclusivamente físicas con sus propias direcciones de recepción aún no son compatibles.","连接期间，它会自动用于为软件钱包发送交易签名。暂不支持拥有独立收款地址的纯硬件钱包。"
"desktopWallet.hardwareTitle","Connect Hardware Wallet","Conectar billetera física","连接硬件钱包"
"desktopWallet.importFailed","Could not import this wallet file.","No se pudo importar este archivo de billetera.","无法导入此钱包文件。"
"desktopWallet.incorrectFilePassword","Incorrect password for this wallet file.","Contraseña incorrecta para este archivo de billetera.","钱包文件密码不正确。"
"desktopWallet.open","Open","Abrir","打开"
"desktopWallet.openButton","Open","Abrir","打开"
"desktopWallet.openFailed","Could not open this wallet. Please try again.","No se pudo abrir esta billetera. Inténtalo de nuevo.","无法打开此钱包，请重试。"
"desktopWallet.openFile","Open “{name}”","Abrir “{name}”","打开“{name}”"
"desktopWallet.opening","Opening…","Abriendo…","打开中…"
"desktopWallet.password","Password","Contraseña","密码"
"desktopWallet.unlock","Unlock","Desbloquear","解锁"
"desktopWallet.unlocking","Unlocking…","Desbloqueando…","解锁中…"
"desktopWallet.useBiometric","Use {label}","Usar {label}","使用 {label}"
"desktopWallet.walletNumber","Wallet #{id}","Billetera #{id}","钱包 #{id}"
"desktopWallet.yourWallets","Your wallets","Tus billeteras","你的钱包"
"error.somethingWrong","Something went wrong.","Algo salió mal.","出现问题。"
"experimental.cashFusionDescription","CashFusion is a non-custodial privacy protocol that combines your UTXOs with those of other users in a way that breaks transaction history linkage. Connect to a CashFusion server to participate. Your funds are never at risk — the protocol is trustless.","CashFusion es un protocolo de privacidad sin custodia que combina tus UTXO con los de otros usuarios para romper los vínculos del historial entre entradas y salidas. Conéctate a un servidor CashFusion para participar. Tus fondos nunca están en riesgo: el protocolo no requiere confianza.","CashFusion 是一种非托管隐私协议，将你的 UTXO 与其他用户的 UTXO 组合，以打断输入与输出之间的交易历史关联。连接 CashFusion 服务器即可参与。协议无需信任，资金不会面临托管风险。"
"experimental.cashFusionWarning","Requires an active CashFusion server connection. Coming soon — toggle currently reserved.","Requiere una conexión activa a un servidor CashFusion. Próximamente; el interruptor está reservado por ahora.","需要有效的 CashFusion 服务器连接。即将推出；此开关目前仅作预留。"
"experimental.description","These features are under active development. Enable them to test new capabilities — they may change or be incomplete in future updates.","Estas funciones están en desarrollo activo. Actívalas para probar nuevas capacidades; pueden cambiar o estar incompletas en futuras versiones.","这些功能正在积极开发中。启用它们可以测试新能力，但未来版本中可能变化或不完整。"
"experimental.disable","Disable","Desactivar","禁用"
"experimental.enable","Enable","Activar","启用"
"experimental.features","Experimental Features","Funciones experimentales","实验性功能"
"experimental.privacy","Privacy","Privacidad","隐私"
"experimental.quantumDescription","Quantumroot vaults protect funds with a quantum-resistant Schnorr LM-OTS scheme. Enabled by default. Turn off to hide Quantumroot from the wallet if you don't use it.","Las bóvedas Quantumroot protegen los fondos con un esquema Schnorr LM-OTS resistente a la computación cuántica. Están activadas por defecto. Desactívalas para ocultar Quantumroot si no lo usas.","Quantumroot 金库使用抗量子 Schnorr LM-OTS 方案保护资金。默认启用；如果不使用，可关闭以隐藏 Quantumroot。"
"experimental.quantumSafe","Quantum-safe","Resistente a cuántica","抗量子"
"experimental.rpaBadge","BCH RPA","BCH RPA","BCH RPA"
"experimental.rpaDescription","Generates a static paycode (paycode:q...) that you can share publicly. Senders derive a unique one-time address for each payment via ECDH — no notification transaction, no chain bloat. Received stealth funds appear separately as 'Stealth BCH'. Scanning requires a Fulcrum-RPA capable server.","Genera un código de pago estático (paycode:q...) que puedes compartir públicamente. Los remitentes derivan una dirección única de un solo uso para cada pago mediante ECDH, sin transacción de notificación ni sobrecarga en la cadena. Los fondos ocultos recibidos aparecen aparte como 'BCH oculto'. El escaneo requiere un servidor compatible con Fulcrum-RPA.","生成可公开分享的静态支付码（paycode:q...）。发送方通过 ECDH 为每笔付款推导唯一的一次性地址，不需要通知交易，也不会增加链上负担。收到的隐匿资金会单独显示为“隐匿 BCH”。扫描需要支持 Fulcrum-RPA 的服务器。"
"experimental.rpaTitle","Reusable Payment Addresses (RPA)","Direcciones de pago reutilizables (RPA)","可复用支付地址（RPA）"
"experimental.rpaWarning","Sending to paycodes requires signature grinding (not yet implemented). Receiving and scanning are available.","Enviar a códigos de pago requiere búsqueda de firmas (aún no implementada). Recibir y escanear están disponibles.","向支付码发送需要签名穷举（尚未实现）。接收和扫描功能可用。"
"faucet.captcha","Answer the captcha question","Responde la pregunta de captcha","回答验证码问题"
"faucet.clickLink","Click the Chipnet Faucet link","Haz clic en el enlace del grifo de Chipnet","点击 Chipnet 水龙头链接"
"faucet.copyAddress","Copy a BCH Chipnet address","Copia una dirección BCH de Chipnet","复制 BCH Chipnet 地址"
"faucet.getCoins","Press ""Get Coins""","Pulsa ""Get Coins""","点击“Get Coins”"
"faucet.instructions","Instructions","Instrucciones","使用说明"
"faucet.name","Chipnet Faucet","Grifo de Chipnet","Chipnet 水龙头"
"faucet.pasteAddress","Paste your address","Pega tu dirección","粘贴你的地址"
"faucet.selectNetwork","Select ""chipnet"" in the NETWORK box","Selecciona ""chipnet"" en el campo NETWORK","在 NETWORK 框中选择“chipnet”"
"faucet.tooltip","Get Chipnet BCH","Obtener BCH de Chipnet","获取 Chipnet BCH"
"fusion.addPlaceholder","Add server — host:port (e.g. fusion.example.com:8789)","Añadir servidor — host:puerto (p. ej., fusion.example.com:8789)","添加服务器 — 主机:端口（例如 fusion.example.com:8789）"
"fusion.autoTry","Auto — try each until one responds","Automático — probar hasta que uno responda","自动 — 依次尝试直到有服务器响应"
"fusion.busy","A fusion round is already running for this wallet.","Ya hay una ronda de fusión ejecutándose para esta billetera.","此钱包已有融合轮次正在运行。"
"fusion.choose","Choose how to fuse:","Elige cómo fusionar:","选择融合方式："
"fusion.coinjoinAnyNetwork","Both the server path and P2P Fusion run real CoinJoins on any network. Some wallet-hardening items are still pending, but each round verifies your own outputs before signing, so it fails safely.","Tanto la ruta del servidor como P2P Fusion ejecutan CoinJoins reales en cualquier red. Aún hay elementos de endurecimiento pendientes, pero cada ronda verifica tus salidas antes de firmar y falla de forma segura.","服务器路径和 P2P Fusion 都会在任何网络上运行真实 CoinJoin。部分钱包强化项目仍在完善，但每轮都会在签名前验证您自己的输出，因此会安全失败。"
"fusion.coinjoinBoth","Both run a real CoinJoin.","Ambos ejecutan un CoinJoin real.","两种方式都会运行真实的 CoinJoin。"
"fusion.componentFeeRate","Component fee rate","Tarifa del componente","组件费率"
"fusion.componentsPlayer","Components / player","Componentes / participante","组件数 / 参与者"
"fusion.connectingTor","Connecting via Tor{port}.","Conectando mediante Tor{port}.","正在通过 Tor 连接{port}。"
"fusion.cooldown","Waiting for the auto-fusion cooldown.","Esperando el intervalo de fusión automática.","正在等待自动融合冷却时间。"
"fusion.disable","Disable","Desactivar","禁用"
"fusion.donation","Donation","Donación","捐赠"
"fusion.enable","Enable","Activar","启用"
"fusion.enabled","CashFusion Enabled","CashFusion activado","CashFusion 已启用"
"fusion.enableP2p","Enable P2P Fusion","Activar fusión P2P","启用 P2P Fusion"
"fusion.enableServer","Enable Server Fusion","Activar fusión por servidor","启用服务器融合"
"fusion.excessFeeRange","Excess fee range","Rango de tarifa excedente","额外费用范围"
"fusion.experimentalPending","Experimental — still pending: {items}.","Experimental; pendiente: {items}.","实验性功能，仍待完成：{items}。"
"fusion.failed","Failed ✗","Falló ✗","失败 ✗"
"fusion.fewServers","CashFusion intentionally has few public servers — a larger anonymity set on fewer servers is better than being spread thin. Add your own or a community server above.","CashFusion mantiene intencionadamente pocos servidores públicos: un conjunto de anonimato mayor en menos servidores es mejor que dispersarlo. Añade arriba tu propio servidor o uno de la comunidad.","CashFusion 有意保持较少的公共服务器；在较少服务器上形成更大的匿名集，比把参与者分散开更好。你可以在上方添加自己的服务器或社区服务器。"
"fusion.fused","Fused ✓ — txid {txid}","Fusionado ✓ — txid {txid}","已融合 ✓ — txid {txid}"
"fusion.fusing","Fusing…","Fusionando…","融合中…"
"fusion.handshakeOk","Handshake OK ✓","Negociación correcta ✓","握手成功 ✓"
"fusion.handshaking","Handshaking…","Negociando…","握手中…"
"fusion.hide","Hide","Ocultar","隐藏"
"fusion.howWorks","How does it work?","¿Cómo funciona?","它如何工作？"
"fusion.mobileUnsupported","CashFusion needs a raw TCP connection, which a mobile/web browser cannot open. Available in the desktop app.","CashFusion necesita una conexión TCP directa, que un navegador móvil/web no puede abrir. Disponible en la aplicación de escritorio.","CashFusion 需要移动端或网页浏览器无法打开的原始 TCP 连接。桌面应用可用。"
"fusion.more","more","más","更多"
"fusion.noEligibleCoins","No coins are eligible to fuse right now.","No hay monedas aptas para fusionar ahora.","当前没有符合条件的币可进行融合。"
"fusion.now","Fuse Now","Fusionar ahora","立即融合"
"fusion.nowDescription","CoinJoin via the server configured in Servers. Needs Tor + at least 2 players in a tier.","CoinJoin mediante el servidor configurado en Servidores. Requiere Tor y al menos 2 participantes en un nivel.","通过“服务器”中配置的服务器进行 CoinJoin。需要 Tor，并且一个层级中至少有 2 位参与者。"
"fusion.openWallet","Open a wallet to run a P2P round.","Abre una billetera para ejecutar una ronda P2P.","打开钱包以运行 P2P 轮次。"
"fusion.or","or","o","或"
"fusion.p2pMode","P2P Fusion","Fusión P2P","P2P Fusion"
"fusion.p2pModeDescription","Serverless — peers over Nostr + Tor. Auto-fuses when on. Turning this on turns Server Fusion off.","Sin servidor: pares mediante Nostr + Tor. Se fusiona automáticamente al activarlo; desactiva la fusión por servidor.","无服务器，通过 Nostr + Tor 连接节点。启用后会自动融合，开启此项会关闭服务器融合。"
"fusion.p2pModeLabel","P2P Fusion","Fusión P2P","P2P Fusion"
"fusion.poolTiers","Pool tiers","Niveles del grupo","池层级"
"fusion.privacy","Privacy","Privacidad","隐私"
"fusion.protocolNote","Steps 1–4 run end-to-end on the server path: the wallet joins a pool, exchanges blind signatures, submits over Tor, and broadcasts the assembled CoinJoin. P2P Fusion runs the same round without a server over Nostr and Tor. Experimental wallet-hardening items are still pending, but your own outputs are verified before signing, so an invalid round fails safely.","Los pasos 1–4 se ejecutan de principio a fin mediante el servidor: la billetera se une a un grupo, intercambia firmas ciegas, envía datos mediante Tor y transmite el CoinJoin ensamblado. P2P Fusion ejecuta la misma ronda sin servidor mediante Nostr y Tor. Aún hay elementos experimentales de endurecimiento de la billetera, pero tus salidas se verifican antes de firmar para que una ronda no válida falle de forma segura.","步骤 1–4 会在服务器路径上端到端运行：钱包加入池、交换盲签名、通过 Tor 提交，并广播组装好的 CoinJoin。P2P Fusion 通过 Nostr 和 Tor 在没有服务器的情况下运行相同轮次。部分实验性钱包强化项目仍在完善，但签名前会验证您自己的输出，因此无效轮次会安全失败。"
"fusion.queryAuto","Query (Auto)","Consultar (automático)","查询（自动）"
"fusion.queryServer","Query Server","Consultar servidor","查询服务器"
"fusion.remoteTorRequired","This is a remote server, so Tor is required — but no Tor proxy was found. Start Tor above, or the query will be refused.","Es un servidor remoto, por lo que se requiere Tor, pero no se encontró ningún proxy Tor. Inicia Tor arriba o se rechazará la consulta.","这是远程服务器，需要 Tor，但未找到 Tor 代理。请在上方启动 Tor，否则查询会被拒绝。"
"fusion.selected","● selected","● seleccionado","● 已选择"
"fusion.serverMode","Fuse Now using CashFusion server","Fusionar ahora usando el servidor CashFusion","使用 CashFusion 服务器立即融合"
"fusion.serverModeDescription","Fuse via a CashFusion server. Auto-fuses when on.","Fusiona mediante un servidor CashFusion. Se fusiona automáticamente al activarlo.","通过 CashFusion 服务器融合，启用后会自动融合。"
"fusion.serverModeLabel","Server Fusion","Fusión por servidor","服务器融合"
"fusion.serverParameters","Server parameters (live)","Parámetros del servidor (en vivo)","服务器参数（实时）"
"fusion.servers","Fusion servers","Servidores de fusión","融合服务器"
"fusion.step1","1. Pool joining.","1. Unirse al grupo.","1. 加入池。"
"fusion.step1Text","Your wallet announces UTXOs it wants to fuse to the server.","Tu billetera anuncia al servidor los UTXO que quiere fusionar.","钱包向服务器宣布希望参与融合的 UTXO。"
"fusion.step2","2. Blind signing.","2. Firma ciega.","2. 盲签名。"
"fusion.step2Text","Participants generate blinded output addresses and exchange blind signatures — nobody learns the input-to-output mapping.","Los participantes generan direcciones de salida ocultas e intercambian firmas ciegas; nadie conoce la relación entre entradas y salidas.","参与者生成盲化的输出地址并交换盲签名，任何人都不知道输入到输出的对应关系。"
"fusion.step3","3. Covert submission.","3. Envío encubierto.","3. 隐蔽提交。"
"fusion.step3Text","Each participant submits the transaction via Tor or direct connection. The server assembles the final transaction.","Cada participante envía la transacción mediante Tor o una conexión directa. El servidor ensambla la transacción final.","每位参与者通过 Tor 或直接连接独立提交交易，服务器组装最终交易。"
"fusion.step4","4. Broadcast.","4. Transmisión.","4. 广播。"
"fusion.step4Text","All participants broadcast the jointly constructed transaction.","Todos los participantes transmiten la transacción construida conjuntamente.","所有参与者广播共同构建的交易。"
"fusion.summary","CashFusion combines UTXOs from many participants into a single transaction, breaking blockchain history links between inputs and outputs. It is non-custodial — your funds never leave your control.","CashFusion combina UTXO de muchos participantes en una sola transacción, rompiendo los vínculos del historial entre entradas y salidas. No tiene custodia: tus fondos nunca salen de tu control.","CashFusion 将多个参与者的 UTXO 组合成一笔交易，打断输入与输出之间的区块链历史关联。它是非托管的，资金始终由你控制。"
"fusion.syncingCoins","Syncing wallet coins — try again in a moment.","Sincronizando monedas de la billetera; inténtalo de nuevo en un momento.","正在同步钱包币，请稍后重试。"
"fusion.tiers","Tiers","Niveles","层级"
"fusion.torOff","Tor is off. Remote fusion queries will be refused — enable Tor above, or use a localhost server.","Tor está desactivado. Se rechazarán las consultas de fusión remota; activa Tor arriba o usa un servidor local.","Tor 已关闭。远程融合查询会被拒绝，请在上方启用 Tor 或使用本地主机服务器。"
"hardware.active","active","activo","活动"
"hardware.advanced","Advanced (derivation path)","Avanzado (ruta de derivación)","高级（派生路径）"
"hardware.airGap","air-gap","aislado","隔离"
"hardware.beforeConnecting","Before connecting","Antes de conectar","连接前"
"hardware.bip44Path","BIP44 path","Ruta BIP44","BIP44 路径"
"hardware.comingSoon","Coming soon","Próximamente","即将推出"
"hardware.connect","Connect {device}","Conectar {device}","连接 {device}"
"hardware.connecting","Connecting…","Conectando…","连接中…"
"hardware.connectionType","Connection type","Tipo de conexión","连接类型"
"hardware.description","The device holds your private keys. The wallet is the bridge. Keys never leave the hardware.","El dispositivo guarda tus claves privadas. La billetera actúa como puente. Las claves nunca salen del hardware.","设备保存你的私钥，钱包作为桥梁。密钥永远不会离开硬件设备。"
"hardware.disconnect","Disconnect","Desconectar","断开连接"
"hardware.enableKeystone","Enable Keystone (QR mode)","Activar Keystone (modo QR)","启用 Keystone（二维码模式）"
"hardware.howItWorks","How it works","Cómo funciona","工作原理"
"hardware.keystoneHow","Keystone's air-gapped QR signing isn't finished yet — the app can't build or read the QR codes it would need to in this build. Support is planned but not ready for real funds.","La firma QR aislada de Keystone aún no está terminada; la aplicación no puede crear ni leer los códigos QR necesarios en esta versión. Está prevista, pero no está lista para fondos reales.","Keystone 的隔离二维码签名尚未完成；当前版本无法生成或读取所需二维码。该功能已规划，但尚未准备好处理真实资金。"
"hardware.keystoneSubtitle","Air-gapped QR signing — not yet supported","Firma QR aislada — aún no compatible","隔离二维码签名 — 尚不支持"
"hardware.ledgerStep1","USB: plug in → enter PIN → open Bitcoin Cash app","USB: conecta → introduce el PIN → abre la aplicación Bitcoin Cash","USB：插入 → 输入 PIN → 打开 Bitcoin Cash 应用"
"hardware.ledgerStep2","Bluetooth (Nano X): enable BLE on device → open Bitcoin Cash app","Bluetooth (Nano X): activa BLE → abre la aplicación Bitcoin Cash","蓝牙（Nano X）：启用 BLE → 打开 Bitcoin Cash 应用"
"hardware.ledgerStep3","The browser will show a device picker prompt","El navegador mostrará un selector de dispositivos","浏览器会显示设备选择提示"
"hardware.ledgerSubtitle","USB (WebHID) or Bluetooth (Nano X)","USB (WebHID) o Bluetooth (Nano X)","USB（WebHID）或蓝牙（Nano X）"
"hardware.notSupported","{device} support isn't finished yet — it can't connect or sign in this build. Pick another device, or use the software wallet.","La compatibilidad con {device} aún no está terminada; no puede conectarse ni firmar en esta versión. Elige otro dispositivo o usa la billetera de software.","{device} 支持尚未完成；此版本无法连接或签名。请选择其他设备，或使用软件钱包。"
"hardware.onekeyStep1","Install OneKey Bridge if not already installed","Instala OneKey Bridge si aún no lo has hecho","如果尚未安装，请先安装 OneKey Bridge"
"hardware.onekeyStep2","Plug in your OneKey device or pair via Bluetooth","Conecta tu OneKey o vincúlalo por Bluetooth","插入 OneKey 设备或通过蓝牙配对"
"hardware.onekeyStep3","Unlock your device with your PIN","Desbloquea el dispositivo con tu PIN","使用 PIN 解锁设备"
"hardware.onekeyStep4","Allow the connection when requested","Permite la conexión cuando se solicite","出现请求时允许连接"
"hardware.onekeySubtitle","USB or Bluetooth via OneKey Bridge","USB o Bluetooth mediante OneKey Bridge","通过 OneKey Bridge 使用 USB 或蓝牙"
"hardware.path","Path","Ruta","路径"
"hardware.softwareHow","Your private keys never leave the device. The wallet builds an unsigned transaction, the device shows the details on its screen, you physically confirm, and the device sends back only the signature. Like Electron Cash's hardware wallet mode.","Tus claves privadas nunca salen del dispositivo. La billetera crea una transacción sin firmar, el dispositivo muestra los detalles, tú confirmas físicamente y el dispositivo devuelve solo la firma. Es como el modo de billetera de hardware de Electron Cash.","你的私钥永远不会离开设备。钱包创建未签名交易，设备在屏幕上显示详情，你进行实体确认，设备只返回签名。这类似于 Electron Cash 的硬件钱包模式。"
"hardware.softwareSubtitle","Encrypted keys stored on this device","Claves cifradas almacenadas en este dispositivo","加密密钥存储在此设备上"
"hardware.title","Hardware Wallet","Billetera de hardware","硬件钱包"
"hardware.trezorStep1","Install Trezor Suite — it includes the Bridge daemon","Instala Trezor Suite; incluye el demonio Bridge","安装 Trezor Suite，其中包含 Bridge 守护进程"
"hardware.trezorStep2","Plug in your Trezor (USB) or pair via Bluetooth (newer models)","Conecta tu Trezor por USB o vincúlalo por Bluetooth (modelos nuevos)","插入 Trezor（USB）或通过蓝牙配对（较新型号）"
"hardware.trezorStep3","Unlock your device with your PIN","Desbloquea el dispositivo con tu PIN","使用 PIN 解锁设备"
"hardware.trezorStep4","Allow the connection popup when it appears","Permite la ventana emergente de conexión cuando aparezca","出现连接弹窗时允许连接"
"hardware.trezorSubtitle","USB or Bluetooth via Trezor Bridge","USB o Bluetooth mediante Trezor Bridge","通过 Trezor Bridge 使用 USB 或蓝牙"
"history.awaitingConfirmation","Awaiting confirmation","Esperando confirmación","等待确认"
"history.block","Block","Bloque","区块"
"history.closeDetails","Close details","Cerrar detalles","关闭详情"
"history.confirmations","{count} confirmations","{count} confirmaciones","{count} 次确认"
"history.confirmed","Confirmed","Confirmada","已确认"
"history.detailsUnavailable","Transaction details are not available from Electrum right now.","Los detalles de la transacción no están disponibles en Electrum ahora mismo.","Electrum 当前无法提供交易详情。"
"history.fee","Fee","Comisión","费用"
"history.first","First","Primera","第一页"
"history.last","Last","Última","最后一页"
"history.loadDetailsFailed","Failed to load transaction details.","No se pudieron cargar los detalles de la transacción.","加载交易详情失败。"
"history.loadingDetails","Loading transaction details…","Cargando detalles de la transacción…","正在加载交易详情…"
"history.newestFirst","Newest first","Más recientes primero","最新优先"
"history.noActivity","No activity yet","Aún no hay actividad","暂无活动"
"history.noData","No data available.","No hay datos disponibles.","暂无数据。"
"history.noTransactions","No transactions available yet.","Aún no hay transacciones disponibles.","暂无可用交易。"
"history.oldestFirst","Oldest first","Más antiguas primero","最早优先"
"history.openExplorer","Open in explorer","Abrir en el explorador","在浏览器中打开"
"history.pending","Pending","Pendiente","待处理"
"history.perPage","{count} per page","{count} por página","每页 {count} 笔"
"history.recipients","Recipients","Destinatarios","接收方"
"history.recorded","{count} recorded","{count} registradas","已记录 {count} 笔"
"history.senders","Senders","Remitentes","发送方"
"history.status","Status","Estado","状态"
"history.sync","Sync","Sincronizar","同步"
"history.timestamp","Timestamp","Marca de tiempo","时间戳"
"history.title","Transaction History","Historial de transacciones","交易历史"
"history.transaction","Transaction","Transacción","交易"
"history.transactionHash","Transaction Hash","Hash de transacción","交易哈希"
"history.unavailable","Unavailable","No disponible","不可用"
"history.unconfirmed","Unconfirmed","Sin confirmar","未确认"
"history.unknown","Unknown","Desconocido","未知"
"history.yourWallet","Your wallet","Tu billetera","你的钱包"
"home.block","Block","Bloque","区块"
"home.confirmed","Confirmed","Confirmado","已确认"
"home.latestActivity","Latest wallet activity","Última actividad de la billetera","钱包最新活动"
"home.noQrCode","No QR code detected. Try again.","No se detectó ningún código QR. Inténtalo de nuevo.","未检测到二维码，请重试。"
"home.noRecentActivity","No recent activity yet.","Aún no hay actividad reciente.","暂无最近活动。"
"home.pending","Pending","Pendiente","待处理"
"home.pendingConfirmation","Pending confirmation","Confirmación pendiente","等待确认"
"home.portfolio","Portfolio","Cartera","资产总览"
"home.quickActions","Quick Actions","Acciones rápidas","快捷操作"
"home.receive","Receive","Recibir","接收"
"home.recentActivity","Recent Activity","Actividad reciente","最近活动"
"home.scanQr","Scan QR","Escanear QR","扫描二维码"
"home.send","Send","Enviar","发送"
"home.sync","Sync","Sincronizar","同步"
"home.syncing","Syncing…","Sincronizando…","同步中…"
"home.title","Home","Inicio","首页"
"home.toggleBalance","Toggle BCH and USD balance","Cambiar entre saldo BCH y USD","切换 BCH 和 USD 余额"
"home.unsupportedQr","QR scanned, but it is not a supported wallet payload.","Se escaneó un QR, pero no es un formato de billetera compatible.","已扫描二维码，但不是支持的钱包格式。"
"home.usdPriceUnavailable","USD price unavailable","Precio en USD no disponible","USD 价格不可用"
"home.usdUnavailable","USD unavailable","USD no disponible","USD 不可用"
"home.viewAll","View all","Ver todo","查看全部"
"home.walletOverview","Wallet overview","Resumen de la billetera","钱包概览"
"nav.actions","Actions","Acciones","操作"
"nav.apps","Apps","Apps","应用"
"nav.assets","Assets","Activos","资产"
"nav.home","Home","Inicio","首页"
"nav.settings","Settings","Configuración","设置"
"network.chipnet","Chipnet","Chipnet","Chipnet"
"network.mainnet","Mainnet","Mainnet","Mainnet"
"network.switch","Switch network. Current: {network}","Cambiar de red. Actual: {network}","切换网络。当前：{network}"
"nftConfig.capability","NFT Capability","Capacidad del NFT","NFT 能力"
"nftConfig.commitment","NFT Commitment","Compromiso del NFT","NFT 承诺值"
"nftConfig.done","Done","Listo","完成"
"nftConfig.mintingDescription","one NFT authority that can create multiple next NFTs.","una autoridad NFT que puede crear varios NFT posteriores.","一个可以创建多个后续 NFT 的 NFT 权限。"
"nftConfig.mutableDescription","one NFT that may update its commitment when spent.","un NFT que puede actualizar su compromiso al gastarse.","一个在花费时可以更新承诺值的 NFT。"
"nftConfig.noneDescription","one immutable NFT, best for approvals or receipts.","un NFT inmutable, ideal para aprobaciones o recibos.","一个不可变 NFT，适合批准或收据。"
"nftConfig.placeholder","Up to 40 bytes","Hasta 40 bytes","最多 40 字节"
"nftConfig.title","NFT Configuration","Configuración del NFT","NFT 配置"
"nostr.active","{active}/{total} active","{active}/{total} activos","{active}/{total} 活动"
"nostr.add","Add","Añadir","添加"
"nostr.chat","Nostr chat","Chat de Nostr","Nostr 聊天"
"nostr.checking","Checking…","Comprobando…","检查中…"
"nostr.checkRelayStatus","Check relay status","Comprobar estado de los relays","检查中继状态"
"nostr.connected","connected","conectado","已连接"
"nostr.deriving","Deriving…","Derivando…","派生中…"
"nostr.disable","Disable","Desactivar","禁用"
"nostr.dmDescription","End-to-end encrypted DMs using NIP-17.","Mensajes directos cifrados de extremo a extremo mediante NIP-17.","使用 NIP-17 的端到端加密私信。"
"nostr.enable","Enable","Activar","启用"
"nostr.identity","Nostr identity","Identidad de Nostr","Nostr 身份"
"nostr.identityDescription","Derived from your seed via NIP-06 (a separate path) — your spending keys are never reused.","Derivada de tu semilla mediante NIP-06 (una ruta separada); tus claves de gasto nunca se reutilizan.","通过 NIP-06 从种子派生（使用独立路径），不会重复使用你的花费密钥。"
"nostr.invalidRelay","Enter a secure relay URL beginning with wss://","Introduce una URL de relay segura que comience por wss://","请输入以 wss:// 开头的安全中继 URL"
"nostr.privacyWarning","Relay operators can still observe connection metadata, timing, and recipient tags. Encrypted content is not the same as network anonymity.","Los operadores de relays aún pueden observar metadatos de conexión, tiempos y etiquetas de destinatarios. El contenido cifrado no equivale al anonimato de red.","中继运营者仍可观察连接元数据、时间和收件人标签。加密内容不等同于网络匿名性。"
"nostr.relays","Relays","Relays","中继"
"nostr.relaysDescription","WSS relays used for chat and the P2P-fusion transport. Add your own or use the defaults.","Relays WSS usados para el chat y el transporte de fusión P2P. Añade los tuyos o usa los predeterminados.","用于聊天和 P2P Fusion 传输的 WSS 中继。你可以添加自己的中继或使用默认值。"
"nostr.remove","Remove","Eliminar","移除"
"nostr.unknown","unknown","desconocido","未知"
"nostr.unreachable","unreachable","inaccesible","无法访问"
"notifications.dismiss","Dismiss","Descartar","关闭"
"notifications.fundsReceived","Funds received","Fondos recibidos","收到资金"
"notifications.fundsReceivedBody","{amount} sats to {address} • {txid}","{amount} sats a {address} • {txid}","{amount} sats 转入 {address} • {txid}"
"notifications.incomingBch","Incoming BCH","BCH entrante","收到 BCH"
"notifications.incomingToken","Incoming token","Token entrante","收到代币"
"notifications.transactionConfirmed","Transaction confirmed","Transacción confirmada","交易已确认"
"notifications.unknownAddress","unknown address","dirección desconocida","未知地址"
"onboarding.back","Back","Atrás","返回"
"onboarding.confirm","Confirm","Confirmar","确认"
"onboarding.confirmError","Those don't match your seed phrase. Check the words and try again.","La frase no coincide. Comprueba las palabras e inténtalo de nuevo.","短语不匹配，请检查词语后重试。"
"onboarding.confirmInstruction","Type the requested words to prove you saved them correctly.","Escribe las palabras solicitadas para demostrar que las guardaste correctamente.","输入指定词语，以确认你已正确保存恢复短语。"
"onboarding.confirmPasswordPlaceholder","Confirm password","Confirmar contraseña","确认密码"
"onboarding.confirmSeed","Confirm Your Seed Phrase","Confirma tu frase de recuperación","确认恢复短语"
"onboarding.connectHardware","Connect Hardware Wallet","Conectar billetera física","连接硬件钱包"
"onboarding.continue","Continue","Continuar","继续"
"onboarding.createNewWallet","Create New Wallet","Crear billetera nueva","创建新钱包"
"onboarding.createWallet","Create Wallet","Crear billetera","创建钱包"
"onboarding.createWatchOnly","Create Watch-Only Wallet","Crear billetera de solo lectura","创建只读钱包"
"onboarding.creating","Creating Wallet…","Creando billetera…","正在创建钱包…"
"onboarding.creationFailed","Wallet creation failed. Please try again.","No se pudo crear la billetera. Inténtalo de nuevo.","钱包创建失败，请重试。"
"onboarding.databasePreparationFailed","Could not prepare the wallet on this device.","No se pudo preparar la billetera en este dispositivo.","无法在此设备上准备钱包。"
"onboarding.generatedMnemonic","Generated Mnemonic:","Frase mnemónica generada:","生成的助记词："
"onboarding.generatingSeed","Generating seed phrase…","Generando frase de recuperación…","正在生成恢复短语…"
"onboarding.helpDescription","Create a wallet for the first time or restore one you already have.","Crea una billetera por primera vez o restaura una que ya tienes.","创建新钱包，或恢复已有钱包。"
"onboarding.helpTitle","Getting started","Primeros pasos","开始使用"
"onboarding.importFailed","Wallet import failed. Please try again.","No se pudo importar la billetera. Inténtalo de nuevo.","钱包导入失败，请重试。"
"onboarding.importing","Importing Wallet…","Importando billetera…","正在导入钱包…"
"onboarding.importWallet","Import Wallet","Importar billetera","导入钱包"
"onboarding.invalidMnemonic","Enter a valid 12-, 15-, 18-, 21-, or 24-word BIP39 recovery phrase.","Introduce una frase BIP39 válida de 12, 15, 18, 21 o 24 palabras.","请输入有效的 12、15、18、21 或 24 个 BIP39 助记词。"
"onboarding.missingWord","Word {number} is missing.","Falta la palabra {number}.","缺少第 {number} 个词。"
"onboarding.mnemonicLoading","The recovery phrase is still loading. Please wait a moment.","La frase de recuperación todavía se está cargando. Espera un momento.","恢复短语仍在加载，请稍候。"
"onboarding.mnemonicWarning","Your recovery phrase is the master key to your wallet. Store it securely and never share it.","Tu frase de recuperación es la clave maestra de tu billetera. Guárdala de forma segura y no la compartas.","恢复短语是钱包的主密钥。请妥善保存，切勿分享。"
"onboarding.nameRequired","Give this wallet a name.","Dale un nombre a esta billetera.","请为钱包设置名称。"
"onboarding.nameWallet","Name This Wallet","Nombra esta billetera","命名钱包"
"onboarding.nameWalletDescription","Give this wallet a name and a password. Each wallet on this device has its own independent password.","Dale un nombre y una contraseña a esta billetera. Cada billetera de este dispositivo tiene su propia contraseña independiente.","为钱包设置名称和密码。此设备上的每个钱包都有独立的密码。"
"onboarding.passwordMismatch","Passwords do not match.","Las contraseñas no coinciden.","两次输入的密码不一致。"
"onboarding.passwordPlaceholder","Password (or leave blank)","Contraseña (o déjalo en blanco)","密码（可留空）"
"onboarding.recoveryDescription","Enter your BIP39 recovery phrase (12, 15, 18, 21, or 24 words). Each box corresponds to the word order.","Introduce tu frase BIP39 de 12, 15, 18, 21 o 24 palabras. Cada casilla corresponde al orden de una palabra.","请输入 BIP39 恢复短语（12、15、18、21 或 24 个词）。每个输入框对应一个词的顺序。"
"onboarding.recoveryPhrase","Recovery Phrase","Frase de recuperación","恢复短语"
"onboarding.seedInstruction","Write these 12 words down in order and keep them somewhere safe. Anyone with this phrase can spend your funds — never share it or store it digitally.","Escribe estas 12 palabras en orden y guárdalas en un lugar seguro. Cualquiera que tenga esta frase puede gastar tus fondos; no la compartas ni la guardes digitalmente.","请按顺序写下这 12 个词并妥善保存。任何拥有此短语的人都可以花费你的资金；请勿分享或以数字方式保存。"
"onboarding.seedTitle","Your Seed Phrase","Tu frase de recuperación","你的恢复短语"
"onboarding.walletAlreadyAvailable","This wallet is already available on this device.","Esta billetera ya está disponible en este dispositivo.","此钱包已在设备上可用。"
"onboarding.walletAlreadyExists","This wallet may already exist on this device.","Es posible que esta billetera ya exista en este dispositivo.","此钱包可能已存在于设备上。"
"onboarding.walletNamePlaceholder","Wallet name","Nombre de la billetera","钱包名称"
"onboarding.walletSavedIdFailed","Wallet was saved, but its wallet ID could not be resolved.","La billetera se guardó, pero no se pudo resolver su identificador.","钱包已保存，但无法解析钱包 ID。"
"onboarding.walletSetup","Wallet Setup","Configuración de billetera","钱包设置"
"onboarding.walletSetupDescription","Choose the network and address path this wallet will use.","Elige la red y la ruta de direcciones que usará esta billetera.","选择此钱包使用的网络和地址路径。"
"onboarding.word","Word","Palabra","词语"
"onboarding.wordCountLabel","Phrase length","Longitud de la frase","短语长度"
"onboarding.wordPlaceholder","word","palabra","词语"
"onboarding.words","words","palabras","个词"
"onboarding.wroteItDown","I've written it down","Ya la he escrito","我已写下"
"outbox.amount","Amount","Importe","金额"
"outbox.clearPending","Clear pending lock","Borrar bloqueo pendiente","清除待处理锁"
"outbox.clearPendingTitle","Clear this pending lock if the transaction was not actually sent","Borra este bloqueo si la transacción realmente no se envió","如果交易实际上未发送，则清除此待处理锁"
"outbox.copyTxid","Copy txid","Copiar txid","复制 txid"
"outbox.daysAgo","{count}d ago","hace {count} d","{count} 天前"
"outbox.description","Offline-first protection keeps new sends paused until these transactions are seen or safely released.","La protección offline mantiene en pausa los nuevos envíos hasta que estas transacciones se detecten o se liberen de forma segura.","离线优先保护会暂停新发送，直到这些交易被发现或安全释放。"
"outbox.destination","Destination","Destino","目的地"
"outbox.dismiss","Dismiss","Descartar","关闭"
"outbox.dismissPending","Dismiss pending transactions popup","Descartar ventana de transacciones pendientes","关闭待处理交易弹窗"
"outbox.finalizing","Finalizing transaction","Finalizando transacción","正在完成交易"
"outbox.finalizingMultiple","Finalizing {count} transactions","Finalizando {count} transacciones","正在完成 {count} 笔交易"
"outbox.historyUpdate","Your wallet history will update automatically. This usually takes a moment.","El historial de tu billetera se actualizará automáticamente. Normalmente tarda un momento.","钱包历史会自动更新，通常只需片刻。"
"outbox.hoursAgo","{count}h ago","hace {count} h","{count} 小时前"
"outbox.justNow","just now","ahora mismo","刚刚"
"outbox.lastNetworkIssue","Last network issue","Último problema de red","最近的网络问题"
"outbox.minutesAgo","{count}m ago","hace {count} min","{count} 分钟前"
"outbox.noPending","No pending outgoing transactions.","No hay transacciones salientes pendientes.","没有待处理的转出交易。"
"outbox.pendingOutgoing","Pending outgoing transactions","Transacciones salientes pendientes","待处理转出交易"
"outbox.prompt","Prompt","Solicitud","提示"
"outbox.releaseSendLock","Release send lock","Liberar bloqueo de envío","释放发送锁定"
"outbox.releaseStale","Release if stale","Liberar si está obsoleta","过期后释放"
"outbox.releaseStaleTitle","Available after {minutes} minutes if the transaction is still unresolved","Disponible después de {minutes} minutos si la transacción sigue sin resolverse","如果交易仍未解决，{minutes} 分钟后可用"
"outbox.requestedBy","Requested by","Solicitada por","请求方"
"outbox.title","Outbox","Bandeja de salida","发件箱"
"outbox.txid","Txid","Txid","Txid"
"outbox.updated","Updated {age}","Actualizada {age}","更新于 {age}"
"outbox.walletSend","Wallet send","Envío de la billetera","钱包发送"
"p2p.description","No server: peers meet on Nostr relays over Tor, deterministically elect a coordinator, and run the CoinJoin peer-to-peer. Outputs are unlinkable; you sign only your own inputs after verifying your own outputs.","Sin servidor: los pares se encuentran en relays Nostr mediante Tor, eligen un coordinador de forma determinista y ejecutan CoinJoin entre pares. Las salidas no se pueden vincular; solo firmas tus propias entradas después de verificar tus propias salidas.","无需服务器：参与者通过 Tor 在 Nostr 中继上会合，确定性地选出协调者，并点对点运行 CoinJoin。输出无法关联；只有在确认自己的输出存在后，您才会签名自己的输入。"
"p2p.phase.announce","Announcing & finding peers","Anunciando y buscando pares","广播并寻找参与者"
"p2p.phase.assemble","Assembling & verifying","Ensamblando y verificando","组装并验证"
"p2p.phase.broadcast","Broadcasting","Transmitiendo","广播"
"p2p.phase.register","Registering inputs & outputs","Registrando entradas y salidas","注册输入和输出"
"p2p.phase.sign","Signing","Firmando","签名"
"p2p.requiresPeers","Requires Tor + at least 2 peers in the same tier.","Requiere Tor y al menos 2 pares en el mismo nivel.","需要 Tor，并且同一层级至少有 2 个参与者。"
"p2p.running","Running P2P round…","Ejecutando ronda P2P…","正在运行 P2P 轮次…"
"p2p.start","Start P2P round","Iniciar ronda P2P","开始 P2P 轮次"
"p2p.title","P2P Fusion over Nostr","Fusión P2P sobre Nostr","通过 Nostr 的 P2P Fusion"
"paper.addressConversionError","Address conversion error","Error de conversión de dirección","地址转换错误"
"paper.addressDerivationFailed","Unable to derive a valid paper wallet address from the scanned key.","No se pudo derivar una dirección válida de billetera de papel a partir de la clave escaneada.","无法从扫描的密钥派生有效的纸钱包地址。"
"paper.back","Back","Atrás","返回"
"paper.bchOutputs","BCH outputs","Salidas BCH","BCH 输出"
"paper.buildFailed","Failed to build sweep transaction.","No se pudo construir la transacción de barrido.","无法构建转移交易。"
"paper.confirmDescription","Slide to confirm the one-transaction paper wallet sweep.","Desliza para confirmar el barrido de la billetera de papel en una sola transacción.","滑动以确认在一笔交易中转移纸钱包。"
"paper.confirmTitle","Confirm sweep","Confirmar barrido","确认转移"
"paper.decodingError","Decoding error","Error de decodificación","解码错误"
"paper.description","Scan a WIF paper wallet and sweep BCH + CashTokens in one transaction.","Escanea una billetera de papel WIF y barre BCH + CashTokens en una transacción.","扫描 WIF 纸钱包，在一笔交易中转移 BCH 和 CashTokens。"
"paper.label","Paper wallet","Billetera de papel","纸钱包"
"paper.noCashTokens","No CashTokens detected.","No se detectaron CashTokens.","未检测到 CashTokens。"
"paper.noDestination","No destination wallet address is available.","No hay una dirección de destino disponible.","没有可用的钱包目标地址。"
"paper.noQrCode","No QR code detected. Please try again.","No se detectó ningún código QR. Inténtalo de nuevo.","未检测到二维码，请重试。"
"paper.notScanned","No paper wallet scanned yet.","Aún no se ha escaneado ninguna billetera de papel.","尚未扫描纸钱包。"
"paper.noUtxos","No UTXOs found for this paper wallet. If this is a mainnet wallet and you are on chipnet, try switching networks.","No se encontraron UTXO para esta billetera de papel. Si es una billetera de mainnet y estás en chipnet, intenta cambiar de red.","未找到此纸钱包的 UTXO。如果这是主网钱包而你正在使用 Chipnet，请尝试切换网络。"
"paper.oneTransaction","One transaction only.","Una sola transacción.","仅一笔交易。"
"paper.paperInputs","Paper wallet inputs","Entradas de la billetera de papel","纸钱包输入"
"paper.scan","Scan","Escanear","扫描"
"paper.scanBeforeSweep","Scan a paper wallet before sweeping.","Escanea una billetera de papel antes de barrerla.","请先扫描纸钱包再进行转移。"
"paper.spendableOutputPlural","spendable outputs","salidas gastables","个可花费输出"
"paper.spendableOutputSingular","spendable output","salida gastable","个可花费输出"
"paper.sweep","Sweep","Barrer","转移"
"paper.sweepBroadcast","Sweep broadcast","Barrido transmitido","转移已广播"
"paper.title","Paper Wallet","Billetera de papel","纸钱包"
"paper.tokenBacking","Token outputs are backed with 1000 sats.","Las salidas de tokens están respaldadas con 1000 sats.","代币输出由 1000 sats 支持。"
"paper.tokenGroups","Token groups","Grupos de tokens","代币组"
"paper.tokenOutputs","Token outputs","Salidas de tokens","代币输出"
"paper.unexpected","An unexpected error occurred.","Ocurrió un error inesperado.","发生意外错误。"
"paper.unexpectedTryAgain","An unexpected error occurred. Please try again.","Ocurrió un error inesperado. Inténtalo de nuevo.","发生意外错误，请重试。"
"paper.utxosTitle","Paper wallet UTXOs","UTXO de la billetera de papel","纸钱包 UTXO"
"paper.walletFeeInputs","Wallet fee inputs","Entradas de comisión de la billetera","钱包费用输入"
"qr.animatedTransfer","Animated QR transfer","Transferencia QR animada","动态二维码传输"
"qr.blocksRecovered","blocks recovered","bloques recuperados","个区块已恢复"
"qr.cameraActive","Camera active — point at animated QR","Cámara activa — apunta al QR animado","相机已启用 — 对准动态二维码"
"qr.cameraError","Camera unavailable","Cámara no disponible","相机不可用"
"qr.cameraUnavailable","Camera access is unavailable","El acceso a la cámara no está disponible","无法访问相机"
"qr.cancel","Cancel","Cancelar","取消"
"qr.duplicates","duplicates","duplicados","个重复帧"
"qr.holdSteady","Hold the phone steady and fill the frame with the QR code.","Mantén el teléfono estable y llena el cuadro con el código QR.","请保持手机稳定，让二维码充满画面。"
"qr.receivingStream","Receiving QR stream","Recibiendo flujo QR","正在接收二维码流"
"qr.scan","Scan QR","Escanear QR","扫描二维码"
"qr.scanning","Scanning…","Escaneando…","扫描中…"
"qr.streaming","Streaming frame {frame} · {blocks} blocks · {bytes} bytes","Transmitiendo marco {frame} · {blocks} bloques · {bytes} bytes","正在传输帧 {frame} · {blocks} 个区块 · {bytes} 字节"
"qr.unableToDecode","Unable to decode QR stream","No se pudo decodificar el flujo QR","无法解码二维码流"
"qr.uniqueFrames","unique frames","marcos únicos","个唯一帧"
"qr.walletUpdateProgress","Wallet update progress","Progreso de actualización de la billetera","钱包更新进度"
"receive.addressesNotReady","Receive addresses not ready","Las direcciones de recepción no están listas","接收地址尚未准备好"
"receive.amountBch","Amount (BCH)","Importe (BCH)","金额（BCH）"
"receive.back","Back","Atrás","返回"
"receive.bip21Active","Request details are active and the QR is now encoding the BIP21 URI.","Los detalles están activos y el QR ahora codifica la URI BIP21.","请求详情已启用，二维码现在编码的是 BIP21 URI。"
"receive.bip21Description","Encode amount, label, and message into the QR payload.","Codifica el importe, la etiqueta y el mensaje en la carga QR.","将金额、标签和消息编码到二维码内容中。"
"receive.bip21Help","When enabled, the QR and copied payload use a BIP21-style `bitcoincash:` URI so compatible wallets can autofill request details.","Al activarlo, el QR y la carga copiada usan una URI de tipo BIP21 para que las billeteras compatibles completen los datos automáticamente.","启用后，二维码和复制的内容会使用 BIP21 格式 URI，使兼容钱包可以自动填写请求详情。"
"receive.bip21Title","BIP21 payment request","Solicitud de pago BIP21","BIP21 支付请求"
"receive.cashToken","CashToken","CashToken","CashToken"
"receive.change","Change","Cambio","找零地址"
"receive.changeAddressCount","{count} change addresses","{count} direcciones de cambio","{count} 个找零地址"
"receive.clear","Clear","Borrar","清除"
"receive.close","Close","Cerrar","关闭"
"receive.copied","Copied to clipboard!","¡Copiado al portapapeles!","已复制到剪贴板！"
"receive.copyBip21","Copy BIP21 URI","Copiar URI BIP21","复制 BIP21 URI"
"receive.copyFailed","Failed to copy.","No se pudo copiar.","复制失败。"
"receive.copyQrPayload","Copy receive QR payload","Copiar carga QR de recepción","复制接收二维码内容"
"receive.dismiss","Dismiss","Descartar","关闭"
"receive.dismissUnlockAlert","Dismiss unlock alert","Descartar alerta de desbloqueo","关闭解锁提示"
"receive.label","Label","Etiqueta","标签"
"receive.main","Main","Principal","主地址"
"receive.mainAddressCount","{count} main addresses","{count} direcciones principales","{count} 个主地址"
"receive.message","Message","Mensaje","消息"
"receive.noAddressesLoaded","This wallet does not have receive addresses loaded yet.","Esta billetera aún no tiene direcciones de recepción cargadas.","此钱包尚未加载接收地址。"
"receive.noBranchAddresses","No addresses found in this branch yet.","Aún no se encontraron direcciones en esta rama.","此分支中尚未找到地址。"
"receive.noVaultFunds","No Quantumroot vault funds detected yet.","Aún no se encontraron fondos en la bóveda Quantumroot.","尚未检测到 Quantumroot 保险库资金。"
"receive.openQrPreview","Open larger QR code preview","Abrir vista previa grande del código QR","打开更大的二维码预览"
"receive.optional","Optional","Opcional","可选"
"receive.optionalExample","Optional, e.g. 0.0105","Opcional, p. ej. 0.0105","可选，例如 0.0105"
"receive.prepareAddresses","Prepare receive addresses","Preparar direcciones de recepción","准备接收地址"
"receive.prepareAddressesDescription","Prepare addresses to show your receive QR and address list.","Prepara las direcciones para mostrar tu QR y tu lista de recepción.","准备地址以显示接收二维码和地址列表。"
"receive.privKeyReady","Private key view unlocked","Vista de clave privada desbloqueada","私钥视图已解锁"
"receive.privKeyUnlock","Private key unlock in {count} taps","Desbloqueo de la clave privada en {count} toques","再点击 {count} 次即可解锁私钥"
"receive.pubKeyTapProgress","PubKey pressed {count}/{total} times","PubKey presionado {count}/{total} veces","PubKey 已点击 {count}/{total} 次"
"receive.qrCopyDescription","Tap the QR to copy the current payload. Close to return.","Toca el QR para copiar la carga actual. Cierra para volver.","点击二维码复制当前内容。关闭以返回。"
"receive.quantumLock","Quantum Lock","Bloqueo cuántico","量子锁"
"receive.quantumLockAddress","Quantum Lock Address","Dirección de bloqueo cuántico","量子锁地址"
"receive.quantumrootStatus","Quantumroot Status","Estado de Quantumroot","Quantumroot 状态"
"receive.readOnlyStatus","This view is read-only. It shows vault status and key receive data, but no spending or recovery actions.","Esta vista es de solo lectura. Muestra el estado de la bóveda y los datos de recepción, pero no permite gastar ni recuperar fondos.","此视图为只读，仅显示保险库状态和接收数据，不支持花费或恢复操作。"
"receive.receiveAddress","Receive Address","Dirección de recepción","接收地址"
"receive.receiveBalance","Receive Balance","Saldo de recepción","接收余额"
"receive.receiveQr","Receive QR","QR de recepción","接收二维码"
"receive.regular","Regular","Normal","普通"
"receive.seeAllAddresses","See all addresses","Ver todas las direcciones","查看全部地址"
"receive.switch","Switch","Cambiar","切换"
"receive.switchAddress","Switch address","Cambiar dirección","切换地址"
"receive.syncing","Syncing…","Sincronizando…","同步中…"
"receive.tapPubKey","Tap PubKey to reveal the private key view.","Toca PubKey para mostrar la vista de clave privada.","点击 PubKey 以显示私钥视图。"
"receive.title","Receive","Recibir","接收"
"receive.toggleAddressType","Toggle receive address type","Cambiar tipo de dirección de recepción","切换接收地址类型"
"receive.unavailable","Unavailable","No disponible","不可用"
"reconfiguration.changingPath","Changing derivation path","Cambiando la ruta de derivación","正在更改派生路径"
"reconfiguration.clearing","Clearing old wallet data","Borrando datos antiguos de la billetera","正在清除旧钱包数据"
"reconfiguration.clearingDetail","Removing the previous address, history, and UTXO records.","Eliminando la dirección, el historial y los registros UTXO anteriores.","正在移除之前的地址、历史记录和 UTXO 数据。"
"reconfiguration.deriving","Generating wallet addresses","Generando direcciones de la billetera","正在生成钱包地址"
"reconfiguration.derivingDetail","Creating the receive and change addresses for this wallet path.","Creando las direcciones de recepción y cambio para esta ruta.","正在为此钱包路径创建收款和找零地址。"
"reconfiguration.dismiss","Dismiss","Descartar","关闭"
"reconfiguration.failed","Wallet update failed","Falló la actualización de la billetera","钱包更新失败"
"reconfiguration.failedDetail","The wallet could not be reconfigured.","No se pudo reconfigurar la billetera.","无法重新配置钱包。"
"reconfiguration.keepOpen","Please keep OPTN Wallet open. Navigation is temporarily disabled while wallet data is rebuilt.","Mantén OPTN Wallet abierta. La navegación está temporalmente desactivada mientras se reconstruyen los datos de la billetera.","请保持 OPTN Wallet 打开。重建钱包数据期间，导航功能会暂时禁用。"
"reconfiguration.movingTo","Moving to {network}","Cambiando a {network}","正在切换到 {network}"
"reconfiguration.preparing","Preparing wallet","Preparando la billetera","正在准备钱包"
"reconfiguration.preparingDetail","Stopping background sync and reconnecting to the selected network.","Deteniendo la sincronización en segundo plano y reconectando a la red seleccionada.","正在停止后台同步并重新连接到所选网络。"
"reconfiguration.progress","Wallet update progress","Progreso de actualización de la billetera","钱包更新进度"
"reconfiguration.reloading","Reloading wallet","Recargando la billetera","正在重新加载钱包"
"reconfiguration.stepOf","Step {current} of {total}","Paso {current} de {total}","第 {current} 步，共 {total} 步"
"reconfiguration.switchingNetwork","Switching network","Cambiando de red","正在切换网络"
"reconfiguration.syncing","Synchronizing wallet","Sincronizando la billetera","正在同步钱包"
"reconfiguration.syncingDetail","Fetching balances, UTXOs, and transaction history. This can take 15–20 seconds.","Obteniendo saldos, UTXO e historial de transacciones. Puede tardar entre 15 y 20 segundos.","正在获取余额、UTXO 和交易历史，可能需要 15–20 秒。"
"reconfiguration.updating","Updating wallet","Actualizando la billetera","正在更新钱包"
"reconfiguration.working","Working…","Trabajando…","处理中…"
"recovery.hide","Hide Backup Phrase","Ocultar frase de respaldo","隐藏备份短语"
"recovery.reveal","Reveal Backup Phrase","Mostrar frase de respaldo","显示备份短语"
"recovery.warning","Warning","Advertencia","警告"
"recovery.warningDescription","Displaying your mnemonic backup phrase can compromise your funds. Ensure you keep it secure.","Mostrar tu frase mnemónica de respaldo puede poner tus fondos en riesgo. Guárdala de forma segura.","显示助记词备份短语可能危及您的资金。请确保妥善保管。"
"rpa.confirmedPayment","confirmed stealth payment","pago oculto confirmado","笔已确认的隐匿付款"
"rpa.confirmedPayments","{count} confirmed stealth payment{suffix} found","Se encontraron {count} pago{suffix} oculto confirmado{suffix}","发现 {count} 笔已确认的隐匿付款"
"rpa.copyFailed","Copy failed.","No se pudo copiar.","复制失败。"
"rpa.copySuccess","Paycode copied!","¡Código de pago copiado!","支付码已复制！"
"rpa.derivationFailed","Paycode derivation failed. Unlock your wallet and try again.","No se pudo derivar el código de pago. Desbloquea la billetera e inténtalo de nuevo.","支付码派生失败。请解锁钱包后重试。"
"rpa.derivationPaths","Derivation paths","Rutas de derivación","派生路径"
"rpa.deriving","Deriving paycode…","Derivando código de pago…","正在派生支付码…"
"rpa.found","found","encontrado","已发现"
"rpa.howWorks","How it works","Cómo funciona","工作原理"
"rpa.lastScanned","Last scanned","Último escaneo","上次扫描"
"rpa.noNotification","No notification tx.","Sin tx de notificación.","无通知交易。"
"rpa.noNotificationText","The sender grinds their signature nonce until the input hash prefix matches your scan key — detectability is embedded in the signature itself.","El remitente busca un nonce de firma hasta que el prefijo del hash de entrada coincide con tu clave de escaneo; la detección está integrada en la firma.","发送方会不断尝试签名 nonce，直到输入哈希前缀匹配你的扫描密钥；可检测性直接嵌入签名。"
"rpa.paycode","Paycode","Código de pago","支付码"
"rpa.prefixFilter","Prefix filter","Filtro de prefijo","前缀过滤"
"rpa.scanDescription","Scans a Fulcrum-RPA server for transactions whose input signature prefix matches your scan key. Uses ECDH to verify each candidate and detect your stealth outputs.","Busca en un servidor Fulcrum-RPA transacciones cuyo prefijo de firma de entrada coincida con tu clave de escaneo. Usa ECDH para verificar cada candidato y detectar tus salidas ocultas.","扫描 Fulcrum-RPA 服务器，查找输入签名前缀匹配扫描密钥的交易。使用 ECDH 验证候选交易并检测隐匿输出。"
"rpa.scanKey","Scan key","Clave de escaneo","扫描密钥"
"rpa.scanning","Scanning…","Escaneando…","扫描中…"
"rpa.serverUnsupported","This server does not support RPA scanning.","Este servidor no admite el escaneo RPA.","此服务器不支持 RPA 扫描。"
"rpa.shareDescription","Share this paycode with senders. Each payment creates a unique stealth address — no link between payments on-chain.","Comparte este código con los remitentes. Cada pago crea una dirección oculta única, sin vínculos entre pagos en la cadena.","将此支付码分享给付款方。每笔付款都会创建唯一的隐匿地址，链上不会关联各笔付款。"
"rpa.spendKey","Spend key","Clave de gasto","花费密钥"
"rpa.stealthBalance","Stealth BCH","BCH oculto","隐匿 BCH"
"rpa.sync","Sync","Sincronizar","同步"
"rpa.title","RPA Paycode","Código de pago RPA","RPA 支付码"
"rpa.walletUnavailable","Wallet not available","Billetera no disponible","钱包不可用"
"send.airdrops","Airdrops","Airdrops","空投"
"send.amount","Amount","Importe","金额"
"send.amountBch","Amount (BCH)","Importe (BCH)","金额（BCH）"
"send.amountUsd","Amount (USD)","Importe (USD)","金额（USD）"
"send.asset","Asset","Activo","资产"
"send.assetControl","Asset control","Control del activo","资产控制"
"send.back","Back","Atrás","返回"
"send.balance","Balance","Saldo","余额"
"send.bcmrMetadata","Parsed using BCMR metadata from the selected category.","Analizado con los metadatos BCMR de la categoría seleccionada.","使用所选类别的 BCMR 元数据解析。"
"send.bytes","bytes","bytes","字节"
"send.changeAddress","Change address","Dirección de cambio","找零地址"
"send.clearForm","Clear form","Borrar formulario","清除表单"
"send.confirmed","Confirmed","Confirmado","已确认"
"send.contractInputs","Contract inputs","Entradas de contratos","合约输入"
"send.copy","Copy","Copiar","复制"
"send.decimals","{count} decimals","{count} decimales","{count} 位小数"
"send.enterBchForUsd","Enter a BCH amount to see the USD equivalent.","Introduce un importe en BCH para ver su equivalente en USD.","输入 BCH 金额以查看 USD 等值金额。"
"send.enterUsdForBch","Enter a USD amount to see the BCH equivalent.","Introduce un importe en USD para ver su equivalente en BCH.","输入 USD 金额以查看 BCH 等值金额。"
"send.fee","Fee","Comisión","费用"
"send.fillMax","Fill the full spendable balance minus network fee","Rellenar el saldo disponible completo menos la comisión de red","填入扣除网络费用后的全部可用余额"
"send.fillRequired","Fill the required fields first","Completa los campos obligatorios","请填写必填字段"
"send.hide","Hide","Ocultar","隐藏"
"send.inputs","Inputs","Entradas","输入"
"send.inputsUsed","Inputs used","Entradas utilizadas","使用的输入"
"send.insufficientFunds","Not enough funds. Check your balance or reduce the amount.","No hay fondos suficientes. Comprueba tu saldo o reduce el importe.","资金不足，请检查余额或减少金额。"
"send.integer","integer","entero","整数"
"send.invalidAddress","Invalid address—double-check for typos or try scanning a QR code.","Dirección no válida; comprueba si hay errores o escanea un código QR.","地址无效，请检查拼写或尝试扫描二维码。"
"send.keepTxid","Keep this txid as your reference and avoid sending it again.","Conserva este txid como referencia y evita enviarlo otra vez.","请保留此 txid 作为参考，避免重复发送。"
"send.leaveBlankNft","Leave blank to send the first available NFT in this category.","Déjalo vacío para enviar el primer NFT disponible de esta categoría.","留空以发送此类别中第一个可用的 NFT。"
"send.loading","Loading…","Cargando…","加载中…"
"send.max","Max","Máximo","最大值"
"send.networkError","Network error. Check your connection and try again.","Error de red. Comprueba la conexión e inténtalo de nuevo.","网络错误，请检查连接后重试。"
"send.nft","NFT","NFT","NFT"
"send.nftCategory","NFT category","Categoría del NFT","NFT 类别"
"send.nftCommitment","NFT commitment","Compromiso del NFT","NFT 承诺值"
"send.nfts","NFTs","NFT","NFT"
"send.openAirdrops","Open Airdrops","Abrir Airdrops","打开空投"
"send.optionalHexCommitment","Optional hex commitment…","Compromiso hexadecimal opcional…","可选十六进制承诺值…"
"send.outputsCreated","Outputs created","Salidas creadas","创建的输出"
"send.pending","Pending","Pendiente","待处理"
"send.quantumrootApproval","approval key to Quantum Lock","clave de aprobación al Bloqueo cuántico","发送到量子锁的批准密钥"
"send.quantumrootHint","Review the recipient and token category, then tap Review to build the transaction.","Revisa el destinatario y la categoría del token, y toca Revisar para crear la transacción.","检查收款人和代币类别，然后点击检查以构建交易。"
"send.quantumrootNftHint","If there are multiple NFT entries, choose the one that matches the approval key.","Si hay varias entradas NFT, elige la que coincida con la clave de aprobación.","如果有多个 NFT 条目，请选择与批准密钥匹配的条目。"
"send.quantumrootPrefilled","Prefilled to send the {label}","Preparado para enviar {label}","已预填，可发送{label}"
"send.quantumrootReceive","matching receive coin to the vault receive address","moneda de recepción correspondiente a la dirección de recepción de la bóveda","发送到保险库接收地址的匹配接收币"
"send.quantumrootShortcut","Quantumroot shortcut","Acceso directo de Quantumroot","Quantumroot 快捷方式"
"send.recipient","Recipient","Destinatario","收款人"
"send.recipientAmountLoaded","Recipient and amount loaded from QR.","Destinatario e importe cargados desde el QR.","已从二维码加载收款人和金额。"
"send.recipientLoaded","Recipient loaded from QR.","Destinatario cargado desde el QR.","已从二维码加载收款人。"
"send.releaseToSend","Release to send","Suelta para enviar","松开以发送"
"send.reset","Reset","Restablecer","重置"
"send.review","Review","Revisar","检查"
"send.reviewTitle","Review Transaction","Revisar transacción","检查交易"
"send.scanQr","Scan QR","Escanear QR","扫描二维码"
"send.selectCategory","Select category…","Selecciona una categoría…","选择类别…"
"send.sending","Sending…","Enviando…","发送中…"
"send.sent","Transaction sent","Transacción completada","交易已发送"
"send.show","Show","Mostrar","显示"
"send.slideToConfirm","Slide to confirm","Desliza para confirmar","滑动确认"
"send.submitted","Transaction submitted","Transacción enviada","交易已提交"
"send.summary","Summary","Resumen","摘要"
"send.switchToBch","Switch amount input to BCH","Cambiar el importe a BCH","将金额输入切换为 BCH"
"send.switchToUsd","Switch amount input to USD","Cambiar el importe a USD","将金额输入切换为 USD"
"send.technicalDetails","Technical details","Detalles técnicos","技术详情"
"send.title","Simple Send","Envío sencillo","简单发送"
"send.to","To","A","收款人"
"send.token","Token","Token","代币"
"send.tokenAmount","Token amount","Importe del token","代币金额"
"send.tokenCategory","Token category","Categoría del token","代币类别"
"send.tokenChange","Token change","Cambio de token","代币找零"
"send.tokenInputs","Token inputs","Entradas de tokens","代币输入"
"send.totalBch","Total (BCH)","Total (BCH)","总计（BCH）"
"send.transactionSize","Transaction size","Tamaño de la transacción","交易大小"
"send.transferMode","Transfer mode","Modo de transferencia","转账模式"
"send.unconfirmedInputs","Unconfirmed inputs","Entradas sin confirmar","未确认输入"
"send.usdUnavailable","USD conversion is unavailable right now.","La conversión a USD no está disponible ahora.","当前无法进行 USD 换算。"
"send.verifyRecipient","QR scanned. Verify recipient before sending.","QR escaneado. Verifica el destinatario antes de enviar.","已扫描二维码。发送前请确认收款人。"
"send.verifySlide","Verify details and slide to send.","Verifica los detalles y desliza para enviar.","确认详情后滑动发送。"
"send.waitingSync","Waiting for sync","Esperando sincronización","等待同步"
"send.waitPrevious","Wait for your previous outgoing transaction to sync first","Espera a que se sincronice tu transacción saliente anterior","请等待上一笔转出交易完成同步"
"server.active","● active","● activo","● 活动"
"server.add","Add","Añadir","添加"
"server.addDesktopPlaceholder","Add server — Fulcrum host:50002, or a node host:8333","Añadir servidor — host Fulcrum:50002 o nodo host:8333","添加服务器 — Fulcrum 主机:50002，或节点主机:8333"
"server.addMobilePlaceholder","Add WSS server — host:50004","Añadir servidor WSS — host:50004","添加 WSS 服务器 — 主机:50004"
"server.addressUrlPlaceholder","Address URL, e.g. https://example.com/address/{address}","URL de dirección, p. ej. https://example.com/address/{address}","地址 URL，例如 https://example.com/address/{address}"
"server.auto","Auto","Automático","自动"
"server.autoBackend","Auto — server pool, with failover","Automático — grupo de servidores con conmutación por error","自动 — 服务器池，支持故障转移"
"server.automatic","Automatic","Automático","自动"
"server.backend","Backend","Backend","后端"
"server.blockExplorer","Block explorer","Explorador de bloques","区块浏览器"
"server.connect","Connect","Conectar","连接"
"server.connected","Connected.","Conectado.","已连接。"
"server.connectedServer","Connected server","Servidor conectado","已连接的服务器"
"server.connecting","Connecting…","Conectando…","连接中…"
"server.connectionFailed","Connection failed","Falló la conexión","连接失败"
"server.connectTitle","Connect to this server","Conectar a este servidor","连接到此服务器"
"server.custom","Custom…","Personalizado…","自定义…"
"server.customFee","Custom","Personalizado","自定义"
"server.defaultPortHint","Default port: 50004 (WSS). Use wss:// prefix to force WSS, or ws:// for unencrypted.","Puerto predeterminado: 50004 (WSS). Usa el prefijo wss:// para forzar WSS o ws:// sin cifrado.","默认端口：50004（WSS）。使用 wss:// 前缀强制 WSS，或使用 ws:// 进行未加密连接。"
"server.explorerDescription","Used for “open in explorer” links on transactions.","Se usa para los enlaces “abrir en el explorador” de las transacciones.","用于交易中的“在浏览器中打开”链接。"
"server.feeDescription","Fee rate for new transactions. Automatic uses the network minimum (~1 sat/byte, Electron Cash default).","Tarifa para nuevas transacciones. Automático usa el mínimo de red (~1 sat/byte, valor predeterminado de Electron Cash).","新交易的费率。自动模式使用网络最低费率（约 1 sat/字节，Electron Cash 默认值）。"
"server.feeUnit","sat/byte — applies to your next transaction","sat/byte — se aplica a tu próxima transacción","sat/字节 — 应用于下一笔交易"
"server.invalidHost","Enter a valid host:port (e.g. 192.168.0.129:50002).","Introduce un host:puerto válido (p. ej., 192.168.0.129:50002).","请输入有效的主机:端口（例如 192.168.0.129:50002）。"
"server.manual","Manual","Manual","手动"
"server.node","Node","Nodo","节点"
"server.notConnected","Not connected","No conectado","未连接"
"server.onlyBackend","Only this backend is used — pinning a node means Electrum servers aren't consulted.","Solo se usa este backend; fijar un nodo significa que no se consultan servidores Electrum.","仅使用此后端；固定节点后不会查询 Electrum 服务器。"
"server.placeholderHelp","Use {txid} and {address} as placeholders.","Usa {txid} y {address} como marcadores.","使用 {txid} 和 {address} 作为占位符。"
"server.pool","{network} server pool","Grupo de servidores de {network}","{network} 服务器池"
"server.rawNodeMobileError","Raw BCH node connections are only available on desktop. Add an Electrum/Fulcrum WSS server instead.","Las conexiones directas a nodos BCH solo están disponibles en escritorio. Añade un servidor WSS de Electrum/Fulcrum.","原始 BCH 节点连接仅在桌面端可用。请改为添加 Electrum/Fulcrum WSS 服务器。"
"server.remove","Remove","Eliminar","移除"
"server.saveCustom","Save custom explorer","Guardar explorador personalizado","保存自定义浏览器"
"server.server","Server","Servidor","服务器"
"server.serverInputPlaceholder","host, host:50004, or wss://host:50004","host, host:50004 o wss://host:50004","主机、host:50004 或 wss://host:50004"
"server.transactionFee","Transaction fee","Comisión de transacción","交易费用"
"server.trustless","trustless","sin confianza","无需信任"
"server.txUrlPlaceholder","Tx URL, e.g. https://example.com/tx/{txid}","URL de transacción, p. ej. https://example.com/tx/{txid}","交易 URL，例如 https://example.com/tx/{txid}"
"server.useAuto","Use Auto","Usar automático","使用自动模式"
"settings.about","About OPTN","Acerca de OPTN","关于 OPTN"
"settings.aboutSupport","About & support","Información y soporte","关于与支持"
"settings.aboutSupportDescription","Help, contact, terms, and app information","Ayuda, contacto, términos e información de la aplicación","帮助、联系、条款和应用信息"
"settings.connectionsFeatures","Connections & features","Conexiones y funciones","连接与功能"
"settings.connectionsFeaturesDescription","Servers, integrations, privacy features, and advanced tools","Servidores, integraciones, privacidad y herramientas avanzadas","服务器、集成、隐私功能和高级工具"
"settings.contact","Contact Us","Contacto","联系我们"
"settings.language","Language","Idioma","语言"
"settings.languageDescription","Choose the wallet interface language","Elige el idioma de la interfaz","选择钱包界面语言"
"settings.network","Network","Red","网络"
"settings.recovery","Recovery Phrase","Frase de recuperación","恢复短语"
"settings.terms","Terms of Use","Términos de uso","使用条款"
"settings.walletSecurity","Wallet & security","Billetera y seguridad","钱包与安全"
"settings.walletSecurityDescription","Recovery, derivation path, app lock, and wallet controls","Recuperación, ruta de derivación, bloqueo y controles de la billetera","恢复、派生路径、应用锁和钱包控制"
"settingsAppLock.autoLockAfter","Auto-lock after","Bloqueo automático después de","自动锁定时间"
"settingsAppLock.biometricDescription","Use {label} to unlock instead of typing your password.","Usa {label} para desbloquear en lugar de escribir tu contraseña.","使用 {label} 解锁，无需输入密码。"
"settingsAppLock.biometricSetupFailed","Biometric setup failed: {message}","No se pudo configurar la biometría: {message}","生物识别设置失败：{message}"
"settingsAppLock.biometricUnlock","Biometric unlock","Desbloqueo biométrico","生物识别解锁"
"settingsAppLock.cancel","Cancel","Cancelar","取消"
"settingsAppLock.changePassword","Change Password","Cambiar contraseña","修改密码"
"settingsAppLock.confirm","Confirm","Confirmar","确认"
"settingsAppLock.confirmNewPassword","Confirm new password","Confirmar nueva contraseña","确认新密码"
"settingsAppLock.currentPassword","Current password","Contraseña actual","当前密码"
"settingsAppLock.currentPasswordIncorrect","Current password is incorrect.","La contraseña actual no es correcta.","当前密码不正确。"
"settingsAppLock.disabled","Disabled","Desactivado","已禁用"
"settingsAppLock.enabled","Enabled","Activado","已启用"
"settingsAppLock.enabling","Enabling…","Activando…","启用中…"
"settingsAppLock.encryption","Encryption","Cifrado","加密"
"settingsAppLock.encryptionDescription","Your wallet is encrypted with a password-derived key (PBKDF2 · 600k iterations · AES-256-GCM). The key is never stored — it is derived in memory each time you unlock.","Tu billetera está cifrada con una clave derivada de la contraseña (PBKDF2 · 600k iteraciones · AES-256-GCM). La clave nunca se guarda; se deriva en memoria cada vez que desbloqueas.","钱包使用密码派生密钥加密（PBKDF2 · 600k 次迭代 · AES-256-GCM）。密钥不会被保存，每次解锁时都会在内存中派生。"
"settingsAppLock.lockNow","Lock Now","Bloquear ahora","立即锁定"
"settingsAppLock.minute","1 minute","1 minuto","1 分钟"
"settingsAppLock.minutes","{count} minutes","{count} minutos","{count} 分钟"
"settingsAppLock.never","Never","Nunca","从不"
"settingsAppLock.newPassword","New password","Nueva contraseña","新密码"
"settingsAppLock.noWalletOpen","No wallet is open.","No hay ninguna billetera abierta.","没有打开的钱包。"
"settingsAppLock.passwordChanged","Password changed successfully.","Contraseña cambiada correctamente.","密码修改成功。"
"settingsAppLock.passwordChangeFailed","Password change failed. Please try again.","No se pudo cambiar la contraseña. Inténtalo de nuevo.","密码修改失败，请重试。"
"settingsAppLock.passwordMismatch","New passwords do not match.","Las nuevas contraseñas no coinciden.","新密码不匹配。"
"settingsAppLock.updating","Updating…","Actualizando…","更新中…"
"settingsDerivation.activePath","Active BIP44 account path","Ruta de cuenta BIP44 activa","当前 BIP44 账户路径"
"settingsDerivation.alreadyActive","This derivation path is already active.","Esta ruta de derivación ya está activa.","此派生路径已经处于活动状态。"
"settingsDerivation.changeResync","Change and resync","Cambiar y resincronizar","更改并同步"
"settingsDerivation.completed","Derivation path changed and wallet resync completed.","La ruta cambió y la resincronización de la billetera terminó.","派生路径已更改，钱包同步已完成。"
"settingsDerivation.confirm","Changing the derivation path clears the current address, history, and UTXO records. The wallet will then regenerate and resync only the new path. Continue?","Cambiar la ruta de derivación borra las direcciones, el historial y los registros UTXO actuales. La billetera regenerará y resincronizará solo la nueva ruta. ¿Continuar?","更改派生路径会清除当前地址、历史记录和 UTXO。钱包随后只会重新生成并同步新路径。是否继续？"
"settingsDerivation.currentMode","Current mode: {mode}.","Modo actual: {mode}.","当前模式：{mode}。"
"settingsDerivation.custom","custom","personalizado","自定义"
"settingsDerivation.description","OPTN supports one active BIP44 account path at a time. Reconfiguring it removes the old derived records and performs a fresh receive/change discovery and resync.","OPTN admite una ruta de cuenta BIP44 activa a la vez. Reconfigurarla elimina los registros derivados anteriores y realiza una nueva búsqueda y sincronización de recepción y cambio.","OPTN 同时支持一条活动的 BIP44 账户路径。重新配置会移除旧的派生记录，并重新发现和同步收款/找零地址。"
"settingsDerivation.failed","Wallet reconfiguration failed.","No se pudo reconfigurar la billetera.","钱包重新配置失败。"
"settingsDerivation.invalidPath","Invalid derivation path.","Ruta de derivación no válida.","派生路径无效。"
"settingsDerivation.networkDefault","network default","predeterminado de la red","网络默认值"
"settingsDerivation.reconfiguring","Reconfiguring…","Reconfigurando…","重新配置中…"
"settingsDerivation.useDefault","Use network default","Usar el valor predeterminado de la red","使用网络默认值"
"settingsNetwork.active","Active","Activa","当前"
"settingsNetwork.chipnet","Chipnet","Chipnet","Chipnet"
"settingsNetwork.chipnetDescription","BCH testnet for upcoming CHIPs — test funds only","Red de pruebas BCH para próximos CHIPs: solo fondos de prueba","BCH 测试网 — 仅限测试资金"
"settingsNetwork.comingSoon","Coming soon","Próximamente","即将推出"
"settingsNetwork.description","Switching networks clears the active network records, derives the network path, and resynchronizes receive/change addresses. Custom paths are preserved across network changes.","Cambiar de red borra los registros activos, deriva la ruta de red y vuelve a sincronizar las direcciones de recepción y cambio. Las rutas personalizadas se conservan.","切换网络会清除当前网络记录、派生网络路径，并重新同步收款和找零地址。自定义路径会在网络切换后保留。"
"settingsNetwork.mainnet","Mainnet","Mainnet","主网"
"settingsNetwork.mainnetDescription","Live BCH network — real funds","Red BCH activa: fondos reales","真实 BCH 网络 — 真实资金"
"settingsNetwork.regtest","Regtest","Regtest","Regtest"
"settingsNetwork.reload","Reload and resync current wallet","Recargar y resincronizar la billetera actual","重新加载并同步当前钱包"
"settingsNetwork.reloading","Reloading wallet…","Recargando billetera…","正在重新加载钱包…"
"settingsNetwork.switching","Switching…","Cambiando…","切换中…"
"settingsNetwork.testnet3","Testnet3","Testnet3","Testnet3"
"settingsNetwork.testnet4","Testnet4","Testnet4","Testnet4"
"settingsPanels.addons","Addons","Complementos","插件"
"settingsPanels.appLock","App Lock","Bloqueo de la aplicación","应用锁"
"settingsPanels.cashfusion","CashFusion","CashFusion","CashFusion"
"settingsPanels.console","Console","Consola","控制台"
"settingsPanels.contract","Contract Info","Información del contrato","合约信息"
"settingsPanels.derivation","Derivation Path","Ruta de derivación","派生路径"
"settingsPanels.experimental","Experimental Features","Funciones experimentales","实验性功能"
"settingsPanels.faucet","Chipnet Faucet","Grifo de Chipnet","Chipnet 水龙头"
"settingsPanels.nostr","Nostr & Chat","Nostr y chat","Nostr 与聊天"
"settingsPanels.server","Server","Servidor","服务器"
"settingsPanels.walletConnect","WalletConnect","WalletConnect","WalletConnect"
"settingsPanels.wizardConnect","WizardConnect","WizardConnect","WizardConnect"
"settingsRows.about","About OPTN","Acerca de OPTN","关于 OPTN"
"settingsRows.aboutDescription","Version info","Información de la versión","版本信息"
"settingsRows.addons","Addons","Complementos","插件"
"settingsRows.addonsDescription","Install and manage third-party addons","Instala y gestiona complementos de terceros","安装和管理第三方插件"
"settingsRows.appLock","App Lock","Bloqueo de la aplicación","应用锁"
"settingsRows.appLockDescription","Auto-lock · Change password","Bloqueo automático · Cambiar contraseña","自动锁定 · 更改密码"
"settingsRows.console","Console","Consola","控制台"
"settingsRows.consoleDescription","App log · Electrum RPC","Registro de la aplicación · RPC de Electrum","应用日志 · Electrum RPC"
"settingsRows.contact","Contact Us","Contacto","联系我们"
"settingsRows.contactDescription","Get help and support","Obtén ayuda y soporte","获取帮助和支持"
"settingsRows.contractInfo","Contract Info","Información del contrato","合约信息"
"settingsRows.contractInfoDescription","View contract details","Ver detalles del contrato","查看合约详情"
"settingsRows.derivation","Derivation Path","Ruta de derivación","派生路径"
"settingsRows.derivationDescription","Customize and resync the active BIP44 path","Personaliza y vuelve a sincronizar la ruta BIP44 activa","自定义并重新同步当前 BIP44 路径"
"settingsRows.experimental","Experimental Features","Funciones experimentales","实验性功能"
"settingsRows.experimentalDescription","RPA · CashFusion","RPA · CashFusion","RPA · CashFusion"
"settingsRows.faucet","Chipnet Faucet","Grifo de Chipnet","Chipnet 水龙头"
"settingsRows.faucetDescription","Get test BCH on Chipnet","Obtén BCH de prueba en Chipnet","在 Chipnet 获取测试 BCH"
"settingsRows.language","Language","Idioma","语言"
"settingsRows.languageDescription","Choose the wallet interface language","Elige el idioma de la interfaz","选择钱包界面语言"
"settingsRows.network","Network","Red","网络"
"settingsRows.networkDescription","Switch between Mainnet and Chipnet","Cambia entre Mainnet y Chipnet","在主网和 Chipnet 之间切换"
"settingsRows.nostr","Nostr & Chat","Nostr y chat","Nostr 与聊天"
"settingsRows.nostrDescription","Private messages · Identity · Relay pool","Mensajes privados · Identidad · Grupo de relés","私信 · 身份 · 中继池"
"settingsRows.pendingOutbox","Pending Tx Locks","Bloqueos de transacciones pendientes","待处理交易锁"
"settingsRows.pendingOutboxDescription","Review outgoing transaction locks","Revisa los bloqueos de transacciones salientes","查看转出交易锁"
"settingsRows.recovery","Recovery Phrase","Frase de recuperación","恢复短语"
"settingsRows.recoveryDescription","Back up your wallet","Haz una copia de seguridad","备份钱包"
"settingsRows.server","Servers","Servidores","服务器"
"settingsRows.serverDescription","Electrum · Block explorer · Transaction fees","Electrum · Explorador de bloques · Comisiones","Electrum · 区块浏览器 · 交易费用"
"settingsRows.terms","Terms of Use","Términos de uso","使用条款"
"settingsRows.termsDescription","Read our terms","Lee nuestros términos","阅读使用条款"
"settingsRows.walletConnect","WalletConnect","WalletConnect","WalletConnect"
"settingsRows.walletConnectDescription","Manage dApp connections","Gestiona conexiones de dApps","管理 dApp 连接"
"settingsRows.wizardConnect","WizardConnect","WizardConnect","WizardConnect"
"settingsRows.wizardConnectDescription","Connect to token wizards","Conecta con asistentes de tokens","连接代币向导"
"terms.acceptance","1. Acceptance of Terms","1. Aceptación de los términos","1. 接受条款"
"terms.acceptanceText","By accessing and using the OPTN Wallet App (“the App”), you agree to comply with and be bound by these Terms of Use. If you do not agree, please do not use the App.","Al acceder y usar OPTN Wallet (“la aplicación”), aceptas cumplir estos Términos de uso. Si no estás de acuerdo, no utilices la aplicación.","访问和使用 OPTN Wallet（“本应用”）即表示你同意遵守这些使用条款。如果不同意，请不要使用本应用。"
"terms.deviceSecurity","Ensuring the security of your device and the App.","Garantizar la seguridad de tu dispositivo y de la aplicación.","确保设备和应用的安全。"
"terms.modifications","6. Modifications","6. Modificaciones","6. 修改"
"terms.modificationsText","The developers may modify, suspend, or discontinue the App without prior notice and may update these Terms. You are responsible for reviewing them periodically.","Los desarrolladores pueden modificar, suspender o discontinuar la aplicación sin aviso previo y actualizar estos Términos. Tú eres responsable de revisarlos periódicamente.","开发者可以随时修改、暂停或停止本应用，恕不另行通知，也可以更新这些条款。你有责任定期查看。"
"terms.noLiability","4. No Liability","4. Ausencia de responsabilidad","4. 免责"
"terms.noLiabilityText","The developers assume no liability for loss, damage, or unauthorized access arising from use of the App, including cryptocurrency loss, data breaches, or device malfunctions. You use the App at your own risk.","Los desarrolladores no asumen responsabilidad por pérdidas, daños o accesos no autorizados derivados del uso de la aplicación, incluidos la pérdida de criptomonedas, filtraciones de datos o fallos del dispositivo. Usas la aplicación bajo tu propio riesgo.","开发者不对因使用本应用造成的损失、损害或未经授权的访问负责，包括加密货币损失、数据泄露或设备故障。使用本应用的风险由你自行承担。"
"terms.noWarranty","5. No Warranty","5. Ausencia de garantía","5. 无担保"
"terms.noWarrantyText","The App is provided “as is” without express or implied warranties. The developers do not guarantee reliability, accuracy, completeness, error-free operation, or uninterrupted service.","La aplicación se proporciona “tal cual”, sin garantías expresas ni implícitas. Los desarrolladores no garantizan fiabilidad, exactitud, integridad, funcionamiento sin errores ni servicio ininterrumpido.","本应用按“现状”提供，不作任何明示或暗示的担保。开发者不保证可靠性、准确性、完整性、无错误运行或服务不中断。"
"terms.purpose","2. Purpose","2. Propósito","2. 用途"
"terms.purposeText","The OPTN Wallet App lets users securely store, send, and receive cryptocurrency. You are responsible for the security of your private keys and assets.","OPTN Wallet permite almacenar, enviar y recibir criptomonedas de forma segura. Tú eres responsable de la seguridad de tus claves privadas y activos.","OPTN Wallet 允许用户安全地存储、发送和接收加密货币。你有责任确保私钥和资产安全。"
"terms.responsibilities","3. User Responsibilities","3. Responsabilidades del usuario","3. 用户责任"
"terms.responsibilitiesIntro","The OPTN Wallet App handles real cryptocurrency. You are solely responsible for:","OPTN Wallet gestiona criptomonedas reales. Tú eres el único responsable de:","OPTN Wallet 处理真实的加密货币。你对以下事项负全部责任："
"terms.responsibilitiesText","The development team is not responsible for loss of assets or unauthorized access resulting from failure to follow these practices.","El equipo de desarrollo no es responsable de pérdidas de activos ni accesos no autorizados derivados de no seguir estas prácticas.","因未遵循这些做法而造成的资产损失或未经授权的访问，开发团队不承担责任。"
"terms.safeguard","Safeguarding your private keys and recovery phrases.","Proteger tus claves privadas y frases de recuperación.","保护私钥和恢复短语。"
"terms.verify","Verifying transaction details before confirming any actions.","Verificar los detalles de las transacciones antes de confirmar acciones.","在确认任何操作前核对交易详情。"
"token.activeMinting","Active Minting","Acuñación activa","活跃铸造"
"token.authHead","Auth Head","Cabeza de autorización","授权头"
"token.bcmr","BCMR","BCMR","BCMR"
"token.bcmrUnavailable","BCMR metadata unavailable","Metadatos BCMR no disponibles","BCMR 元数据不可用"
"token.category","Category","Categoría","类别"
"token.chainStatsError","Unable to load token chain statistics right now.","No se pueden cargar las estadísticas de cadena del token ahora.","当前无法加载代币链上统计信息。"
"token.decimals","Decimals","Decimales","小数位"
"token.id","Token ID","ID del token","代币 ID"
"token.loading","Loading token data…","Cargando datos del token…","正在加载代币数据…"
"token.no","No","No","否"
"token.symbol","Symbol","Símbolo","符号"
"token.totalNfts","Total NFTs","NFT totales","NFT 总数"
"token.totalSupply","Total Supply","Suministro total","总供应量"
"token.unavailable","Unavailable","No disponible","不可用"
"token.yes","Yes","Sí","是"
"tor.appRunsOwn","The app runs its own Tor — no Tor Browser needed","La aplicación ejecuta su propio Tor; no necesitas Tor Browser","应用运行自带的 Tor，无需 Tor Browser"
"tor.autoDetect","Auto-detect (9050 / 9150)","Detectar automáticamente (9050 / 9150)","自动检测（9050 / 9150）"
"tor.bootstrapping","Bootstrapping Tor… {percent}%","Inicializando Tor… {percent}%","正在引导 Tor… {percent}%"
"tor.check","Check Tor","Comprobar Tor","检查 Tor"
"tor.checking","Checking…","Comprobando…","检查中…"
"tor.desktopOnly","Desktop only","Solo escritorio","仅桌面端"
"tor.disable","Disable","Desactivar","禁用"
"tor.enable","Enable","Activar","启用"
"tor.externalOption","Or use a Tor you run yourself:","O usa un Tor que ejecutes tú:","或者使用你自己运行的 Tor："
"tor.foundOnPort","Tor found on port {port} ✓","Tor encontrado en el puerto {port} ✓","在端口 {port} 找到 Tor ✓"
"tor.integrated","Integrated Tor","Tor integrado","集成 Tor"
"tor.manualPort","Manual port","Puerto manual","手动端口"
"tor.noExternal","No external Tor found. Either press “Start integrated Tor” above (recommended), or start Tor Browser (9150) / a system Tor daemon (9050) and press “Check Tor”. Without Tor, remote CashFusion is blocked.","No se encontró Tor externo. Pulsa “Iniciar Tor integrado” arriba (recomendado), o inicia Tor Browser (9150) / un demonio Tor del sistema (9050) y pulsa “Comprobar Tor”. Sin Tor, CashFusion remoto está bloqueado.","未找到外部 Tor。请点击上面的“启动集成 Tor”（推荐），或启动 Tor Browser（9150）/系统 Tor 守护进程（9050）后点击“检查 Tor”。没有 Tor 时，远程 CashFusion 将被阻止。"
"tor.noProxy","No Tor proxy running ✗","No hay un proxy Tor en ejecución ✗","没有运行中的 Tor 代理 ✗"
"tor.remoteRequired","Required for remote CashFusion servers","Requerido para servidores CashFusion remotos","远程 CashFusion 服务器需要此功能"
"tor.runningOn","Running on port {port} ✓","Ejecutándose en el puerto {port} ✓","运行于端口 {port} ✓"
"tor.starting","Starting…","Iniciando…","启动中…"
"tor.startIntegrated","Start integrated Tor","Iniciar Tor integrado","启动集成 Tor"
"tor.stop","Stop","Detener","停止"
"tor.title","Tor","Tor","Tor"
"tor.usingManual","Using manual port {port}","Usando el puerto manual {port}","使用手动端口 {port}"
"txDetails.bch","BCH","BCH","BCH"
"txDetails.index","Index","Índice","索引"
"txDetails.locktime","Locktime","Tiempo de bloqueo","锁定时间"
"txDetails.txid","TXID","TXID","TXID"
"txDetails.version","Version","Versión","版本"
"txSummary.bch","BCH","BCH","BCH"
"txSummary.bchInput","bch input","entrada BCH","BCH 输入"
"txSummary.bytes","bytes","bytes","字节"
"txSummary.fee","Fee","Comisión","费用"
"txSummary.feeRate","Fee rate","Tasa de comisión","费率"
"txSummary.inputs","Inputs","Entradas","输入"
"txSummary.outputs","Outputs","Salidas","输出"
"txSummary.sats","sats","sats","sats"
"txSummary.token","token","token","代币"
"txSummary.tokenInput","token input","entrada de token","代币输入"
"txSummary.txSize","Tx size","Tamaño de tx","交易大小"
"utxo.amount","Amount","Importe","数量"
"utxo.bitcoinCash","Bitcoin Cash","Bitcoin Cash","Bitcoin Cash"
"utxo.ft","FT","FT","FT"
"utxo.height","Height","Altura","高度"
"utxo.loading","Loading UTXOs…","Cargando UTXO…","正在加载 UTXO…"
"utxo.name","Name","Nombre","名称"
"utxo.nft","NFT","NFT","NFT"
"utxo.none","No UTXOs to display.","No hay UTXO que mostrar.","没有可显示的 UTXO。"
"utxo.pos","Pos","Posición","位置"
"utxo.tokens","tokens","tokens","代币"
"utxo.txHash","Tx Hash","Hash de tx","交易哈希"
"walkthrough.label","Walkthrough","Guía","操作指南"
"watchOnly.accountXpub","Account xPub","xPub de cuenta","账户 xPub"
"watchOnly.back","Back to wallets","Volver a las billeteras","返回钱包"
"watchOnly.change","Change #{index}","Cambio #{index}","找零 #{index}"
"watchOnly.chipnet","Chipnet","Chipnet","Chipnet"
"watchOnly.comingNext","Coming next","Próximamente","即将推出"
"watchOnly.description","Inspect public BCH addresses without importing any private keys.","Consulta direcciones BCH públicas sin importar claves privadas.","无需导入私钥即可查看公开 BCH 地址。"
"watchOnly.mainnet","Mainnet","Mainnet","主网"
"watchOnly.multipleCosigners","Multiple cosigners","Múltiples firmantes","多个共同签名者"
"watchOnly.multisign","Multisign","Multifirma","多重签名"
"watchOnly.network","Network","Red","网络"
"watchOnly.pathNote","Confirm that SeedCash exported this account at m/44'/145'/account'. A standalone BIP32 xPub cannot prove its parent purpose or coin path.","Confirma que SeedCash exportó esta cuenta en m/44'/145'/account'. Un xPub BIP32 independiente no puede demostrar su propósito principal ni su ruta de moneda.","请确认 SeedCash 将此账户导出为 m/44'/145'/account'。独立的 BIP32 xPub 无法证明其父级用途或币种路径。"
"watchOnly.previewPublic","Preview public addresses","Vista previa de direcciones públicas","预览公开地址"
"watchOnly.previewTitle","Public address preview","Vista previa de dirección pública","公开地址预览"
"watchOnly.receive","Receive #{index}","Recepción #{index}","接收 #{index}"
"watchOnly.scanCamera","Scan (camera)","Escanear (cámara)","扫描（相机）"
"watchOnly.standard","Standard","Estándar","标准"
"watchOnly.title","Watch-Only Wallet Preview","Vista previa de billetera de solo lectura","观察钱包预览"
"watchOnly.type","Watch-only wallet type","Tipo de billetera de solo lectura","观察钱包类型"
"watchOnly.uploadQr","Upload QR","Subir QR","上传 QR"
"watchOnly.warning","Public preview only: this screen does not save a watch-only wallet or create, sign, import, or broadcast PSBT transactions yet.","Solo vista previa pública: esta pantalla todavía no guarda una billetera de solo lectura ni crea, firma, importa o transmite transacciones PSBT.","仅公开预览：此页面目前不会保存观察钱包，也不会创建、签名、导入或广播 PSBT 交易。"
"watchOnly.xpubPlaceholder","Paste the xPub exported by SeedCash","Pega el xPub exportado por SeedCash","粘贴 SeedCash 导出的 xPub"
"wc.activeSessions","Active WalletConnect Sessions","Sesiones activas de WalletConnect","活动的 WalletConnect 会话"
"wc.address","Address","Dirección","地址"
"wc.approvalFailedBody","Failed to approve the session request from {name}.","No se pudo aprobar la solicitud de sesión de {name}.","无法批准来自 {name} 的会话请求。"
"wc.approvalFailedTitle","WalletConnect approval failed","Falló la aprobación de WalletConnect","WalletConnect 批准失败"
"wc.approve","Approve","Aprobar","批准"
"wc.approvedBody","Connected to {name}.","Conectado a {name}.","已连接到 {name}。"
"wc.approvedTitle","WalletConnect session approved","Sesión de WalletConnect aprobada","WalletConnect 会话已批准"
"wc.approveSession","Approve Session","Aprobar sesión","批准会话"
"wc.broadcast","Broadcast","Transmisión","广播"
"wc.broadcastLocked","Another outgoing transaction is still syncing. To avoid duplicates while you are offline, this wallet will only broadcast one unresolved transaction at a time.","Otra transacción saliente todavía se está sincronizando. Para evitar duplicados mientras estás sin conexión, esta billetera solo transmitirá una transacción sin resolver a la vez.","另一笔转出交易仍在同步。为避免离线时重复发送，钱包一次只会广播一笔未解决的交易。"
"wc.cancel","Cancel","Cancelar","取消"
"wc.close","Close","Cerrar","关闭"
"wc.connect","Connect","Conectar","连接"
"wc.connectionUri","Connection URI","URI de conexión","连接 URI"
"wc.dappName","DApp Name","Nombre de la dApp","DApp 名称"
"wc.disconnect","Disconnect","Desconectar","断开连接"
"wc.disconnectsOn","Disconnects On","Se desconecta el","断开时间"
"wc.domain","Domain","Dominio","域名"
"wc.enterUri","Enter WalletConnect URI","Introduce la URI de WalletConnect","输入 WalletConnect URI"
"wc.estimatedFee","Estimated Fee","Comisión estimada","预计费用"
"wc.fungibleAmount","Fungible Amount","Importe fungible","同质化代币数量"
"wc.index","Index","Índice","索引"
"wc.inputs","Inputs ({count})","Entradas ({count})","输入（{count}）"
"wc.invalidLockingBytecode","Invalid locking bytecode","Código de bloqueo no válido","无效的锁定字节码"
"wc.invalidQr","Not a valid WalletConnect URI.","No es una URI de WalletConnect válida.","不是有效的 WalletConnect URI。"
"wc.messageApprovedBody","Approved the WalletConnect message request.","Se aprobó la solicitud de mensaje de WalletConnect.","已批准 WalletConnect 消息请求。"
"wc.messageFailedBody","Failed to sign WalletConnect message request.","No se pudo firmar la solicitud de mensaje de WalletConnect.","无法签名 WalletConnect 消息请求。"
"wc.messageFailedTitle","WalletConnect message failed","Falló el mensaje de WalletConnect","WalletConnect 消息失败"
"wc.messageRejectedBody","Rejected the WalletConnect message request.","Se rechazó la solicitud de mensaje de WalletConnect.","已拒绝 WalletConnect 消息请求。"
"wc.messageRejectedTitle","WalletConnect message rejected","Mensaje de WalletConnect rechazado","WalletConnect 消息已拒绝"
"wc.messageRejectFailedBody","Failed to reject WalletConnect message request.","No se pudo rechazar la solicitud de mensaje de WalletConnect.","无法拒绝 WalletConnect 消息请求。"
"wc.messageSignedBody","Approved request from {name}.","Solicitud aprobada de {name}.","已批准来自 {name} 的请求。"
"wc.messageSignedTitle","WalletConnect message signed","Mensaje de WalletConnect firmado","WalletConnect 消息已签名"
"wc.messageToSign","Message to Sign","Mensaje que se firmará","待签名消息"
"wc.nftCapability","NFT Capability","Capacidad del NFT","NFT 能力"
"wc.nftCommitment","NFT Commitment","Compromiso del NFT","NFT 承诺值"
"wc.no","No","No","否"
"wc.noActiveSessions","No active WalletConnect sessions yet.","Aún no hay sesiones activas de WalletConnect.","暂无活动的 WalletConnect 会话。"
"wc.noQr","No QR code detected. Try again.","No se detectó ningún código QR. Inténtalo de nuevo.","未检测到二维码，请重试。"
"wc.noSessions","No active sessions.","No hay sesiones activas.","没有活动会话。"
"wc.opReturnOutput","OP_RETURN Output","Salida OP_RETURN","OP_RETURN 输出"
"wc.outputs","Outputs ({count})","Salidas ({count})","输出（{count}）"
"wc.pairingStarted","WalletConnect pairing started.","Se inició la conexión de WalletConnect.","WalletConnect 配对已开始。"
"wc.pairingSuccessful","WalletConnect pairing successful via QR.","Conexión de WalletConnect correcta mediante QR.","通过二维码成功完成 WalletConnect 配对。"
"wc.prompt","Prompt","Solicitud","提示"
"wc.reject","Reject","Rechazar","拒绝"
"wc.rejectedBody","Rejected the session request from {name}.","Se rechazó la solicitud de sesión de {name}.","已拒绝来自 {name} 的会话请求。"
"wc.rejectedTitle","WalletConnect session rejected","Sesión de WalletConnect rechazada","WalletConnect 会话已拒绝"
"wc.rejectionFailedBody","Failed to reject the session request from {name}.","No se pudo rechazar la solicitud de sesión de {name}.","无法拒绝来自 {name} 的会话请求。"
"wc.rejectionFailedTitle","WalletConnect rejection failed","Falló el rechazo de WalletConnect","WalletConnect 拒绝失败"
"wc.rejectionSentBody","Sent the rejection response to the dApp.","Se envió la respuesta de rechazo a la dApp.","已将拒绝响应发送给 DApp。"
"wc.rejectionStaleBody","The dApp disconnected before the rejection response could be delivered.","La dApp se desconectó antes de poder entregar la respuesta de rechazo.","DApp 在拒绝响应送达前断开了连接。"
"wc.requestExpiredBody","The dApp request expired before it could be completed.","La solicitud de la dApp expiró antes de poder completarse.","dApp 请求在完成前已过期。"
"wc.requestExpiredTitle","WalletConnect request expired","La solicitud de WalletConnect expiró","WalletConnect 请求已过期"
"wc.scanFailed","WalletConnect scan failed.","Falló el escaneo de WalletConnect.","WalletConnect 扫描失败。"
"wc.scanQr","Scan QR","Escanear QR","扫描二维码"
"wc.sessionDisconnectedBody","A WalletConnect session was disconnected remotely.","Una sesión de WalletConnect se desconectó de forma remota.","WalletConnect 会话已被远程断开。"
"wc.sessionDisconnectedFrom","Disconnected from {name}.","Desconectado de {name}.","已与 {name} 断开连接。"
"wc.sessionDisconnectedTitle","WalletConnect session disconnected","Sesión de WalletConnect desconectada","WalletConnect 会话已断开"
"wc.sessionRequestExpiredBody","The WalletConnect session request timed out before approval.","La solicitud de sesión de WalletConnect expiró antes de ser aprobada.","WalletConnect 会话请求在批准前已超时。"
"wc.sessionRequestExpiredTitle","WalletConnect session request expired","La solicitud de sesión de WalletConnect expiró","WalletConnect 会话请求已过期"
"wc.sessionRequestFrom","Session request from {name}.","Solicitud de sesión de {name}.","来自 {name} 的会话请求。"
"wc.sessionRequestGeneric","A dApp requested a WalletConnect session.","Una dApp solicitó una sesión de WalletConnect.","某个 dApp 请求建立 WalletConnect 会话。"
"wc.sessionRequestTitle","WalletConnect session request","Solicitud de sesión de WalletConnect","WalletConnect 会话请求"
"wc.settings","Settings","Configuración","设置"
"wc.sign","Sign","Firmar","签名"
"wc.signMessageRequest","Sign Message Request","Solicitud para firmar mensaje","签名消息请求"
"wc.signTransactionRequest","Sign Transaction Request","Solicitud para firmar transacción","签名交易请求"
"wc.tokenCategory","Token Category","Categoría del token","代币类别"
"wc.totalInput","Total Input","Entrada total","输入总额"
"wc.totalOutput","Total Output","Salida total","输出总额"
"wc.transactionApprovedTitle","WalletConnect transaction approved","Transacción de WalletConnect aprobada","WalletConnect 交易已批准"
"wc.transactionFailedBody","Failed to sign WalletConnect transaction request: {message}","No se pudo firmar la solicitud de transacción de WalletConnect: {message}","无法签名 WalletConnect 交易请求：{message}"
"wc.transactionFailedTitle","WalletConnect transaction failed","Falló la transacción de WalletConnect","WalletConnect 交易失败"
"wc.transactionRejectedTitle","WalletConnect transaction rejected","Transacción de WalletConnect rechazada","WalletConnect 交易已拒绝"
"wc.transactionRejectionFailedBody","Failed to reject WalletConnect transaction request: {message}","No se pudo rechazar la solicitud de transacción de WalletConnect: {message}","无法拒绝 WalletConnect 交易请求：{message}"
"wc.transactionResponseSentBody","Sent the WalletConnect transaction response.","Se envió la respuesta de la transacción de WalletConnect.","已发送 WalletConnect 交易响应。"
"wc.transactionSentBody","Sent the transaction response to {name}.","Se envió la respuesta de la transacción a {name}.","已将交易响应发送给 {name}。"
"wc.transactionStaleBody","The dApp disconnected before the transaction response could be delivered.","La dApp se desconectó antes de poder entregar la respuesta de la transacción.","DApp 在交易响应送达前断开了连接。"
"wc.txid","TXID","TXID","TXID"
"wc.unknownDapp","Unknown dApp","dApp desconocida","未知 DApp"
"wc.unsupportedTransaction","This request uses an unsupported transaction representation in the current OPTN Wallet integration.","Esta solicitud usa una representación de transacción no compatible con la integración actual de OPTN Wallet.","此请求使用了当前 OPTN Wallet 集成不支持的交易表示形式。"
"wc.validUri","Please provide a valid WalletConnect URI.","Introduce una URI de WalletConnect válida.","请输入有效的 WalletConnect URI。"
"wc.waitingForSync","Waiting for sync","Esperando sincronización","等待同步"
"wc.waitPrevious","Wait for the previous outgoing transaction to sync first","Espera a que se sincronice la transacción saliente anterior","请等待上一笔转出交易完成同步"
"wc.working","Working…","Trabajando…","处理中…"
"wc.yes","Yes","Sí","是"
"wizard.activeSessions","Active WizardConnect Sessions","Sesiones activas de WizardConnect","活动的 WizardConnect 会话"
"wizard.address","Address","Dirección","地址"
"wizard.approve","Approve WizardConnect","Aprobar WizardConnect","批准 WizardConnect"
"wizard.approved","WizardConnect transaction approved and sent.","Transacción de WizardConnect aprobada y enviada.","WizardConnect 交易已批准并发送。"
"wizard.approveFailed","WizardConnect transaction failed: {message}","Falló la transacción de WizardConnect: {message}","WizardConnect 交易失败：{message}"
"wizard.broadcast","Broadcast","Transmisión","广播"
"wizard.cancel","Cancel","Cancelar","取消"
"wizard.close","Close","Cerrar","关闭"
"wizard.connect","Connect","Conectar","连接"
"wizard.connectedOn","Connected On","Conectado el","连接时间"
"wizard.connecting","Connecting…","Conectando…","连接中…"
"wizard.connectionUri","Connection URI","URI de conexión","连接 URI"
"wizard.connectQuestion","Connect this wallet to the following WizardConnect request?","¿Conectar esta billetera a la siguiente solicitud de WizardConnect?","要将此钱包连接到以下 WizardConnect 请求吗？"
"wizard.dapp","DApp","dApp","DApp"
"wizard.disconnect","Disconnect","Desconectar","断开连接"
"wizard.enterUri","Enter WizardConnect URI","Introduce la URI de WizardConnect","输入 WizardConnect URI"
"wizard.errorPrefix","Error: {message}","Error: {message}","错误：{message}"
"wizard.estimatedFee","Estimated Fee","Comisión estimada","预计费用"
"wizard.fungibleAmount","Fungible Amount","Importe fungible","同质化代币数量"
"wizard.index","Index","Índice","索引"
"wizard.invalidQr","Not a valid WizardConnect QR code.","No es un código QR de WizardConnect válido.","不是有效的 WizardConnect 二维码。"
"wizard.no","No","No","否"
"wizard.noActiveSessions","No active WizardConnect sessions yet.","Aún no hay sesiones activas de WizardConnect.","暂无活动的 WizardConnect 会话。"
"wizard.noQr","No QR code detected. Try again.","No se detectó ningún código QR. Inténtalo de nuevo.","未检测到二维码，请重试。"
"wizard.noWallet","No active wallet is available for WizardConnect.","No hay una billetera activa disponible para WizardConnect.","没有可用于 WizardConnect 的活动钱包。"
"wizard.opReturnOutput","OP_RETURN Output","Salida OP_RETURN","OP_RETURN 输出"
"wizard.pairingStarted","WizardConnect pairing started.","Se inició la conexión de WizardConnect.","WizardConnect 配对已开始。"
"wizard.prompt","Prompt","Solicitud","提示"
"wizard.rejected","WizardConnect transaction rejected.","Transacción de WizardConnect rechazada.","WizardConnect 交易已拒绝。"
"wizard.rejectFailed","WizardConnect rejection failed: {message}","Falló el rechazo de WizardConnect: {message}","WizardConnect 拒绝失败：{message}"
"wizard.scanFailed","WizardConnect scan failed.","Falló el escaneo de WizardConnect.","WizardConnect 扫描失败。"
"wizard.sessionDisconnectedOrExpired","A WizardConnect session disconnected or expired on the dApp side.","Una sesión de WizardConnect se desconectó o expiró en el lado de la dApp.","WizardConnect 会话已在 dApp 端断开或过期。"
"wizard.settings","Settings","Configuración","设置"
"wizard.sign","Sign","Firmar","签名"
"wizard.signRequest","WizardConnect Sign Request","Solicitud de firma de WizardConnect","WizardConnect 签名请求"
"wizard.status","Status","Estado","状态"
"wizard.tokenCategory","Token Category","Categoría del token","代币类别"
"wizard.totalInput","Total Input","Entrada total","输入总额"
"wizard.totalOutput","Total Output","Salida total","输出总额"
"wizard.txid","TXID","TXID","TXID"
"wizard.unknownDapp","Unknown dApp","dApp desconocida","未知 DApp"
"wizard.unsupportedTransaction","This request uses an unsupported transaction representation in the current OPTN Wallet integration.","Esta solicitud usa una representación de transacción no compatible con la integración actual de OPTN Wallet.","此请求使用了当前 OPTN Wallet 集成不支持的交易表示形式。"
"wizard.validUri","Please provide a valid WizardConnect URI.","Introduce una URI de WizardConnect válida.","请输入有效的 WizardConnect URI。"
"wizard.yes","Yes","Sí","是"
